province_th,province_en,lat,lon,month,area_rai,year,crop_season,month_num,date
อำนาจเจริญ,Amnat Charoen,15.85274545,104.7030364,Jan,0,2015,in_season,1,2015-01-01
อำนาจเจริญ,Amnat Charoen,15.85274545,104.7030364,Feb,0,2015,in_season,2,2015-02-01
อำนาจเจริญ,Amnat Charoen,15.85274545,104.7030364,Mar,0,2015,in_season,3,2015-03-01
อำนาจเจริญ,Amnat Charoen,15.85274545,104.7030364,Apr,0,2015,in_season,4,2015-04-01
อำนาจเจริญ,Amnat Charoen,15.85274545,104.7030364,May,189697,2015,in_season,5,2015-05-01
อำนาจเจริญ,Amnat Charoen,15.85274545,104.7030364,Jun,378165,2015,in_season,6,2015-06-01
อำนาจเจริญ,Amnat Charoen,15.85274545,104.7030364,Jul,258007,2015,in_season,7,2015-07-01
อำนาจเจริญ,Amnat Charoen,15.85274545,104.7030364,Aug,115332,2015,in_season,8,2015-08-01
อำนาจเจริญ,Amnat Charoen,15.85274545,104.7030364,Sep,4920,2015,in_season,9,2015-09-01
อำนาจเจริญ,Amnat Charoen,15.85274545,104.7030364,Oct,0,2015,in_season,10,2015-10-01
อำนาจเจริญ,Amnat Charoen,15.85274545,104.7030364,Nov,0,2015,in_season,11,2015-11-01
อำนาจเจริญ,Amnat Charoen,15.85274545,104.7030364,Dec,0,2015,in_season,12,2015-12-01
อำนาจเจริญ,Amnat Charoen,15.85274545,104.7030364,Jan,0,2016,in_season,1,2016-01-01
อำนาจเจริญ,Amnat Charoen,15.85274545,104.7030364,Feb,0,2016,in_season,2,2016-02-01
อำนาจเจริญ,Amnat Charoen,15.85274545,104.7030364,Mar,0,2016,in_season,3,2016-03-01
อำนาจเจริญ,Amnat Charoen,15.85274545,104.7030364,Apr,0,2016,in_season,4,2016-04-01
อำนาจเจริญ,Amnat Charoen,15.85274545,104.7030364,May,374010,2016,in_season,5,2016-05-01
อำนาจเจริญ,Amnat Charoen,15.85274545,104.7030364,Jun,318597,2016,in_season,6,2016-06-01
อำนาจเจริญ,Amnat Charoen,15.85274545,104.7030364,Jul,177701,2016,in_season,7,2016-07-01
อำนาจเจริญ,Amnat Charoen,15.85274545,104.7030364,Aug,68568,2016,in_season,8,2016-08-01
อำนาจเจริญ,Amnat Charoen,15.85274545,104.7030364,Sep,0,2016,in_season,9,2016-09-01
อำนาจเจริญ,Amnat Charoen,15.85274545,104.7030364,Oct,0,2016,in_season,10,2016-10-01
อำนาจเจริญ,Amnat Charoen,15.85274545,104.7030364,Nov,0,2016,in_season,11,2016-11-01
อำนาจเจริญ,Amnat Charoen,15.85274545,104.7030364,Dec,0,2016,in_season,12,2016-12-01
อำนาจเจริญ,Amnat Charoen,15.85274545,104.7030364,Jan,0,2017,in_season,1,2017-01-01
อำนาจเจริญ,Amnat Charoen,15.85274545,104.7030364,Feb,0,2017,in_season,2,2017-02-01
อำนาจเจริญ,Amnat Charoen,15.85274545,104.7030364,Mar,0,2017,in_season,3,2017-03-01
อำนาจเจริญ,Amnat Charoen,15.85274545,104.7030364,Apr,0,2017,in_season,4,2017-04-01
อำนาจเจริญ,Amnat Charoen,15.85274545,104.7030364,May,386862,2017,in_season,5,2017-05-01
อำนาจเจริญ,Amnat Charoen,15.85274545,104.7030364,Jun,366796,2017,in_season,6,2017-06-01
อำนาจเจริญ,Amnat Charoen,15.85274545,104.7030364,Jul,192727,2017,in_season,7,2017-07-01
อำนาจเจริญ,Amnat Charoen,15.85274545,104.7030364,Aug,24702,2017,in_season,8,2017-08-01
อำนาจเจริญ,Amnat Charoen,15.85274545,104.7030364,Sep,0,2017,in_season,9,2017-09-01
อำนาจเจริญ,Amnat Charoen,15.85274545,104.7030364,Oct,0,2017,in_season,10,2017-10-01
อำนาจเจริญ,Amnat Charoen,15.85274545,104.7030364,Nov,0,2017,in_season,11,2017-11-01
อำนาจเจริญ,Amnat Charoen,15.85274545,104.7030364,Dec,0,2017,in_season,12,2017-12-01
อำนาจเจริญ,Amnat Charoen,15.85274545,104.7030364,Jan,0,2018,in_season,1,2018-01-01
อำนาจเจริญ,Amnat Charoen,15.85274545,104.7030364,Feb,0,2018,in_season,2,2018-02-01
อำนาจเจริญ,Amnat Charoen,15.85274545,104.7030364,Mar,0,2018,in_season,3,2018-03-01
อำนาจเจริญ,Amnat Charoen,15.85274545,104.7030364,Apr,0,2018,in_season,4,2018-04-01
อำนาจเจริญ,Amnat Charoen,15.85274545,104.7030364,May,415510,2018,in_season,5,2018-05-01
อำนาจเจริญ,Amnat Charoen,15.85274545,104.7030364,Jun,375454,2018,in_season,6,2018-06-01
อำนาจเจริญ,Amnat Charoen,15.85274545,104.7030364,Jul,164425,2018,in_season,7,2018-07-01
อำนาจเจริญ,Amnat Charoen,15.85274545,104.7030364,Aug,29007,2018,in_season,8,2018-08-01
อำนาจเจริญ,Amnat Charoen,15.85274545,104.7030364,Sep,0,2018,in_season,9,2018-09-01
อำนาจเจริญ,Amnat Charoen,15.85274545,104.7030364,Oct,0,2018,in_season,10,2018-10-01
อำนาจเจริญ,Amnat Charoen,15.85274545,104.7030364,Nov,0,2018,in_season,11,2018-11-01
อำนาจเจริญ,Amnat Charoen,15.85274545,104.7030364,Dec,0,2018,in_season,12,2018-12-01
อำนาจเจริญ,Amnat Charoen,15.85274545,104.7030364,Jan,0,2019,in_season,1,2019-01-01
อำนาจเจริญ,Amnat Charoen,15.85274545,104.7030364,Feb,0,2019,in_season,2,2019-02-01
อำนาจเจริญ,Amnat Charoen,15.85274545,104.7030364,Mar,0,2019,in_season,3,2019-03-01
อำนาจเจริญ,Amnat Charoen,15.85274545,104.7030364,Apr,0,2019,in_season,4,2019-04-01
อำนาจเจริญ,Amnat Charoen,15.85274545,104.7030364,May,415510,2019,in_season,5,2019-05-01
อำนาจเจริญ,Amnat Charoen,15.85274545,104.7030364,Jun,375454,2019,in_season,6,2019-06-01
อำนาจเจริญ,Amnat Charoen,15.85274545,104.7030364,Jul,164425,2019,in_season,7,2019-07-01
อำนาจเจริญ,Amnat Charoen,15.85274545,104.7030364,Aug,29007,2019,in_season,8,2019-08-01
อำนาจเจริญ,Amnat Charoen,15.85274545,104.7030364,Sep,0,2019,in_season,9,2019-09-01
อำนาจเจริญ,Amnat Charoen,15.85274545,104.7030364,Oct,0,2019,in_season,10,2019-10-01
อำนาจเจริญ,Amnat Charoen,15.85274545,104.7030364,Nov,0,2019,in_season,11,2019-11-01
อำนาจเจริญ,Amnat Charoen,15.85274545,104.7030364,Dec,0,2019,in_season,12,2019-12-01
อำนาจเจริญ,Amnat Charoen,15.85274545,104.7030364,Jan,1496,2015,off_season,1,2015-01-01
อำนาจเจริญ,Amnat Charoen,15.85274545,104.7030364,Feb,256,2015,off_season,2,2015-02-01
อำนาจเจริญ,Amnat Charoen,15.85274545,104.7030364,Mar,0,2015,off_season,3,2015-03-01
อำนาจเจริญ,Amnat Charoen,15.85274545,104.7030364,Apr,0,2015,off_season,4,2015-04-01
อำนาจเจริญ,Amnat Charoen,15.85274545,104.7030364,May,0,2015,off_season,5,2015-05-01
อำนาจเจริญ,Amnat Charoen,15.85274545,104.7030364,Jun,0,2015,off_season,6,2015-06-01
อำนาจเจริญ,Amnat Charoen,15.85274545,104.7030364,Jul,0,2015,off_season,7,2015-07-01
อำนาจเจริญ,Amnat Charoen,15.85274545,104.7030364,Aug,0,2015,off_season,8,2015-08-01
อำนาจเจริญ,Amnat Charoen,15.85274545,104.7030364,Sep,0,2015,off_season,9,2015-09-01
อำนาจเจริญ,Amnat Charoen,15.85274545,104.7030364,Oct,0,2015,off_season,10,2015-10-01
อำนาจเจริญ,Amnat Charoen,15.85274545,104.7030364,Nov,0,2015,off_season,11,2015-11-01
อำนาจเจริญ,Amnat Charoen,15.85274545,104.7030364,Dec,2208,2015,off_season,12,2015-12-01
อำนาจเจริญ,Amnat Charoen,15.85274545,104.7030364,Jan,520,2016,off_season,1,2016-01-01
อำนาจเจริญ,Amnat Charoen,15.85274545,104.7030364,Feb,123,2016,off_season,2,2016-02-01
อำนาจเจริญ,Amnat Charoen,15.85274545,104.7030364,Mar,0,2016,off_season,3,2016-03-01
อำนาจเจริญ,Amnat Charoen,15.85274545,104.7030364,Apr,0,2016,off_season,4,2016-04-01
อำนาจเจริญ,Amnat Charoen,15.85274545,104.7030364,May,0,2016,off_season,5,2016-05-01
อำนาจเจริญ,Amnat Charoen,15.85274545,104.7030364,Jun,0,2016,off_season,6,2016-06-01
อำนาจเจริญ,Amnat Charoen,15.85274545,104.7030364,Jul,0,2016,off_season,7,2016-07-01
อำนาจเจริญ,Amnat Charoen,15.85274545,104.7030364,Aug,0,2016,off_season,8,2016-08-01
อำนาจเจริญ,Amnat Charoen,15.85274545,104.7030364,Sep,0,2016,off_season,9,2016-09-01
อำนาจเจริญ,Amnat Charoen,15.85274545,104.7030364,Oct,0,2016,off_season,10,2016-10-01
อำนาจเจริญ,Amnat Charoen,15.85274545,104.7030364,Nov,0,2016,off_season,11,2016-11-01
อำนาจเจริญ,Amnat Charoen,15.85274545,104.7030364,Dec,695,2016,off_season,12,2016-12-01
อำนาจเจริญ,Amnat Charoen,15.85274545,104.7030364,Jan,342,2017,off_season,1,2017-01-01
อำนาจเจริญ,Amnat Charoen,15.85274545,104.7030364,Feb,123,2017,off_season,2,2017-02-01
อำนาจเจริญ,Amnat Charoen,15.85274545,104.7030364,Mar,0,2017,off_season,3,2017-03-01
อำนาจเจริญ,Amnat Charoen,15.85274545,104.7030364,Apr,0,2017,off_season,4,2017-04-01
อำนาจเจริญ,Amnat Charoen,15.85274545,104.7030364,May,0,2017,off_season,5,2017-05-01
อำนาจเจริญ,Amnat Charoen,15.85274545,104.7030364,Jun,0,2017,off_season,6,2017-06-01
อำนาจเจริญ,Amnat Charoen,15.85274545,104.7030364,Jul,0,2017,off_season,7,2017-07-01
อำนาจเจริญ,Amnat Charoen,15.85274545,104.7030364,Aug,0,2017,off_season,8,2017-08-01
อำนาจเจริญ,Amnat Charoen,15.85274545,104.7030364,Sep,0,2017,off_season,9,2017-09-01
อำนาจเจริญ,Amnat Charoen,15.85274545,104.7030364,Oct,0,2017,off_season,10,2017-10-01
อำนาจเจริญ,Amnat Charoen,15.85274545,104.7030364,Nov,0,2017,off_season,11,2017-11-01
อำนาจเจริญ,Amnat Charoen,15.85274545,104.7030364,Dec,259,2017,off_season,12,2017-12-01
อำนาจเจริญ,Amnat Charoen,15.85274545,104.7030364,Jan,834,2018,off_season,1,2018-01-01
อำนาจเจริญ,Amnat Charoen,15.85274545,104.7030364,Feb,100,2018,off_season,2,2018-02-01
อำนาจเจริญ,Amnat Charoen,15.85274545,104.7030364,Mar,0,2018,off_season,3,2018-03-01
อำนาจเจริญ,Amnat Charoen,15.85274545,104.7030364,Apr,0,2018,off_season,4,2018-04-01
อำนาจเจริญ,Amnat Charoen,15.85274545,104.7030364,May,0,2018,off_season,5,2018-05-01
อำนาจเจริญ,Amnat Charoen,15.85274545,104.7030364,Jun,0,2018,off_season,6,2018-06-01
อำนาจเจริญ,Amnat Charoen,15.85274545,104.7030364,Jul,0,2018,off_season,7,2018-07-01
อำนาจเจริญ,Amnat Charoen,15.85274545,104.7030364,Aug,0,2018,off_season,8,2018-08-01
อำนาจเจริญ,Amnat Charoen,15.85274545,104.7030364,Sep,0,2018,off_season,9,2018-09-01
อำนาจเจริญ,Amnat Charoen,15.85274545,104.7030364,Oct,0,2018,off_season,10,2018-10-01
อำนาจเจริญ,Amnat Charoen,15.85274545,104.7030364,Nov,0,2018,off_season,11,2018-11-01
อำนาจเจริญ,Amnat Charoen,15.85274545,104.7030364,Dec,713,2018,off_season,12,2018-12-01
อำนาจเจริญ,Amnat Charoen,15.85274545,104.7030364,Jan,2268,2019,off_season,1,2019-01-01
อำนาจเจริญ,Amnat Charoen,15.85274545,104.7030364,Feb,603,2019,off_season,2,2019-02-01
อำนาจเจริญ,Amnat Charoen,15.85274545,104.7030364,Mar,0,2019,off_season,3,2019-03-01
อำนาจเจริญ,Amnat Charoen,15.85274545,104.7030364,Apr,0,2019,off_season,4,2019-04-01
อำนาจเจริญ,Amnat Charoen,15.85274545,104.7030364,May,0,2019,off_season,5,2019-05-01
อำนาจเจริญ,Amnat Charoen,15.85274545,104.7030364,Jun,0,2019,off_season,6,2019-06-01
อำนาจเจริญ,Amnat Charoen,15.85274545,104.7030364,Jul,0,2019,off_season,7,2019-07-01
อำนาจเจริญ,Amnat Charoen,15.85274545,104.7030364,Aug,0,2019,off_season,8,2019-08-01
อำนาจเจริญ,Amnat Charoen,15.85274545,104.7030364,Sep,0,2019,off_season,9,2019-09-01
อำนาจเจริญ,Amnat Charoen,15.85274545,104.7030364,Oct,0,2019,off_season,10,2019-10-01
อำนาจเจริญ,Amnat Charoen,15.85274545,104.7030364,Nov,0,2019,off_season,11,2019-11-01
อำนาจเจริญ,Amnat Charoen,15.85274545,104.7030364,Dec,197,2019,off_season,12,2019-12-01
อ่างทอง,Ang Thong,14.61094444,100.3843056,Jan,0,2015,in_season,1,2015-01-01
อ่างทอง,Ang Thong,14.61094444,100.3843056,Feb,0,2015,in_season,2,2015-02-01
อ่างทอง,Ang Thong,14.61094444,100.3843056,Mar,0,2015,in_season,3,2015-03-01
อ่างทอง,Ang Thong,14.61094444,100.3843056,Apr,0,2015,in_season,4,2015-04-01
อ่างทอง,Ang Thong,14.61094444,100.3843056,May,41263,2015,in_season,5,2015-05-01
อ่างทอง,Ang Thong,14.61094444,100.3843056,Jun,41512,2015,in_season,6,2015-06-01
อ่างทอง,Ang Thong,14.61094444,100.3843056,Jul,21798,2015,in_season,7,2015-07-01
อ่างทอง,Ang Thong,14.61094444,100.3843056,Aug,104199,2015,in_season,8,2015-08-01
อ่างทอง,Ang Thong,14.61094444,100.3843056,Sep,70399,2015,in_season,9,2015-09-01
อ่างทอง,Ang Thong,14.61094444,100.3843056,Oct,31778,2015,in_season,10,2015-10-01
อ่างทอง,Ang Thong,14.61094444,100.3843056,Nov,0,2015,in_season,11,2015-11-01
อ่างทอง,Ang Thong,14.61094444,100.3843056,Dec,0,2015,in_season,12,2015-12-01
อ่างทอง,Ang Thong,14.61094444,100.3843056,Jan,0,2016,in_season,1,2016-01-01
อ่างทอง,Ang Thong,14.61094444,100.3843056,Feb,0,2016,in_season,2,2016-02-01
อ่างทอง,Ang Thong,14.61094444,100.3843056,Mar,0,2016,in_season,3,2016-03-01
อ่างทอง,Ang Thong,14.61094444,100.3843056,Apr,0,2016,in_season,4,2016-04-01
อ่างทอง,Ang Thong,14.61094444,100.3843056,May,32097,2016,in_season,5,2016-05-01
อ่างทอง,Ang Thong,14.61094444,100.3843056,Jun,54532,2016,in_season,6,2016-06-01
อ่างทอง,Ang Thong,14.61094444,100.3843056,Jul,79300,2016,in_season,7,2016-07-01
อ่างทอง,Ang Thong,14.61094444,100.3843056,Aug,94115,2016,in_season,8,2016-08-01
อ่างทอง,Ang Thong,14.61094444,100.3843056,Sep,35221,2016,in_season,9,2016-09-01
อ่างทอง,Ang Thong,14.61094444,100.3843056,Oct,21145,2016,in_season,10,2016-10-01
อ่างทอง,Ang Thong,14.61094444,100.3843056,Nov,0,2016,in_season,11,2016-11-01
อ่างทอง,Ang Thong,14.61094444,100.3843056,Dec,0,2016,in_season,12,2016-12-01
อ่างทอง,Ang Thong,14.61094444,100.3843056,Jan,0,2017,in_season,1,2017-01-01
อ่างทอง,Ang Thong,14.61094444,100.3843056,Feb,0,2017,in_season,2,2017-02-01
อ่างทอง,Ang Thong,14.61094444,100.3843056,Mar,0,2017,in_season,3,2017-03-01
อ่างทอง,Ang Thong,14.61094444,100.3843056,Apr,0,2017,in_season,4,2017-04-01
อ่างทอง,Ang Thong,14.61094444,100.3843056,May,132588,2017,in_season,5,2017-05-01
อ่างทอง,Ang Thong,14.61094444,100.3843056,Jun,67978,2017,in_season,6,2017-06-01
อ่างทอง,Ang Thong,14.61094444,100.3843056,Jul,28115,2017,in_season,7,2017-07-01
อ่างทอง,Ang Thong,14.61094444,100.3843056,Aug,32634,2017,in_season,8,2017-08-01
อ่างทอง,Ang Thong,14.61094444,100.3843056,Sep,68351,2017,in_season,9,2017-09-01
อ่างทอง,Ang Thong,14.61094444,100.3843056,Oct,22376,2017,in_season,10,2017-10-01
อ่างทอง,Ang Thong,14.61094444,100.3843056,Nov,0,2017,in_season,11,2017-11-01
อ่างทอง,Ang Thong,14.61094444,100.3843056,Dec,0,2017,in_season,12,2017-12-01
อ่างทอง,Ang Thong,14.61094444,100.3843056,Jan,0,2018,in_season,1,2018-01-01
อ่างทอง,Ang Thong,14.61094444,100.3843056,Feb,0,2018,in_season,2,2018-02-01
อ่างทอง,Ang Thong,14.61094444,100.3843056,Mar,0,2018,in_season,3,2018-03-01
อ่างทอง,Ang Thong,14.61094444,100.3843056,Apr,0,2018,in_season,4,2018-04-01
อ่างทอง,Ang Thong,14.61094444,100.3843056,May,145057,2018,in_season,5,2018-05-01
อ่างทอง,Ang Thong,14.61094444,100.3843056,Jun,69348,2018,in_season,6,2018-06-01
อ่างทอง,Ang Thong,14.61094444,100.3843056,Jul,39616,2018,in_season,7,2018-07-01
อ่างทอง,Ang Thong,14.61094444,100.3843056,Aug,39335,2018,in_season,8,2018-08-01
อ่างทอง,Ang Thong,14.61094444,100.3843056,Sep,45163,2018,in_season,9,2018-09-01
อ่างทอง,Ang Thong,14.61094444,100.3843056,Oct,22570,2018,in_season,10,2018-10-01
อ่างทอง,Ang Thong,14.61094444,100.3843056,Nov,0,2018,in_season,11,2018-11-01
อ่างทอง,Ang Thong,14.61094444,100.3843056,Dec,0,2018,in_season,12,2018-12-01
อ่างทอง,Ang Thong,14.61094444,100.3843056,Jan,0,2019,in_season,1,2019-01-01
อ่างทอง,Ang Thong,14.61094444,100.3843056,Feb,0,2019,in_season,2,2019-02-01
อ่างทอง,Ang Thong,14.61094444,100.3843056,Mar,0,2019,in_season,3,2019-03-01
อ่างทอง,Ang Thong,14.61094444,100.3843056,Apr,0,2019,in_season,4,2019-04-01
อ่างทอง,Ang Thong,14.61094444,100.3843056,May,145057,2019,in_season,5,2019-05-01
อ่างทอง,Ang Thong,14.61094444,100.3843056,Jun,69348,2019,in_season,6,2019-06-01
อ่างทอง,Ang Thong,14.61094444,100.3843056,Jul,39616,2019,in_season,7,2019-07-01
อ่างทอง,Ang Thong,14.61094444,100.3843056,Aug,39335,2019,in_season,8,2019-08-01
อ่างทอง,Ang Thong,14.61094444,100.3843056,Sep,45163,2019,in_season,9,2019-09-01
อ่างทอง,Ang Thong,14.61094444,100.3843056,Oct,22570,2019,in_season,10,2019-10-01
อ่างทอง,Ang Thong,14.61094444,100.3843056,Nov,0,2019,in_season,11,2019-11-01
อ่างทอง,Ang Thong,14.61094444,100.3843056,Dec,0,2019,in_season,12,2019-12-01
อ่างทอง,Ang Thong,14.61094444,100.3843056,Jan,7564,2015,off_season,1,2015-01-01
อ่างทอง,Ang Thong,14.61094444,100.3843056,Feb,2366,2015,off_season,2,2015-02-01
อ่างทอง,Ang Thong,14.61094444,100.3843056,Mar,2032,2015,off_season,3,2015-03-01
อ่างทอง,Ang Thong,14.61094444,100.3843056,Apr,1079,2015,off_season,4,2015-04-01
อ่างทอง,Ang Thong,14.61094444,100.3843056,May,0,2015,off_season,5,2015-05-01
อ่างทอง,Ang Thong,14.61094444,100.3843056,Jun,0,2015,off_season,6,2015-06-01
อ่างทอง,Ang Thong,14.61094444,100.3843056,Jul,0,2015,off_season,7,2015-07-01
อ่างทอง,Ang Thong,14.61094444,100.3843056,Aug,0,2015,off_season,8,2015-08-01
อ่างทอง,Ang Thong,14.61094444,100.3843056,Sep,0,2015,off_season,9,2015-09-01
อ่างทอง,Ang Thong,14.61094444,100.3843056,Oct,0,2015,off_season,10,2015-10-01
อ่างทอง,Ang Thong,14.61094444,100.3843056,Nov,76777,2015,off_season,11,2015-11-01
อ่างทอง,Ang Thong,14.61094444,100.3843056,Dec,30928,2015,off_season,12,2015-12-01
อ่างทอง,Ang Thong,14.61094444,100.3843056,Jan,2349,2016,off_season,1,2016-01-01
อ่างทอง,Ang Thong,14.61094444,100.3843056,Feb,1476,2016,off_season,2,2016-02-01
อ่างทอง,Ang Thong,14.61094444,100.3843056,Mar,308,2016,off_season,3,2016-03-01
อ่างทอง,Ang Thong,14.61094444,100.3843056,Apr,0,2016,off_season,4,2016-04-01
อ่างทอง,Ang Thong,14.61094444,100.3843056,May,0,2016,off_season,5,2016-05-01
อ่างทอง,Ang Thong,14.61094444,100.3843056,Jun,0,2016,off_season,6,2016-06-01
อ่างทอง,Ang Thong,14.61094444,100.3843056,Jul,0,2016,off_season,7,2016-07-01
อ่างทอง,Ang Thong,14.61094444,100.3843056,Aug,0,2016,off_season,8,2016-08-01
อ่างทอง,Ang Thong,14.61094444,100.3843056,Sep,0,2016,off_season,9,2016-09-01
อ่างทอง,Ang Thong,14.61094444,100.3843056,Oct,0,2016,off_season,10,2016-10-01
อ่างทอง,Ang Thong,14.61094444,100.3843056,Nov,11185,2016,off_season,11,2016-11-01
อ่างทอง,Ang Thong,14.61094444,100.3843056,Dec,8125,2016,off_season,12,2016-12-01
อ่างทอง,Ang Thong,14.61094444,100.3843056,Jan,37444,2017,off_season,1,2017-01-01
อ่างทอง,Ang Thong,14.61094444,100.3843056,Feb,13722,2017,off_season,2,2017-02-01
อ่างทอง,Ang Thong,14.61094444,100.3843056,Mar,10503,2017,off_season,3,2017-03-01
อ่างทอง,Ang Thong,14.61094444,100.3843056,Apr,6790,2017,off_season,4,2017-04-01
อ่างทอง,Ang Thong,14.61094444,100.3843056,May,0,2017,off_season,5,2017-05-01
อ่างทอง,Ang Thong,14.61094444,100.3843056,Jun,0,2017,off_season,6,2017-06-01
อ่างทอง,Ang Thong,14.61094444,100.3843056,Jul,0,2017,off_season,7,2017-07-01
อ่างทอง,Ang Thong,14.61094444,100.3843056,Aug,0,2017,off_season,8,2017-08-01
อ่างทอง,Ang Thong,14.61094444,100.3843056,Sep,0,2017,off_season,9,2017-09-01
อ่างทอง,Ang Thong,14.61094444,100.3843056,Oct,0,2017,off_season,10,2017-10-01
อ่างทอง,Ang Thong,14.61094444,100.3843056,Nov,54823,2017,off_season,11,2017-11-01
อ่างทอง,Ang Thong,14.61094444,100.3843056,Dec,87889,2017,off_season,12,2017-12-01
อ่างทอง,Ang Thong,14.61094444,100.3843056,Jan,81923,2018,off_season,1,2018-01-01
อ่างทอง,Ang Thong,14.61094444,100.3843056,Feb,22671,2018,off_season,2,2018-02-01
อ่างทอง,Ang Thong,14.61094444,100.3843056,Mar,11205,2018,off_season,3,2018-03-01
อ่างทอง,Ang Thong,14.61094444,100.3843056,Apr,12379,2018,off_season,4,2018-04-01
อ่างทอง,Ang Thong,14.61094444,100.3843056,May,0,2018,off_season,5,2018-05-01
อ่างทอง,Ang Thong,14.61094444,100.3843056,Jun,0,2018,off_season,6,2018-06-01
อ่างทอง,Ang Thong,14.61094444,100.3843056,Jul,0,2018,off_season,7,2018-07-01
อ่างทอง,Ang Thong,14.61094444,100.3843056,Aug,0,2018,off_season,8,2018-08-01
อ่างทอง,Ang Thong,14.61094444,100.3843056,Sep,0,2018,off_season,9,2018-09-01
อ่างทอง,Ang Thong,14.61094444,100.3843056,Oct,0,2018,off_season,10,2018-10-01
อ่างทอง,Ang Thong,14.61094444,100.3843056,Nov,45186,2018,off_season,11,2018-11-01
อ่างทอง,Ang Thong,14.61094444,100.3843056,Dec,98196,2018,off_season,12,2018-12-01
อ่างทอง,Ang Thong,14.61094444,100.3843056,Jan,71065,2019,off_season,1,2019-01-01
อ่างทอง,Ang Thong,14.61094444,100.3843056,Feb,15149,2019,off_season,2,2019-02-01
อ่างทอง,Ang Thong,14.61094444,100.3843056,Mar,7693,2019,off_season,3,2019-03-01
อ่างทอง,Ang Thong,14.61094444,100.3843056,Apr,8938,2019,off_season,4,2019-04-01
อ่างทอง,Ang Thong,14.61094444,100.3843056,May,0,2019,off_season,5,2019-05-01
อ่างทอง,Ang Thong,14.61094444,100.3843056,Jun,0,2019,off_season,6,2019-06-01
อ่างทอง,Ang Thong,14.61094444,100.3843056,Jul,0,2019,off_season,7,2019-07-01
อ่างทอง,Ang Thong,14.61094444,100.3843056,Aug,0,2019,off_season,8,2019-08-01
อ่างทอง,Ang Thong,14.61094444,100.3843056,Sep,0,2019,off_season,9,2019-09-01
อ่างทอง,Ang Thong,14.61094444,100.3843056,Oct,0,2019,off_season,10,2019-10-01
อ่างทอง,Ang Thong,14.61094444,100.3843056,Nov,48906,2019,off_season,11,2019-11-01
อ่างทอง,Ang Thong,14.61094444,100.3843056,Dec,99307,2019,off_season,12,2019-12-01
กรุงเทพฯ,Bangkok,13.75785621,100.5558824,Jan,0,2015,in_season,1,2015-01-01
กรุงเทพฯ,Bangkok,13.75785621,100.5558824,Feb,0,2015,in_season,2,2015-02-01
กรุงเทพฯ,Bangkok,13.75785621,100.5558824,Mar,0,2015,in_season,3,2015-03-01
กรุงเทพฯ,Bangkok,13.75785621,100.5558824,Apr,0,2015,in_season,4,2015-04-01
กรุงเทพฯ,Bangkok,13.75785621,100.5558824,May,4807,2015,in_season,5,2015-05-01
กรุงเทพฯ,Bangkok,13.75785621,100.5558824,Jun,5348,2015,in_season,6,2015-06-01
กรุงเทพฯ,Bangkok,13.75785621,100.5558824,Jul,34138,2015,in_season,7,2015-07-01
กรุงเทพฯ,Bangkok,13.75785621,100.5558824,Aug,12109,2015,in_season,8,2015-08-01
กรุงเทพฯ,Bangkok,13.75785621,100.5558824,Sep,17223,2015,in_season,9,2015-09-01
กรุงเทพฯ,Bangkok,13.75785621,100.5558824,Oct,7157,2015,in_season,10,2015-10-01
กรุงเทพฯ,Bangkok,13.75785621,100.5558824,Nov,0,2015,in_season,11,2015-11-01
กรุงเทพฯ,Bangkok,13.75785621,100.5558824,Dec,0,2015,in_season,12,2015-12-01
กรุงเทพฯ,Bangkok,13.75785621,100.5558824,Jan,0,2016,in_season,1,2016-01-01
กรุงเทพฯ,Bangkok,13.75785621,100.5558824,Feb,0,2016,in_season,2,2016-02-01
กรุงเทพฯ,Bangkok,13.75785621,100.5558824,Mar,0,2016,in_season,3,2016-03-01
กรุงเทพฯ,Bangkok,13.75785621,100.5558824,Apr,0,2016,in_season,4,2016-04-01
กรุงเทพฯ,Bangkok,13.75785621,100.5558824,May,9507,2016,in_season,5,2016-05-01
กรุงเทพฯ,Bangkok,13.75785621,100.5558824,Jun,31607,2016,in_season,6,2016-06-01
กรุงเทพฯ,Bangkok,13.75785621,100.5558824,Jul,29027,2016,in_season,7,2016-07-01
กรุงเทพฯ,Bangkok,13.75785621,100.5558824,Aug,11132,2016,in_season,8,2016-08-01
กรุงเทพฯ,Bangkok,13.75785621,100.5558824,Sep,4486,2016,in_season,9,2016-09-01
กรุงเทพฯ,Bangkok,13.75785621,100.5558824,Oct,3127,2016,in_season,10,2016-10-01
กรุงเทพฯ,Bangkok,13.75785621,100.5558824,Nov,0,2016,in_season,11,2016-11-01
กรุงเทพฯ,Bangkok,13.75785621,100.5558824,Dec,0,2016,in_season,12,2016-12-01
กรุงเทพฯ,Bangkok,13.75785621,100.5558824,Jan,0,2017,in_season,1,2017-01-01
กรุงเทพฯ,Bangkok,13.75785621,100.5558824,Feb,0,2017,in_season,2,2017-02-01
กรุงเทพฯ,Bangkok,13.75785621,100.5558824,Mar,0,2017,in_season,3,2017-03-01
กรุงเทพฯ,Bangkok,13.75785621,100.5558824,Apr,0,2017,in_season,4,2017-04-01
กรุงเทพฯ,Bangkok,13.75785621,100.5558824,May,24534,2017,in_season,5,2017-05-01
กรุงเทพฯ,Bangkok,13.75785621,100.5558824,Jun,30719,2017,in_season,6,2017-06-01
กรุงเทพฯ,Bangkok,13.75785621,100.5558824,Jul,12757,2017,in_season,7,2017-07-01
กรุงเทพฯ,Bangkok,13.75785621,100.5558824,Aug,6229,2017,in_season,8,2017-08-01
กรุงเทพฯ,Bangkok,13.75785621,100.5558824,Sep,7618,2017,in_season,9,2017-09-01
กรุงเทพฯ,Bangkok,13.75785621,100.5558824,Oct,3406,2017,in_season,10,2017-10-01
กรุงเทพฯ,Bangkok,13.75785621,100.5558824,Nov,0,2017,in_season,11,2017-11-01
กรุงเทพฯ,Bangkok,13.75785621,100.5558824,Dec,0,2017,in_season,12,2017-12-01
กรุงเทพฯ,Bangkok,13.75785621,100.5558824,Jan,0,2018,in_season,1,2018-01-01
กรุงเทพฯ,Bangkok,13.75785621,100.5558824,Feb,0,2018,in_season,2,2018-02-01
กรุงเทพฯ,Bangkok,13.75785621,100.5558824,Mar,0,2018,in_season,3,2018-03-01
กรุงเทพฯ,Bangkok,13.75785621,100.5558824,Apr,0,2018,in_season,4,2018-04-01
กรุงเทพฯ,Bangkok,13.75785621,100.5558824,May,34644,2018,in_season,5,2018-05-01
กรุงเทพฯ,Bangkok,13.75785621,100.5558824,Jun,13462,2018,in_season,6,2018-06-01
กรุงเทพฯ,Bangkok,13.75785621,100.5558824,Jul,10658,2018,in_season,7,2018-07-01
กรุงเทพฯ,Bangkok,13.75785621,100.5558824,Aug,7830,2018,in_season,8,2018-08-01
กรุงเทพฯ,Bangkok,13.75785621,100.5558824,Sep,5456,2018,in_season,9,2018-09-01
กรุงเทพฯ,Bangkok,13.75785621,100.5558824,Oct,9092,2018,in_season,10,2018-10-01
กรุงเทพฯ,Bangkok,13.75785621,100.5558824,Nov,0,2018,in_season,11,2018-11-01
กรุงเทพฯ,Bangkok,13.75785621,100.5558824,Dec,0,2018,in_season,12,2018-12-01
กรุงเทพฯ,Bangkok,13.75785621,100.5558824,Jan,0,2019,in_season,1,2019-01-01
กรุงเทพฯ,Bangkok,13.75785621,100.5558824,Feb,0,2019,in_season,2,2019-02-01
กรุงเทพฯ,Bangkok,13.75785621,100.5558824,Mar,0,2019,in_season,3,2019-03-01
กรุงเทพฯ,Bangkok,13.75785621,100.5558824,Apr,0,2019,in_season,4,2019-04-01
กรุงเทพฯ,Bangkok,13.75785621,100.5558824,May,34644,2019,in_season,5,2019-05-01
กรุงเทพฯ,Bangkok,13.75785621,100.5558824,Jun,13462,2019,in_season,6,2019-06-01
กรุงเทพฯ,Bangkok,13.75785621,100.5558824,Jul,10658,2019,in_season,7,2019-07-01
กรุงเทพฯ,Bangkok,13.75785621,100.5558824,Aug,7830,2019,in_season,8,2019-08-01
กรุงเทพฯ,Bangkok,13.75785621,100.5558824,Sep,5456,2019,in_season,9,2019-09-01
กรุงเทพฯ,Bangkok,13.75785621,100.5558824,Oct,9092,2019,in_season,10,2019-10-01
กรุงเทพฯ,Bangkok,13.75785621,100.5558824,Nov,0,2019,in_season,11,2019-11-01
กรุงเทพฯ,Bangkok,13.75785621,100.5558824,Dec,0,2019,in_season,12,2019-12-01
กรุงเทพ,Bangkok,13.75785621,100.5558824,Jan,6699,2015,off_season,1,2015-01-01
กรุงเทพ,Bangkok,13.75785621,100.5558824,Feb,10419,2015,off_season,2,2015-02-01
กรุงเทพ,Bangkok,13.75785621,100.5558824,Mar,6339,2015,off_season,3,2015-03-01
กรุงเทพ,Bangkok,13.75785621,100.5558824,Apr,18507,2015,off_season,4,2015-04-01
กรุงเทพ,Bangkok,13.75785621,100.5558824,May,0,2015,off_season,5,2015-05-01
กรุงเทพ,Bangkok,13.75785621,100.5558824,Jun,0,2015,off_season,6,2015-06-01
กรุงเทพ,Bangkok,13.75785621,100.5558824,Jul,0,2015,off_season,7,2015-07-01
กรุงเทพ,Bangkok,13.75785621,100.5558824,Aug,0,2015,off_season,8,2015-08-01
กรุงเทพ,Bangkok,13.75785621,100.5558824,Sep,0,2015,off_season,9,2015-09-01
กรุงเทพ,Bangkok,13.75785621,100.5558824,Oct,0,2015,off_season,10,2015-10-01
กรุงเทพ,Bangkok,13.75785621,100.5558824,Nov,40788,2015,off_season,11,2015-11-01
กรุงเทพ,Bangkok,13.75785621,100.5558824,Dec,29285,2015,off_season,12,2015-12-01
กรุงเทพ,Bangkok,13.75785621,100.5558824,Jan,15448,2016,off_season,1,2016-01-01
กรุงเทพ,Bangkok,13.75785621,100.5558824,Feb,8860,2016,off_season,2,2016-02-01
กรุงเทพ,Bangkok,13.75785621,100.5558824,Mar,2723,2016,off_season,3,2016-03-01
กรุงเทพ,Bangkok,13.75785621,100.5558824,Apr,1846,2016,off_season,4,2016-04-01
กรุงเทพ,Bangkok,13.75785621,100.5558824,May,0,2016,off_season,5,2016-05-01
กรุงเทพ,Bangkok,13.75785621,100.5558824,Jun,0,2016,off_season,6,2016-06-01
กรุงเทพ,Bangkok,13.75785621,100.5558824,Jul,0,2016,off_season,7,2016-07-01
กรุงเทพ,Bangkok,13.75785621,100.5558824,Aug,0,2016,off_season,8,2016-08-01
กรุงเทพ,Bangkok,13.75785621,100.5558824,Sep,0,2016,off_season,9,2016-09-01
กรุงเทพ,Bangkok,13.75785621,100.5558824,Oct,0,2016,off_season,10,2016-10-01
กรุงเทพ,Bangkok,13.75785621,100.5558824,Nov,29179,2016,off_season,11,2016-11-01
กรุงเทพ,Bangkok,13.75785621,100.5558824,Dec,25923,2016,off_season,12,2016-12-01
กรุงเทพ,Bangkok,13.75785621,100.5558824,Jan,18613,2017,off_season,1,2017-01-01
กรุงเทพ,Bangkok,13.75785621,100.5558824,Feb,8549,2017,off_season,2,2017-02-01
กรุงเทพ,Bangkok,13.75785621,100.5558824,Mar,5156,2017,off_season,3,2017-03-01
กรุงเทพ,Bangkok,13.75785621,100.5558824,Apr,2579,2017,off_season,4,2017-04-01
กรุงเทพ,Bangkok,13.75785621,100.5558824,May,0,2017,off_season,5,2017-05-01
กรุงเทพ,Bangkok,13.75785621,100.5558824,Jun,0,2017,off_season,6,2017-06-01
กรุงเทพ,Bangkok,13.75785621,100.5558824,Jul,0,2017,off_season,7,2017-07-01
กรุงเทพ,Bangkok,13.75785621,100.5558824,Aug,0,2017,off_season,8,2017-08-01
กรุงเทพ,Bangkok,13.75785621,100.5558824,Sep,0,2017,off_season,9,2017-09-01
กรุงเทพ,Bangkok,13.75785621,100.5558824,Oct,0,2017,off_season,10,2017-10-01
กรุงเทพ,Bangkok,13.75785621,100.5558824,Nov,34678,2017,off_season,11,2017-11-01
กรุงเทพ,Bangkok,13.75785621,100.5558824,Dec,32125,2017,off_season,12,2017-12-01
กรุงเทพ,Bangkok,13.75785621,100.5558824,Jan,8315,2018,off_season,1,2018-01-01
กรุงเทพ,Bangkok,13.75785621,100.5558824,Feb,6014,2018,off_season,2,2018-02-01
กรุงเทพ,Bangkok,13.75785621,100.5558824,Mar,3425,2018,off_season,3,2018-03-01
กรุงเทพ,Bangkok,13.75785621,100.5558824,Apr,1654,2018,off_season,4,2018-04-01
กรุงเทพ,Bangkok,13.75785621,100.5558824,May,0,2018,off_season,5,2018-05-01
กรุงเทพ,Bangkok,13.75785621,100.5558824,Jun,0,2018,off_season,6,2018-06-01
กรุงเทพ,Bangkok,13.75785621,100.5558824,Jul,0,2018,off_season,7,2018-07-01
กรุงเทพ,Bangkok,13.75785621,100.5558824,Aug,0,2018,off_season,8,2018-08-01
กรุงเทพ,Bangkok,13.75785621,100.5558824,Sep,0,2018,off_season,9,2018-09-01
กรุงเทพ,Bangkok,13.75785621,100.5558824,Oct,0,2018,off_season,10,2018-10-01
กรุงเทพ,Bangkok,13.75785621,100.5558824,Nov,51496,2018,off_season,11,2018-11-01
กรุงเทพ,Bangkok,13.75785621,100.5558824,Dec,30958,2018,off_season,12,2018-12-01
กรุงเทพ,Bangkok,13.75785621,100.5558824,Jan,8332,2019,off_season,1,2019-01-01
กรุงเทพ,Bangkok,13.75785621,100.5558824,Feb,8622,2019,off_season,2,2019-02-01
กรุงเทพ,Bangkok,13.75785621,100.5558824,Mar,9046,2019,off_season,3,2019-03-01
กรุงเทพ,Bangkok,13.75785621,100.5558824,Apr,1745,2019,off_season,4,2019-04-01
กรุงเทพ,Bangkok,13.75785621,100.5558824,May,0,2019,off_season,5,2019-05-01
กรุงเทพ,Bangkok,13.75785621,100.5558824,Jun,0,2019,off_season,6,2019-06-01
กรุงเทพ,Bangkok,13.75785621,100.5558824,Jul,0,2019,off_season,7,2019-07-01
กรุงเทพ,Bangkok,13.75785621,100.5558824,Aug,0,2019,off_season,8,2019-08-01
กรุงเทพ,Bangkok,13.75785621,100.5558824,Sep,0,2019,off_season,9,2019-09-01
กรุงเทพ,Bangkok,13.75785621,100.5558824,Oct,0,2019,off_season,10,2019-10-01
กรุงเทพ,Bangkok,13.75785621,100.5558824,Nov,39494,2019,off_season,11,2019-11-01
กรุงเทพ,Bangkok,13.75785621,100.5558824,Dec,26593,2019,off_season,12,2019-12-01
บึงกาฬ,Bueng Kan,18.15978846,103.6703269,Jan,0,2015,in_season,1,2015-01-01
บึงกาฬ,Bueng Kan,18.15978846,103.6703269,Feb,0,2015,in_season,2,2015-02-01
บึงกาฬ,Bueng Kan,18.15978846,103.6703269,Mar,0,2015,in_season,3,2015-03-01
บึงกาฬ,Bueng Kan,18.15978846,103.6703269,Apr,0,2015,in_season,4,2015-04-01
บึงกาฬ,Bueng Kan,18.15978846,103.6703269,May,113148,2015,in_season,5,2015-05-01
บึงกาฬ,Bueng Kan,18.15978846,103.6703269,Jun,209454,2015,in_season,6,2015-06-01
บึงกาฬ,Bueng Kan,18.15978846,103.6703269,Jul,166075,2015,in_season,7,2015-07-01
บึงกาฬ,Bueng Kan,18.15978846,103.6703269,Aug,930,2015,in_season,8,2015-08-01
บึงกาฬ,Bueng Kan,18.15978846,103.6703269,Sep,0,2015,in_season,9,2015-09-01
บึงกาฬ,Bueng Kan,18.15978846,103.6703269,Oct,0,2015,in_season,10,2015-10-01
บึงกาฬ,Bueng Kan,18.15978846,103.6703269,Nov,0,2015,in_season,11,2015-11-01
บึงกาฬ,Bueng Kan,18.15978846,103.6703269,Dec,0,2015,in_season,12,2015-12-01
บึงกาฬ,Bueng Kan,18.15978846,103.6703269,Jan,0,2016,in_season,1,2016-01-01
บึงกาฬ,Bueng Kan,18.15978846,103.6703269,Feb,0,2016,in_season,2,2016-02-01
บึงกาฬ,Bueng Kan,18.15978846,103.6703269,Mar,0,2016,in_season,3,2016-03-01
บึงกาฬ,Bueng Kan,18.15978846,103.6703269,Apr,0,2016,in_season,4,2016-04-01
บึงกาฬ,Bueng Kan,18.15978846,103.6703269,May,107700,2016,in_season,5,2016-05-01
บึงกาฬ,Bueng Kan,18.15978846,103.6703269,Jun,251098,2016,in_season,6,2016-06-01
บึงกาฬ,Bueng Kan,18.15978846,103.6703269,Jul,129212,2016,in_season,7,2016-07-01
บึงกาฬ,Bueng Kan,18.15978846,103.6703269,Aug,1114,2016,in_season,8,2016-08-01
บึงกาฬ,Bueng Kan,18.15978846,103.6703269,Sep,0,2016,in_season,9,2016-09-01
บึงกาฬ,Bueng Kan,18.15978846,103.6703269,Oct,0,2016,in_season,10,2016-10-01
บึงกาฬ,Bueng Kan,18.15978846,103.6703269,Nov,0,2016,in_season,11,2016-11-01
บึงกาฬ,Bueng Kan,18.15978846,103.6703269,Dec,0,2016,in_season,12,2016-12-01
บึงกาฬ,Bueng Kan,18.15978846,103.6703269,Jan,0,2017,in_season,1,2017-01-01
บึงกาฬ,Bueng Kan,18.15978846,103.6703269,Feb,0,2017,in_season,2,2017-02-01
บึงกาฬ,Bueng Kan,18.15978846,103.6703269,Mar,0,2017,in_season,3,2017-03-01
บึงกาฬ,Bueng Kan,18.15978846,103.6703269,Apr,0,2017,in_season,4,2017-04-01
บึงกาฬ,Bueng Kan,18.15978846,103.6703269,May,171526,2017,in_season,5,2017-05-01
บึงกาฬ,Bueng Kan,18.15978846,103.6703269,Jun,243431,2017,in_season,6,2017-06-01
บึงกาฬ,Bueng Kan,18.15978846,103.6703269,Jul,64665,2017,in_season,7,2017-07-01
บึงกาฬ,Bueng Kan,18.15978846,103.6703269,Aug,906,2017,in_season,8,2017-08-01
บึงกาฬ,Bueng Kan,18.15978846,103.6703269,Sep,0,2017,in_season,9,2017-09-01
บึงกาฬ,Bueng Kan,18.15978846,103.6703269,Oct,0,2017,in_season,10,2017-10-01
บึงกาฬ,Bueng Kan,18.15978846,103.6703269,Nov,0,2017,in_season,11,2017-11-01
บึงกาฬ,Bueng Kan,18.15978846,103.6703269,Dec,0,2017,in_season,12,2017-12-01
บึงกาฬ,Bueng Kan,18.15978846,103.6703269,Jan,0,2018,in_season,1,2018-01-01
บึงกาฬ,Bueng Kan,18.15978846,103.6703269,Feb,0,2018,in_season,2,2018-02-01
บึงกาฬ,Bueng Kan,18.15978846,103.6703269,Mar,0,2018,in_season,3,2018-03-01
บึงกาฬ,Bueng Kan,18.15978846,103.6703269,Apr,0,2018,in_season,4,2018-04-01
บึงกาฬ,Bueng Kan,18.15978846,103.6703269,May,179840,2018,in_season,5,2018-05-01
บึงกาฬ,Bueng Kan,18.15978846,103.6703269,Jun,230283,2018,in_season,6,2018-06-01
บึงกาฬ,Bueng Kan,18.15978846,103.6703269,Jul,70478,2018,in_season,7,2018-07-01
บึงกาฬ,Bueng Kan,18.15978846,103.6703269,Aug,4123,2018,in_season,8,2018-08-01
บึงกาฬ,Bueng Kan,18.15978846,103.6703269,Sep,0,2018,in_season,9,2018-09-01
บึงกาฬ,Bueng Kan,18.15978846,103.6703269,Oct,0,2018,in_season,10,2018-10-01
บึงกาฬ,Bueng Kan,18.15978846,103.6703269,Nov,0,2018,in_season,11,2018-11-01
บึงกาฬ,Bueng Kan,18.15978846,103.6703269,Dec,0,2018,in_season,12,2018-12-01
บึงกาฬ,Bueng Kan,18.15978846,103.6703269,Jan,0,2019,in_season,1,2019-01-01
บึงกาฬ,Bueng Kan,18.15978846,103.6703269,Feb,0,2019,in_season,2,2019-02-01
บึงกาฬ,Bueng Kan,18.15978846,103.6703269,Mar,0,2019,in_season,3,2019-03-01
บึงกาฬ,Bueng Kan,18.15978846,103.6703269,Apr,0,2019,in_season,4,2019-04-01
บึงกาฬ,Bueng Kan,18.15978846,103.6703269,May,179840,2019,in_season,5,2019-05-01
บึงกาฬ,Bueng Kan,18.15978846,103.6703269,Jun,230283,2019,in_season,6,2019-06-01
บึงกาฬ,Bueng Kan,18.15978846,103.6703269,Jul,70478,2019,in_season,7,2019-07-01
บึงกาฬ,Bueng Kan,18.15978846,103.6703269,Aug,4123,2019,in_season,8,2019-08-01
บึงกาฬ,Bueng Kan,18.15978846,103.6703269,Sep,0,2019,in_season,9,2019-09-01
บึงกาฬ,Bueng Kan,18.15978846,103.6703269,Oct,0,2019,in_season,10,2019-10-01
บึงกาฬ,Bueng Kan,18.15978846,103.6703269,Nov,0,2019,in_season,11,2019-11-01
บึงกาฬ,Bueng Kan,18.15978846,103.6703269,Dec,0,2019,in_season,12,2019-12-01
บึงกาฬ,Bueng Kan,18.15978846,103.6703269,Jan,5070,2015,off_season,1,2015-01-01
บึงกาฬ,Bueng Kan,18.15978846,103.6703269,Feb,870,2015,off_season,2,2015-02-01
บึงกาฬ,Bueng Kan,18.15978846,103.6703269,Mar,205,2015,off_season,3,2015-03-01
บึงกาฬ,Bueng Kan,18.15978846,103.6703269,Apr,0,2015,off_season,4,2015-04-01
บึงกาฬ,Bueng Kan,18.15978846,103.6703269,May,0,2015,off_season,5,2015-05-01
บึงกาฬ,Bueng Kan,18.15978846,103.6703269,Jun,0,2015,off_season,6,2015-06-01
บึงกาฬ,Bueng Kan,18.15978846,103.6703269,Jul,0,2015,off_season,7,2015-07-01
บึงกาฬ,Bueng Kan,18.15978846,103.6703269,Aug,0,2015,off_season,8,2015-08-01
บึงกาฬ,Bueng Kan,18.15978846,103.6703269,Sep,0,2015,off_season,9,2015-09-01
บึงกาฬ,Bueng Kan,18.15978846,103.6703269,Oct,0,2015,off_season,10,2015-10-01
บึงกาฬ,Bueng Kan,18.15978846,103.6703269,Nov,1020,2015,off_season,11,2015-11-01
บึงกาฬ,Bueng Kan,18.15978846,103.6703269,Dec,3932,2015,off_season,12,2015-12-01
บึงกาฬ,Bueng Kan,18.15978846,103.6703269,Jan,3508,2016,off_season,1,2016-01-01
บึงกาฬ,Bueng Kan,18.15978846,103.6703269,Feb,273,2016,off_season,2,2016-02-01
บึงกาฬ,Bueng Kan,18.15978846,103.6703269,Mar,0,2016,off_season,3,2016-03-01
บึงกาฬ,Bueng Kan,18.15978846,103.6703269,Apr,0,2016,off_season,4,2016-04-01
บึงกาฬ,Bueng Kan,18.15978846,103.6703269,May,0,2016,off_season,5,2016-05-01
บึงกาฬ,Bueng Kan,18.15978846,103.6703269,Jun,0,2016,off_season,6,2016-06-01
บึงกาฬ,Bueng Kan,18.15978846,103.6703269,Jul,0,2016,off_season,7,2016-07-01
บึงกาฬ,Bueng Kan,18.15978846,103.6703269,Aug,0,2016,off_season,8,2016-08-01
บึงกาฬ,Bueng Kan,18.15978846,103.6703269,Sep,0,2016,off_season,9,2016-09-01
บึงกาฬ,Bueng Kan,18.15978846,103.6703269,Oct,0,2016,off_season,10,2016-10-01
บึงกาฬ,Bueng Kan,18.15978846,103.6703269,Nov,1476,2016,off_season,11,2016-11-01
บึงกาฬ,Bueng Kan,18.15978846,103.6703269,Dec,4324,2016,off_season,12,2016-12-01
บึงกาฬ,Bueng Kan,18.15978846,103.6703269,Jan,2766,2017,off_season,1,2017-01-01
บึงกาฬ,Bueng Kan,18.15978846,103.6703269,Feb,561,2017,off_season,2,2017-02-01
บึงกาฬ,Bueng Kan,18.15978846,103.6703269,Mar,0,2017,off_season,3,2017-03-01
บึงกาฬ,Bueng Kan,18.15978846,103.6703269,Apr,0,2017,off_season,4,2017-04-01
บึงกาฬ,Bueng Kan,18.15978846,103.6703269,May,0,2017,off_season,5,2017-05-01
บึงกาฬ,Bueng Kan,18.15978846,103.6703269,Jun,0,2017,off_season,6,2017-06-01
บึงกาฬ,Bueng Kan,18.15978846,103.6703269,Jul,0,2017,off_season,7,2017-07-01
บึงกาฬ,Bueng Kan,18.15978846,103.6703269,Aug,0,2017,off_season,8,2017-08-01
บึงกาฬ,Bueng Kan,18.15978846,103.6703269,Sep,0,2017,off_season,9,2017-09-01
บึงกาฬ,Bueng Kan,18.15978846,103.6703269,Oct,0,2017,off_season,10,2017-10-01
บึงกาฬ,Bueng Kan,18.15978846,103.6703269,Nov,561,2017,off_season,11,2017-11-01
บึงกาฬ,Bueng Kan,18.15978846,103.6703269,Dec,5406,2017,off_season,12,2017-12-01
บึงกาฬ,Bueng Kan,18.15978846,103.6703269,Jan,3217,2018,off_season,1,2018-01-01
บึงกาฬ,Bueng Kan,18.15978846,103.6703269,Feb,309,2018,off_season,2,2018-02-01
บึงกาฬ,Bueng Kan,18.15978846,103.6703269,Mar,0,2018,off_season,3,2018-03-01
บึงกาฬ,Bueng Kan,18.15978846,103.6703269,Apr,0,2018,off_season,4,2018-04-01
บึงกาฬ,Bueng Kan,18.15978846,103.6703269,May,0,2018,off_season,5,2018-05-01
บึงกาฬ,Bueng Kan,18.15978846,103.6703269,Jun,0,2018,off_season,6,2018-06-01
บึงกาฬ,Bueng Kan,18.15978846,103.6703269,Jul,0,2018,off_season,7,2018-07-01
บึงกาฬ,Bueng Kan,18.15978846,103.6703269,Aug,0,2018,off_season,8,2018-08-01
บึงกาฬ,Bueng Kan,18.15978846,103.6703269,Sep,0,2018,off_season,9,2018-09-01
บึงกาฬ,Bueng Kan,18.15978846,103.6703269,Oct,0,2018,off_season,10,2018-10-01
บึงกาฬ,Bueng Kan,18.15978846,103.6703269,Nov,797,2018,off_season,11,2018-11-01
บึงกาฬ,Bueng Kan,18.15978846,103.6703269,Dec,5634,2018,off_season,12,2018-12-01
บึงกาฬ,Bueng Kan,18.15978846,103.6703269,Jan,3779,2019,off_season,1,2019-01-01
บึงกาฬ,Bueng Kan,18.15978846,103.6703269,Feb,173,2019,off_season,2,2019-02-01
บึงกาฬ,Bueng Kan,18.15978846,103.6703269,Mar,0,2019,off_season,3,2019-03-01
บึงกาฬ,Bueng Kan,18.15978846,103.6703269,Apr,0,2019,off_season,4,2019-04-01
บึงกาฬ,Bueng Kan,18.15978846,103.6703269,May,0,2019,off_season,5,2019-05-01
บึงกาฬ,Bueng Kan,18.15978846,103.6703269,Jun,0,2019,off_season,6,2019-06-01
บึงกาฬ,Bueng Kan,18.15978846,103.6703269,Jul,0,2019,off_season,7,2019-07-01
บึงกาฬ,Bueng Kan,18.15978846,103.6703269,Aug,0,2019,off_season,8,2019-08-01
บึงกาฬ,Bueng Kan,18.15978846,103.6703269,Sep,0,2019,off_season,9,2019-09-01
บึงกาฬ,Bueng Kan,18.15978846,103.6703269,Oct,0,2019,off_season,10,2019-10-01
บึงกาฬ,Bueng Kan,18.15978846,103.6703269,Nov,1039,2019,off_season,11,2019-11-01
บึงกาฬ,Bueng Kan,18.15978846,103.6703269,Dec,6218,2019,off_season,12,2019-12-01
บุรีรัมย์,Buri Ram,14.89489362,102.9742287,Jan,0,2015,in_season,1,2015-01-01
บุรีรัมย์,Buri Ram,14.89489362,102.9742287,Feb,0,2015,in_season,2,2015-02-01
บุรีรัมย์,Buri Ram,14.89489362,102.9742287,Mar,0,2015,in_season,3,2015-03-01
บุรีรัมย์,Buri Ram,14.89489362,102.9742287,Apr,0,2015,in_season,4,2015-04-01
บุรีรัมย์,Buri Ram,14.89489362,102.9742287,May,1189861,2015,in_season,5,2015-05-01
บุรีรัมย์,Buri Ram,14.89489362,102.9742287,Jun,1323883,2015,in_season,6,2015-06-01
บุรีรัมย์,Buri Ram,14.89489362,102.9742287,Jul,203213,2015,in_season,7,2015-07-01
บุรีรัมย์,Buri Ram,14.89489362,102.9742287,Aug,7083,2015,in_season,8,2015-08-01
บุรีรัมย์,Buri Ram,14.89489362,102.9742287,Sep,0,2015,in_season,9,2015-09-01
บุรีรัมย์,Buri Ram,14.89489362,102.9742287,Oct,0,2015,in_season,10,2015-10-01
บุรีรัมย์,Buri Ram,14.89489362,102.9742287,Nov,0,2015,in_season,11,2015-11-01
บุรีรัมย์,Buri Ram,14.89489362,102.9742287,Dec,0,2015,in_season,12,2015-12-01
บุรีรัมย์,Buri Ram,14.89489362,102.9742287,Jan,0,2016,in_season,1,2016-01-01
บุรีรัมย์,Buri Ram,14.89489362,102.9742287,Feb,0,2016,in_season,2,2016-02-01
บุรีรัมย์,Buri Ram,14.89489362,102.9742287,Mar,0,2016,in_season,3,2016-03-01
บุรีรัมย์,Buri Ram,14.89489362,102.9742287,Apr,0,2016,in_season,4,2016-04-01
บุรีรัมย์,Buri Ram,14.89489362,102.9742287,May,1112904,2016,in_season,5,2016-05-01
บุรีรัมย์,Buri Ram,14.89489362,102.9742287,Jun,1179178,2016,in_season,6,2016-06-01
บุรีรัมย์,Buri Ram,14.89489362,102.9742287,Jul,308881,2016,in_season,7,2016-07-01
บุรีรัมย์,Buri Ram,14.89489362,102.9742287,Aug,132095,2016,in_season,8,2016-08-01
บุรีรัมย์,Buri Ram,14.89489362,102.9742287,Sep,0,2016,in_season,9,2016-09-01
บุรีรัมย์,Buri Ram,14.89489362,102.9742287,Oct,0,2016,in_season,10,2016-10-01
บุรีรัมย์,Buri Ram,14.89489362,102.9742287,Nov,0,2016,in_season,11,2016-11-01
บุรีรัมย์,Buri Ram,14.89489362,102.9742287,Dec,0,2016,in_season,12,2016-12-01
บุรีรัมย์,Buri Ram,14.89489362,102.9742287,Jan,0,2017,in_season,1,2017-01-01
บุรีรัมย์,Buri Ram,14.89489362,102.9742287,Feb,0,2017,in_season,2,2017-02-01
บุรีรัมย์,Buri Ram,14.89489362,102.9742287,Mar,0,2017,in_season,3,2017-03-01
บุรีรัมย์,Buri Ram,14.89489362,102.9742287,Apr,0,2017,in_season,4,2017-04-01
บุรีรัมย์,Buri Ram,14.89489362,102.9742287,May,1219204,2017,in_season,5,2017-05-01
บุรีรัมย์,Buri Ram,14.89489362,102.9742287,Jun,1080221,2017,in_season,6,2017-06-01
บุรีรัมย์,Buri Ram,14.89489362,102.9742287,Jul,356106,2017,in_season,7,2017-07-01
บุรีรัมย์,Buri Ram,14.89489362,102.9742287,Aug,85573,2017,in_season,8,2017-08-01
บุรีรัมย์,Buri Ram,14.89489362,102.9742287,Sep,1144,2017,in_season,9,2017-09-01
บุรีรัมย์,Buri Ram,14.89489362,102.9742287,Oct,0,2017,in_season,10,2017-10-01
บุรีรัมย์,Buri Ram,14.89489362,102.9742287,Nov,0,2017,in_season,11,2017-11-01
บุรีรัมย์,Buri Ram,14.89489362,102.9742287,Dec,0,2017,in_season,12,2017-12-01
บุรีรัมย์,Buri Ram,14.89489362,102.9742287,Jan,0,2018,in_season,1,2018-01-01
บุรีรัมย์,Buri Ram,14.89489362,102.9742287,Feb,0,2018,in_season,2,2018-02-01
บุรีรัมย์,Buri Ram,14.89489362,102.9742287,Mar,0,2018,in_season,3,2018-03-01
บุรีรัมย์,Buri Ram,14.89489362,102.9742287,Apr,0,2018,in_season,4,2018-04-01
บุรีรัมย์,Buri Ram,14.89489362,102.9742287,May,1349198,2018,in_season,5,2018-05-01
บุรีรัมย์,Buri Ram,14.89489362,102.9742287,Jun,1255179,2018,in_season,6,2018-06-01
บุรีรัมย์,Buri Ram,14.89489362,102.9742287,Jul,133961,2018,in_season,7,2018-07-01
บุรีรัมย์,Buri Ram,14.89489362,102.9742287,Aug,30352,2018,in_season,8,2018-08-01
บุรีรัมย์,Buri Ram,14.89489362,102.9742287,Sep,544,2018,in_season,9,2018-09-01
บุรีรัมย์,Buri Ram,14.89489362,102.9742287,Oct,0,2018,in_season,10,2018-10-01
บุรีรัมย์,Buri Ram,14.89489362,102.9742287,Nov,0,2018,in_season,11,2018-11-01
บุรีรัมย์,Buri Ram,14.89489362,102.9742287,Dec,0,2018,in_season,12,2018-12-01
บุรีรัมย์,Buri Ram,14.89489362,102.9742287,Jan,0,2019,in_season,1,2019-01-01
บุรีรัมย์,Buri Ram,14.89489362,102.9742287,Feb,0,2019,in_season,2,2019-02-01
บุรีรัมย์,Buri Ram,14.89489362,102.9742287,Mar,0,2019,in_season,3,2019-03-01
บุรีรัมย์,Buri Ram,14.89489362,102.9742287,Apr,0,2019,in_season,4,2019-04-01
บุรีรัมย์,Buri Ram,14.89489362,102.9742287,May,1349198,2019,in_season,5,2019-05-01
บุรีรัมย์,Buri Ram,14.89489362,102.9742287,Jun,1255179,2019,in_season,6,2019-06-01
บุรีรัมย์,Buri Ram,14.89489362,102.9742287,Jul,133961,2019,in_season,7,2019-07-01
บุรีรัมย์,Buri Ram,14.89489362,102.9742287,Aug,30352,2019,in_season,8,2019-08-01
บุรีรัมย์,Buri Ram,14.89489362,102.9742287,Sep,544,2019,in_season,9,2019-09-01
บุรีรัมย์,Buri Ram,14.89489362,102.9742287,Oct,0,2019,in_season,10,2019-10-01
บุรีรัมย์,Buri Ram,14.89489362,102.9742287,Nov,0,2019,in_season,11,2019-11-01
บุรีรัมย์,Buri Ram,14.89489362,102.9742287,Dec,0,2019,in_season,12,2019-12-01
บุรีรัมย์,Buri Ram,14.89489362,102.9742287,Jan,14585,2015,off_season,1,2015-01-01
บุรีรัมย์,Buri Ram,14.89489362,102.9742287,Feb,732,2015,off_season,2,2015-02-01
บุรีรัมย์,Buri Ram,14.89489362,102.9742287,Mar,303,2015,off_season,3,2015-03-01
บุรีรัมย์,Buri Ram,14.89489362,102.9742287,Apr,0,2015,off_season,4,2015-04-01
บุรีรัมย์,Buri Ram,14.89489362,102.9742287,May,0,2015,off_season,5,2015-05-01
บุรีรัมย์,Buri Ram,14.89489362,102.9742287,Jun,0,2015,off_season,6,2015-06-01
บุรีรัมย์,Buri Ram,14.89489362,102.9742287,Jul,0,2015,off_season,7,2015-07-01
บุรีรัมย์,Buri Ram,14.89489362,102.9742287,Aug,0,2015,off_season,8,2015-08-01
บุรีรัมย์,Buri Ram,14.89489362,102.9742287,Sep,0,2015,off_season,9,2015-09-01
บุรีรัมย์,Buri Ram,14.89489362,102.9742287,Oct,0,2015,off_season,10,2015-10-01
บุรีรัมย์,Buri Ram,14.89489362,102.9742287,Nov,1503,2015,off_season,11,2015-11-01
บุรีรัมย์,Buri Ram,14.89489362,102.9742287,Dec,10612,2015,off_season,12,2015-12-01
บุรีรัมย์,Buri Ram,14.89489362,102.9742287,Jan,3540,2016,off_season,1,2016-01-01
บุรีรัมย์,Buri Ram,14.89489362,102.9742287,Feb,0,2016,off_season,2,2016-02-01
บุรีรัมย์,Buri Ram,14.89489362,102.9742287,Mar,0,2016,off_season,3,2016-03-01
บุรีรัมย์,Buri Ram,14.89489362,102.9742287,Apr,0,2016,off_season,4,2016-04-01
บุรีรัมย์,Buri Ram,14.89489362,102.9742287,May,0,2016,off_season,5,2016-05-01
บุรีรัมย์,Buri Ram,14.89489362,102.9742287,Jun,0,2016,off_season,6,2016-06-01
บุรีรัมย์,Buri Ram,14.89489362,102.9742287,Jul,0,2016,off_season,7,2016-07-01
บุรีรัมย์,Buri Ram,14.89489362,102.9742287,Aug,0,2016,off_season,8,2016-08-01
บุรีรัมย์,Buri Ram,14.89489362,102.9742287,Sep,0,2016,off_season,9,2016-09-01
บุรีรัมย์,Buri Ram,14.89489362,102.9742287,Oct,0,2016,off_season,10,2016-10-01
บุรีรัมย์,Buri Ram,14.89489362,102.9742287,Nov,424,2016,off_season,11,2016-11-01
บุรีรัมย์,Buri Ram,14.89489362,102.9742287,Dec,2478,2016,off_season,12,2016-12-01
บุรีรัมย์,Buri Ram,14.89489362,102.9742287,Jan,4944,2017,off_season,1,2017-01-01
บุรีรัมย์,Buri Ram,14.89489362,102.9742287,Feb,110,2017,off_season,2,2017-02-01
บุรีรัมย์,Buri Ram,14.89489362,102.9742287,Mar,0,2017,off_season,3,2017-03-01
บุรีรัมย์,Buri Ram,14.89489362,102.9742287,Apr,0,2017,off_season,4,2017-04-01
บุรีรัมย์,Buri Ram,14.89489362,102.9742287,May,0,2017,off_season,5,2017-05-01
บุรีรัมย์,Buri Ram,14.89489362,102.9742287,Jun,0,2017,off_season,6,2017-06-01
บุรีรัมย์,Buri Ram,14.89489362,102.9742287,Jul,0,2017,off_season,7,2017-07-01
บุรีรัมย์,Buri Ram,14.89489362,102.9742287,Aug,0,2017,off_season,8,2017-08-01
บุรีรัมย์,Buri Ram,14.89489362,102.9742287,Sep,0,2017,off_season,9,2017-09-01
บุรีรัมย์,Buri Ram,14.89489362,102.9742287,Oct,0,2017,off_season,10,2017-10-01
บุรีรัมย์,Buri Ram,14.89489362,102.9742287,Nov,318,2017,off_season,11,2017-11-01
บุรีรัมย์,Buri Ram,14.89489362,102.9742287,Dec,2743,2017,off_season,12,2017-12-01
บุรีรัมย์,Buri Ram,14.89489362,102.9742287,Jan,12438,2018,off_season,1,2018-01-01
บุรีรัมย์,Buri Ram,14.89489362,102.9742287,Feb,7113,2018,off_season,2,2018-02-01
บุรีรัมย์,Buri Ram,14.89489362,102.9742287,Mar,0,2018,off_season,3,2018-03-01
บุรีรัมย์,Buri Ram,14.89489362,102.9742287,Apr,0,2018,off_season,4,2018-04-01
บุรีรัมย์,Buri Ram,14.89489362,102.9742287,May,0,2018,off_season,5,2018-05-01
บุรีรัมย์,Buri Ram,14.89489362,102.9742287,Jun,0,2018,off_season,6,2018-06-01
บุรีรัมย์,Buri Ram,14.89489362,102.9742287,Jul,0,2018,off_season,7,2018-07-01
บุรีรัมย์,Buri Ram,14.89489362,102.9742287,Aug,0,2018,off_season,8,2018-08-01
บุรีรัมย์,Buri Ram,14.89489362,102.9742287,Sep,0,2018,off_season,9,2018-09-01
บุรีรัมย์,Buri Ram,14.89489362,102.9742287,Oct,0,2018,off_season,10,2018-10-01
บุรีรัมย์,Buri Ram,14.89489362,102.9742287,Nov,1199,2018,off_season,11,2018-11-01
บุรีรัมย์,Buri Ram,14.89489362,102.9742287,Dec,9482,2018,off_season,12,2018-12-01
บุรีรัมย์,Buri Ram,14.89489362,102.9742287,Jan,3112,2019,off_season,1,2019-01-01
บุรีรัมย์,Buri Ram,14.89489362,102.9742287,Feb,0,2019,off_season,2,2019-02-01
บุรีรัมย์,Buri Ram,14.89489362,102.9742287,Mar,0,2019,off_season,3,2019-03-01
บุรีรัมย์,Buri Ram,14.89489362,102.9742287,Apr,0,2019,off_season,4,2019-04-01
บุรีรัมย์,Buri Ram,14.89489362,102.9742287,May,0,2019,off_season,5,2019-05-01
บุรีรัมย์,Buri Ram,14.89489362,102.9742287,Jun,0,2019,off_season,6,2019-06-01
บุรีรัมย์,Buri Ram,14.89489362,102.9742287,Jul,0,2019,off_season,7,2019-07-01
บุรีรัมย์,Buri Ram,14.89489362,102.9742287,Aug,0,2019,off_season,8,2019-08-01
บุรีรัมย์,Buri Ram,14.89489362,102.9742287,Sep,0,2019,off_season,9,2019-09-01
บุรีรัมย์,Buri Ram,14.89489362,102.9742287,Oct,0,2019,off_season,10,2019-10-01
บุรีรัมย์,Buri Ram,14.89489362,102.9742287,Nov,10847,2019,off_season,11,2019-11-01
บุรีรัมย์,Buri Ram,14.89489362,102.9742287,Dec,5779,2019,off_season,12,2019-12-01
ฉะเชิงเทรา,Chachoengsao,13.68568478,101.1367174,Jan,0,2015,in_season,1,2015-01-01
ฉะเชิงเทรา,Chachoengsao,13.68568478,101.1367174,Feb,0,2015,in_season,2,2015-02-01
ฉะเชิงเทรา,Chachoengsao,13.68568478,101.1367174,Mar,0,2015,in_season,3,2015-03-01
ฉะเชิงเทรา,Chachoengsao,13.68568478,101.1367174,Apr,0,2015,in_season,4,2015-04-01
ฉะเชิงเทรา,Chachoengsao,13.68568478,101.1367174,May,96122,2015,in_season,5,2015-05-01
ฉะเชิงเทรา,Chachoengsao,13.68568478,101.1367174,Jun,102172,2015,in_season,6,2015-06-01
ฉะเชิงเทรา,Chachoengsao,13.68568478,101.1367174,Jul,134795,2015,in_season,7,2015-07-01
ฉะเชิงเทรา,Chachoengsao,13.68568478,101.1367174,Aug,162427,2015,in_season,8,2015-08-01
ฉะเชิงเทรา,Chachoengsao,13.68568478,101.1367174,Sep,38174,2015,in_season,9,2015-09-01
ฉะเชิงเทรา,Chachoengsao,13.68568478,101.1367174,Oct,90071,2015,in_season,10,2015-10-01
ฉะเชิงเทรา,Chachoengsao,13.68568478,101.1367174,Nov,0,2015,in_season,11,2015-11-01
ฉะเชิงเทรา,Chachoengsao,13.68568478,101.1367174,Dec,0,2015,in_season,12,2015-12-01
ฉะเชิงเทรา,Chachoengsao,13.68568478,101.1367174,Jan,0,2016,in_season,1,2016-01-01
ฉะเชิงเทรา,Chachoengsao,13.68568478,101.1367174,Feb,0,2016,in_season,2,2016-02-01
ฉะเชิงเทรา,Chachoengsao,13.68568478,101.1367174,Mar,0,2016,in_season,3,2016-03-01
ฉะเชิงเทรา,Chachoengsao,13.68568478,101.1367174,Apr,0,2016,in_season,4,2016-04-01
ฉะเชิงเทรา,Chachoengsao,13.68568478,101.1367174,May,105605,2016,in_season,5,2016-05-01
ฉะเชิงเทรา,Chachoengsao,13.68568478,101.1367174,Jun,193931,2016,in_season,6,2016-06-01
ฉะเชิงเทรา,Chachoengsao,13.68568478,101.1367174,Jul,151637,2016,in_season,7,2016-07-01
ฉะเชิงเทรา,Chachoengsao,13.68568478,101.1367174,Aug,59056,2016,in_season,8,2016-08-01
ฉะเชิงเทรา,Chachoengsao,13.68568478,101.1367174,Sep,42035,2016,in_season,9,2016-09-01
ฉะเชิงเทรา,Chachoengsao,13.68568478,101.1367174,Oct,66689,2016,in_season,10,2016-10-01
ฉะเชิงเทรา,Chachoengsao,13.68568478,101.1367174,Nov,0,2016,in_season,11,2016-11-01
ฉะเชิงเทรา,Chachoengsao,13.68568478,101.1367174,Dec,0,2016,in_season,12,2016-12-01
ฉะเชิงเทรา,Chachoengsao,13.68568478,101.1367174,Jan,0,2017,in_season,1,2017-01-01
ฉะเชิงเทรา,Chachoengsao,13.68568478,101.1367174,Feb,0,2017,in_season,2,2017-02-01
ฉะเชิงเทรา,Chachoengsao,13.68568478,101.1367174,Mar,0,2017,in_season,3,2017-03-01
ฉะเชิงเทรา,Chachoengsao,13.68568478,101.1367174,Apr,0,2017,in_season,4,2017-04-01
ฉะเชิงเทรา,Chachoengsao,13.68568478,101.1367174,May,199086,2017,in_season,5,2017-05-01
ฉะเชิงเทรา,Chachoengsao,13.68568478,101.1367174,Jun,138922,2017,in_season,6,2017-06-01
ฉะเชิงเทรา,Chachoengsao,13.68568478,101.1367174,Jul,64604,2017,in_season,7,2017-07-01
ฉะเชิงเทรา,Chachoengsao,13.68568478,101.1367174,Aug,59006,2017,in_season,8,2017-08-01
ฉะเชิงเทรา,Chachoengsao,13.68568478,101.1367174,Sep,83041,2017,in_season,9,2017-09-01
ฉะเชิงเทรา,Chachoengsao,13.68568478,101.1367174,Oct,80756,2017,in_season,10,2017-10-01
ฉะเชิงเทรา,Chachoengsao,13.68568478,101.1367174,Nov,0,2017,in_season,11,2017-11-01
ฉะเชิงเทรา,Chachoengsao,13.68568478,101.1367174,Dec,0,2017,in_season,12,2017-12-01
ฉะเชิงเทรา,Chachoengsao,13.68568478,101.1367174,Jan,0,2018,in_season,1,2018-01-01
ฉะเชิงเทรา,Chachoengsao,13.68568478,101.1367174,Feb,0,2018,in_season,2,2018-02-01
ฉะเชิงเทรา,Chachoengsao,13.68568478,101.1367174,Mar,0,2018,in_season,3,2018-03-01
ฉะเชิงเทรา,Chachoengsao,13.68568478,101.1367174,Apr,0,2018,in_season,4,2018-04-01
ฉะเชิงเทรา,Chachoengsao,13.68568478,101.1367174,May,230897,2018,in_season,5,2018-05-01
ฉะเชิงเทรา,Chachoengsao,13.68568478,101.1367174,Jun,116364,2018,in_season,6,2018-06-01
ฉะเชิงเทรา,Chachoengsao,13.68568478,101.1367174,Jul,63361,2018,in_season,7,2018-07-01
ฉะเชิงเทรา,Chachoengsao,13.68568478,101.1367174,Aug,62332,2018,in_season,8,2018-08-01
ฉะเชิงเทรา,Chachoengsao,13.68568478,101.1367174,Sep,85201,2018,in_season,9,2018-09-01
ฉะเชิงเทรา,Chachoengsao,13.68568478,101.1367174,Oct,74114,2018,in_season,10,2018-10-01
ฉะเชิงเทรา,Chachoengsao,13.68568478,101.1367174,Nov,0,2018,in_season,11,2018-11-01
ฉะเชิงเทรา,Chachoengsao,13.68568478,101.1367174,Dec,0,2018,in_season,12,2018-12-01
ฉะเชิงเทรา,Chachoengsao,13.68568478,101.1367174,Jan,0,2019,in_season,1,2019-01-01
ฉะเชิงเทรา,Chachoengsao,13.68568478,101.1367174,Feb,0,2019,in_season,2,2019-02-01
ฉะเชิงเทรา,Chachoengsao,13.68568478,101.1367174,Mar,0,2019,in_season,3,2019-03-01
ฉะเชิงเทรา,Chachoengsao,13.68568478,101.1367174,Apr,0,2019,in_season,4,2019-04-01
ฉะเชิงเทรา,Chachoengsao,13.68568478,101.1367174,May,230897,2019,in_season,5,2019-05-01
ฉะเชิงเทรา,Chachoengsao,13.68568478,101.1367174,Jun,116364,2019,in_season,6,2019-06-01
ฉะเชิงเทรา,Chachoengsao,13.68568478,101.1367174,Jul,63361,2019,in_season,7,2019-07-01
ฉะเชิงเทรา,Chachoengsao,13.68568478,101.1367174,Aug,62332,2019,in_season,8,2019-08-01
ฉะเชิงเทรา,Chachoengsao,13.68568478,101.1367174,Sep,85201,2019,in_season,9,2019-09-01
ฉะเชิงเทรา,Chachoengsao,13.68568478,101.1367174,Oct,74114,2019,in_season,10,2019-10-01
ฉะเชิงเทรา,Chachoengsao,13.68568478,101.1367174,Nov,0,2019,in_season,11,2019-11-01
ฉะเชิงเทรา,Chachoengsao,13.68568478,101.1367174,Dec,0,2019,in_season,12,2019-12-01
ฉะเชิงเทรา,Chachoengsao,13.68568478,101.1367174,Jan,28210,2015,off_season,1,2015-01-01
ฉะเชิงเทรา,Chachoengsao,13.68568478,101.1367174,Feb,6319,2015,off_season,2,2015-02-01
ฉะเชิงเทรา,Chachoengsao,13.68568478,101.1367174,Mar,6811,2015,off_season,3,2015-03-01
ฉะเชิงเทรา,Chachoengsao,13.68568478,101.1367174,Apr,11637,2015,off_season,4,2015-04-01
ฉะเชิงเทรา,Chachoengsao,13.68568478,101.1367174,May,0,2015,off_season,5,2015-05-01
ฉะเชิงเทรา,Chachoengsao,13.68568478,101.1367174,Jun,0,2015,off_season,6,2015-06-01
ฉะเชิงเทรา,Chachoengsao,13.68568478,101.1367174,Jul,0,2015,off_season,7,2015-07-01
ฉะเชิงเทรา,Chachoengsao,13.68568478,101.1367174,Aug,0,2015,off_season,8,2015-08-01
ฉะเชิงเทรา,Chachoengsao,13.68568478,101.1367174,Sep,0,2015,off_season,9,2015-09-01
ฉะเชิงเทรา,Chachoengsao,13.68568478,101.1367174,Oct,0,2015,off_season,10,2015-10-01
ฉะเชิงเทรา,Chachoengsao,13.68568478,101.1367174,Nov,288941,2015,off_season,11,2015-11-01
ฉะเชิงเทรา,Chachoengsao,13.68568478,101.1367174,Dec,70581,2015,off_season,12,2015-12-01
ฉะเชิงเทรา,Chachoengsao,13.68568478,101.1367174,Jan,35083,2016,off_season,1,2016-01-01
ฉะเชิงเทรา,Chachoengsao,13.68568478,101.1367174,Feb,8017,2016,off_season,2,2016-02-01
ฉะเชิงเทรา,Chachoengsao,13.68568478,101.1367174,Mar,4799,2016,off_season,3,2016-03-01
ฉะเชิงเทรา,Chachoengsao,13.68568478,101.1367174,Apr,1701,2016,off_season,4,2016-04-01
ฉะเชิงเทรา,Chachoengsao,13.68568478,101.1367174,May,0,2016,off_season,5,2016-05-01
ฉะเชิงเทรา,Chachoengsao,13.68568478,101.1367174,Jun,0,2016,off_season,6,2016-06-01
ฉะเชิงเทรา,Chachoengsao,13.68568478,101.1367174,Jul,0,2016,off_season,7,2016-07-01
ฉะเชิงเทรา,Chachoengsao,13.68568478,101.1367174,Aug,0,2016,off_season,8,2016-08-01
ฉะเชิงเทรา,Chachoengsao,13.68568478,101.1367174,Sep,0,2016,off_season,9,2016-09-01
ฉะเชิงเทรา,Chachoengsao,13.68568478,101.1367174,Oct,0,2016,off_season,10,2016-10-01
ฉะเชิงเทรา,Chachoengsao,13.68568478,101.1367174,Nov,204174,2016,off_season,11,2016-11-01
ฉะเชิงเทรา,Chachoengsao,13.68568478,101.1367174,Dec,100474,2016,off_season,12,2016-12-01
ฉะเชิงเทรา,Chachoengsao,13.68568478,101.1367174,Jan,14226,2017,off_season,1,2017-01-01
ฉะเชิงเทรา,Chachoengsao,13.68568478,101.1367174,Feb,8408,2017,off_season,2,2017-02-01
ฉะเชิงเทรา,Chachoengsao,13.68568478,101.1367174,Mar,4815,2017,off_season,3,2017-03-01
ฉะเชิงเทรา,Chachoengsao,13.68568478,101.1367174,Apr,2481,2017,off_season,4,2017-04-01
ฉะเชิงเทรา,Chachoengsao,13.68568478,101.1367174,May,0,2017,off_season,5,2017-05-01
ฉะเชิงเทรา,Chachoengsao,13.68568478,101.1367174,Jun,0,2017,off_season,6,2017-06-01
ฉะเชิงเทรา,Chachoengsao,13.68568478,101.1367174,Jul,0,2017,off_season,7,2017-07-01
ฉะเชิงเทรา,Chachoengsao,13.68568478,101.1367174,Aug,0,2017,off_season,8,2017-08-01
ฉะเชิงเทรา,Chachoengsao,13.68568478,101.1367174,Sep,0,2017,off_season,9,2017-09-01
ฉะเชิงเทรา,Chachoengsao,13.68568478,101.1367174,Oct,0,2017,off_season,10,2017-10-01
ฉะเชิงเทรา,Chachoengsao,13.68568478,101.1367174,Nov,343850,2017,off_season,11,2017-11-01
ฉะเชิงเทรา,Chachoengsao,13.68568478,101.1367174,Dec,41870,2017,off_season,12,2017-12-01
ฉะเชิงเทรา,Chachoengsao,13.68568478,101.1367174,Jan,29054,2018,off_season,1,2018-01-01
ฉะเชิงเทรา,Chachoengsao,13.68568478,101.1367174,Feb,12176,2018,off_season,2,2018-02-01
ฉะเชิงเทรา,Chachoengsao,13.68568478,101.1367174,Mar,8493,2018,off_season,3,2018-03-01
ฉะเชิงเทรา,Chachoengsao,13.68568478,101.1367174,Apr,3455,2018,off_season,4,2018-04-01
ฉะเชิงเทรา,Chachoengsao,13.68568478,101.1367174,May,0,2018,off_season,5,2018-05-01
ฉะเชิงเทรา,Chachoengsao,13.68568478,101.1367174,Jun,0,2018,off_season,6,2018-06-01
ฉะเชิงเทรา,Chachoengsao,13.68568478,101.1367174,Jul,0,2018,off_season,7,2018-07-01
ฉะเชิงเทรา,Chachoengsao,13.68568478,101.1367174,Aug,0,2018,off_season,8,2018-08-01
ฉะเชิงเทรา,Chachoengsao,13.68568478,101.1367174,Sep,0,2018,off_season,9,2018-09-01
ฉะเชิงเทรา,Chachoengsao,13.68568478,101.1367174,Oct,0,2018,off_season,10,2018-10-01
ฉะเชิงเทรา,Chachoengsao,13.68568478,101.1367174,Nov,294658,2018,off_season,11,2018-11-01
ฉะเชิงเทรา,Chachoengsao,13.68568478,101.1367174,Dec,44238,2018,off_season,12,2018-12-01
ฉะเชิงเทรา,Chachoengsao,13.68568478,101.1367174,Jan,19559,2019,off_season,1,2019-01-01
ฉะเชิงเทรา,Chachoengsao,13.68568478,101.1367174,Feb,6866,2019,off_season,2,2019-02-01
ฉะเชิงเทรา,Chachoengsao,13.68568478,101.1367174,Mar,15153,2019,off_season,3,2019-03-01
ฉะเชิงเทรา,Chachoengsao,13.68568478,101.1367174,Apr,3145,2019,off_season,4,2019-04-01
ฉะเชิงเทรา,Chachoengsao,13.68568478,101.1367174,May,0,2019,off_season,5,2019-05-01
ฉะเชิงเทรา,Chachoengsao,13.68568478,101.1367174,Jun,0,2019,off_season,6,2019-06-01
ฉะเชิงเทรา,Chachoengsao,13.68568478,101.1367174,Jul,0,2019,off_season,7,2019-07-01
ฉะเชิงเทรา,Chachoengsao,13.68568478,101.1367174,Aug,0,2019,off_season,8,2019-08-01
ฉะเชิงเทรา,Chachoengsao,13.68568478,101.1367174,Sep,0,2019,off_season,9,2019-09-01
ฉะเชิงเทรา,Chachoengsao,13.68568478,101.1367174,Oct,0,2019,off_season,10,2019-10-01
ฉะเชิงเทรา,Chachoengsao,13.68568478,101.1367174,Nov,205636,2019,off_season,11,2019-11-01
ฉะเชิงเทรา,Chachoengsao,13.68568478,101.1367174,Dec,43027,2019,off_season,12,2019-12-01
ชัยนาท,Chai Nat,15.15194231,100.0815577,Jan,0,2015,in_season,1,2015-01-01
ชัยนาท,Chai Nat,15.15194231,100.0815577,Feb,0,2015,in_season,2,2015-02-01
ชัยนาท,Chai Nat,15.15194231,100.0815577,Mar,0,2015,in_season,3,2015-03-01
ชัยนาท,Chai Nat,15.15194231,100.0815577,Apr,0,2015,in_season,4,2015-04-01
ชัยนาท,Chai Nat,15.15194231,100.0815577,May,121065,2015,in_season,5,2015-05-01
ชัยนาท,Chai Nat,15.15194231,100.0815577,Jun,165696,2015,in_season,6,2015-06-01
ชัยนาท,Chai Nat,15.15194231,100.0815577,Jul,39458,2015,in_season,7,2015-07-01
ชัยนาท,Chai Nat,15.15194231,100.0815577,Aug,189289,2015,in_season,8,2015-08-01
ชัยนาท,Chai Nat,15.15194231,100.0815577,Sep,151969,2015,in_season,9,2015-09-01
ชัยนาท,Chai Nat,15.15194231,100.0815577,Oct,22350,2015,in_season,10,2015-10-01
ชัยนาท,Chai Nat,15.15194231,100.0815577,Nov,0,2015,in_season,11,2015-11-01
ชัยนาท,Chai Nat,15.15194231,100.0815577,Dec,0,2015,in_season,12,2015-12-01
ชัยนาท,Chai Nat,15.15194231,100.0815577,Jan,0,2016,in_season,1,2016-01-01
ชัยนาท,Chai Nat,15.15194231,100.0815577,Feb,0,2016,in_season,2,2016-02-01
ชัยนาท,Chai Nat,15.15194231,100.0815577,Mar,0,2016,in_season,3,2016-03-01
ชัยนาท,Chai Nat,15.15194231,100.0815577,Apr,0,2016,in_season,4,2016-04-01
ชัยนาท,Chai Nat,15.15194231,100.0815577,May,106498,2016,in_season,5,2016-05-01
ชัยนาท,Chai Nat,15.15194231,100.0815577,Jun,105435,2016,in_season,6,2016-06-01
ชัยนาท,Chai Nat,15.15194231,100.0815577,Jul,226122,2016,in_season,7,2016-07-01
ชัยนาท,Chai Nat,15.15194231,100.0815577,Aug,207225,2016,in_season,8,2016-08-01
ชัยนาท,Chai Nat,15.15194231,100.0815577,Sep,74499,2016,in_season,9,2016-09-01
ชัยนาท,Chai Nat,15.15194231,100.0815577,Oct,28519,2016,in_season,10,2016-10-01
ชัยนาท,Chai Nat,15.15194231,100.0815577,Nov,0,2016,in_season,11,2016-11-01
ชัยนาท,Chai Nat,15.15194231,100.0815577,Dec,0,2016,in_season,12,2016-12-01
ชัยนาท,Chai Nat,15.15194231,100.0815577,Jan,0,2017,in_season,1,2017-01-01
ชัยนาท,Chai Nat,15.15194231,100.0815577,Feb,0,2017,in_season,2,2017-02-01
ชัยนาท,Chai Nat,15.15194231,100.0815577,Mar,0,2017,in_season,3,2017-03-01
ชัยนาท,Chai Nat,15.15194231,100.0815577,Apr,0,2017,in_season,4,2017-04-01
ชัยนาท,Chai Nat,15.15194231,100.0815577,May,263485,2017,in_season,5,2017-05-01
ชัยนาท,Chai Nat,15.15194231,100.0815577,Jun,180648,2017,in_season,6,2017-06-01
ชัยนาท,Chai Nat,15.15194231,100.0815577,Jul,112825,2017,in_season,7,2017-07-01
ชัยนาท,Chai Nat,15.15194231,100.0815577,Aug,117812,2017,in_season,8,2017-08-01
ชัยนาท,Chai Nat,15.15194231,100.0815577,Sep,119843,2017,in_season,9,2017-09-01
ชัยนาท,Chai Nat,15.15194231,100.0815577,Oct,31312,2017,in_season,10,2017-10-01
ชัยนาท,Chai Nat,15.15194231,100.0815577,Nov,0,2017,in_season,11,2017-11-01
ชัยนาท,Chai Nat,15.15194231,100.0815577,Dec,0,2017,in_season,12,2017-12-01
ชัยนาท,Chai Nat,15.15194231,100.0815577,Jan,0,2018,in_season,1,2018-01-01
ชัยนาท,Chai Nat,15.15194231,100.0815577,Feb,0,2018,in_season,2,2018-02-01
ชัยนาท,Chai Nat,15.15194231,100.0815577,Mar,0,2018,in_season,3,2018-03-01
ชัยนาท,Chai Nat,15.15194231,100.0815577,Apr,0,2018,in_season,4,2018-04-01
ชัยนาท,Chai Nat,15.15194231,100.0815577,May,338255,2018,in_season,5,2018-05-01
ชัยนาท,Chai Nat,15.15194231,100.0815577,Jun,148597,2018,in_season,6,2018-06-01
ชัยนาท,Chai Nat,15.15194231,100.0815577,Jul,60669,2018,in_season,7,2018-07-01
ชัยนาท,Chai Nat,15.15194231,100.0815577,Aug,136209,2018,in_season,8,2018-08-01
ชัยนาท,Chai Nat,15.15194231,100.0815577,Sep,140361,2018,in_season,9,2018-09-01
ชัยนาท,Chai Nat,15.15194231,100.0815577,Oct,24637,2018,in_season,10,2018-10-01
ชัยนาท,Chai Nat,15.15194231,100.0815577,Nov,0,2018,in_season,11,2018-11-01
ชัยนาท,Chai Nat,15.15194231,100.0815577,Dec,0,2018,in_season,12,2018-12-01
ชัยนาท,Chai Nat,15.15194231,100.0815577,Jan,0,2019,in_season,1,2019-01-01
ชัยนาท,Chai Nat,15.15194231,100.0815577,Feb,0,2019,in_season,2,2019-02-01
ชัยนาท,Chai Nat,15.15194231,100.0815577,Mar,0,2019,in_season,3,2019-03-01
ชัยนาท,Chai Nat,15.15194231,100.0815577,Apr,0,2019,in_season,4,2019-04-01
ชัยนาท,Chai Nat,15.15194231,100.0815577,May,338255,2019,in_season,5,2019-05-01
ชัยนาท,Chai Nat,15.15194231,100.0815577,Jun,148597,2019,in_season,6,2019-06-01
ชัยนาท,Chai Nat,15.15194231,100.0815577,Jul,60669,2019,in_season,7,2019-07-01
ชัยนาท,Chai Nat,15.15194231,100.0815577,Aug,136209,2019,in_season,8,2019-08-01
ชัยนาท,Chai Nat,15.15194231,100.0815577,Sep,140361,2019,in_season,9,2019-09-01
ชัยนาท,Chai Nat,15.15194231,100.0815577,Oct,24637,2019,in_season,10,2019-10-01
ชัยนาท,Chai Nat,15.15194231,100.0815577,Nov,0,2019,in_season,11,2019-11-01
ชัยนาท,Chai Nat,15.15194231,100.0815577,Dec,0,2019,in_season,12,2019-12-01
ชัยนาท,Chai Nat,15.15194231,100.0815577,Jan,43837,2015,off_season,1,2015-01-01
ชัยนาท,Chai Nat,15.15194231,100.0815577,Feb,9024,2015,off_season,2,2015-02-01
ชัยนาท,Chai Nat,15.15194231,100.0815577,Mar,4000,2015,off_season,3,2015-03-01
ชัยนาท,Chai Nat,15.15194231,100.0815577,Apr,2709,2015,off_season,4,2015-04-01
ชัยนาท,Chai Nat,15.15194231,100.0815577,May,0,2015,off_season,5,2015-05-01
ชัยนาท,Chai Nat,15.15194231,100.0815577,Jun,0,2015,off_season,6,2015-06-01
ชัยนาท,Chai Nat,15.15194231,100.0815577,Jul,0,2015,off_season,7,2015-07-01
ชัยนาท,Chai Nat,15.15194231,100.0815577,Aug,0,2015,off_season,8,2015-08-01
ชัยนาท,Chai Nat,15.15194231,100.0815577,Sep,0,2015,off_season,9,2015-09-01
ชัยนาท,Chai Nat,15.15194231,100.0815577,Oct,0,2015,off_season,10,2015-10-01
ชัยนาท,Chai Nat,15.15194231,100.0815577,Nov,80340,2015,off_season,11,2015-11-01
ชัยนาท,Chai Nat,15.15194231,100.0815577,Dec,66405,2015,off_season,12,2015-12-01
ชัยนาท,Chai Nat,15.15194231,100.0815577,Jan,30315,2016,off_season,1,2016-01-01
ชัยนาท,Chai Nat,15.15194231,100.0815577,Feb,1827,2016,off_season,2,2016-02-01
ชัยนาท,Chai Nat,15.15194231,100.0815577,Mar,484,2016,off_season,3,2016-03-01
ชัยนาท,Chai Nat,15.15194231,100.0815577,Apr,0,2016,off_season,4,2016-04-01
ชัยนาท,Chai Nat,15.15194231,100.0815577,May,0,2016,off_season,5,2016-05-01
ชัยนาท,Chai Nat,15.15194231,100.0815577,Jun,0,2016,off_season,6,2016-06-01
ชัยนาท,Chai Nat,15.15194231,100.0815577,Jul,0,2016,off_season,7,2016-07-01
ชัยนาท,Chai Nat,15.15194231,100.0815577,Aug,0,2016,off_season,8,2016-08-01
ชัยนาท,Chai Nat,15.15194231,100.0815577,Sep,0,2016,off_season,9,2016-09-01
ชัยนาท,Chai Nat,15.15194231,100.0815577,Oct,0,2016,off_season,10,2016-10-01
ชัยนาท,Chai Nat,15.15194231,100.0815577,Nov,61102,2016,off_season,11,2016-11-01
ชัยนาท,Chai Nat,15.15194231,100.0815577,Dec,54028,2016,off_season,12,2016-12-01
ชัยนาท,Chai Nat,15.15194231,100.0815577,Jan,68839,2017,off_season,1,2017-01-01
ชัยนาท,Chai Nat,15.15194231,100.0815577,Feb,24148,2017,off_season,2,2017-02-01
ชัยนาท,Chai Nat,15.15194231,100.0815577,Mar,15872,2017,off_season,3,2017-03-01
ชัยนาท,Chai Nat,15.15194231,100.0815577,Apr,41529,2017,off_season,4,2017-04-01
ชัยนาท,Chai Nat,15.15194231,100.0815577,May,0,2017,off_season,5,2017-05-01
ชัยนาท,Chai Nat,15.15194231,100.0815577,Jun,0,2017,off_season,6,2017-06-01
ชัยนาท,Chai Nat,15.15194231,100.0815577,Jul,0,2017,off_season,7,2017-07-01
ชัยนาท,Chai Nat,15.15194231,100.0815577,Aug,0,2017,off_season,8,2017-08-01
ชัยนาท,Chai Nat,15.15194231,100.0815577,Sep,0,2017,off_season,9,2017-09-01
ชัยนาท,Chai Nat,15.15194231,100.0815577,Oct,0,2017,off_season,10,2017-10-01
ชัยนาท,Chai Nat,15.15194231,100.0815577,Nov,159031,2017,off_season,11,2017-11-01
ชัยนาท,Chai Nat,15.15194231,100.0815577,Dec,176990,2017,off_season,12,2017-12-01
ชัยนาท,Chai Nat,15.15194231,100.0815577,Jan,144834,2018,off_season,1,2018-01-01
ชัยนาท,Chai Nat,15.15194231,100.0815577,Feb,23317,2018,off_season,2,2018-02-01
ชัยนาท,Chai Nat,15.15194231,100.0815577,Mar,14988,2018,off_season,3,2018-03-01
ชัยนาท,Chai Nat,15.15194231,100.0815577,Apr,48734,2018,off_season,4,2018-04-01
ชัยนาท,Chai Nat,15.15194231,100.0815577,May,0,2018,off_season,5,2018-05-01
ชัยนาท,Chai Nat,15.15194231,100.0815577,Jun,0,2018,off_season,6,2018-06-01
ชัยนาท,Chai Nat,15.15194231,100.0815577,Jul,0,2018,off_season,7,2018-07-01
ชัยนาท,Chai Nat,15.15194231,100.0815577,Aug,0,2018,off_season,8,2018-08-01
ชัยนาท,Chai Nat,15.15194231,100.0815577,Sep,0,2018,off_season,9,2018-09-01
ชัยนาท,Chai Nat,15.15194231,100.0815577,Oct,0,2018,off_season,10,2018-10-01
ชัยนาท,Chai Nat,15.15194231,100.0815577,Nov,108308,2018,off_season,11,2018-11-01
ชัยนาท,Chai Nat,15.15194231,100.0815577,Dec,186527,2018,off_season,12,2018-12-01
ชัยนาท,Chai Nat,15.15194231,100.0815577,Jan,154578,2019,off_season,1,2019-01-01
ชัยนาท,Chai Nat,15.15194231,100.0815577,Feb,21628,2019,off_season,2,2019-02-01
ชัยนาท,Chai Nat,15.15194231,100.0815577,Mar,14865,2019,off_season,3,2019-03-01
ชัยนาท,Chai Nat,15.15194231,100.0815577,Apr,45552,2019,off_season,4,2019-04-01
ชัยนาท,Chai Nat,15.15194231,100.0815577,May,0,2019,off_season,5,2019-05-01
ชัยนาท,Chai Nat,15.15194231,100.0815577,Jun,0,2019,off_season,6,2019-06-01
ชัยนาท,Chai Nat,15.15194231,100.0815577,Jul,0,2019,off_season,7,2019-07-01
ชัยนาท,Chai Nat,15.15194231,100.0815577,Aug,0,2019,off_season,8,2019-08-01
ชัยนาท,Chai Nat,15.15194231,100.0815577,Sep,0,2019,off_season,9,2019-09-01
ชัยนาท,Chai Nat,15.15194231,100.0815577,Oct,0,2019,off_season,10,2019-10-01
ชัยนาท,Chai Nat,15.15194231,100.0815577,Nov,82305,2019,off_season,11,2019-11-01
ชัยนาท,Chai Nat,15.15194231,100.0815577,Dec,202719,2019,off_season,12,2019-12-01
ชัยภูมิ,Chaiyaphum,15.97104065,101.9395366,Jan,0,2015,in_season,1,2015-01-01
ชัยภูมิ,Chaiyaphum,15.97104065,101.9395366,Feb,0,2015,in_season,2,2015-02-01
ชัยภูมิ,Chaiyaphum,15.97104065,101.9395366,Mar,0,2015,in_season,3,2015-03-01
ชัยภูมิ,Chaiyaphum,15.97104065,101.9395366,Apr,0,2015,in_season,4,2015-04-01
ชัยภูมิ,Chaiyaphum,15.97104065,101.9395366,May,165536,2015,in_season,5,2015-05-01
ชัยภูมิ,Chaiyaphum,15.97104065,101.9395366,Jun,721265,2015,in_season,6,2015-06-01
ชัยภูมิ,Chaiyaphum,15.97104065,101.9395366,Jul,527880,2015,in_season,7,2015-07-01
ชัยภูมิ,Chaiyaphum,15.97104065,101.9395366,Aug,133798,2015,in_season,8,2015-08-01
ชัยภูมิ,Chaiyaphum,15.97104065,101.9395366,Sep,7313,2015,in_season,9,2015-09-01
ชัยภูมิ,Chaiyaphum,15.97104065,101.9395366,Oct,0,2015,in_season,10,2015-10-01
ชัยภูมิ,Chaiyaphum,15.97104065,101.9395366,Nov,0,2015,in_season,11,2015-11-01
ชัยภูมิ,Chaiyaphum,15.97104065,101.9395366,Dec,0,2015,in_season,12,2015-12-01
ชัยภูมิ,Chaiyaphum,15.97104065,101.9395366,Jan,0,2016,in_season,1,2016-01-01
ชัยภูมิ,Chaiyaphum,15.97104065,101.9395366,Feb,0,2016,in_season,2,2016-02-01
ชัยภูมิ,Chaiyaphum,15.97104065,101.9395366,Mar,0,2016,in_season,3,2016-03-01
ชัยภูมิ,Chaiyaphum,15.97104065,101.9395366,Apr,0,2016,in_season,4,2016-04-01
ชัยภูมิ,Chaiyaphum,15.97104065,101.9395366,May,98489,2016,in_season,5,2016-05-01
ชัยภูมิ,Chaiyaphum,15.97104065,101.9395366,Jun,711677,2016,in_season,6,2016-06-01
ชัยภูมิ,Chaiyaphum,15.97104065,101.9395366,Jul,663316,2016,in_season,7,2016-07-01
ชัยภูมิ,Chaiyaphum,15.97104065,101.9395366,Aug,77652,2016,in_season,8,2016-08-01
ชัยภูมิ,Chaiyaphum,15.97104065,101.9395366,Sep,6703,2016,in_season,9,2016-09-01
ชัยภูมิ,Chaiyaphum,15.97104065,101.9395366,Oct,0,2016,in_season,10,2016-10-01
ชัยภูมิ,Chaiyaphum,15.97104065,101.9395366,Nov,0,2016,in_season,11,2016-11-01
ชัยภูมิ,Chaiyaphum,15.97104065,101.9395366,Dec,0,2016,in_season,12,2016-12-01
ชัยภูมิ,Chaiyaphum,15.97104065,101.9395366,Jan,0,2017,in_season,1,2017-01-01
ชัยภูมิ,Chaiyaphum,15.97104065,101.9395366,Feb,0,2017,in_season,2,2017-02-01
ชัยภูมิ,Chaiyaphum,15.97104065,101.9395366,Mar,0,2017,in_season,3,2017-03-01
ชัยภูมิ,Chaiyaphum,15.97104065,101.9395366,Apr,0,2017,in_season,4,2017-04-01
ชัยภูมิ,Chaiyaphum,15.97104065,101.9395366,May,239232,2017,in_season,5,2017-05-01
ชัยภูมิ,Chaiyaphum,15.97104065,101.9395366,Jun,641438,2017,in_season,6,2017-06-01
ชัยภูมิ,Chaiyaphum,15.97104065,101.9395366,Jul,579480,2017,in_season,7,2017-07-01
ชัยภูมิ,Chaiyaphum,15.97104065,101.9395366,Aug,80862,2017,in_season,8,2017-08-01
ชัยภูมิ,Chaiyaphum,15.97104065,101.9395366,Sep,628,2017,in_season,9,2017-09-01
ชัยภูมิ,Chaiyaphum,15.97104065,101.9395366,Oct,0,2017,in_season,10,2017-10-01
ชัยภูมิ,Chaiyaphum,15.97104065,101.9395366,Nov,0,2017,in_season,11,2017-11-01
ชัยภูมิ,Chaiyaphum,15.97104065,101.9395366,Dec,0,2017,in_season,12,2017-12-01
ชัยภูมิ,Chaiyaphum,15.97104065,101.9395366,Jan,0,2018,in_season,1,2018-01-01
ชัยภูมิ,Chaiyaphum,15.97104065,101.9395366,Feb,0,2018,in_season,2,2018-02-01
ชัยภูมิ,Chaiyaphum,15.97104065,101.9395366,Mar,0,2018,in_season,3,2018-03-01
ชัยภูมิ,Chaiyaphum,15.97104065,101.9395366,Apr,0,2018,in_season,4,2018-04-01
ชัยภูมิ,Chaiyaphum,15.97104065,101.9395366,May,348401,2018,in_season,5,2018-05-01
ชัยภูมิ,Chaiyaphum,15.97104065,101.9395366,Jun,827683,2018,in_season,6,2018-06-01
ชัยภูมิ,Chaiyaphum,15.97104065,101.9395366,Jul,354765,2018,in_season,7,2018-07-01
ชัยภูมิ,Chaiyaphum,15.97104065,101.9395366,Aug,31076,2018,in_season,8,2018-08-01
ชัยภูมิ,Chaiyaphum,15.97104065,101.9395366,Sep,10519,2018,in_season,9,2018-09-01
ชัยภูมิ,Chaiyaphum,15.97104065,101.9395366,Oct,0,2018,in_season,10,2018-10-01
ชัยภูมิ,Chaiyaphum,15.97104065,101.9395366,Nov,0,2018,in_season,11,2018-11-01
ชัยภูมิ,Chaiyaphum,15.97104065,101.9395366,Dec,0,2018,in_season,12,2018-12-01
ชัยภูมิ,Chaiyaphum,15.97104065,101.9395366,Jan,0,2019,in_season,1,2019-01-01
ชัยภูมิ,Chaiyaphum,15.97104065,101.9395366,Feb,0,2019,in_season,2,2019-02-01
ชัยภูมิ,Chaiyaphum,15.97104065,101.9395366,Mar,0,2019,in_season,3,2019-03-01
ชัยภูมิ,Chaiyaphum,15.97104065,101.9395366,Apr,0,2019,in_season,4,2019-04-01
ชัยภูมิ,Chaiyaphum,15.97104065,101.9395366,May,348401,2019,in_season,5,2019-05-01
ชัยภูมิ,Chaiyaphum,15.97104065,101.9395366,Jun,827683,2019,in_season,6,2019-06-01
ชัยภูมิ,Chaiyaphum,15.97104065,101.9395366,Jul,354765,2019,in_season,7,2019-07-01
ชัยภูมิ,Chaiyaphum,15.97104065,101.9395366,Aug,31076,2019,in_season,8,2019-08-01
ชัยภูมิ,Chaiyaphum,15.97104065,101.9395366,Sep,10519,2019,in_season,9,2019-09-01
ชัยภูมิ,Chaiyaphum,15.97104065,101.9395366,Oct,0,2019,in_season,10,2019-10-01
ชัยภูมิ,Chaiyaphum,15.97104065,101.9395366,Nov,0,2019,in_season,11,2019-11-01
ชัยภูมิ,Chaiyaphum,15.97104065,101.9395366,Dec,0,2019,in_season,12,2019-12-01
ชัยภูมิ,Chaiyaphum,15.97104065,101.9395366,Jan,49950,2015,off_season,1,2015-01-01
ชัยภูมิ,Chaiyaphum,15.97104065,101.9395366,Feb,5969,2015,off_season,2,2015-02-01
ชัยภูมิ,Chaiyaphum,15.97104065,101.9395366,Mar,1152,2015,off_season,3,2015-03-01
ชัยภูมิ,Chaiyaphum,15.97104065,101.9395366,Apr,0,2015,off_season,4,2015-04-01
ชัยภูมิ,Chaiyaphum,15.97104065,101.9395366,May,0,2015,off_season,5,2015-05-01
ชัยภูมิ,Chaiyaphum,15.97104065,101.9395366,Jun,0,2015,off_season,6,2015-06-01
ชัยภูมิ,Chaiyaphum,15.97104065,101.9395366,Jul,0,2015,off_season,7,2015-07-01
ชัยภูมิ,Chaiyaphum,15.97104065,101.9395366,Aug,0,2015,off_season,8,2015-08-01
ชัยภูมิ,Chaiyaphum,15.97104065,101.9395366,Sep,0,2015,off_season,9,2015-09-01
ชัยภูมิ,Chaiyaphum,15.97104065,101.9395366,Oct,0,2015,off_season,10,2015-10-01
ชัยภูมิ,Chaiyaphum,15.97104065,101.9395366,Nov,3404,2015,off_season,11,2015-11-01
ชัยภูมิ,Chaiyaphum,15.97104065,101.9395366,Dec,27441,2015,off_season,12,2015-12-01
ชัยภูมิ,Chaiyaphum,15.97104065,101.9395366,Jan,9733,2016,off_season,1,2016-01-01
ชัยภูมิ,Chaiyaphum,15.97104065,101.9395366,Feb,413,2016,off_season,2,2016-02-01
ชัยภูมิ,Chaiyaphum,15.97104065,101.9395366,Mar,24,2016,off_season,3,2016-03-01
ชัยภูมิ,Chaiyaphum,15.97104065,101.9395366,Apr,0,2016,off_season,4,2016-04-01
ชัยภูมิ,Chaiyaphum,15.97104065,101.9395366,May,0,2016,off_season,5,2016-05-01
ชัยภูมิ,Chaiyaphum,15.97104065,101.9395366,Jun,0,2016,off_season,6,2016-06-01
ชัยภูมิ,Chaiyaphum,15.97104065,101.9395366,Jul,0,2016,off_season,7,2016-07-01
ชัยภูมิ,Chaiyaphum,15.97104065,101.9395366,Aug,0,2016,off_season,8,2016-08-01
ชัยภูมิ,Chaiyaphum,15.97104065,101.9395366,Sep,0,2016,off_season,9,2016-09-01
ชัยภูมิ,Chaiyaphum,15.97104065,101.9395366,Oct,0,2016,off_season,10,2016-10-01
ชัยภูมิ,Chaiyaphum,15.97104065,101.9395366,Nov,513,2016,off_season,11,2016-11-01
ชัยภูมิ,Chaiyaphum,15.97104065,101.9395366,Dec,11232,2016,off_season,12,2016-12-01
ชัยภูมิ,Chaiyaphum,15.97104065,101.9395366,Jan,28767,2017,off_season,1,2017-01-01
ชัยภูมิ,Chaiyaphum,15.97104065,101.9395366,Feb,5835,2017,off_season,2,2017-02-01
ชัยภูมิ,Chaiyaphum,15.97104065,101.9395366,Mar,376,2017,off_season,3,2017-03-01
ชัยภูมิ,Chaiyaphum,15.97104065,101.9395366,Apr,0,2017,off_season,4,2017-04-01
ชัยภูมิ,Chaiyaphum,15.97104065,101.9395366,May,0,2017,off_season,5,2017-05-01
ชัยภูมิ,Chaiyaphum,15.97104065,101.9395366,Jun,0,2017,off_season,6,2017-06-01
ชัยภูมิ,Chaiyaphum,15.97104065,101.9395366,Jul,0,2017,off_season,7,2017-07-01
ชัยภูมิ,Chaiyaphum,15.97104065,101.9395366,Aug,0,2017,off_season,8,2017-08-01
ชัยภูมิ,Chaiyaphum,15.97104065,101.9395366,Sep,0,2017,off_season,9,2017-09-01
ชัยภูมิ,Chaiyaphum,15.97104065,101.9395366,Oct,0,2017,off_season,10,2017-10-01
ชัยภูมิ,Chaiyaphum,15.97104065,101.9395366,Nov,1533,2017,off_season,11,2017-11-01
ชัยภูมิ,Chaiyaphum,15.97104065,101.9395366,Dec,18869,2017,off_season,12,2017-12-01
ชัยภูมิ,Chaiyaphum,15.97104065,101.9395366,Jan,32729,2018,off_season,1,2018-01-01
ชัยภูมิ,Chaiyaphum,15.97104065,101.9395366,Feb,3263,2018,off_season,2,2018-02-01
ชัยภูมิ,Chaiyaphum,15.97104065,101.9395366,Mar,270,2018,off_season,3,2018-03-01
ชัยภูมิ,Chaiyaphum,15.97104065,101.9395366,Apr,0,2018,off_season,4,2018-04-01
ชัยภูมิ,Chaiyaphum,15.97104065,101.9395366,May,0,2018,off_season,5,2018-05-01
ชัยภูมิ,Chaiyaphum,15.97104065,101.9395366,Jun,0,2018,off_season,6,2018-06-01
ชัยภูมิ,Chaiyaphum,15.97104065,101.9395366,Jul,0,2018,off_season,7,2018-07-01
ชัยภูมิ,Chaiyaphum,15.97104065,101.9395366,Aug,0,2018,off_season,8,2018-08-01
ชัยภูมิ,Chaiyaphum,15.97104065,101.9395366,Sep,0,2018,off_season,9,2018-09-01
ชัยภูมิ,Chaiyaphum,15.97104065,101.9395366,Oct,0,2018,off_season,10,2018-10-01
ชัยภูมิ,Chaiyaphum,15.97104065,101.9395366,Nov,1202,2018,off_season,11,2018-11-01
ชัยภูมิ,Chaiyaphum,15.97104065,101.9395366,Dec,20323,2018,off_season,12,2018-12-01
ชัยภูมิ,Chaiyaphum,15.97104065,101.9395366,Jan,42107,2019,off_season,1,2019-01-01
ชัยภูมิ,Chaiyaphum,15.97104065,101.9395366,Feb,1804,2019,off_season,2,2019-02-01
ชัยภูมิ,Chaiyaphum,15.97104065,101.9395366,Mar,76,2019,off_season,3,2019-03-01
ชัยภูมิ,Chaiyaphum,15.97104065,101.9395366,Apr,0,2019,off_season,4,2019-04-01
ชัยภูมิ,Chaiyaphum,15.97104065,101.9395366,May,0,2019,off_season,5,2019-05-01
ชัยภูมิ,Chaiyaphum,15.97104065,101.9395366,Jun,0,2019,off_season,6,2019-06-01
ชัยภูมิ,Chaiyaphum,15.97104065,101.9395366,Jul,0,2019,off_season,7,2019-07-01
ชัยภูมิ,Chaiyaphum,15.97104065,101.9395366,Aug,0,2019,off_season,8,2019-08-01
ชัยภูมิ,Chaiyaphum,15.97104065,101.9395366,Sep,0,2019,off_season,9,2019-09-01
ชัยภูมิ,Chaiyaphum,15.97104065,101.9395366,Oct,0,2019,off_season,10,2019-10-01
ชัยภูมิ,Chaiyaphum,15.97104065,101.9395366,Nov,3312,2019,off_season,11,2019-11-01
ชัยภูมิ,Chaiyaphum,15.97104065,101.9395366,Dec,26016,2019,off_season,12,2019-12-01
จันทบุรี,Chanthaburi,12.67759036,102.1161687,Jan,0,2015,in_season,1,2015-01-01
จันทบุรี,Chanthaburi,12.67759036,102.1161687,Feb,0,2015,in_season,2,2015-02-01
จันทบุรี,Chanthaburi,12.67759036,102.1161687,Mar,0,2015,in_season,3,2015-03-01
จันทบุรี,Chanthaburi,12.67759036,102.1161687,Apr,0,2015,in_season,4,2015-04-01
จันทบุรี,Chanthaburi,12.67759036,102.1161687,May,4740,2015,in_season,5,2015-05-01
จันทบุรี,Chanthaburi,12.67759036,102.1161687,Jun,4968,2015,in_season,6,2015-06-01
จันทบุรี,Chanthaburi,12.67759036,102.1161687,Jul,6268,2015,in_season,7,2015-07-01
จันทบุรี,Chanthaburi,12.67759036,102.1161687,Aug,2074,2015,in_season,8,2015-08-01
จันทบุรี,Chanthaburi,12.67759036,102.1161687,Sep,1774,2015,in_season,9,2015-09-01
จันทบุรี,Chanthaburi,12.67759036,102.1161687,Oct,0,2015,in_season,10,2015-10-01
จันทบุรี,Chanthaburi,12.67759036,102.1161687,Nov,0,2015,in_season,11,2015-11-01
จันทบุรี,Chanthaburi,12.67759036,102.1161687,Dec,0,2015,in_season,12,2015-12-01
จันทบุรี,Chanthaburi,12.67759036,102.1161687,Jan,0,2016,in_season,1,2016-01-01
จันทบุรี,Chanthaburi,12.67759036,102.1161687,Feb,0,2016,in_season,2,2016-02-01
จันทบุรี,Chanthaburi,12.67759036,102.1161687,Mar,0,2016,in_season,3,2016-03-01
จันทบุรี,Chanthaburi,12.67759036,102.1161687,Apr,0,2016,in_season,4,2016-04-01
จันทบุรี,Chanthaburi,12.67759036,102.1161687,May,3993,2016,in_season,5,2016-05-01
จันทบุรี,Chanthaburi,12.67759036,102.1161687,Jun,4794,2016,in_season,6,2016-06-01
จันทบุรี,Chanthaburi,12.67759036,102.1161687,Jul,5904,2016,in_season,7,2016-07-01
จันทบุรี,Chanthaburi,12.67759036,102.1161687,Aug,2154,2016,in_season,8,2016-08-01
จันทบุรี,Chanthaburi,12.67759036,102.1161687,Sep,0,2016,in_season,9,2016-09-01
จันทบุรี,Chanthaburi,12.67759036,102.1161687,Oct,0,2016,in_season,10,2016-10-01
จันทบุรี,Chanthaburi,12.67759036,102.1161687,Nov,0,2016,in_season,11,2016-11-01
จันทบุรี,Chanthaburi,12.67759036,102.1161687,Dec,0,2016,in_season,12,2016-12-01
จันทบุรี,Chanthaburi,12.67759036,102.1161687,Jan,0,2017,in_season,1,2017-01-01
จันทบุรี,Chanthaburi,12.67759036,102.1161687,Feb,0,2017,in_season,2,2017-02-01
จันทบุรี,Chanthaburi,12.67759036,102.1161687,Mar,0,2017,in_season,3,2017-03-01
จันทบุรี,Chanthaburi,12.67759036,102.1161687,Apr,0,2017,in_season,4,2017-04-01
จันทบุรี,Chanthaburi,12.67759036,102.1161687,May,4991,2017,in_season,5,2017-05-01
จันทบุรี,Chanthaburi,12.67759036,102.1161687,Jun,4123,2017,in_season,6,2017-06-01
จันทบุรี,Chanthaburi,12.67759036,102.1161687,Jul,3555,2017,in_season,7,2017-07-01
จันทบุรี,Chanthaburi,12.67759036,102.1161687,Aug,1376,2017,in_season,8,2017-08-01
จันทบุรี,Chanthaburi,12.67759036,102.1161687,Sep,0,2017,in_season,9,2017-09-01
จันทบุรี,Chanthaburi,12.67759036,102.1161687,Oct,0,2017,in_season,10,2017-10-01
จันทบุรี,Chanthaburi,12.67759036,102.1161687,Nov,0,2017,in_season,11,2017-11-01
จันทบุรี,Chanthaburi,12.67759036,102.1161687,Dec,0,2017,in_season,12,2017-12-01
จันทบุรี,Chanthaburi,12.67759036,102.1161687,Jan,0,2018,in_season,1,2018-01-01
จันทบุรี,Chanthaburi,12.67759036,102.1161687,Feb,0,2018,in_season,2,2018-02-01
จันทบุรี,Chanthaburi,12.67759036,102.1161687,Mar,0,2018,in_season,3,2018-03-01
จันทบุรี,Chanthaburi,12.67759036,102.1161687,Apr,0,2018,in_season,4,2018-04-01
จันทบุรี,Chanthaburi,12.67759036,102.1161687,May,4185,2018,in_season,5,2018-05-01
จันทบุรี,Chanthaburi,12.67759036,102.1161687,Jun,4613,2018,in_season,6,2018-06-01
จันทบุรี,Chanthaburi,12.67759036,102.1161687,Jul,3432,2018,in_season,7,2018-07-01
จันทบุรี,Chanthaburi,12.67759036,102.1161687,Aug,1908,2018,in_season,8,2018-08-01
จันทบุรี,Chanthaburi,12.67759036,102.1161687,Sep,0,2018,in_season,9,2018-09-01
จันทบุรี,Chanthaburi,12.67759036,102.1161687,Oct,0,2018,in_season,10,2018-10-01
จันทบุรี,Chanthaburi,12.67759036,102.1161687,Nov,0,2018,in_season,11,2018-11-01
จันทบุรี,Chanthaburi,12.67759036,102.1161687,Dec,0,2018,in_season,12,2018-12-01
จันทบุรี,Chanthaburi,12.67759036,102.1161687,Jan,0,2019,in_season,1,2019-01-01
จันทบุรี,Chanthaburi,12.67759036,102.1161687,Feb,0,2019,in_season,2,2019-02-01
จันทบุรี,Chanthaburi,12.67759036,102.1161687,Mar,0,2019,in_season,3,2019-03-01
จันทบุรี,Chanthaburi,12.67759036,102.1161687,Apr,0,2019,in_season,4,2019-04-01
จันทบุรี,Chanthaburi,12.67759036,102.1161687,May,4185,2019,in_season,5,2019-05-01
จันทบุรี,Chanthaburi,12.67759036,102.1161687,Jun,4613,2019,in_season,6,2019-06-01
จันทบุรี,Chanthaburi,12.67759036,102.1161687,Jul,3432,2019,in_season,7,2019-07-01
จันทบุรี,Chanthaburi,12.67759036,102.1161687,Aug,1908,2019,in_season,8,2019-08-01
จันทบุรี,Chanthaburi,12.67759036,102.1161687,Sep,0,2019,in_season,9,2019-09-01
จันทบุรี,Chanthaburi,12.67759036,102.1161687,Oct,0,2019,in_season,10,2019-10-01
จันทบุรี,Chanthaburi,12.67759036,102.1161687,Nov,0,2019,in_season,11,2019-11-01
จันทบุรี,Chanthaburi,12.67759036,102.1161687,Dec,0,2019,in_season,12,2019-12-01
จันทบุรี,Chanthaburi,12.67759036,102.1161687,Jan,0,2015,off_season,1,2015-01-01
จันทบุรี,Chanthaburi,12.67759036,102.1161687,Feb,0,2015,off_season,2,2015-02-01
จันทบุรี,Chanthaburi,12.67759036,102.1161687,Mar,0,2015,off_season,3,2015-03-01
จันทบุรี,Chanthaburi,12.67759036,102.1161687,Apr,0,2015,off_season,4,2015-04-01
จันทบุรี,Chanthaburi,12.67759036,102.1161687,May,0,2015,off_season,5,2015-05-01
จันทบุรี,Chanthaburi,12.67759036,102.1161687,Jun,0,2015,off_season,6,2015-06-01
จันทบุรี,Chanthaburi,12.67759036,102.1161687,Jul,0,2015,off_season,7,2015-07-01
จันทบุรี,Chanthaburi,12.67759036,102.1161687,Aug,0,2015,off_season,8,2015-08-01
จันทบุรี,Chanthaburi,12.67759036,102.1161687,Sep,0,2015,off_season,9,2015-09-01
จันทบุรี,Chanthaburi,12.67759036,102.1161687,Oct,0,2015,off_season,10,2015-10-01
จันทบุรี,Chanthaburi,12.67759036,102.1161687,Nov,0,2015,off_season,11,2015-11-01
จันทบุรี,Chanthaburi,12.67759036,102.1161687,Dec,0,2015,off_season,12,2015-12-01
จันทบุรี,Chanthaburi,12.67759036,102.1161687,Jan,0,2016,off_season,1,2016-01-01
จันทบุรี,Chanthaburi,12.67759036,102.1161687,Feb,0,2016,off_season,2,2016-02-01
จันทบุรี,Chanthaburi,12.67759036,102.1161687,Mar,0,2016,off_season,3,2016-03-01
จันทบุรี,Chanthaburi,12.67759036,102.1161687,Apr,0,2016,off_season,4,2016-04-01
จันทบุรี,Chanthaburi,12.67759036,102.1161687,May,0,2016,off_season,5,2016-05-01
จันทบุรี,Chanthaburi,12.67759036,102.1161687,Jun,0,2016,off_season,6,2016-06-01
จันทบุรี,Chanthaburi,12.67759036,102.1161687,Jul,0,2016,off_season,7,2016-07-01
จันทบุรี,Chanthaburi,12.67759036,102.1161687,Aug,0,2016,off_season,8,2016-08-01
จันทบุรี,Chanthaburi,12.67759036,102.1161687,Sep,0,2016,off_season,9,2016-09-01
จันทบุรี,Chanthaburi,12.67759036,102.1161687,Oct,0,2016,off_season,10,2016-10-01
จันทบุรี,Chanthaburi,12.67759036,102.1161687,Nov,0,2016,off_season,11,2016-11-01
จันทบุรี,Chanthaburi,12.67759036,102.1161687,Dec,0,2016,off_season,12,2016-12-01
จันทบุรี,Chanthaburi,12.67759036,102.1161687,Jan,0,2017,off_season,1,2017-01-01
จันทบุรี,Chanthaburi,12.67759036,102.1161687,Feb,0,2017,off_season,2,2017-02-01
จันทบุรี,Chanthaburi,12.67759036,102.1161687,Mar,0,2017,off_season,3,2017-03-01
จันทบุรี,Chanthaburi,12.67759036,102.1161687,Apr,0,2017,off_season,4,2017-04-01
จันทบุรี,Chanthaburi,12.67759036,102.1161687,May,0,2017,off_season,5,2017-05-01
จันทบุรี,Chanthaburi,12.67759036,102.1161687,Jun,0,2017,off_season,6,2017-06-01
จันทบุรี,Chanthaburi,12.67759036,102.1161687,Jul,0,2017,off_season,7,2017-07-01
จันทบุรี,Chanthaburi,12.67759036,102.1161687,Aug,0,2017,off_season,8,2017-08-01
จันทบุรี,Chanthaburi,12.67759036,102.1161687,Sep,0,2017,off_season,9,2017-09-01
จันทบุรี,Chanthaburi,12.67759036,102.1161687,Oct,0,2017,off_season,10,2017-10-01
จันทบุรี,Chanthaburi,12.67759036,102.1161687,Nov,0,2017,off_season,11,2017-11-01
จันทบุรี,Chanthaburi,12.67759036,102.1161687,Dec,0,2017,off_season,12,2017-12-01
จันทบุรี,Chanthaburi,12.67759036,102.1161687,Jan,0,2018,off_season,1,2018-01-01
จันทบุรี,Chanthaburi,12.67759036,102.1161687,Feb,0,2018,off_season,2,2018-02-01
จันทบุรี,Chanthaburi,12.67759036,102.1161687,Mar,0,2018,off_season,3,2018-03-01
จันทบุรี,Chanthaburi,12.67759036,102.1161687,Apr,0,2018,off_season,4,2018-04-01
จันทบุรี,Chanthaburi,12.67759036,102.1161687,May,0,2018,off_season,5,2018-05-01
จันทบุรี,Chanthaburi,12.67759036,102.1161687,Jun,0,2018,off_season,6,2018-06-01
จันทบุรี,Chanthaburi,12.67759036,102.1161687,Jul,0,2018,off_season,7,2018-07-01
จันทบุรี,Chanthaburi,12.67759036,102.1161687,Aug,0,2018,off_season,8,2018-08-01
จันทบุรี,Chanthaburi,12.67759036,102.1161687,Sep,0,2018,off_season,9,2018-09-01
จันทบุรี,Chanthaburi,12.67759036,102.1161687,Oct,0,2018,off_season,10,2018-10-01
จันทบุรี,Chanthaburi,12.67759036,102.1161687,Nov,0,2018,off_season,11,2018-11-01
จันทบุรี,Chanthaburi,12.67759036,102.1161687,Dec,0,2018,off_season,12,2018-12-01
จันทบุรี,Chanthaburi,12.67759036,102.1161687,Jan,0,2019,off_season,1,2019-01-01
จันทบุรี,Chanthaburi,12.67759036,102.1161687,Feb,0,2019,off_season,2,2019-02-01
จันทบุรี,Chanthaburi,12.67759036,102.1161687,Mar,0,2019,off_season,3,2019-03-01
จันทบุรี,Chanthaburi,12.67759036,102.1161687,Apr,0,2019,off_season,4,2019-04-01
จันทบุรี,Chanthaburi,12.67759036,102.1161687,May,0,2019,off_season,5,2019-05-01
จันทบุรี,Chanthaburi,12.67759036,102.1161687,Jun,0,2019,off_season,6,2019-06-01
จันทบุรี,Chanthaburi,12.67759036,102.1161687,Jul,0,2019,off_season,7,2019-07-01
จันทบุรี,Chanthaburi,12.67759036,102.1161687,Aug,0,2019,off_season,8,2019-08-01
จันทบุรี,Chanthaburi,12.67759036,102.1161687,Sep,0,2019,off_season,9,2019-09-01
จันทบุรี,Chanthaburi,12.67759036,102.1161687,Oct,0,2019,off_season,10,2019-10-01
จันทบุรี,Chanthaburi,12.67759036,102.1161687,Nov,0,2019,off_season,11,2019-11-01
จันทบุรี,Chanthaburi,12.67759036,102.1161687,Dec,0,2019,off_season,12,2019-12-01
เชียงใหม่,Chiang Mai,18.8569697,98.9199899,Jan,0,2015,in_season,1,2015-01-01
เชียงใหม่,Chiang Mai,18.8569697,98.9199899,Feb,0,2015,in_season,2,2015-02-01
เชียงใหม่,Chiang Mai,18.8569697,98.9199899,Mar,0,2015,in_season,3,2015-03-01
เชียงใหม่,Chiang Mai,18.8569697,98.9199899,Apr,0,2015,in_season,4,2015-04-01
เชียงใหม่,Chiang Mai,18.8569697,98.9199899,May,30223,2015,in_season,5,2015-05-01
เชียงใหม่,Chiang Mai,18.8569697,98.9199899,Jun,67711,2015,in_season,6,2015-06-01
เชียงใหม่,Chiang Mai,18.8569697,98.9199899,Jul,222995,2015,in_season,7,2015-07-01
เชียงใหม่,Chiang Mai,18.8569697,98.9199899,Aug,101416,2015,in_season,8,2015-08-01
เชียงใหม่,Chiang Mai,18.8569697,98.9199899,Sep,7566,2015,in_season,9,2015-09-01
เชียงใหม่,Chiang Mai,18.8569697,98.9199899,Oct,0,2015,in_season,10,2015-10-01
เชียงใหม่,Chiang Mai,18.8569697,98.9199899,Nov,0,2015,in_season,11,2015-11-01
เชียงใหม่,Chiang Mai,18.8569697,98.9199899,Dec,0,2015,in_season,12,2015-12-01
เชียงใหม่,Chiang Mai,18.8569697,98.9199899,Jan,0,2016,in_season,1,2016-01-01
เชียงใหม่,Chiang Mai,18.8569697,98.9199899,Feb,0,2016,in_season,2,2016-02-01
เชียงใหม่,Chiang Mai,18.8569697,98.9199899,Mar,0,2016,in_season,3,2016-03-01
เชียงใหม่,Chiang Mai,18.8569697,98.9199899,Apr,0,2016,in_season,4,2016-04-01
เชียงใหม่,Chiang Mai,18.8569697,98.9199899,May,18579,2016,in_season,5,2016-05-01
เชียงใหม่,Chiang Mai,18.8569697,98.9199899,Jun,61637,2016,in_season,6,2016-06-01
เชียงใหม่,Chiang Mai,18.8569697,98.9199899,Jul,247391,2016,in_season,7,2016-07-01
เชียงใหม่,Chiang Mai,18.8569697,98.9199899,Aug,100665,2016,in_season,8,2016-08-01
เชียงใหม่,Chiang Mai,18.8569697,98.9199899,Sep,11733,2016,in_season,9,2016-09-01
เชียงใหม่,Chiang Mai,18.8569697,98.9199899,Oct,0,2016,in_season,10,2016-10-01
เชียงใหม่,Chiang Mai,18.8569697,98.9199899,Nov,0,2016,in_season,11,2016-11-01
เชียงใหม่,Chiang Mai,18.8569697,98.9199899,Dec,0,2016,in_season,12,2016-12-01
เชียงใหม่,Chiang Mai,18.8569697,98.9199899,Jan,0,2017,in_season,1,2017-01-01
เชียงใหม่,Chiang Mai,18.8569697,98.9199899,Feb,0,2017,in_season,2,2017-02-01
เชียงใหม่,Chiang Mai,18.8569697,98.9199899,Mar,0,2017,in_season,3,2017-03-01
เชียงใหม่,Chiang Mai,18.8569697,98.9199899,Apr,0,2017,in_season,4,2017-04-01
เชียงใหม่,Chiang Mai,18.8569697,98.9199899,May,18432,2017,in_season,5,2017-05-01
เชียงใหม่,Chiang Mai,18.8569697,98.9199899,Jun,34331,2017,in_season,6,2017-06-01
เชียงใหม่,Chiang Mai,18.8569697,98.9199899,Jul,272163,2017,in_season,7,2017-07-01
เชียงใหม่,Chiang Mai,18.8569697,98.9199899,Aug,107244,2017,in_season,8,2017-08-01
เชียงใหม่,Chiang Mai,18.8569697,98.9199899,Sep,6303,2017,in_season,9,2017-09-01
เชียงใหม่,Chiang Mai,18.8569697,98.9199899,Oct,0,2017,in_season,10,2017-10-01
เชียงใหม่,Chiang Mai,18.8569697,98.9199899,Nov,0,2017,in_season,11,2017-11-01
เชียงใหม่,Chiang Mai,18.8569697,98.9199899,Dec,0,2017,in_season,12,2017-12-01
เชียงใหม่,Chiang Mai,18.8569697,98.9199899,Jan,0,2018,in_season,1,2018-01-01
เชียงใหม่,Chiang Mai,18.8569697,98.9199899,Feb,0,2018,in_season,2,2018-02-01
เชียงใหม่,Chiang Mai,18.8569697,98.9199899,Mar,0,2018,in_season,3,2018-03-01
เชียงใหม่,Chiang Mai,18.8569697,98.9199899,Apr,0,2018,in_season,4,2018-04-01
เชียงใหม่,Chiang Mai,18.8569697,98.9199899,May,18208,2018,in_season,5,2018-05-01
เชียงใหม่,Chiang Mai,18.8569697,98.9199899,Jun,102502,2018,in_season,6,2018-06-01
เชียงใหม่,Chiang Mai,18.8569697,98.9199899,Jul,239626,2018,in_season,7,2018-07-01
เชียงใหม่,Chiang Mai,18.8569697,98.9199899,Aug,96698,2018,in_season,8,2018-08-01
เชียงใหม่,Chiang Mai,18.8569697,98.9199899,Sep,5304,2018,in_season,9,2018-09-01
เชียงใหม่,Chiang Mai,18.8569697,98.9199899,Oct,0,2018,in_season,10,2018-10-01
เชียงใหม่,Chiang Mai,18.8569697,98.9199899,Nov,0,2018,in_season,11,2018-11-01
เชียงใหม่,Chiang Mai,18.8569697,98.9199899,Dec,0,2018,in_season,12,2018-12-01
เชียงใหม่,Chiang Mai,18.8569697,98.9199899,Jan,0,2019,in_season,1,2019-01-01
เชียงใหม่,Chiang Mai,18.8569697,98.9199899,Feb,0,2019,in_season,2,2019-02-01
เชียงใหม่,Chiang Mai,18.8569697,98.9199899,Mar,0,2019,in_season,3,2019-03-01
เชียงใหม่,Chiang Mai,18.8569697,98.9199899,Apr,0,2019,in_season,4,2019-04-01
เชียงใหม่,Chiang Mai,18.8569697,98.9199899,May,18208,2019,in_season,5,2019-05-01
เชียงใหม่,Chiang Mai,18.8569697,98.9199899,Jun,102502,2019,in_season,6,2019-06-01
เชียงใหม่,Chiang Mai,18.8569697,98.9199899,Jul,239626,2019,in_season,7,2019-07-01
เชียงใหม่,Chiang Mai,18.8569697,98.9199899,Aug,96698,2019,in_season,8,2019-08-01
เชียงใหม่,Chiang Mai,18.8569697,98.9199899,Sep,5304,2019,in_season,9,2019-09-01
เชียงใหม่,Chiang Mai,18.8569697,98.9199899,Oct,0,2019,in_season,10,2019-10-01
เชียงใหม่,Chiang Mai,18.8569697,98.9199899,Nov,0,2019,in_season,11,2019-11-01
เชียงใหม่,Chiang Mai,18.8569697,98.9199899,Dec,0,2019,in_season,12,2019-12-01
เชียงใหม่,Chiang Mai,18.8569697,98.9199899,Jan,50777,2015,off_season,1,2015-01-01
เชียงใหม่,Chiang Mai,18.8569697,98.9199899,Feb,38937,2015,off_season,2,2015-02-01
เชียงใหม่,Chiang Mai,18.8569697,98.9199899,Mar,12732,2015,off_season,3,2015-03-01
เชียงใหม่,Chiang Mai,18.8569697,98.9199899,Apr,3407,2015,off_season,4,2015-04-01
เชียงใหม่,Chiang Mai,18.8569697,98.9199899,May,0,2015,off_season,5,2015-05-01
เชียงใหม่,Chiang Mai,18.8569697,98.9199899,Jun,0,2015,off_season,6,2015-06-01
เชียงใหม่,Chiang Mai,18.8569697,98.9199899,Jul,0,2015,off_season,7,2015-07-01
เชียงใหม่,Chiang Mai,18.8569697,98.9199899,Aug,0,2015,off_season,8,2015-08-01
เชียงใหม่,Chiang Mai,18.8569697,98.9199899,Sep,0,2015,off_season,9,2015-09-01
เชียงใหม่,Chiang Mai,18.8569697,98.9199899,Oct,0,2015,off_season,10,2015-10-01
เชียงใหม่,Chiang Mai,18.8569697,98.9199899,Nov,300,2015,off_season,11,2015-11-01
เชียงใหม่,Chiang Mai,18.8569697,98.9199899,Dec,8811,2015,off_season,12,2015-12-01
เชียงใหม่,Chiang Mai,18.8569697,98.9199899,Jan,43331,2016,off_season,1,2016-01-01
เชียงใหม่,Chiang Mai,18.8569697,98.9199899,Feb,9430,2016,off_season,2,2016-02-01
เชียงใหม่,Chiang Mai,18.8569697,98.9199899,Mar,2934,2016,off_season,3,2016-03-01
เชียงใหม่,Chiang Mai,18.8569697,98.9199899,Apr,1064,2016,off_season,4,2016-04-01
เชียงใหม่,Chiang Mai,18.8569697,98.9199899,May,0,2016,off_season,5,2016-05-01
เชียงใหม่,Chiang Mai,18.8569697,98.9199899,Jun,0,2016,off_season,6,2016-06-01
เชียงใหม่,Chiang Mai,18.8569697,98.9199899,Jul,0,2016,off_season,7,2016-07-01
เชียงใหม่,Chiang Mai,18.8569697,98.9199899,Aug,0,2016,off_season,8,2016-08-01
เชียงใหม่,Chiang Mai,18.8569697,98.9199899,Sep,0,2016,off_season,9,2016-09-01
เชียงใหม่,Chiang Mai,18.8569697,98.9199899,Oct,0,2016,off_season,10,2016-10-01
เชียงใหม่,Chiang Mai,18.8569697,98.9199899,Nov,756,2016,off_season,11,2016-11-01
เชียงใหม่,Chiang Mai,18.8569697,98.9199899,Dec,8915,2016,off_season,12,2016-12-01
เชียงใหม่,Chiang Mai,18.8569697,98.9199899,Jan,73846,2017,off_season,1,2017-01-01
เชียงใหม่,Chiang Mai,18.8569697,98.9199899,Feb,34058,2017,off_season,2,2017-02-01
เชียงใหม่,Chiang Mai,18.8569697,98.9199899,Mar,5949,2017,off_season,3,2017-03-01
เชียงใหม่,Chiang Mai,18.8569697,98.9199899,Apr,1872,2017,off_season,4,2017-04-01
เชียงใหม่,Chiang Mai,18.8569697,98.9199899,May,0,2017,off_season,5,2017-05-01
เชียงใหม่,Chiang Mai,18.8569697,98.9199899,Jun,0,2017,off_season,6,2017-06-01
เชียงใหม่,Chiang Mai,18.8569697,98.9199899,Jul,0,2017,off_season,7,2017-07-01
เชียงใหม่,Chiang Mai,18.8569697,98.9199899,Aug,0,2017,off_season,8,2017-08-01
เชียงใหม่,Chiang Mai,18.8569697,98.9199899,Sep,0,2017,off_season,9,2017-09-01
เชียงใหม่,Chiang Mai,18.8569697,98.9199899,Oct,0,2017,off_season,10,2017-10-01
เชียงใหม่,Chiang Mai,18.8569697,98.9199899,Nov,337,2017,off_season,11,2017-11-01
เชียงใหม่,Chiang Mai,18.8569697,98.9199899,Dec,14063,2017,off_season,12,2017-12-01
เชียงใหม่,Chiang Mai,18.8569697,98.9199899,Jan,72310,2018,off_season,1,2018-01-01
เชียงใหม่,Chiang Mai,18.8569697,98.9199899,Feb,37807,2018,off_season,2,2018-02-01
เชียงใหม่,Chiang Mai,18.8569697,98.9199899,Mar,3616,2018,off_season,3,2018-03-01
เชียงใหม่,Chiang Mai,18.8569697,98.9199899,Apr,1648,2018,off_season,4,2018-04-01
เชียงใหม่,Chiang Mai,18.8569697,98.9199899,May,0,2018,off_season,5,2018-05-01
เชียงใหม่,Chiang Mai,18.8569697,98.9199899,Jun,0,2018,off_season,6,2018-06-01
เชียงใหม่,Chiang Mai,18.8569697,98.9199899,Jul,0,2018,off_season,7,2018-07-01
เชียงใหม่,Chiang Mai,18.8569697,98.9199899,Aug,0,2018,off_season,8,2018-08-01
เชียงใหม่,Chiang Mai,18.8569697,98.9199899,Sep,0,2018,off_season,9,2018-09-01
เชียงใหม่,Chiang Mai,18.8569697,98.9199899,Oct,0,2018,off_season,10,2018-10-01
เชียงใหม่,Chiang Mai,18.8569697,98.9199899,Nov,733,2018,off_season,11,2018-11-01
เชียงใหม่,Chiang Mai,18.8569697,98.9199899,Dec,12089,2018,off_season,12,2018-12-01
เชียงใหม่,Chiang Mai,18.8569697,98.9199899,Jan,73477,2019,off_season,1,2019-01-01
เชียงใหม่,Chiang Mai,18.8569697,98.9199899,Feb,36727,2019,off_season,2,2019-02-01
เชียงใหม่,Chiang Mai,18.8569697,98.9199899,Mar,4717,2019,off_season,3,2019-03-01
เชียงใหม่,Chiang Mai,18.8569697,98.9199899,Apr,1533,2019,off_season,4,2019-04-01
เชียงใหม่,Chiang Mai,18.8569697,98.9199899,May,0,2019,off_season,5,2019-05-01
เชียงใหม่,Chiang Mai,18.8569697,98.9199899,Jun,0,2019,off_season,6,2019-06-01
เชียงใหม่,Chiang Mai,18.8569697,98.9199899,Jul,0,2019,off_season,7,2019-07-01
เชียงใหม่,Chiang Mai,18.8569697,98.9199899,Aug,0,2019,off_season,8,2019-08-01
เชียงใหม่,Chiang Mai,18.8569697,98.9199899,Sep,0,2019,off_season,9,2019-09-01
เชียงใหม่,Chiang Mai,18.8569697,98.9199899,Oct,0,2019,off_season,10,2019-10-01
เชียงใหม่,Chiang Mai,18.8569697,98.9199899,Nov,276,2019,off_season,11,2019-11-01
เชียงใหม่,Chiang Mai,18.8569697,98.9199899,Dec,14910,2019,off_season,12,2019-12-01
เชียงราย,Chiang Rai,19.88303252,99.92217886,Jan,0,2015,in_season,1,2015-01-01
เชียงราย,Chiang Rai,19.88303252,99.92217886,Feb,0,2015,in_season,2,2015-02-01
เชียงราย,Chiang Rai,19.88303252,99.92217886,Mar,0,2015,in_season,3,2015-03-01
เชียงราย,Chiang Rai,19.88303252,99.92217886,Apr,0,2015,in_season,4,2015-04-01
เชียงราย,Chiang Rai,19.88303252,99.92217886,May,209461,2015,in_season,5,2015-05-01
เชียงราย,Chiang Rai,19.88303252,99.92217886,Jun,258272,2015,in_season,6,2015-06-01
เชียงราย,Chiang Rai,19.88303252,99.92217886,Jul,632649,2015,in_season,7,2015-07-01
เชียงราย,Chiang Rai,19.88303252,99.92217886,Aug,80089,2015,in_season,8,2015-08-01
เชียงราย,Chiang Rai,19.88303252,99.92217886,Sep,4265,2015,in_season,9,2015-09-01
เชียงราย,Chiang Rai,19.88303252,99.92217886,Oct,0,2015,in_season,10,2015-10-01
เชียงราย,Chiang Rai,19.88303252,99.92217886,Nov,0,2015,in_season,11,2015-11-01
เชียงราย,Chiang Rai,19.88303252,99.92217886,Dec,0,2015,in_season,12,2015-12-01
เชียงราย,Chiang Rai,19.88303252,99.92217886,Jan,0,2016,in_season,1,2016-01-01
เชียงราย,Chiang Rai,19.88303252,99.92217886,Feb,0,2016,in_season,2,2016-02-01
เชียงราย,Chiang Rai,19.88303252,99.92217886,Mar,0,2016,in_season,3,2016-03-01
เชียงราย,Chiang Rai,19.88303252,99.92217886,Apr,0,2016,in_season,4,2016-04-01
เชียงราย,Chiang Rai,19.88303252,99.92217886,May,154745,2016,in_season,5,2016-05-01
เชียงราย,Chiang Rai,19.88303252,99.92217886,Jun,210537,2016,in_season,6,2016-06-01
เชียงราย,Chiang Rai,19.88303252,99.92217886,Jul,689438,2016,in_season,7,2016-07-01
เชียงราย,Chiang Rai,19.88303252,99.92217886,Aug,112295,2016,in_season,8,2016-08-01
เชียงราย,Chiang Rai,19.88303252,99.92217886,Sep,34520,2016,in_season,9,2016-09-01
เชียงราย,Chiang Rai,19.88303252,99.92217886,Oct,0,2016,in_season,10,2016-10-01
เชียงราย,Chiang Rai,19.88303252,99.92217886,Nov,0,2016,in_season,11,2016-11-01
เชียงราย,Chiang Rai,19.88303252,99.92217886,Dec,0,2016,in_season,12,2016-12-01
เชียงราย,Chiang Rai,19.88303252,99.92217886,Jan,0,2017,in_season,1,2017-01-01
เชียงราย,Chiang Rai,19.88303252,99.92217886,Feb,0,2017,in_season,2,2017-02-01
เชียงราย,Chiang Rai,19.88303252,99.92217886,Mar,0,2017,in_season,3,2017-03-01
เชียงราย,Chiang Rai,19.88303252,99.92217886,Apr,0,2017,in_season,4,2017-04-01
เชียงราย,Chiang Rai,19.88303252,99.92217886,May,132275,2017,in_season,5,2017-05-01
เชียงราย,Chiang Rai,19.88303252,99.92217886,Jun,333312,2017,in_season,6,2017-06-01
เชียงราย,Chiang Rai,19.88303252,99.92217886,Jul,615522,2017,in_season,7,2017-07-01
เชียงราย,Chiang Rai,19.88303252,99.92217886,Aug,111755,2017,in_season,8,2017-08-01
เชียงราย,Chiang Rai,19.88303252,99.92217886,Sep,15822,2017,in_season,9,2017-09-01
เชียงราย,Chiang Rai,19.88303252,99.92217886,Oct,0,2017,in_season,10,2017-10-01
เชียงราย,Chiang Rai,19.88303252,99.92217886,Nov,0,2017,in_season,11,2017-11-01
เชียงราย,Chiang Rai,19.88303252,99.92217886,Dec,0,2017,in_season,12,2017-12-01
เชียงราย,Chiang Rai,19.88303252,99.92217886,Jan,0,2018,in_season,1,2018-01-01
เชียงราย,Chiang Rai,19.88303252,99.92217886,Feb,0,2018,in_season,2,2018-02-01
เชียงราย,Chiang Rai,19.88303252,99.92217886,Mar,0,2018,in_season,3,2018-03-01
เชียงราย,Chiang Rai,19.88303252,99.92217886,Apr,0,2018,in_season,4,2018-04-01
เชียงราย,Chiang Rai,19.88303252,99.92217886,May,131940,2018,in_season,5,2018-05-01
เชียงราย,Chiang Rai,19.88303252,99.92217886,Jun,355672,2018,in_season,6,2018-06-01
เชียงราย,Chiang Rai,19.88303252,99.92217886,Jul,599044,2018,in_season,7,2018-07-01
เชียงราย,Chiang Rai,19.88303252,99.92217886,Aug,144606,2018,in_season,8,2018-08-01
เชียงราย,Chiang Rai,19.88303252,99.92217886,Sep,17984,2018,in_season,9,2018-09-01
เชียงราย,Chiang Rai,19.88303252,99.92217886,Oct,0,2018,in_season,10,2018-10-01
เชียงราย,Chiang Rai,19.88303252,99.92217886,Nov,0,2018,in_season,11,2018-11-01
เชียงราย,Chiang Rai,19.88303252,99.92217886,Dec,0,2018,in_season,12,2018-12-01
เชียงราย,Chiang Rai,19.88303252,99.92217886,Jan,0,2019,in_season,1,2019-01-01
เชียงราย,Chiang Rai,19.88303252,99.92217886,Feb,0,2019,in_season,2,2019-02-01
เชียงราย,Chiang Rai,19.88303252,99.92217886,Mar,0,2019,in_season,3,2019-03-01
เชียงราย,Chiang Rai,19.88303252,99.92217886,Apr,0,2019,in_season,4,2019-04-01
เชียงราย,Chiang Rai,19.88303252,99.92217886,May,131940,2019,in_season,5,2019-05-01
เชียงราย,Chiang Rai,19.88303252,99.92217886,Jun,355672,2019,in_season,6,2019-06-01
เชียงราย,Chiang Rai,19.88303252,99.92217886,Jul,599044,2019,in_season,7,2019-07-01
เชียงราย,Chiang Rai,19.88303252,99.92217886,Aug,144606,2019,in_season,8,2019-08-01
เชียงราย,Chiang Rai,19.88303252,99.92217886,Sep,17984,2019,in_season,9,2019-09-01
เชียงราย,Chiang Rai,19.88303252,99.92217886,Oct,0,2019,in_season,10,2019-10-01
เชียงราย,Chiang Rai,19.88303252,99.92217886,Nov,0,2019,in_season,11,2019-11-01
เชียงราย,Chiang Rai,19.88303252,99.92217886,Dec,0,2019,in_season,12,2019-12-01
เชียงราย,Chiang Rai,19.88303252,99.92217886,Jan,236953,2015,off_season,1,2015-01-01
เชียงราย,Chiang Rai,19.88303252,99.92217886,Feb,163341,2015,off_season,2,2015-02-01
เชียงราย,Chiang Rai,19.88303252,99.92217886,Mar,30010,2015,off_season,3,2015-03-01
เชียงราย,Chiang Rai,19.88303252,99.92217886,Apr,8990,2015,off_season,4,2015-04-01
เชียงราย,Chiang Rai,19.88303252,99.92217886,May,0,2015,off_season,5,2015-05-01
เชียงราย,Chiang Rai,19.88303252,99.92217886,Jun,0,2015,off_season,6,2015-06-01
เชียงราย,Chiang Rai,19.88303252,99.92217886,Jul,0,2015,off_season,7,2015-07-01
เชียงราย,Chiang Rai,19.88303252,99.92217886,Aug,0,2015,off_season,8,2015-08-01
เชียงราย,Chiang Rai,19.88303252,99.92217886,Sep,0,2015,off_season,9,2015-09-01
เชียงราย,Chiang Rai,19.88303252,99.92217886,Oct,0,2015,off_season,10,2015-10-01
เชียงราย,Chiang Rai,19.88303252,99.92217886,Nov,0,2015,off_season,11,2015-11-01
เชียงราย,Chiang Rai,19.88303252,99.92217886,Dec,14017,2015,off_season,12,2015-12-01
เชียงราย,Chiang Rai,19.88303252,99.92217886,Jan,184772,2016,off_season,1,2016-01-01
เชียงราย,Chiang Rai,19.88303252,99.92217886,Feb,86696,2016,off_season,2,2016-02-01
เชียงราย,Chiang Rai,19.88303252,99.92217886,Mar,7543,2016,off_season,3,2016-03-01
เชียงราย,Chiang Rai,19.88303252,99.92217886,Apr,0,2016,off_season,4,2016-04-01
เชียงราย,Chiang Rai,19.88303252,99.92217886,May,0,2016,off_season,5,2016-05-01
เชียงราย,Chiang Rai,19.88303252,99.92217886,Jun,0,2016,off_season,6,2016-06-01
เชียงราย,Chiang Rai,19.88303252,99.92217886,Jul,0,2016,off_season,7,2016-07-01
เชียงราย,Chiang Rai,19.88303252,99.92217886,Aug,0,2016,off_season,8,2016-08-01
เชียงราย,Chiang Rai,19.88303252,99.92217886,Sep,0,2016,off_season,9,2016-09-01
เชียงราย,Chiang Rai,19.88303252,99.92217886,Oct,0,2016,off_season,10,2016-10-01
เชียงราย,Chiang Rai,19.88303252,99.92217886,Nov,0,2016,off_season,11,2016-11-01
เชียงราย,Chiang Rai,19.88303252,99.92217886,Dec,10497,2016,off_season,12,2016-12-01
เชียงราย,Chiang Rai,19.88303252,99.92217886,Jan,228568,2017,off_season,1,2017-01-01
เชียงราย,Chiang Rai,19.88303252,99.92217886,Feb,97111,2017,off_season,2,2017-02-01
เชียงราย,Chiang Rai,19.88303252,99.92217886,Mar,22637,2017,off_season,3,2017-03-01
เชียงราย,Chiang Rai,19.88303252,99.92217886,Apr,3409,2017,off_season,4,2017-04-01
เชียงราย,Chiang Rai,19.88303252,99.92217886,May,0,2017,off_season,5,2017-05-01
เชียงราย,Chiang Rai,19.88303252,99.92217886,Jun,0,2017,off_season,6,2017-06-01
เชียงราย,Chiang Rai,19.88303252,99.92217886,Jul,0,2017,off_season,7,2017-07-01
เชียงราย,Chiang Rai,19.88303252,99.92217886,Aug,0,2017,off_season,8,2017-08-01
เชียงราย,Chiang Rai,19.88303252,99.92217886,Sep,0,2017,off_season,9,2017-09-01
เชียงราย,Chiang Rai,19.88303252,99.92217886,Oct,0,2017,off_season,10,2017-10-01
เชียงราย,Chiang Rai,19.88303252,99.92217886,Nov,762,2017,off_season,11,2017-11-01
เชียงราย,Chiang Rai,19.88303252,99.92217886,Dec,43041,2017,off_season,12,2017-12-01
เชียงราย,Chiang Rai,19.88303252,99.92217886,Jan,250732,2018,off_season,1,2018-01-01
เชียงราย,Chiang Rai,19.88303252,99.92217886,Feb,109740,2018,off_season,2,2018-02-01
เชียงราย,Chiang Rai,19.88303252,99.92217886,Mar,19093,2018,off_season,3,2018-03-01
เชียงราย,Chiang Rai,19.88303252,99.92217886,Apr,944,2018,off_season,4,2018-04-01
เชียงราย,Chiang Rai,19.88303252,99.92217886,May,0,2018,off_season,5,2018-05-01
เชียงราย,Chiang Rai,19.88303252,99.92217886,Jun,0,2018,off_season,6,2018-06-01
เชียงราย,Chiang Rai,19.88303252,99.92217886,Jul,0,2018,off_season,7,2018-07-01
เชียงราย,Chiang Rai,19.88303252,99.92217886,Aug,0,2018,off_season,8,2018-08-01
เชียงราย,Chiang Rai,19.88303252,99.92217886,Sep,0,2018,off_season,9,2018-09-01
เชียงราย,Chiang Rai,19.88303252,99.92217886,Oct,0,2018,off_season,10,2018-10-01
เชียงราย,Chiang Rai,19.88303252,99.92217886,Nov,795,2018,off_season,11,2018-11-01
เชียงราย,Chiang Rai,19.88303252,99.92217886,Dec,27359,2018,off_season,12,2018-12-01
เชียงราย,Chiang Rai,19.88303252,99.92217886,Jan,289461,2019,off_season,1,2019-01-01
เชียงราย,Chiang Rai,19.88303252,99.92217886,Feb,110745,2019,off_season,2,2019-02-01
เชียงราย,Chiang Rai,19.88303252,99.92217886,Mar,24638,2019,off_season,3,2019-03-01
เชียงราย,Chiang Rai,19.88303252,99.92217886,Apr,2537,2019,off_season,4,2019-04-01
เชียงราย,Chiang Rai,19.88303252,99.92217886,May,0,2019,off_season,5,2019-05-01
เชียงราย,Chiang Rai,19.88303252,99.92217886,Jun,0,2019,off_season,6,2019-06-01
เชียงราย,Chiang Rai,19.88303252,99.92217886,Jul,0,2019,off_season,7,2019-07-01
เชียงราย,Chiang Rai,19.88303252,99.92217886,Aug,0,2019,off_season,8,2019-08-01
เชียงราย,Chiang Rai,19.88303252,99.92217886,Sep,0,2019,off_season,9,2019-09-01
เชียงราย,Chiang Rai,19.88303252,99.92217886,Oct,0,2019,off_season,10,2019-10-01
เชียงราย,Chiang Rai,19.88303252,99.92217886,Nov,585,2019,off_season,11,2019-11-01
เชียงราย,Chiang Rai,19.88303252,99.92217886,Dec,26221,2019,off_season,12,2019-12-01
ชลบุรี,Chon Buri,13.15463158,101.0628947,Jan,0,2015,in_season,1,2015-01-01
ชลบุรี,Chon Buri,13.15463158,101.0628947,Feb,0,2015,in_season,2,2015-02-01
ชลบุรี,Chon Buri,13.15463158,101.0628947,Mar,0,2015,in_season,3,2015-03-01
ชลบุรี,Chon Buri,13.15463158,101.0628947,Apr,0,2015,in_season,4,2015-04-01
ชลบุรี,Chon Buri,13.15463158,101.0628947,May,30684,2015,in_season,5,2015-05-01
ชลบุรี,Chon Buri,13.15463158,101.0628947,Jun,2369,2015,in_season,6,2015-06-01
ชลบุรี,Chon Buri,13.15463158,101.0628947,Jul,12602,2015,in_season,7,2015-07-01
ชลบุรี,Chon Buri,13.15463158,101.0628947,Aug,10871,2015,in_season,8,2015-08-01
ชลบุรี,Chon Buri,13.15463158,101.0628947,Sep,5439,2015,in_season,9,2015-09-01
ชลบุรี,Chon Buri,13.15463158,101.0628947,Oct,6710,2015,in_season,10,2015-10-01
ชลบุรี,Chon Buri,13.15463158,101.0628947,Nov,0,2015,in_season,11,2015-11-01
ชลบุรี,Chon Buri,13.15463158,101.0628947,Dec,0,2015,in_season,12,2015-12-01
ชลบุรี,Chon Buri,13.15463158,101.0628947,Jan,0,2016,in_season,1,2016-01-01
ชลบุรี,Chon Buri,13.15463158,101.0628947,Feb,0,2016,in_season,2,2016-02-01
ชลบุรี,Chon Buri,13.15463158,101.0628947,Mar,0,2016,in_season,3,2016-03-01
ชลบุรี,Chon Buri,13.15463158,101.0628947,Apr,0,2016,in_season,4,2016-04-01
ชลบุรี,Chon Buri,13.15463158,101.0628947,May,27196,2016,in_season,5,2016-05-01
ชลบุรี,Chon Buri,13.15463158,101.0628947,Jun,7327,2016,in_season,6,2016-06-01
ชลบุรี,Chon Buri,13.15463158,101.0628947,Jul,19293,2016,in_season,7,2016-07-01
ชลบุรี,Chon Buri,13.15463158,101.0628947,Aug,14440,2016,in_season,8,2016-08-01
ชลบุรี,Chon Buri,13.15463158,101.0628947,Sep,807,2016,in_season,9,2016-09-01
ชลบุรี,Chon Buri,13.15463158,101.0628947,Oct,2707,2016,in_season,10,2016-10-01
ชลบุรี,Chon Buri,13.15463158,101.0628947,Nov,0,2016,in_season,11,2016-11-01
ชลบุรี,Chon Buri,13.15463158,101.0628947,Dec,0,2016,in_season,12,2016-12-01
ชลบุรี,Chon Buri,13.15463158,101.0628947,Jan,0,2017,in_season,1,2017-01-01
ชลบุรี,Chon Buri,13.15463158,101.0628947,Feb,0,2017,in_season,2,2017-02-01
ชลบุรี,Chon Buri,13.15463158,101.0628947,Mar,0,2017,in_season,3,2017-03-01
ชลบุรี,Chon Buri,13.15463158,101.0628947,Apr,0,2017,in_season,4,2017-04-01
ชลบุรี,Chon Buri,13.15463158,101.0628947,May,26746,2017,in_season,5,2017-05-01
ชลบุรี,Chon Buri,13.15463158,101.0628947,Jun,15790,2017,in_season,6,2017-06-01
ชลบุรี,Chon Buri,13.15463158,101.0628947,Jul,13050,2017,in_season,7,2017-07-01
ชลบุรี,Chon Buri,13.15463158,101.0628947,Aug,9732,2017,in_season,8,2017-08-01
ชลบุรี,Chon Buri,13.15463158,101.0628947,Sep,2770,2017,in_season,9,2017-09-01
ชลบุรี,Chon Buri,13.15463158,101.0628947,Oct,1922,2017,in_season,10,2017-10-01
ชลบุรี,Chon Buri,13.15463158,101.0628947,Nov,0,2017,in_season,11,2017-11-01
ชลบุรี,Chon Buri,13.15463158,101.0628947,Dec,0,2017,in_season,12,2017-12-01
ชลบุรี,Chon Buri,13.15463158,101.0628947,Jan,0,2018,in_season,1,2018-01-01
ชลบุรี,Chon Buri,13.15463158,101.0628947,Feb,0,2018,in_season,2,2018-02-01
ชลบุรี,Chon Buri,13.15463158,101.0628947,Mar,0,2018,in_season,3,2018-03-01
ชลบุรี,Chon Buri,13.15463158,101.0628947,Apr,0,2018,in_season,4,2018-04-01
ชลบุรี,Chon Buri,13.15463158,101.0628947,May,23165,2018,in_season,5,2018-05-01
ชลบุรี,Chon Buri,13.15463158,101.0628947,Jun,4428,2018,in_season,6,2018-06-01
ชลบุรี,Chon Buri,13.15463158,101.0628947,Jul,16534,2018,in_season,7,2018-07-01
ชลบุรี,Chon Buri,13.15463158,101.0628947,Aug,16195,2018,in_season,8,2018-08-01
ชลบุรี,Chon Buri,13.15463158,101.0628947,Sep,3149,2018,in_season,9,2018-09-01
ชลบุรี,Chon Buri,13.15463158,101.0628947,Oct,3882,2018,in_season,10,2018-10-01
ชลบุรี,Chon Buri,13.15463158,101.0628947,Nov,0,2018,in_season,11,2018-11-01
ชลบุรี,Chon Buri,13.15463158,101.0628947,Dec,0,2018,in_season,12,2018-12-01
ชลบุรี,Chon Buri,13.15463158,101.0628947,Jan,0,2019,in_season,1,2019-01-01
ชลบุรี,Chon Buri,13.15463158,101.0628947,Feb,0,2019,in_season,2,2019-02-01
ชลบุรี,Chon Buri,13.15463158,101.0628947,Mar,0,2019,in_season,3,2019-03-01
ชลบุรี,Chon Buri,13.15463158,101.0628947,Apr,0,2019,in_season,4,2019-04-01
ชลบุรี,Chon Buri,13.15463158,101.0628947,May,23165,2019,in_season,5,2019-05-01
ชลบุรี,Chon Buri,13.15463158,101.0628947,Jun,4428,2019,in_season,6,2019-06-01
ชลบุรี,Chon Buri,13.15463158,101.0628947,Jul,16534,2019,in_season,7,2019-07-01
ชลบุรี,Chon Buri,13.15463158,101.0628947,Aug,16195,2019,in_season,8,2019-08-01
ชลบุรี,Chon Buri,13.15463158,101.0628947,Sep,3149,2019,in_season,9,2019-09-01
ชลบุรี,Chon Buri,13.15463158,101.0628947,Oct,3882,2019,in_season,10,2019-10-01
ชลบุรี,Chon Buri,13.15463158,101.0628947,Nov,0,2019,in_season,11,2019-11-01
ชลบุรี,Chon Buri,13.15463158,101.0628947,Dec,0,2019,in_season,12,2019-12-01
ชลบุรี,Chon Buri,13.15463158,101.0628947,Jan,9034,2015,off_season,1,2015-01-01
ชลบุรี,Chon Buri,13.15463158,101.0628947,Feb,2728,2015,off_season,2,2015-02-01
ชลบุรี,Chon Buri,13.15463158,101.0628947,Mar,2061,2015,off_season,3,2015-03-01
ชลบุรี,Chon Buri,13.15463158,101.0628947,Apr,1429,2015,off_season,4,2015-04-01
ชลบุรี,Chon Buri,13.15463158,101.0628947,May,0,2015,off_season,5,2015-05-01
ชลบุรี,Chon Buri,13.15463158,101.0628947,Jun,0,2015,off_season,6,2015-06-01
ชลบุรี,Chon Buri,13.15463158,101.0628947,Jul,0,2015,off_season,7,2015-07-01
ชลบุรี,Chon Buri,13.15463158,101.0628947,Aug,0,2015,off_season,8,2015-08-01
ชลบุรี,Chon Buri,13.15463158,101.0628947,Sep,0,2015,off_season,9,2015-09-01
ชลบุรี,Chon Buri,13.15463158,101.0628947,Oct,0,2015,off_season,10,2015-10-01
ชลบุรี,Chon Buri,13.15463158,101.0628947,Nov,18098,2015,off_season,11,2015-11-01
ชลบุรี,Chon Buri,13.15463158,101.0628947,Dec,11455,2015,off_season,12,2015-12-01
ชลบุรี,Chon Buri,13.15463158,101.0628947,Jan,3569,2016,off_season,1,2016-01-01
ชลบุรี,Chon Buri,13.15463158,101.0628947,Feb,2192,2016,off_season,2,2016-02-01
ชลบุรี,Chon Buri,13.15463158,101.0628947,Mar,736,2016,off_season,3,2016-03-01
ชลบุรี,Chon Buri,13.15463158,101.0628947,Apr,381,2016,off_season,4,2016-04-01
ชลบุรี,Chon Buri,13.15463158,101.0628947,May,0,2016,off_season,5,2016-05-01
ชลบุรี,Chon Buri,13.15463158,101.0628947,Jun,0,2016,off_season,6,2016-06-01
ชลบุรี,Chon Buri,13.15463158,101.0628947,Jul,0,2016,off_season,7,2016-07-01
ชลบุรี,Chon Buri,13.15463158,101.0628947,Aug,0,2016,off_season,8,2016-08-01
ชลบุรี,Chon Buri,13.15463158,101.0628947,Sep,0,2016,off_season,9,2016-09-01
ชลบุรี,Chon Buri,13.15463158,101.0628947,Oct,0,2016,off_season,10,2016-10-01
ชลบุรี,Chon Buri,13.15463158,101.0628947,Nov,26268,2016,off_season,11,2016-11-01
ชลบุรี,Chon Buri,13.15463158,101.0628947,Dec,7592,2016,off_season,12,2016-12-01
ชลบุรี,Chon Buri,13.15463158,101.0628947,Jan,6556,2017,off_season,1,2017-01-01
ชลบุรี,Chon Buri,13.15463158,101.0628947,Feb,2178,2017,off_season,2,2017-02-01
ชลบุรี,Chon Buri,13.15463158,101.0628947,Mar,873,2017,off_season,3,2017-03-01
ชลบุรี,Chon Buri,13.15463158,101.0628947,Apr,693,2017,off_season,4,2017-04-01
ชลบุรี,Chon Buri,13.15463158,101.0628947,May,0,2017,off_season,5,2017-05-01
ชลบุรี,Chon Buri,13.15463158,101.0628947,Jun,0,2017,off_season,6,2017-06-01
ชลบุรี,Chon Buri,13.15463158,101.0628947,Jul,0,2017,off_season,7,2017-07-01
ชลบุรี,Chon Buri,13.15463158,101.0628947,Aug,0,2017,off_season,8,2017-08-01
ชลบุรี,Chon Buri,13.15463158,101.0628947,Sep,0,2017,off_season,9,2017-09-01
ชลบุรี,Chon Buri,13.15463158,101.0628947,Oct,0,2017,off_season,10,2017-10-01
ชลบุรี,Chon Buri,13.15463158,101.0628947,Nov,22370,2017,off_season,11,2017-11-01
ชลบุรี,Chon Buri,13.15463158,101.0628947,Dec,7968,2017,off_season,12,2017-12-01
ชลบุรี,Chon Buri,13.15463158,101.0628947,Jan,3590,2018,off_season,1,2018-01-01
ชลบุรี,Chon Buri,13.15463158,101.0628947,Feb,2828,2018,off_season,2,2018-02-01
ชลบุรี,Chon Buri,13.15463158,101.0628947,Mar,1192,2018,off_season,3,2018-03-01
ชลบุรี,Chon Buri,13.15463158,101.0628947,Apr,906,2018,off_season,4,2018-04-01
ชลบุรี,Chon Buri,13.15463158,101.0628947,May,0,2018,off_season,5,2018-05-01
ชลบุรี,Chon Buri,13.15463158,101.0628947,Jun,0,2018,off_season,6,2018-06-01
ชลบุรี,Chon Buri,13.15463158,101.0628947,Jul,0,2018,off_season,7,2018-07-01
ชลบุรี,Chon Buri,13.15463158,101.0628947,Aug,0,2018,off_season,8,2018-08-01
ชลบุรี,Chon Buri,13.15463158,101.0628947,Sep,0,2018,off_season,9,2018-09-01
ชลบุรี,Chon Buri,13.15463158,101.0628947,Oct,0,2018,off_season,10,2018-10-01
ชลบุรี,Chon Buri,13.15463158,101.0628947,Nov,22149,2018,off_season,11,2018-11-01
ชลบุรี,Chon Buri,13.15463158,101.0628947,Dec,9021,2018,off_season,12,2018-12-01
ชลบุรี,Chon Buri,13.15463158,101.0628947,Jan,5187,2019,off_season,1,2019-01-01
ชลบุรี,Chon Buri,13.15463158,101.0628947,Feb,2945,2019,off_season,2,2019-02-01
ชลบุรี,Chon Buri,13.15463158,101.0628947,Mar,1521,2019,off_season,3,2019-03-01
ชลบุรี,Chon Buri,13.15463158,101.0628947,Apr,1017,2019,off_season,4,2019-04-01
ชลบุรี,Chon Buri,13.15463158,101.0628947,May,0,2019,off_season,5,2019-05-01
ชลบุรี,Chon Buri,13.15463158,101.0628947,Jun,0,2019,off_season,6,2019-06-01
ชลบุรี,Chon Buri,13.15463158,101.0628947,Jul,0,2019,off_season,7,2019-07-01
ชลบุรี,Chon Buri,13.15463158,101.0628947,Aug,0,2019,off_season,8,2019-08-01
ชลบุรี,Chon Buri,13.15463158,101.0628947,Sep,0,2019,off_season,9,2019-09-01
ชลบุรี,Chon Buri,13.15463158,101.0628947,Oct,0,2019,off_season,10,2019-10-01
ชลบุรี,Chon Buri,13.15463158,101.0628947,Nov,16765,2019,off_season,11,2019-11-01
ชลบุรี,Chon Buri,13.15463158,101.0628947,Dec,11928,2019,off_season,12,2019-12-01
ชุมพร,Chumphon,10.3336087,99.18683478,Jan,0,2015,in_season,1,2015-01-01
ชุมพร,Chumphon,10.3336087,99.18683478,Feb,0,2015,in_season,2,2015-02-01
ชุมพร,Chumphon,10.3336087,99.18683478,Mar,0,2015,in_season,3,2015-03-01
ชุมพร,Chumphon,10.3336087,99.18683478,Apr,0,2015,in_season,4,2015-04-01
ชุมพร,Chumphon,10.3336087,99.18683478,May,0,2015,in_season,5,2015-05-01
ชุมพร,Chumphon,10.3336087,99.18683478,Jun,0,2015,in_season,6,2015-06-01
ชุมพร,Chumphon,10.3336087,99.18683478,Jul,120,2015,in_season,7,2015-07-01
ชุมพร,Chumphon,10.3336087,99.18683478,Aug,3827,2015,in_season,8,2015-08-01
ชุมพร,Chumphon,10.3336087,99.18683478,Sep,444,2015,in_season,9,2015-09-01
ชุมพร,Chumphon,10.3336087,99.18683478,Oct,683,2015,in_season,10,2015-10-01
ชุมพร,Chumphon,10.3336087,99.18683478,Nov,0,2015,in_season,11,2015-11-01
ชุมพร,Chumphon,10.3336087,99.18683478,Dec,0,2015,in_season,12,2015-12-01
ชุมพร,Chumphon,10.3336087,99.18683478,Jan,0,2016,in_season,1,2016-01-01
ชุมพร,Chumphon,10.3336087,99.18683478,Feb,0,2016,in_season,2,2016-02-01
ชุมพร,Chumphon,10.3336087,99.18683478,Mar,0,2016,in_season,3,2016-03-01
ชุมพร,Chumphon,10.3336087,99.18683478,Apr,0,2016,in_season,4,2016-04-01
ชุมพร,Chumphon,10.3336087,99.18683478,May,0,2016,in_season,5,2016-05-01
ชุมพร,Chumphon,10.3336087,99.18683478,Jun,0,2016,in_season,6,2016-06-01
ชุมพร,Chumphon,10.3336087,99.18683478,Jul,107,2016,in_season,7,2016-07-01
ชุมพร,Chumphon,10.3336087,99.18683478,Aug,1660,2016,in_season,8,2016-08-01
ชุมพร,Chumphon,10.3336087,99.18683478,Sep,1556,2016,in_season,9,2016-09-01
ชุมพร,Chumphon,10.3336087,99.18683478,Oct,639,2016,in_season,10,2016-10-01
ชุมพร,Chumphon,10.3336087,99.18683478,Nov,0,2016,in_season,11,2016-11-01
ชุมพร,Chumphon,10.3336087,99.18683478,Dec,0,2016,in_season,12,2016-12-01
ชุมพร,Chumphon,10.3336087,99.18683478,Jan,0,2017,in_season,1,2017-01-01
ชุมพร,Chumphon,10.3336087,99.18683478,Feb,0,2017,in_season,2,2017-02-01
ชุมพร,Chumphon,10.3336087,99.18683478,Mar,0,2017,in_season,3,2017-03-01
ชุมพร,Chumphon,10.3336087,99.18683478,Apr,0,2017,in_season,4,2017-04-01
ชุมพร,Chumphon,10.3336087,99.18683478,May,0,2017,in_season,5,2017-05-01
ชุมพร,Chumphon,10.3336087,99.18683478,Jun,0,2017,in_season,6,2017-06-01
ชุมพร,Chumphon,10.3336087,99.18683478,Jul,143,2017,in_season,7,2017-07-01
ชุมพร,Chumphon,10.3336087,99.18683478,Aug,1548,2017,in_season,8,2017-08-01
ชุมพร,Chumphon,10.3336087,99.18683478,Sep,845,2017,in_season,9,2017-09-01
ชุมพร,Chumphon,10.3336087,99.18683478,Oct,404,2017,in_season,10,2017-10-01
ชุมพร,Chumphon,10.3336087,99.18683478,Nov,0,2017,in_season,11,2017-11-01
ชุมพร,Chumphon,10.3336087,99.18683478,Dec,0,2017,in_season,12,2017-12-01
ชุมพร,Chumphon,10.3336087,99.18683478,Jan,0,2018,in_season,1,2018-01-01
ชุมพร,Chumphon,10.3336087,99.18683478,Feb,0,2018,in_season,2,2018-02-01
ชุมพร,Chumphon,10.3336087,99.18683478,Mar,0,2018,in_season,3,2018-03-01
ชุมพร,Chumphon,10.3336087,99.18683478,Apr,0,2018,in_season,4,2018-04-01
ชุมพร,Chumphon,10.3336087,99.18683478,May,0,2018,in_season,5,2018-05-01
ชุมพร,Chumphon,10.3336087,99.18683478,Jun,0,2018,in_season,6,2018-06-01
ชุมพร,Chumphon,10.3336087,99.18683478,Jul,4,2018,in_season,7,2018-07-01
ชุมพร,Chumphon,10.3336087,99.18683478,Aug,1763,2018,in_season,8,2018-08-01
ชุมพร,Chumphon,10.3336087,99.18683478,Sep,1252,2018,in_season,9,2018-09-01
ชุมพร,Chumphon,10.3336087,99.18683478,Oct,56,2018,in_season,10,2018-10-01
ชุมพร,Chumphon,10.3336087,99.18683478,Nov,0,2018,in_season,11,2018-11-01
ชุมพร,Chumphon,10.3336087,99.18683478,Dec,0,2018,in_season,12,2018-12-01
ชุมพร,Chumphon,10.3336087,99.18683478,Jan,0,2019,in_season,1,2019-01-01
ชุมพร,Chumphon,10.3336087,99.18683478,Feb,0,2019,in_season,2,2019-02-01
ชุมพร,Chumphon,10.3336087,99.18683478,Mar,0,2019,in_season,3,2019-03-01
ชุมพร,Chumphon,10.3336087,99.18683478,Apr,0,2019,in_season,4,2019-04-01
ชุมพร,Chumphon,10.3336087,99.18683478,May,0,2019,in_season,5,2019-05-01
ชุมพร,Chumphon,10.3336087,99.18683478,Jun,0,2019,in_season,6,2019-06-01
ชุมพร,Chumphon,10.3336087,99.18683478,Jul,4,2019,in_season,7,2019-07-01
ชุมพร,Chumphon,10.3336087,99.18683478,Aug,1763,2019,in_season,8,2019-08-01
ชุมพร,Chumphon,10.3336087,99.18683478,Sep,1252,2019,in_season,9,2019-09-01
ชุมพร,Chumphon,10.3336087,99.18683478,Oct,56,2019,in_season,10,2019-10-01
ชุมพร,Chumphon,10.3336087,99.18683478,Nov,0,2019,in_season,11,2019-11-01
ชุมพร,Chumphon,10.3336087,99.18683478,Dec,0,2019,in_season,12,2019-12-01
ชุมพร,Chumphon,10.3336087,99.18683478,Jan,233,2015,off_season,1,2015-01-01
ชุมพร,Chumphon,10.3336087,99.18683478,Feb,487,2015,off_season,2,2015-02-01
ชุมพร,Chumphon,10.3336087,99.18683478,Mar,215,2015,off_season,3,2015-03-01
ชุมพร,Chumphon,10.3336087,99.18683478,Apr,0,2015,off_season,4,2015-04-01
ชุมพร,Chumphon,10.3336087,99.18683478,May,0,2015,off_season,5,2015-05-01
ชุมพร,Chumphon,10.3336087,99.18683478,Jun,0,2015,off_season,6,2015-06-01
ชุมพร,Chumphon,10.3336087,99.18683478,Jul,0,2015,off_season,7,2015-07-01
ชุมพร,Chumphon,10.3336087,99.18683478,Aug,0,2015,off_season,8,2015-08-01
ชุมพร,Chumphon,10.3336087,99.18683478,Sep,0,2015,off_season,9,2015-09-01
ชุมพร,Chumphon,10.3336087,99.18683478,Oct,0,2015,off_season,10,2015-10-01
ชุมพร,Chumphon,10.3336087,99.18683478,Nov,0,2015,off_season,11,2015-11-01
ชุมพร,Chumphon,10.3336087,99.18683478,Dec,55,2015,off_season,12,2015-12-01
ชุมพร,Chumphon,10.3336087,99.18683478,Jan,28,2016,off_season,1,2016-01-01
ชุมพร,Chumphon,10.3336087,99.18683478,Feb,221,2016,off_season,2,2016-02-01
ชุมพร,Chumphon,10.3336087,99.18683478,Mar,301,2016,off_season,3,2016-03-01
ชุมพร,Chumphon,10.3336087,99.18683478,Apr,0,2016,off_season,4,2016-04-01
ชุมพร,Chumphon,10.3336087,99.18683478,May,0,2016,off_season,5,2016-05-01
ชุมพร,Chumphon,10.3336087,99.18683478,Jun,0,2016,off_season,6,2016-06-01
ชุมพร,Chumphon,10.3336087,99.18683478,Jul,0,2016,off_season,7,2016-07-01
ชุมพร,Chumphon,10.3336087,99.18683478,Aug,0,2016,off_season,8,2016-08-01
ชุมพร,Chumphon,10.3336087,99.18683478,Sep,0,2016,off_season,9,2016-09-01
ชุมพร,Chumphon,10.3336087,99.18683478,Oct,0,2016,off_season,10,2016-10-01
ชุมพร,Chumphon,10.3336087,99.18683478,Nov,0,2016,off_season,11,2016-11-01
ชุมพร,Chumphon,10.3336087,99.18683478,Dec,0,2016,off_season,12,2016-12-01
ชุมพร,Chumphon,10.3336087,99.18683478,Jan,96,2017,off_season,1,2017-01-01
ชุมพร,Chumphon,10.3336087,99.18683478,Feb,596,2017,off_season,2,2017-02-01
ชุมพร,Chumphon,10.3336087,99.18683478,Mar,59,2017,off_season,3,2017-03-01
ชุมพร,Chumphon,10.3336087,99.18683478,Apr,0,2017,off_season,4,2017-04-01
ชุมพร,Chumphon,10.3336087,99.18683478,May,0,2017,off_season,5,2017-05-01
ชุมพร,Chumphon,10.3336087,99.18683478,Jun,0,2017,off_season,6,2017-06-01
ชุมพร,Chumphon,10.3336087,99.18683478,Jul,0,2017,off_season,7,2017-07-01
ชุมพร,Chumphon,10.3336087,99.18683478,Aug,0,2017,off_season,8,2017-08-01
ชุมพร,Chumphon,10.3336087,99.18683478,Sep,0,2017,off_season,9,2017-09-01
ชุมพร,Chumphon,10.3336087,99.18683478,Oct,0,2017,off_season,10,2017-10-01
ชุมพร,Chumphon,10.3336087,99.18683478,Nov,0,2017,off_season,11,2017-11-01
ชุมพร,Chumphon,10.3336087,99.18683478,Dec,0,2017,off_season,12,2017-12-01
ชุมพร,Chumphon,10.3336087,99.18683478,Jan,57,2018,off_season,1,2018-01-01
ชุมพร,Chumphon,10.3336087,99.18683478,Feb,636,2018,off_season,2,2018-02-01
ชุมพร,Chumphon,10.3336087,99.18683478,Mar,0,2018,off_season,3,2018-03-01
ชุมพร,Chumphon,10.3336087,99.18683478,Apr,0,2018,off_season,4,2018-04-01
ชุมพร,Chumphon,10.3336087,99.18683478,May,0,2018,off_season,5,2018-05-01
ชุมพร,Chumphon,10.3336087,99.18683478,Jun,0,2018,off_season,6,2018-06-01
ชุมพร,Chumphon,10.3336087,99.18683478,Jul,0,2018,off_season,7,2018-07-01
ชุมพร,Chumphon,10.3336087,99.18683478,Aug,0,2018,off_season,8,2018-08-01
ชุมพร,Chumphon,10.3336087,99.18683478,Sep,0,2018,off_season,9,2018-09-01
ชุมพร,Chumphon,10.3336087,99.18683478,Oct,0,2018,off_season,10,2018-10-01
ชุมพร,Chumphon,10.3336087,99.18683478,Nov,0,2018,off_season,11,2018-11-01
ชุมพร,Chumphon,10.3336087,99.18683478,Dec,32,2018,off_season,12,2018-12-01
ชุมพร,Chumphon,10.3336087,99.18683478,Jan,464,2019,off_season,1,2019-01-01
ชุมพร,Chumphon,10.3336087,99.18683478,Feb,485,2019,off_season,2,2019-02-01
ชุมพร,Chumphon,10.3336087,99.18683478,Mar,0,2019,off_season,3,2019-03-01
ชุมพร,Chumphon,10.3336087,99.18683478,Apr,0,2019,off_season,4,2019-04-01
ชุมพร,Chumphon,10.3336087,99.18683478,May,0,2019,off_season,5,2019-05-01
ชุมพร,Chumphon,10.3336087,99.18683478,Jun,0,2019,off_season,6,2019-06-01
ชุมพร,Chumphon,10.3336087,99.18683478,Jul,0,2019,off_season,7,2019-07-01
ชุมพร,Chumphon,10.3336087,99.18683478,Aug,0,2019,off_season,8,2019-08-01
ชุมพร,Chumphon,10.3336087,99.18683478,Sep,0,2019,off_season,9,2019-09-01
ชุมพร,Chumphon,10.3336087,99.18683478,Oct,0,2019,off_season,10,2019-10-01
ชุมพร,Chumphon,10.3336087,99.18683478,Nov,0,2019,off_season,11,2019-11-01
ชุมพร,Chumphon,10.3336087,99.18683478,Dec,49,2019,off_season,12,2019-12-01
กาฬสินธุ์,Kalasin,16.58667669,103.6133985,Jan,0,2015,in_season,1,2015-01-01
กาฬสินธุ์,Kalasin,16.58667669,103.6133985,Feb,0,2015,in_season,2,2015-02-01
กาฬสินธุ์,Kalasin,16.58667669,103.6133985,Mar,0,2015,in_season,3,2015-03-01
กาฬสินธุ์,Kalasin,16.58667669,103.6133985,Apr,0,2015,in_season,4,2015-04-01
กาฬสินธุ์,Kalasin,16.58667669,103.6133985,May,371778,2015,in_season,5,2015-05-01
กาฬสินธุ์,Kalasin,16.58667669,103.6133985,Jun,732185,2015,in_season,6,2015-06-01
กาฬสินธุ์,Kalasin,16.58667669,103.6133985,Jul,271889,2015,in_season,7,2015-07-01
กาฬสินธุ์,Kalasin,16.58667669,103.6133985,Aug,63474,2015,in_season,8,2015-08-01
กาฬสินธุ์,Kalasin,16.58667669,103.6133985,Sep,0,2015,in_season,9,2015-09-01
กาฬสินธุ์,Kalasin,16.58667669,103.6133985,Oct,0,2015,in_season,10,2015-10-01
กาฬสินธุ์,Kalasin,16.58667669,103.6133985,Nov,0,2015,in_season,11,2015-11-01
กาฬสินธุ์,Kalasin,16.58667669,103.6133985,Dec,0,2015,in_season,12,2015-12-01
กาฬสินธุ์,Kalasin,16.58667669,103.6133985,Jan,0,2016,in_season,1,2016-01-01
กาฬสินธุ์,Kalasin,16.58667669,103.6133985,Feb,0,2016,in_season,2,2016-02-01
กาฬสินธุ์,Kalasin,16.58667669,103.6133985,Mar,0,2016,in_season,3,2016-03-01
กาฬสินธุ์,Kalasin,16.58667669,103.6133985,Apr,0,2016,in_season,4,2016-04-01
กาฬสินธุ์,Kalasin,16.58667669,103.6133985,May,402578,2016,in_season,5,2016-05-01
กาฬสินธุ์,Kalasin,16.58667669,103.6133985,Jun,689415,2016,in_season,6,2016-06-01
กาฬสินธุ์,Kalasin,16.58667669,103.6133985,Jul,319393,2016,in_season,7,2016-07-01
กาฬสินธุ์,Kalasin,16.58667669,103.6133985,Aug,32647,2016,in_season,8,2016-08-01
กาฬสินธุ์,Kalasin,16.58667669,103.6133985,Sep,0,2016,in_season,9,2016-09-01
กาฬสินธุ์,Kalasin,16.58667669,103.6133985,Oct,0,2016,in_season,10,2016-10-01
กาฬสินธุ์,Kalasin,16.58667669,103.6133985,Nov,0,2016,in_season,11,2016-11-01
กาฬสินธุ์,Kalasin,16.58667669,103.6133985,Dec,0,2016,in_season,12,2016-12-01
กาฬสินธุ์,Kalasin,16.58667669,103.6133985,Jan,0,2017,in_season,1,2017-01-01
กาฬสินธุ์,Kalasin,16.58667669,103.6133985,Feb,0,2017,in_season,2,2017-02-01
กาฬสินธุ์,Kalasin,16.58667669,103.6133985,Mar,0,2017,in_season,3,2017-03-01
กาฬสินธุ์,Kalasin,16.58667669,103.6133985,Apr,0,2017,in_season,4,2017-04-01
กาฬสินธุ์,Kalasin,16.58667669,103.6133985,May,372461,2017,in_season,5,2017-05-01
กาฬสินธุ์,Kalasin,16.58667669,103.6133985,Jun,771298,2017,in_season,6,2017-06-01
กาฬสินธุ์,Kalasin,16.58667669,103.6133985,Jul,232755,2017,in_season,7,2017-07-01
กาฬสินธุ์,Kalasin,16.58667669,103.6133985,Aug,65941,2017,in_season,8,2017-08-01
กาฬสินธุ์,Kalasin,16.58667669,103.6133985,Sep,0,2017,in_season,9,2017-09-01
กาฬสินธุ์,Kalasin,16.58667669,103.6133985,Oct,0,2017,in_season,10,2017-10-01
กาฬสินธุ์,Kalasin,16.58667669,103.6133985,Nov,0,2017,in_season,11,2017-11-01
กาฬสินธุ์,Kalasin,16.58667669,103.6133985,Dec,0,2017,in_season,12,2017-12-01
กาฬสินธุ์,Kalasin,16.58667669,103.6133985,Jan,0,2018,in_season,1,2018-01-01
กาฬสินธุ์,Kalasin,16.58667669,103.6133985,Feb,0,2018,in_season,2,2018-02-01
กาฬสินธุ์,Kalasin,16.58667669,103.6133985,Mar,0,2018,in_season,3,2018-03-01
กาฬสินธุ์,Kalasin,16.58667669,103.6133985,Apr,0,2018,in_season,4,2018-04-01
กาฬสินธุ์,Kalasin,16.58667669,103.6133985,May,431519,2018,in_season,5,2018-05-01
กาฬสินธุ์,Kalasin,16.58667669,103.6133985,Jun,686357,2018,in_season,6,2018-06-01
กาฬสินธุ์,Kalasin,16.58667669,103.6133985,Jul,282869,2018,in_season,7,2018-07-01
กาฬสินธุ์,Kalasin,16.58667669,103.6133985,Aug,69291,2018,in_season,8,2018-08-01
กาฬสินธุ์,Kalasin,16.58667669,103.6133985,Sep,0,2018,in_season,9,2018-09-01
กาฬสินธุ์,Kalasin,16.58667669,103.6133985,Oct,0,2018,in_season,10,2018-10-01
กาฬสินธุ์,Kalasin,16.58667669,103.6133985,Nov,0,2018,in_season,11,2018-11-01
กาฬสินธุ์,Kalasin,16.58667669,103.6133985,Dec,0,2018,in_season,12,2018-12-01
กาฬสินธุ์,Kalasin,16.58667669,103.6133985,Jan,0,2019,in_season,1,2019-01-01
กาฬสินธุ์,Kalasin,16.58667669,103.6133985,Feb,0,2019,in_season,2,2019-02-01
กาฬสินธุ์,Kalasin,16.58667669,103.6133985,Mar,0,2019,in_season,3,2019-03-01
กาฬสินธุ์,Kalasin,16.58667669,103.6133985,Apr,0,2019,in_season,4,2019-04-01
กาฬสินธุ์,Kalasin,16.58667669,103.6133985,May,431519,2019,in_season,5,2019-05-01
กาฬสินธุ์,Kalasin,16.58667669,103.6133985,Jun,686357,2019,in_season,6,2019-06-01
กาฬสินธุ์,Kalasin,16.58667669,103.6133985,Jul,282869,2019,in_season,7,2019-07-01
กาฬสินธุ์,Kalasin,16.58667669,103.6133985,Aug,69291,2019,in_season,8,2019-08-01
กาฬสินธุ์,Kalasin,16.58667669,103.6133985,Sep,0,2019,in_season,9,2019-09-01
กาฬสินธุ์,Kalasin,16.58667669,103.6133985,Oct,0,2019,in_season,10,2019-10-01
กาฬสินธุ์,Kalasin,16.58667669,103.6133985,Nov,0,2019,in_season,11,2019-11-01
กาฬสินธุ์,Kalasin,16.58667669,103.6133985,Dec,0,2019,in_season,12,2019-12-01
กาฬสินธุ์,Kalasin,16.58667669,103.6133985,Jan,171789,2015,off_season,1,2015-01-01
กาฬสินธุ์,Kalasin,16.58667669,103.6133985,Feb,20637,2015,off_season,2,2015-02-01
กาฬสินธุ์,Kalasin,16.58667669,103.6133985,Mar,3049,2015,off_season,3,2015-03-01
กาฬสินธุ์,Kalasin,16.58667669,103.6133985,Apr,0,2015,off_season,4,2015-04-01
กาฬสินธุ์,Kalasin,16.58667669,103.6133985,May,0,2015,off_season,5,2015-05-01
กาฬสินธุ์,Kalasin,16.58667669,103.6133985,Jun,0,2015,off_season,6,2015-06-01
กาฬสินธุ์,Kalasin,16.58667669,103.6133985,Jul,0,2015,off_season,7,2015-07-01
กาฬสินธุ์,Kalasin,16.58667669,103.6133985,Aug,0,2015,off_season,8,2015-08-01
กาฬสินธุ์,Kalasin,16.58667669,103.6133985,Sep,0,2015,off_season,9,2015-09-01
กาฬสินธุ์,Kalasin,16.58667669,103.6133985,Oct,0,2015,off_season,10,2015-10-01
กาฬสินธุ์,Kalasin,16.58667669,103.6133985,Nov,549,2015,off_season,11,2015-11-01
กาฬสินธุ์,Kalasin,16.58667669,103.6133985,Dec,40487,2015,off_season,12,2015-12-01
กาฬสินธุ์,Kalasin,16.58667669,103.6133985,Jan,182802,2016,off_season,1,2016-01-01
กาฬสินธุ์,Kalasin,16.58667669,103.6133985,Feb,28031,2016,off_season,2,2016-02-01
กาฬสินธุ์,Kalasin,16.58667669,103.6133985,Mar,245,2016,off_season,3,2016-03-01
กาฬสินธุ์,Kalasin,16.58667669,103.6133985,Apr,0,2016,off_season,4,2016-04-01
กาฬสินธุ์,Kalasin,16.58667669,103.6133985,May,0,2016,off_season,5,2016-05-01
กาฬสินธุ์,Kalasin,16.58667669,103.6133985,Jun,0,2016,off_season,6,2016-06-01
กาฬสินธุ์,Kalasin,16.58667669,103.6133985,Jul,0,2016,off_season,7,2016-07-01
กาฬสินธุ์,Kalasin,16.58667669,103.6133985,Aug,0,2016,off_season,8,2016-08-01
กาฬสินธุ์,Kalasin,16.58667669,103.6133985,Sep,0,2016,off_season,9,2016-09-01
กาฬสินธุ์,Kalasin,16.58667669,103.6133985,Oct,0,2016,off_season,10,2016-10-01
กาฬสินธุ์,Kalasin,16.58667669,103.6133985,Nov,291,2016,off_season,11,2016-11-01
กาฬสินธุ์,Kalasin,16.58667669,103.6133985,Dec,27207,2016,off_season,12,2016-12-01
กาฬสินธุ์,Kalasin,16.58667669,103.6133985,Jan,201488,2017,off_season,1,2017-01-01
กาฬสินธุ์,Kalasin,16.58667669,103.6133985,Feb,24842,2017,off_season,2,2017-02-01
กาฬสินธุ์,Kalasin,16.58667669,103.6133985,Mar,1248,2017,off_season,3,2017-03-01
กาฬสินธุ์,Kalasin,16.58667669,103.6133985,Apr,0,2017,off_season,4,2017-04-01
กาฬสินธุ์,Kalasin,16.58667669,103.6133985,May,0,2017,off_season,5,2017-05-01
กาฬสินธุ์,Kalasin,16.58667669,103.6133985,Jun,0,2017,off_season,6,2017-06-01
กาฬสินธุ์,Kalasin,16.58667669,103.6133985,Jul,0,2017,off_season,7,2017-07-01
กาฬสินธุ์,Kalasin,16.58667669,103.6133985,Aug,0,2017,off_season,8,2017-08-01
กาฬสินธุ์,Kalasin,16.58667669,103.6133985,Sep,0,2017,off_season,9,2017-09-01
กาฬสินธุ์,Kalasin,16.58667669,103.6133985,Oct,0,2017,off_season,10,2017-10-01
กาฬสินธุ์,Kalasin,16.58667669,103.6133985,Nov,801,2017,off_season,11,2017-11-01
กาฬสินธุ์,Kalasin,16.58667669,103.6133985,Dec,40604,2017,off_season,12,2017-12-01
กาฬสินธุ์,Kalasin,16.58667669,103.6133985,Jan,207913,2018,off_season,1,2018-01-01
กาฬสินธุ์,Kalasin,16.58667669,103.6133985,Feb,24044,2018,off_season,2,2018-02-01
กาฬสินธุ์,Kalasin,16.58667669,103.6133985,Mar,1035,2018,off_season,3,2018-03-01
กาฬสินธุ์,Kalasin,16.58667669,103.6133985,Apr,0,2018,off_season,4,2018-04-01
กาฬสินธุ์,Kalasin,16.58667669,103.6133985,May,0,2018,off_season,5,2018-05-01
กาฬสินธุ์,Kalasin,16.58667669,103.6133985,Jun,0,2018,off_season,6,2018-06-01
กาฬสินธุ์,Kalasin,16.58667669,103.6133985,Jul,0,2018,off_season,7,2018-07-01
กาฬสินธุ์,Kalasin,16.58667669,103.6133985,Aug,0,2018,off_season,8,2018-08-01
กาฬสินธุ์,Kalasin,16.58667669,103.6133985,Sep,0,2018,off_season,9,2018-09-01
กาฬสินธุ์,Kalasin,16.58667669,103.6133985,Oct,0,2018,off_season,10,2018-10-01
กาฬสินธุ์,Kalasin,16.58667669,103.6133985,Nov,514,2018,off_season,11,2018-11-01
กาฬสินธุ์,Kalasin,16.58667669,103.6133985,Dec,47110,2018,off_season,12,2018-12-01
กาฬสินธุ์,Kalasin,16.58667669,103.6133985,Jan,209680,2019,off_season,1,2019-01-01
กาฬสินธุ์,Kalasin,16.58667669,103.6133985,Feb,40986,2019,off_season,2,2019-02-01
กาฬสินธุ์,Kalasin,16.58667669,103.6133985,Mar,2094,2019,off_season,3,2019-03-01
กาฬสินธุ์,Kalasin,16.58667669,103.6133985,Apr,0,2019,off_season,4,2019-04-01
กาฬสินธุ์,Kalasin,16.58667669,103.6133985,May,0,2019,off_season,5,2019-05-01
กาฬสินธุ์,Kalasin,16.58667669,103.6133985,Jun,0,2019,off_season,6,2019-06-01
กาฬสินธุ์,Kalasin,16.58667669,103.6133985,Jul,0,2019,off_season,7,2019-07-01
กาฬสินธุ์,Kalasin,16.58667669,103.6133985,Aug,0,2019,off_season,8,2019-08-01
กาฬสินธุ์,Kalasin,16.58667669,103.6133985,Sep,0,2019,off_season,9,2019-09-01
กาฬสินธุ์,Kalasin,16.58667669,103.6133985,Oct,0,2019,off_season,10,2019-10-01
กาฬสินธุ์,Kalasin,16.58667669,103.6133985,Nov,400,2019,off_season,11,2019-11-01
กาฬสินธุ์,Kalasin,16.58667669,103.6133985,Dec,36705,2019,off_season,12,2019-12-01
กำแพงเพชร,Kamphaeng Phet,16.37223377,99.65637662,Jan,0,2015,in_season,1,2015-01-01
กำแพงเพชร,Kamphaeng Phet,16.37223377,99.65637662,Feb,0,2015,in_season,2,2015-02-01
กำแพงเพชร,Kamphaeng Phet,16.37223377,99.65637662,Mar,0,2015,in_season,3,2015-03-01
กำแพงเพชร,Kamphaeng Phet,16.37223377,99.65637662,Apr,0,2015,in_season,4,2015-04-01
กำแพงเพชร,Kamphaeng Phet,16.37223377,99.65637662,May,232800,2015,in_season,5,2015-05-01
กำแพงเพชร,Kamphaeng Phet,16.37223377,99.65637662,Jun,166406,2015,in_season,6,2015-06-01
กำแพงเพชร,Kamphaeng Phet,16.37223377,99.65637662,Jul,282447,2015,in_season,7,2015-07-01
กำแพงเพชร,Kamphaeng Phet,16.37223377,99.65637662,Aug,332452,2015,in_season,8,2015-08-01
กำแพงเพชร,Kamphaeng Phet,16.37223377,99.65637662,Sep,131713,2015,in_season,9,2015-09-01
กำแพงเพชร,Kamphaeng Phet,16.37223377,99.65637662,Oct,50484,2015,in_season,10,2015-10-01
กำแพงเพชร,Kamphaeng Phet,16.37223377,99.65637662,Nov,0,2015,in_season,11,2015-11-01
กำแพงเพชร,Kamphaeng Phet,16.37223377,99.65637662,Dec,0,2015,in_season,12,2015-12-01
กำแพงเพชร,Kamphaeng Phet,16.37223377,99.65637662,Jan,0,2016,in_season,1,2016-01-01
กำแพงเพชร,Kamphaeng Phet,16.37223377,99.65637662,Feb,0,2016,in_season,2,2016-02-01
กำแพงเพชร,Kamphaeng Phet,16.37223377,99.65637662,Mar,0,2016,in_season,3,2016-03-01
กำแพงเพชร,Kamphaeng Phet,16.37223377,99.65637662,Apr,0,2016,in_season,4,2016-04-01
กำแพงเพชร,Kamphaeng Phet,16.37223377,99.65637662,May,126934,2016,in_season,5,2016-05-01
กำแพงเพชร,Kamphaeng Phet,16.37223377,99.65637662,Jun,333520,2016,in_season,6,2016-06-01
กำแพงเพชร,Kamphaeng Phet,16.37223377,99.65637662,Jul,448094,2016,in_season,7,2016-07-01
กำแพงเพชร,Kamphaeng Phet,16.37223377,99.65637662,Aug,188710,2016,in_season,8,2016-08-01
กำแพงเพชร,Kamphaeng Phet,16.37223377,99.65637662,Sep,56025,2016,in_season,9,2016-09-01
กำแพงเพชร,Kamphaeng Phet,16.37223377,99.65637662,Oct,27737,2016,in_season,10,2016-10-01
กำแพงเพชร,Kamphaeng Phet,16.37223377,99.65637662,Nov,0,2016,in_season,11,2016-11-01
กำแพงเพชร,Kamphaeng Phet,16.37223377,99.65637662,Dec,0,2016,in_season,12,2016-12-01
กำแพงเพชร,Kamphaeng Phet,16.37223377,99.65637662,Jan,0,2017,in_season,1,2017-01-01
กำแพงเพชร,Kamphaeng Phet,16.37223377,99.65637662,Feb,0,2017,in_season,2,2017-02-01
กำแพงเพชร,Kamphaeng Phet,16.37223377,99.65637662,Mar,0,2017,in_season,3,2017-03-01
กำแพงเพชร,Kamphaeng Phet,16.37223377,99.65637662,Apr,0,2017,in_season,4,2017-04-01
กำแพงเพชร,Kamphaeng Phet,16.37223377,99.65637662,May,335798,2017,in_season,5,2017-05-01
กำแพงเพชร,Kamphaeng Phet,16.37223377,99.65637662,Jun,332238,2017,in_season,6,2017-06-01
กำแพงเพชร,Kamphaeng Phet,16.37223377,99.65637662,Jul,210880,2017,in_season,7,2017-07-01
กำแพงเพชร,Kamphaeng Phet,16.37223377,99.65637662,Aug,120307,2017,in_season,8,2017-08-01
กำแพงเพชร,Kamphaeng Phet,16.37223377,99.65637662,Sep,132920,2017,in_season,9,2017-09-01
กำแพงเพชร,Kamphaeng Phet,16.37223377,99.65637662,Oct,56477,2017,in_season,10,2017-10-01
กำแพงเพชร,Kamphaeng Phet,16.37223377,99.65637662,Nov,0,2017,in_season,11,2017-11-01
กำแพงเพชร,Kamphaeng Phet,16.37223377,99.65637662,Dec,0,2017,in_season,12,2017-12-01
กำแพงเพชร,Kamphaeng Phet,16.37223377,99.65637662,Jan,0,2018,in_season,1,2018-01-01
กำแพงเพชร,Kamphaeng Phet,16.37223377,99.65637662,Feb,0,2018,in_season,2,2018-02-01
กำแพงเพชร,Kamphaeng Phet,16.37223377,99.65637662,Mar,0,2018,in_season,3,2018-03-01
กำแพงเพชร,Kamphaeng Phet,16.37223377,99.65637662,Apr,0,2018,in_season,4,2018-04-01
กำแพงเพชร,Kamphaeng Phet,16.37223377,99.65637662,May,401905,2018,in_season,5,2018-05-01
กำแพงเพชร,Kamphaeng Phet,16.37223377,99.65637662,Jun,299497,2018,in_season,6,2018-06-01
กำแพงเพชร,Kamphaeng Phet,16.37223377,99.65637662,Jul,190283,2018,in_season,7,2018-07-01
กำแพงเพชร,Kamphaeng Phet,16.37223377,99.65637662,Aug,135971,2018,in_season,8,2018-08-01
กำแพงเพชร,Kamphaeng Phet,16.37223377,99.65637662,Sep,104229,2018,in_season,9,2018-09-01
กำแพงเพชร,Kamphaeng Phet,16.37223377,99.65637662,Oct,35033,2018,in_season,10,2018-10-01
กำแพงเพชร,Kamphaeng Phet,16.37223377,99.65637662,Nov,0,2018,in_season,11,2018-11-01
กำแพงเพชร,Kamphaeng Phet,16.37223377,99.65637662,Dec,0,2018,in_season,12,2018-12-01
กำแพงเพชร,Kamphaeng Phet,16.37223377,99.65637662,Jan,0,2019,in_season,1,2019-01-01
กำแพงเพชร,Kamphaeng Phet,16.37223377,99.65637662,Feb,0,2019,in_season,2,2019-02-01
กำแพงเพชร,Kamphaeng Phet,16.37223377,99.65637662,Mar,0,2019,in_season,3,2019-03-01
กำแพงเพชร,Kamphaeng Phet,16.37223377,99.65637662,Apr,0,2019,in_season,4,2019-04-01
กำแพงเพชร,Kamphaeng Phet,16.37223377,99.65637662,May,401905,2019,in_season,5,2019-05-01
กำแพงเพชร,Kamphaeng Phet,16.37223377,99.65637662,Jun,299497,2019,in_season,6,2019-06-01
กำแพงเพชร,Kamphaeng Phet,16.37223377,99.65637662,Jul,190283,2019,in_season,7,2019-07-01
กำแพงเพชร,Kamphaeng Phet,16.37223377,99.65637662,Aug,135971,2019,in_season,8,2019-08-01
กำแพงเพชร,Kamphaeng Phet,16.37223377,99.65637662,Sep,104229,2019,in_season,9,2019-09-01
กำแพงเพชร,Kamphaeng Phet,16.37223377,99.65637662,Oct,35033,2019,in_season,10,2019-10-01
กำแพงเพชร,Kamphaeng Phet,16.37223377,99.65637662,Nov,0,2019,in_season,11,2019-11-01
กำแพงเพชร,Kamphaeng Phet,16.37223377,99.65637662,Dec,0,2019,in_season,12,2019-12-01
กำแพงเพชร,Kamphaeng Phet,16.37223377,99.65637662,Jan,106506,2015,off_season,1,2015-01-01
กำแพงเพชร,Kamphaeng Phet,16.37223377,99.65637662,Feb,27776,2015,off_season,2,2015-02-01
กำแพงเพชร,Kamphaeng Phet,16.37223377,99.65637662,Mar,11113,2015,off_season,3,2015-03-01
กำแพงเพชร,Kamphaeng Phet,16.37223377,99.65637662,Apr,2931,2015,off_season,4,2015-04-01
กำแพงเพชร,Kamphaeng Phet,16.37223377,99.65637662,May,0,2015,off_season,5,2015-05-01
กำแพงเพชร,Kamphaeng Phet,16.37223377,99.65637662,Jun,0,2015,off_season,6,2015-06-01
กำแพงเพชร,Kamphaeng Phet,16.37223377,99.65637662,Jul,0,2015,off_season,7,2015-07-01
กำแพงเพชร,Kamphaeng Phet,16.37223377,99.65637662,Aug,0,2015,off_season,8,2015-08-01
กำแพงเพชร,Kamphaeng Phet,16.37223377,99.65637662,Sep,0,2015,off_season,9,2015-09-01
กำแพงเพชร,Kamphaeng Phet,16.37223377,99.65637662,Oct,0,2015,off_season,10,2015-10-01
กำแพงเพชร,Kamphaeng Phet,16.37223377,99.65637662,Nov,178409,2015,off_season,11,2015-11-01
กำแพงเพชร,Kamphaeng Phet,16.37223377,99.65637662,Dec,265907,2015,off_season,12,2015-12-01
กำแพงเพชร,Kamphaeng Phet,16.37223377,99.65637662,Jan,82690,2016,off_season,1,2016-01-01
กำแพงเพชร,Kamphaeng Phet,16.37223377,99.65637662,Feb,13476,2016,off_season,2,2016-02-01
กำแพงเพชร,Kamphaeng Phet,16.37223377,99.65637662,Mar,3230,2016,off_season,3,2016-03-01
กำแพงเพชร,Kamphaeng Phet,16.37223377,99.65637662,Apr,199,2016,off_season,4,2016-04-01
กำแพงเพชร,Kamphaeng Phet,16.37223377,99.65637662,May,0,2016,off_season,5,2016-05-01
กำแพงเพชร,Kamphaeng Phet,16.37223377,99.65637662,Jun,0,2016,off_season,6,2016-06-01
กำแพงเพชร,Kamphaeng Phet,16.37223377,99.65637662,Jul,0,2016,off_season,7,2016-07-01
กำแพงเพชร,Kamphaeng Phet,16.37223377,99.65637662,Aug,0,2016,off_season,8,2016-08-01
กำแพงเพชร,Kamphaeng Phet,16.37223377,99.65637662,Sep,0,2016,off_season,9,2016-09-01
กำแพงเพชร,Kamphaeng Phet,16.37223377,99.65637662,Oct,0,2016,off_season,10,2016-10-01
กำแพงเพชร,Kamphaeng Phet,16.37223377,99.65637662,Nov,61473,2016,off_season,11,2016-11-01
กำแพงเพชร,Kamphaeng Phet,16.37223377,99.65637662,Dec,90002,2016,off_season,12,2016-12-01
กำแพงเพชร,Kamphaeng Phet,16.37223377,99.65637662,Jan,146551,2017,off_season,1,2017-01-01
กำแพงเพชร,Kamphaeng Phet,16.37223377,99.65637662,Feb,36229,2017,off_season,2,2017-02-01
กำแพงเพชร,Kamphaeng Phet,16.37223377,99.65637662,Mar,6531,2017,off_season,3,2017-03-01
กำแพงเพชร,Kamphaeng Phet,16.37223377,99.65637662,Apr,0,2017,off_season,4,2017-04-01
กำแพงเพชร,Kamphaeng Phet,16.37223377,99.65637662,May,0,2017,off_season,5,2017-05-01
กำแพงเพชร,Kamphaeng Phet,16.37223377,99.65637662,Jun,0,2017,off_season,6,2017-06-01
กำแพงเพชร,Kamphaeng Phet,16.37223377,99.65637662,Jul,0,2017,off_season,7,2017-07-01
กำแพงเพชร,Kamphaeng Phet,16.37223377,99.65637662,Aug,0,2017,off_season,8,2017-08-01
กำแพงเพชร,Kamphaeng Phet,16.37223377,99.65637662,Sep,0,2017,off_season,9,2017-09-01
กำแพงเพชร,Kamphaeng Phet,16.37223377,99.65637662,Oct,0,2017,off_season,10,2017-10-01
กำแพงเพชร,Kamphaeng Phet,16.37223377,99.65637662,Nov,133162,2017,off_season,11,2017-11-01
กำแพงเพชร,Kamphaeng Phet,16.37223377,99.65637662,Dec,276966,2017,off_season,12,2017-12-01
กำแพงเพชร,Kamphaeng Phet,16.37223377,99.65637662,Jan,272223,2018,off_season,1,2018-01-01
กำแพงเพชร,Kamphaeng Phet,16.37223377,99.65637662,Feb,36835,2018,off_season,2,2018-02-01
กำแพงเพชร,Kamphaeng Phet,16.37223377,99.65637662,Mar,9924,2018,off_season,3,2018-03-01
กำแพงเพชร,Kamphaeng Phet,16.37223377,99.65637662,Apr,1487,2018,off_season,4,2018-04-01
กำแพงเพชร,Kamphaeng Phet,16.37223377,99.65637662,May,0,2018,off_season,5,2018-05-01
กำแพงเพชร,Kamphaeng Phet,16.37223377,99.65637662,Jun,0,2018,off_season,6,2018-06-01
กำแพงเพชร,Kamphaeng Phet,16.37223377,99.65637662,Jul,0,2018,off_season,7,2018-07-01
กำแพงเพชร,Kamphaeng Phet,16.37223377,99.65637662,Aug,0,2018,off_season,8,2018-08-01
กำแพงเพชร,Kamphaeng Phet,16.37223377,99.65637662,Sep,0,2018,off_season,9,2018-09-01
กำแพงเพชร,Kamphaeng Phet,16.37223377,99.65637662,Oct,0,2018,off_season,10,2018-10-01
กำแพงเพชร,Kamphaeng Phet,16.37223377,99.65637662,Nov,101686,2018,off_season,11,2018-11-01
กำแพงเพชร,Kamphaeng Phet,16.37223377,99.65637662,Dec,186606,2018,off_season,12,2018-12-01
กำแพงเพชร,Kamphaeng Phet,16.37223377,99.65637662,Jan,184420,2019,off_season,1,2019-01-01
กำแพงเพชร,Kamphaeng Phet,16.37223377,99.65637662,Feb,30097,2019,off_season,2,2019-02-01
กำแพงเพชร,Kamphaeng Phet,16.37223377,99.65637662,Mar,8315,2019,off_season,3,2019-03-01
กำแพงเพชร,Kamphaeng Phet,16.37223377,99.65637662,Apr,3546,2019,off_season,4,2019-04-01
กำแพงเพชร,Kamphaeng Phet,16.37223377,99.65637662,May,0,2019,off_season,5,2019-05-01
กำแพงเพชร,Kamphaeng Phet,16.37223377,99.65637662,Jun,0,2019,off_season,6,2019-06-01
กำแพงเพชร,Kamphaeng Phet,16.37223377,99.65637662,Jul,0,2019,off_season,7,2019-07-01
กำแพงเพชร,Kamphaeng Phet,16.37223377,99.65637662,Aug,0,2019,off_season,8,2019-08-01
กำแพงเพชร,Kamphaeng Phet,16.37223377,99.65637662,Sep,0,2019,off_season,9,2019-09-01
กำแพงเพชร,Kamphaeng Phet,16.37223377,99.65637662,Oct,0,2019,off_season,10,2019-10-01
กำแพงเพชร,Kamphaeng Phet,16.37223377,99.65637662,Nov,79677,2019,off_season,11,2019-11-01
กำแพงเพชร,Kamphaeng Phet,16.37223377,99.65637662,Dec,302987,2019,off_season,12,2019-12-01
กาญจนบุรี,Kanchanaburi,14.22504255,99.4401383,Jan,0,2015,in_season,1,2015-01-01
กาญจนบุรี,Kanchanaburi,14.22504255,99.4401383,Feb,0,2015,in_season,2,2015-02-01
กาญจนบุรี,Kanchanaburi,14.22504255,99.4401383,Mar,0,2015,in_season,3,2015-03-01
กาญจนบุรี,Kanchanaburi,14.22504255,99.4401383,Apr,0,2015,in_season,4,2015-04-01
กาญจนบุรี,Kanchanaburi,14.22504255,99.4401383,May,0,2015,in_season,5,2015-05-01
กาญจนบุรี,Kanchanaburi,14.22504255,99.4401383,Jun,269,2015,in_season,6,2015-06-01
กาญจนบุรี,Kanchanaburi,14.22504255,99.4401383,Jul,54629,2015,in_season,7,2015-07-01
กาญจนบุรี,Kanchanaburi,14.22504255,99.4401383,Aug,324812,2015,in_season,8,2015-08-01
กาญจนบุรี,Kanchanaburi,14.22504255,99.4401383,Sep,4575,2015,in_season,9,2015-09-01
กาญจนบุรี,Kanchanaburi,14.22504255,99.4401383,Oct,153,2015,in_season,10,2015-10-01
กาญจนบุรี,Kanchanaburi,14.22504255,99.4401383,Nov,0,2015,in_season,11,2015-11-01
กาญจนบุรี,Kanchanaburi,14.22504255,99.4401383,Dec,0,2015,in_season,12,2015-12-01
กาญจนบุรี,Kanchanaburi,14.22504255,99.4401383,Jan,0,2016,in_season,1,2016-01-01
กาญจนบุรี,Kanchanaburi,14.22504255,99.4401383,Feb,0,2016,in_season,2,2016-02-01
กาญจนบุรี,Kanchanaburi,14.22504255,99.4401383,Mar,0,2016,in_season,3,2016-03-01
กาญจนบุรี,Kanchanaburi,14.22504255,99.4401383,Apr,0,2016,in_season,4,2016-04-01
กาญจนบุรี,Kanchanaburi,14.22504255,99.4401383,May,502,2016,in_season,5,2016-05-01
กาญจนบุรี,Kanchanaburi,14.22504255,99.4401383,Jun,3839,2016,in_season,6,2016-06-01
กาญจนบุรี,Kanchanaburi,14.22504255,99.4401383,Jul,67759,2016,in_season,7,2016-07-01
กาญจนบุรี,Kanchanaburi,14.22504255,99.4401383,Aug,298625,2016,in_season,8,2016-08-01
กาญจนบุรี,Kanchanaburi,14.22504255,99.4401383,Sep,7351,2016,in_season,9,2016-09-01
กาญจนบุรี,Kanchanaburi,14.22504255,99.4401383,Oct,0,2016,in_season,10,2016-10-01
กาญจนบุรี,Kanchanaburi,14.22504255,99.4401383,Nov,0,2016,in_season,11,2016-11-01
กาญจนบุรี,Kanchanaburi,14.22504255,99.4401383,Dec,0,2016,in_season,12,2016-12-01
กาญจนบุรี,Kanchanaburi,14.22504255,99.4401383,Jan,0,2017,in_season,1,2017-01-01
กาญจนบุรี,Kanchanaburi,14.22504255,99.4401383,Feb,0,2017,in_season,2,2017-02-01
กาญจนบุรี,Kanchanaburi,14.22504255,99.4401383,Mar,0,2017,in_season,3,2017-03-01
กาญจนบุรี,Kanchanaburi,14.22504255,99.4401383,Apr,0,2017,in_season,4,2017-04-01
กาญจนบุรี,Kanchanaburi,14.22504255,99.4401383,May,1033,2017,in_season,5,2017-05-01
กาญจนบุรี,Kanchanaburi,14.22504255,99.4401383,Jun,3176,2017,in_season,6,2017-06-01
กาญจนบุรี,Kanchanaburi,14.22504255,99.4401383,Jul,86566,2017,in_season,7,2017-07-01
กาญจนบุรี,Kanchanaburi,14.22504255,99.4401383,Aug,276312,2017,in_season,8,2017-08-01
กาญจนบุรี,Kanchanaburi,14.22504255,99.4401383,Sep,8609,2017,in_season,9,2017-09-01
กาญจนบุรี,Kanchanaburi,14.22504255,99.4401383,Oct,345,2017,in_season,10,2017-10-01
กาญจนบุรี,Kanchanaburi,14.22504255,99.4401383,Nov,0,2017,in_season,11,2017-11-01
กาญจนบุรี,Kanchanaburi,14.22504255,99.4401383,Dec,0,2017,in_season,12,2017-12-01
กาญจนบุรี,Kanchanaburi,14.22504255,99.4401383,Jan,0,2018,in_season,1,2018-01-01
กาญจนบุรี,Kanchanaburi,14.22504255,99.4401383,Feb,0,2018,in_season,2,2018-02-01
กาญจนบุรี,Kanchanaburi,14.22504255,99.4401383,Mar,0,2018,in_season,3,2018-03-01
กาญจนบุรี,Kanchanaburi,14.22504255,99.4401383,Apr,0,2018,in_season,4,2018-04-01
กาญจนบุรี,Kanchanaburi,14.22504255,99.4401383,May,554,2018,in_season,5,2018-05-01
กาญจนบุรี,Kanchanaburi,14.22504255,99.4401383,Jun,7449,2018,in_season,6,2018-06-01
กาญจนบุรี,Kanchanaburi,14.22504255,99.4401383,Jul,81179,2018,in_season,7,2018-07-01
กาญจนบุรี,Kanchanaburi,14.22504255,99.4401383,Aug,284117,2018,in_season,8,2018-08-01
กาญจนบุรี,Kanchanaburi,14.22504255,99.4401383,Sep,576,2018,in_season,9,2018-09-01
กาญจนบุรี,Kanchanaburi,14.22504255,99.4401383,Oct,3380,2018,in_season,10,2018-10-01
กาญจนบุรี,Kanchanaburi,14.22504255,99.4401383,Nov,0,2018,in_season,11,2018-11-01
กาญจนบุรี,Kanchanaburi,14.22504255,99.4401383,Dec,0,2018,in_season,12,2018-12-01
กาญจนบุรี,Kanchanaburi,14.22504255,99.4401383,Jan,0,2019,in_season,1,2019-01-01
กาญจนบุรี,Kanchanaburi,14.22504255,99.4401383,Feb,0,2019,in_season,2,2019-02-01
กาญจนบุรี,Kanchanaburi,14.22504255,99.4401383,Mar,0,2019,in_season,3,2019-03-01
กาญจนบุรี,Kanchanaburi,14.22504255,99.4401383,Apr,0,2019,in_season,4,2019-04-01
กาญจนบุรี,Kanchanaburi,14.22504255,99.4401383,May,554,2019,in_season,5,2019-05-01
กาญจนบุรี,Kanchanaburi,14.22504255,99.4401383,Jun,7449,2019,in_season,6,2019-06-01
กาญจนบุรี,Kanchanaburi,14.22504255,99.4401383,Jul,81179,2019,in_season,7,2019-07-01
กาญจนบุรี,Kanchanaburi,14.22504255,99.4401383,Aug,284117,2019,in_season,8,2019-08-01
กาญจนบุรี,Kanchanaburi,14.22504255,99.4401383,Sep,576,2019,in_season,9,2019-09-01
กาญจนบุรี,Kanchanaburi,14.22504255,99.4401383,Oct,3380,2019,in_season,10,2019-10-01
กาญจนบุรี,Kanchanaburi,14.22504255,99.4401383,Nov,0,2019,in_season,11,2019-11-01
กาญจนบุรี,Kanchanaburi,14.22504255,99.4401383,Dec,0,2019,in_season,12,2019-12-01
กาญจนบุรี,Kanchanaburi,14.22504255,99.4401383,Jan,5087,2015,off_season,1,2015-01-01
กาญจนบุรี,Kanchanaburi,14.22504255,99.4401383,Feb,4120,2015,off_season,2,2015-02-01
กาญจนบุรี,Kanchanaburi,14.22504255,99.4401383,Mar,2736,2015,off_season,3,2015-03-01
กาญจนบุรี,Kanchanaburi,14.22504255,99.4401383,Apr,899,2015,off_season,4,2015-04-01
กาญจนบุรี,Kanchanaburi,14.22504255,99.4401383,May,0,2015,off_season,5,2015-05-01
กาญจนบุรี,Kanchanaburi,14.22504255,99.4401383,Jun,0,2015,off_season,6,2015-06-01
กาญจนบุรี,Kanchanaburi,14.22504255,99.4401383,Jul,0,2015,off_season,7,2015-07-01
กาญจนบุรี,Kanchanaburi,14.22504255,99.4401383,Aug,0,2015,off_season,8,2015-08-01
กาญจนบุรี,Kanchanaburi,14.22504255,99.4401383,Sep,0,2015,off_season,9,2015-09-01
กาญจนบุรี,Kanchanaburi,14.22504255,99.4401383,Oct,0,2015,off_season,10,2015-10-01
กาญจนบุรี,Kanchanaburi,14.22504255,99.4401383,Nov,697,2015,off_season,11,2015-11-01
กาญจนบุรี,Kanchanaburi,14.22504255,99.4401383,Dec,1289,2015,off_season,12,2015-12-01
กาญจนบุรี,Kanchanaburi,14.22504255,99.4401383,Jan,1475,2016,off_season,1,2016-01-01
กาญจนบุรี,Kanchanaburi,14.22504255,99.4401383,Feb,6756,2016,off_season,2,2016-02-01
กาญจนบุรี,Kanchanaburi,14.22504255,99.4401383,Mar,1980,2016,off_season,3,2016-03-01
กาญจนบุรี,Kanchanaburi,14.22504255,99.4401383,Apr,389,2016,off_season,4,2016-04-01
กาญจนบุรี,Kanchanaburi,14.22504255,99.4401383,May,0,2016,off_season,5,2016-05-01
กาญจนบุรี,Kanchanaburi,14.22504255,99.4401383,Jun,0,2016,off_season,6,2016-06-01
กาญจนบุรี,Kanchanaburi,14.22504255,99.4401383,Jul,0,2016,off_season,7,2016-07-01
กาญจนบุรี,Kanchanaburi,14.22504255,99.4401383,Aug,0,2016,off_season,8,2016-08-01
กาญจนบุรี,Kanchanaburi,14.22504255,99.4401383,Sep,0,2016,off_season,9,2016-09-01
กาญจนบุรี,Kanchanaburi,14.22504255,99.4401383,Oct,0,2016,off_season,10,2016-10-01
กาญจนบุรี,Kanchanaburi,14.22504255,99.4401383,Nov,286,2016,off_season,11,2016-11-01
กาญจนบุรี,Kanchanaburi,14.22504255,99.4401383,Dec,944,2016,off_season,12,2016-12-01
กาญจนบุรี,Kanchanaburi,14.22504255,99.4401383,Jan,3468,2017,off_season,1,2017-01-01
กาญจนบุรี,Kanchanaburi,14.22504255,99.4401383,Feb,13852,2017,off_season,2,2017-02-01
กาญจนบุรี,Kanchanaburi,14.22504255,99.4401383,Mar,18119,2017,off_season,3,2017-03-01
กาญจนบุรี,Kanchanaburi,14.22504255,99.4401383,Apr,1042,2017,off_season,4,2017-04-01
กาญจนบุรี,Kanchanaburi,14.22504255,99.4401383,May,0,2017,off_season,5,2017-05-01
กาญจนบุรี,Kanchanaburi,14.22504255,99.4401383,Jun,0,2017,off_season,6,2017-06-01
กาญจนบุรี,Kanchanaburi,14.22504255,99.4401383,Jul,0,2017,off_season,7,2017-07-01
กาญจนบุรี,Kanchanaburi,14.22504255,99.4401383,Aug,0,2017,off_season,8,2017-08-01
กาญจนบุรี,Kanchanaburi,14.22504255,99.4401383,Sep,0,2017,off_season,9,2017-09-01
กาญจนบุรี,Kanchanaburi,14.22504255,99.4401383,Oct,0,2017,off_season,10,2017-10-01
กาญจนบุรี,Kanchanaburi,14.22504255,99.4401383,Nov,0,2017,off_season,11,2017-11-01
กาญจนบุรี,Kanchanaburi,14.22504255,99.4401383,Dec,881,2017,off_season,12,2017-12-01
กาญจนบุรี,Kanchanaburi,14.22504255,99.4401383,Jan,2324,2018,off_season,1,2018-01-01
กาญจนบุรี,Kanchanaburi,14.22504255,99.4401383,Feb,19171,2018,off_season,2,2018-02-01
กาญจนบุรี,Kanchanaburi,14.22504255,99.4401383,Mar,154293,2018,off_season,3,2018-03-01
กาญจนบุรี,Kanchanaburi,14.22504255,99.4401383,Apr,6460,2018,off_season,4,2018-04-01
กาญจนบุรี,Kanchanaburi,14.22504255,99.4401383,May,0,2018,off_season,5,2018-05-01
กาญจนบุรี,Kanchanaburi,14.22504255,99.4401383,Jun,0,2018,off_season,6,2018-06-01
กาญจนบุรี,Kanchanaburi,14.22504255,99.4401383,Jul,0,2018,off_season,7,2018-07-01
กาญจนบุรี,Kanchanaburi,14.22504255,99.4401383,Aug,0,2018,off_season,8,2018-08-01
กาญจนบุรี,Kanchanaburi,14.22504255,99.4401383,Sep,0,2018,off_season,9,2018-09-01
กาญจนบุรี,Kanchanaburi,14.22504255,99.4401383,Oct,0,2018,off_season,10,2018-10-01
กาญจนบุรี,Kanchanaburi,14.22504255,99.4401383,Nov,768,2018,off_season,11,2018-11-01
กาญจนบุรี,Kanchanaburi,14.22504255,99.4401383,Dec,1518,2018,off_season,12,2018-12-01
กาญจนบุรี,Kanchanaburi,14.22504255,99.4401383,Jan,5438,2019,off_season,1,2019-01-01
กาญจนบุรี,Kanchanaburi,14.22504255,99.4401383,Feb,21168,2019,off_season,2,2019-02-01
กาญจนบุรี,Kanchanaburi,14.22504255,99.4401383,Mar,149810,2019,off_season,3,2019-03-01
กาญจนบุรี,Kanchanaburi,14.22504255,99.4401383,Apr,2445,2019,off_season,4,2019-04-01
กาญจนบุรี,Kanchanaburi,14.22504255,99.4401383,May,0,2019,off_season,5,2019-05-01
กาญจนบุรี,Kanchanaburi,14.22504255,99.4401383,Jun,0,2019,off_season,6,2019-06-01
กาญจนบุรี,Kanchanaburi,14.22504255,99.4401383,Jul,0,2019,off_season,7,2019-07-01
กาญจนบุรี,Kanchanaburi,14.22504255,99.4401383,Aug,0,2019,off_season,8,2019-08-01
กาญจนบุรี,Kanchanaburi,14.22504255,99.4401383,Sep,0,2019,off_season,9,2019-09-01
กาญจนบุรี,Kanchanaburi,14.22504255,99.4401383,Oct,0,2019,off_season,10,2019-10-01
กาญจนบุรี,Kanchanaburi,14.22504255,99.4401383,Nov,770,2019,off_season,11,2019-11-01
กาญจนบุรี,Kanchanaburi,14.22504255,99.4401383,Dec,1524,2019,off_season,12,2019-12-01
ขอนแก่น,Khon Kaen,16.35285,102.598805,Jan,0,2015,in_season,1,2015-01-01
ขอนแก่น,Khon Kaen,16.35285,102.598805,Feb,0,2015,in_season,2,2015-02-01
ขอนแก่น,Khon Kaen,16.35285,102.598805,Mar,0,2015,in_season,3,2015-03-01
ขอนแก่น,Khon Kaen,16.35285,102.598805,Apr,0,2015,in_season,4,2015-04-01
ขอนแก่น,Khon Kaen,16.35285,102.598805,May,382805,2015,in_season,5,2015-05-01
ขอนแก่น,Khon Kaen,16.35285,102.598805,Jun,1353952,2015,in_season,6,2015-06-01
ขอนแก่น,Khon Kaen,16.35285,102.598805,Jul,504691,2015,in_season,7,2015-07-01
ขอนแก่น,Khon Kaen,16.35285,102.598805,Aug,75772,2015,in_season,8,2015-08-01
ขอนแก่น,Khon Kaen,16.35285,102.598805,Sep,0,2015,in_season,9,2015-09-01
ขอนแก่น,Khon Kaen,16.35285,102.598805,Oct,0,2015,in_season,10,2015-10-01
ขอนแก่น,Khon Kaen,16.35285,102.598805,Nov,0,2015,in_season,11,2015-11-01
ขอนแก่น,Khon Kaen,16.35285,102.598805,Dec,0,2015,in_season,12,2015-12-01
ขอนแก่น,Khon Kaen,16.35285,102.598805,Jan,0,2016,in_season,1,2016-01-01
ขอนแก่น,Khon Kaen,16.35285,102.598805,Feb,0,2016,in_season,2,2016-02-01
ขอนแก่น,Khon Kaen,16.35285,102.598805,Mar,0,2016,in_season,3,2016-03-01
ขอนแก่น,Khon Kaen,16.35285,102.598805,Apr,0,2016,in_season,4,2016-04-01
ขอนแก่น,Khon Kaen,16.35285,102.598805,May,356796,2016,in_season,5,2016-05-01
ขอนแก่น,Khon Kaen,16.35285,102.598805,Jun,1525839,2016,in_season,6,2016-06-01
ขอนแก่น,Khon Kaen,16.35285,102.598805,Jul,310425,2016,in_season,7,2016-07-01
ขอนแก่น,Khon Kaen,16.35285,102.598805,Aug,147047,2016,in_season,8,2016-08-01
ขอนแก่น,Khon Kaen,16.35285,102.598805,Sep,0,2016,in_season,9,2016-09-01
ขอนแก่น,Khon Kaen,16.35285,102.598805,Oct,0,2016,in_season,10,2016-10-01
ขอนแก่น,Khon Kaen,16.35285,102.598805,Nov,0,2016,in_season,11,2016-11-01
ขอนแก่น,Khon Kaen,16.35285,102.598805,Dec,0,2016,in_season,12,2016-12-01
ขอนแก่น,Khon Kaen,16.35285,102.598805,Jan,0,2017,in_season,1,2017-01-01
ขอนแก่น,Khon Kaen,16.35285,102.598805,Feb,0,2017,in_season,2,2017-02-01
ขอนแก่น,Khon Kaen,16.35285,102.598805,Mar,0,2017,in_season,3,2017-03-01
ขอนแก่น,Khon Kaen,16.35285,102.598805,Apr,0,2017,in_season,4,2017-04-01
ขอนแก่น,Khon Kaen,16.35285,102.598805,May,411030,2017,in_season,5,2017-05-01
ขอนแก่น,Khon Kaen,16.35285,102.598805,Jun,1294428,2017,in_season,6,2017-06-01
ขอนแก่น,Khon Kaen,16.35285,102.598805,Jul,546678,2017,in_season,7,2017-07-01
ขอนแก่น,Khon Kaen,16.35285,102.598805,Aug,86023,2017,in_season,8,2017-08-01
ขอนแก่น,Khon Kaen,16.35285,102.598805,Sep,0,2017,in_season,9,2017-09-01
ขอนแก่น,Khon Kaen,16.35285,102.598805,Oct,0,2017,in_season,10,2017-10-01
ขอนแก่น,Khon Kaen,16.35285,102.598805,Nov,0,2017,in_season,11,2017-11-01
ขอนแก่น,Khon Kaen,16.35285,102.598805,Dec,0,2017,in_season,12,2017-12-01
ขอนแก่น,Khon Kaen,16.35285,102.598805,Jan,0,2018,in_season,1,2018-01-01
ขอนแก่น,Khon Kaen,16.35285,102.598805,Feb,0,2018,in_season,2,2018-02-01
ขอนแก่น,Khon Kaen,16.35285,102.598805,Mar,0,2018,in_season,3,2018-03-01
ขอนแก่น,Khon Kaen,16.35285,102.598805,Apr,0,2018,in_season,4,2018-04-01
ขอนแก่น,Khon Kaen,16.35285,102.598805,May,388492,2018,in_season,5,2018-05-01
ขอนแก่น,Khon Kaen,16.35285,102.598805,Jun,1284200,2018,in_season,6,2018-06-01
ขอนแก่น,Khon Kaen,16.35285,102.598805,Jul,540732,2018,in_season,7,2018-07-01
ขอนแก่น,Khon Kaen,16.35285,102.598805,Aug,100803,2018,in_season,8,2018-08-01
ขอนแก่น,Khon Kaen,16.35285,102.598805,Sep,0,2018,in_season,9,2018-09-01
ขอนแก่น,Khon Kaen,16.35285,102.598805,Oct,0,2018,in_season,10,2018-10-01
ขอนแก่น,Khon Kaen,16.35285,102.598805,Nov,0,2018,in_season,11,2018-11-01
ขอนแก่น,Khon Kaen,16.35285,102.598805,Dec,0,2018,in_season,12,2018-12-01
ขอนแก่น,Khon Kaen,16.35285,102.598805,Jan,0,2019,in_season,1,2019-01-01
ขอนแก่น,Khon Kaen,16.35285,102.598805,Feb,0,2019,in_season,2,2019-02-01
ขอนแก่น,Khon Kaen,16.35285,102.598805,Mar,0,2019,in_season,3,2019-03-01
ขอนแก่น,Khon Kaen,16.35285,102.598805,Apr,0,2019,in_season,4,2019-04-01
ขอนแก่น,Khon Kaen,16.35285,102.598805,May,388492,2019,in_season,5,2019-05-01
ขอนแก่น,Khon Kaen,16.35285,102.598805,Jun,1284200,2019,in_season,6,2019-06-01
ขอนแก่น,Khon Kaen,16.35285,102.598805,Jul,540732,2019,in_season,7,2019-07-01
ขอนแก่น,Khon Kaen,16.35285,102.598805,Aug,100803,2019,in_season,8,2019-08-01
ขอนแก่น,Khon Kaen,16.35285,102.598805,Sep,0,2019,in_season,9,2019-09-01
ขอนแก่น,Khon Kaen,16.35285,102.598805,Oct,0,2019,in_season,10,2019-10-01
ขอนแก่น,Khon Kaen,16.35285,102.598805,Nov,0,2019,in_season,11,2019-11-01
ขอนแก่น,Khon Kaen,16.35285,102.598805,Dec,0,2019,in_season,12,2019-12-01
ขอนแก่น,Khon Kaen,16.35285,102.598805,Jan,20963,2015,off_season,1,2015-01-01
ขอนแก่น,Khon Kaen,16.35285,102.598805,Feb,3264,2015,off_season,2,2015-02-01
ขอนแก่น,Khon Kaen,16.35285,102.598805,Mar,1537,2015,off_season,3,2015-03-01
ขอนแก่น,Khon Kaen,16.35285,102.598805,Apr,0,2015,off_season,4,2015-04-01
ขอนแก่น,Khon Kaen,16.35285,102.598805,May,0,2015,off_season,5,2015-05-01
ขอนแก่น,Khon Kaen,16.35285,102.598805,Jun,0,2015,off_season,6,2015-06-01
ขอนแก่น,Khon Kaen,16.35285,102.598805,Jul,0,2015,off_season,7,2015-07-01
ขอนแก่น,Khon Kaen,16.35285,102.598805,Aug,0,2015,off_season,8,2015-08-01
ขอนแก่น,Khon Kaen,16.35285,102.598805,Sep,0,2015,off_season,9,2015-09-01
ขอนแก่น,Khon Kaen,16.35285,102.598805,Oct,0,2015,off_season,10,2015-10-01
ขอนแก่น,Khon Kaen,16.35285,102.598805,Nov,1960,2015,off_season,11,2015-11-01
ขอนแก่น,Khon Kaen,16.35285,102.598805,Dec,17771,2015,off_season,12,2015-12-01
ขอนแก่น,Khon Kaen,16.35285,102.598805,Jan,3782,2016,off_season,1,2016-01-01
ขอนแก่น,Khon Kaen,16.35285,102.598805,Feb,462,2016,off_season,2,2016-02-01
ขอนแก่น,Khon Kaen,16.35285,102.598805,Mar,0,2016,off_season,3,2016-03-01
ขอนแก่น,Khon Kaen,16.35285,102.598805,Apr,0,2016,off_season,4,2016-04-01
ขอนแก่น,Khon Kaen,16.35285,102.598805,May,0,2016,off_season,5,2016-05-01
ขอนแก่น,Khon Kaen,16.35285,102.598805,Jun,0,2016,off_season,6,2016-06-01
ขอนแก่น,Khon Kaen,16.35285,102.598805,Jul,0,2016,off_season,7,2016-07-01
ขอนแก่น,Khon Kaen,16.35285,102.598805,Aug,0,2016,off_season,8,2016-08-01
ขอนแก่น,Khon Kaen,16.35285,102.598805,Sep,0,2016,off_season,9,2016-09-01
ขอนแก่น,Khon Kaen,16.35285,102.598805,Oct,0,2016,off_season,10,2016-10-01
ขอนแก่น,Khon Kaen,16.35285,102.598805,Nov,493,2016,off_season,11,2016-11-01
ขอนแก่น,Khon Kaen,16.35285,102.598805,Dec,5714,2016,off_season,12,2016-12-01
ขอนแก่น,Khon Kaen,16.35285,102.598805,Jan,81179,2017,off_season,1,2017-01-01
ขอนแก่น,Khon Kaen,16.35285,102.598805,Feb,30944,2017,off_season,2,2017-02-01
ขอนแก่น,Khon Kaen,16.35285,102.598805,Mar,4072,2017,off_season,3,2017-03-01
ขอนแก่น,Khon Kaen,16.35285,102.598805,Apr,0,2017,off_season,4,2017-04-01
ขอนแก่น,Khon Kaen,16.35285,102.598805,May,0,2017,off_season,5,2017-05-01
ขอนแก่น,Khon Kaen,16.35285,102.598805,Jun,0,2017,off_season,6,2017-06-01
ขอนแก่น,Khon Kaen,16.35285,102.598805,Jul,0,2017,off_season,7,2017-07-01
ขอนแก่น,Khon Kaen,16.35285,102.598805,Aug,0,2017,off_season,8,2017-08-01
ขอนแก่น,Khon Kaen,16.35285,102.598805,Sep,0,2017,off_season,9,2017-09-01
ขอนแก่น,Khon Kaen,16.35285,102.598805,Oct,0,2017,off_season,10,2017-10-01
ขอนแก่น,Khon Kaen,16.35285,102.598805,Nov,1080,2017,off_season,11,2017-11-01
ขอนแก่น,Khon Kaen,16.35285,102.598805,Dec,22637,2017,off_season,12,2017-12-01
ขอนแก่น,Khon Kaen,16.35285,102.598805,Jan,83105,2018,off_season,1,2018-01-01
ขอนแก่น,Khon Kaen,16.35285,102.598805,Feb,37001,2018,off_season,2,2018-02-01
ขอนแก่น,Khon Kaen,16.35285,102.598805,Mar,1937,2018,off_season,3,2018-03-01
ขอนแก่น,Khon Kaen,16.35285,102.598805,Apr,460,2018,off_season,4,2018-04-01
ขอนแก่น,Khon Kaen,16.35285,102.598805,May,0,2018,off_season,5,2018-05-01
ขอนแก่น,Khon Kaen,16.35285,102.598805,Jun,0,2018,off_season,6,2018-06-01
ขอนแก่น,Khon Kaen,16.35285,102.598805,Jul,0,2018,off_season,7,2018-07-01
ขอนแก่น,Khon Kaen,16.35285,102.598805,Aug,0,2018,off_season,8,2018-08-01
ขอนแก่น,Khon Kaen,16.35285,102.598805,Sep,0,2018,off_season,9,2018-09-01
ขอนแก่น,Khon Kaen,16.35285,102.598805,Oct,0,2018,off_season,10,2018-10-01
ขอนแก่น,Khon Kaen,16.35285,102.598805,Nov,507,2018,off_season,11,2018-11-01
ขอนแก่น,Khon Kaen,16.35285,102.598805,Dec,24096,2018,off_season,12,2018-12-01
ขอนแก่น,Khon Kaen,16.35285,102.598805,Jan,18961,2019,off_season,1,2019-01-01
ขอนแก่น,Khon Kaen,16.35285,102.598805,Feb,2686,2019,off_season,2,2019-02-01
ขอนแก่น,Khon Kaen,16.35285,102.598805,Mar,72,2019,off_season,3,2019-03-01
ขอนแก่น,Khon Kaen,16.35285,102.598805,Apr,0,2019,off_season,4,2019-04-01
ขอนแก่น,Khon Kaen,16.35285,102.598805,May,0,2019,off_season,5,2019-05-01
ขอนแก่น,Khon Kaen,16.35285,102.598805,Jun,0,2019,off_season,6,2019-06-01
ขอนแก่น,Khon Kaen,16.35285,102.598805,Jul,0,2019,off_season,7,2019-07-01
ขอนแก่น,Khon Kaen,16.35285,102.598805,Aug,0,2019,off_season,8,2019-08-01
ขอนแก่น,Khon Kaen,16.35285,102.598805,Sep,0,2019,off_season,9,2019-09-01
ขอนแก่น,Khon Kaen,16.35285,102.598805,Oct,0,2019,off_season,10,2019-10-01
ขอนแก่น,Khon Kaen,16.35285,102.598805,Nov,79,2019,off_season,11,2019-11-01
ขอนแก่น,Khon Kaen,16.35285,102.598805,Dec,3562,2019,off_season,12,2019-12-01
กระบี่,Krabi,8.009243243,98.93368468,Jan,0,2015,in_season,1,2015-01-01
กระบี่,Krabi,8.009243243,98.93368468,Feb,0,2015,in_season,2,2015-02-01
กระบี่,Krabi,8.009243243,98.93368468,Mar,0,2015,in_season,3,2015-03-01
กระบี่,Krabi,8.009243243,98.93368468,Apr,0,2015,in_season,4,2015-04-01
กระบี่,Krabi,8.009243243,98.93368468,May,0,2015,in_season,5,2015-05-01
กระบี่,Krabi,8.009243243,98.93368468,Jun,138,2015,in_season,6,2015-06-01
กระบี่,Krabi,8.009243243,98.93368468,Jul,730,2015,in_season,7,2015-07-01
กระบี่,Krabi,8.009243243,98.93368468,Aug,3017,2015,in_season,8,2015-08-01
กระบี่,Krabi,8.009243243,98.93368468,Sep,2531,2015,in_season,9,2015-09-01
กระบี่,Krabi,8.009243243,98.93368468,Oct,242,2015,in_season,10,2015-10-01
กระบี่,Krabi,8.009243243,98.93368468,Nov,0,2015,in_season,11,2015-11-01
กระบี่,Krabi,8.009243243,98.93368468,Dec,0,2015,in_season,12,2015-12-01
กระบี่,Krabi,8.009243243,98.93368468,Jan,0,2016,in_season,1,2016-01-01
กระบี่,Krabi,8.009243243,98.93368468,Feb,0,2016,in_season,2,2016-02-01
กระบี่,Krabi,8.009243243,98.93368468,Mar,0,2016,in_season,3,2016-03-01
กระบี่,Krabi,8.009243243,98.93368468,Apr,0,2016,in_season,4,2016-04-01
กระบี่,Krabi,8.009243243,98.93368468,May,0,2016,in_season,5,2016-05-01
กระบี่,Krabi,8.009243243,98.93368468,Jun,102,2016,in_season,6,2016-06-01
กระบี่,Krabi,8.009243243,98.93368468,Jul,1412,2016,in_season,7,2016-07-01
กระบี่,Krabi,8.009243243,98.93368468,Aug,1850,2016,in_season,8,2016-08-01
กระบี่,Krabi,8.009243243,98.93368468,Sep,1658,2016,in_season,9,2016-09-01
กระบี่,Krabi,8.009243243,98.93368468,Oct,352,2016,in_season,10,2016-10-01
กระบี่,Krabi,8.009243243,98.93368468,Nov,0,2016,in_season,11,2016-11-01
กระบี่,Krabi,8.009243243,98.93368468,Dec,0,2016,in_season,12,2016-12-01
กระบี่,Krabi,8.009243243,98.93368468,Jan,0,2017,in_season,1,2017-01-01
กระบี่,Krabi,8.009243243,98.93368468,Feb,0,2017,in_season,2,2017-02-01
กระบี่,Krabi,8.009243243,98.93368468,Mar,0,2017,in_season,3,2017-03-01
กระบี่,Krabi,8.009243243,98.93368468,Apr,0,2017,in_season,4,2017-04-01
กระบี่,Krabi,8.009243243,98.93368468,May,0,2017,in_season,5,2017-05-01
กระบี่,Krabi,8.009243243,98.93368468,Jun,58,2017,in_season,6,2017-06-01
กระบี่,Krabi,8.009243243,98.93368468,Jul,482,2017,in_season,7,2017-07-01
กระบี่,Krabi,8.009243243,98.93368468,Aug,3128,2017,in_season,8,2017-08-01
กระบี่,Krabi,8.009243243,98.93368468,Sep,1203,2017,in_season,9,2017-09-01
กระบี่,Krabi,8.009243243,98.93368468,Oct,602,2017,in_season,10,2017-10-01
กระบี่,Krabi,8.009243243,98.93368468,Nov,0,2017,in_season,11,2017-11-01
กระบี่,Krabi,8.009243243,98.93368468,Dec,0,2017,in_season,12,2017-12-01
กระบี่,Krabi,8.009243243,98.93368468,Jan,0,2018,in_season,1,2018-01-01
กระบี่,Krabi,8.009243243,98.93368468,Feb,0,2018,in_season,2,2018-02-01
กระบี่,Krabi,8.009243243,98.93368468,Mar,0,2018,in_season,3,2018-03-01
กระบี่,Krabi,8.009243243,98.93368468,Apr,0,2018,in_season,4,2018-04-01
กระบี่,Krabi,8.009243243,98.93368468,May,0,2018,in_season,5,2018-05-01
กระบี่,Krabi,8.009243243,98.93368468,Jun,226,2018,in_season,6,2018-06-01
กระบี่,Krabi,8.009243243,98.93368468,Jul,1425,2018,in_season,7,2018-07-01
กระบี่,Krabi,8.009243243,98.93368468,Aug,1607,2018,in_season,8,2018-08-01
กระบี่,Krabi,8.009243243,98.93368468,Sep,826,2018,in_season,9,2018-09-01
กระบี่,Krabi,8.009243243,98.93368468,Oct,442,2018,in_season,10,2018-10-01
กระบี่,Krabi,8.009243243,98.93368468,Nov,0,2018,in_season,11,2018-11-01
กระบี่,Krabi,8.009243243,98.93368468,Dec,0,2018,in_season,12,2018-12-01
กระบี่,Krabi,8.009243243,98.93368468,Jan,0,2019,in_season,1,2019-01-01
กระบี่,Krabi,8.009243243,98.93368468,Feb,0,2019,in_season,2,2019-02-01
กระบี่,Krabi,8.009243243,98.93368468,Mar,0,2019,in_season,3,2019-03-01
กระบี่,Krabi,8.009243243,98.93368468,Apr,0,2019,in_season,4,2019-04-01
กระบี่,Krabi,8.009243243,98.93368468,May,0,2019,in_season,5,2019-05-01
กระบี่,Krabi,8.009243243,98.93368468,Jun,226,2019,in_season,6,2019-06-01
กระบี่,Krabi,8.009243243,98.93368468,Jul,1425,2019,in_season,7,2019-07-01
กระบี่,Krabi,8.009243243,98.93368468,Aug,1607,2019,in_season,8,2019-08-01
กระบี่,Krabi,8.009243243,98.93368468,Sep,826,2019,in_season,9,2019-09-01
กระบี่,Krabi,8.009243243,98.93368468,Oct,442,2019,in_season,10,2019-10-01
กระบี่,Krabi,8.009243243,98.93368468,Nov,0,2019,in_season,11,2019-11-01
กระบี่,Krabi,8.009243243,98.93368468,Dec,0,2019,in_season,12,2019-12-01
กระบี่,Krabi,8.009243243,98.93368468,Jan,0,2015,off_season,1,2015-01-01
กระบี่,Krabi,8.009243243,98.93368468,Feb,0,2015,off_season,2,2015-02-01
กระบี่,Krabi,8.009243243,98.93368468,Mar,0,2015,off_season,3,2015-03-01
กระบี่,Krabi,8.009243243,98.93368468,Apr,0,2015,off_season,4,2015-04-01
กระบี่,Krabi,8.009243243,98.93368468,May,0,2015,off_season,5,2015-05-01
กระบี่,Krabi,8.009243243,98.93368468,Jun,0,2015,off_season,6,2015-06-01
กระบี่,Krabi,8.009243243,98.93368468,Jul,0,2015,off_season,7,2015-07-01
กระบี่,Krabi,8.009243243,98.93368468,Aug,0,2015,off_season,8,2015-08-01
กระบี่,Krabi,8.009243243,98.93368468,Sep,0,2015,off_season,9,2015-09-01
กระบี่,Krabi,8.009243243,98.93368468,Oct,0,2015,off_season,10,2015-10-01
กระบี่,Krabi,8.009243243,98.93368468,Nov,0,2015,off_season,11,2015-11-01
กระบี่,Krabi,8.009243243,98.93368468,Dec,0,2015,off_season,12,2015-12-01
กระบี่,Krabi,8.009243243,98.93368468,Jan,0,2016,off_season,1,2016-01-01
กระบี่,Krabi,8.009243243,98.93368468,Feb,0,2016,off_season,2,2016-02-01
กระบี่,Krabi,8.009243243,98.93368468,Mar,0,2016,off_season,3,2016-03-01
กระบี่,Krabi,8.009243243,98.93368468,Apr,0,2016,off_season,4,2016-04-01
กระบี่,Krabi,8.009243243,98.93368468,May,0,2016,off_season,5,2016-05-01
กระบี่,Krabi,8.009243243,98.93368468,Jun,0,2016,off_season,6,2016-06-01
กระบี่,Krabi,8.009243243,98.93368468,Jul,0,2016,off_season,7,2016-07-01
กระบี่,Krabi,8.009243243,98.93368468,Aug,0,2016,off_season,8,2016-08-01
กระบี่,Krabi,8.009243243,98.93368468,Sep,0,2016,off_season,9,2016-09-01
กระบี่,Krabi,8.009243243,98.93368468,Oct,0,2016,off_season,10,2016-10-01
กระบี่,Krabi,8.009243243,98.93368468,Nov,0,2016,off_season,11,2016-11-01
กระบี่,Krabi,8.009243243,98.93368468,Dec,0,2016,off_season,12,2016-12-01
กระบี่,Krabi,8.009243243,98.93368468,Jan,0,2017,off_season,1,2017-01-01
กระบี่,Krabi,8.009243243,98.93368468,Feb,0,2017,off_season,2,2017-02-01
กระบี่,Krabi,8.009243243,98.93368468,Mar,0,2017,off_season,3,2017-03-01
กระบี่,Krabi,8.009243243,98.93368468,Apr,0,2017,off_season,4,2017-04-01
กระบี่,Krabi,8.009243243,98.93368468,May,0,2017,off_season,5,2017-05-01
กระบี่,Krabi,8.009243243,98.93368468,Jun,0,2017,off_season,6,2017-06-01
กระบี่,Krabi,8.009243243,98.93368468,Jul,0,2017,off_season,7,2017-07-01
กระบี่,Krabi,8.009243243,98.93368468,Aug,0,2017,off_season,8,2017-08-01
กระบี่,Krabi,8.009243243,98.93368468,Sep,0,2017,off_season,9,2017-09-01
กระบี่,Krabi,8.009243243,98.93368468,Oct,0,2017,off_season,10,2017-10-01
กระบี่,Krabi,8.009243243,98.93368468,Nov,0,2017,off_season,11,2017-11-01
กระบี่,Krabi,8.009243243,98.93368468,Dec,0,2017,off_season,12,2017-12-01
กระบี่,Krabi,8.009243243,98.93368468,Jan,0,2018,off_season,1,2018-01-01
กระบี่,Krabi,8.009243243,98.93368468,Feb,0,2018,off_season,2,2018-02-01
กระบี่,Krabi,8.009243243,98.93368468,Mar,0,2018,off_season,3,2018-03-01
กระบี่,Krabi,8.009243243,98.93368468,Apr,0,2018,off_season,4,2018-04-01
กระบี่,Krabi,8.009243243,98.93368468,May,0,2018,off_season,5,2018-05-01
กระบี่,Krabi,8.009243243,98.93368468,Jun,0,2018,off_season,6,2018-06-01
กระบี่,Krabi,8.009243243,98.93368468,Jul,0,2018,off_season,7,2018-07-01
กระบี่,Krabi,8.009243243,98.93368468,Aug,0,2018,off_season,8,2018-08-01
กระบี่,Krabi,8.009243243,98.93368468,Sep,0,2018,off_season,9,2018-09-01
กระบี่,Krabi,8.009243243,98.93368468,Oct,0,2018,off_season,10,2018-10-01
กระบี่,Krabi,8.009243243,98.93368468,Nov,0,2018,off_season,11,2018-11-01
กระบี่,Krabi,8.009243243,98.93368468,Dec,0,2018,off_season,12,2018-12-01
กระบี่,Krabi,8.009243243,98.93368468,Jan,0,2019,off_season,1,2019-01-01
กระบี่,Krabi,8.009243243,98.93368468,Feb,0,2019,off_season,2,2019-02-01
กระบี่,Krabi,8.009243243,98.93368468,Mar,0,2019,off_season,3,2019-03-01
กระบี่,Krabi,8.009243243,98.93368468,Apr,0,2019,off_season,4,2019-04-01
กระบี่,Krabi,8.009243243,98.93368468,May,0,2019,off_season,5,2019-05-01
กระบี่,Krabi,8.009243243,98.93368468,Jun,0,2019,off_season,6,2019-06-01
กระบี่,Krabi,8.009243243,98.93368468,Jul,0,2019,off_season,7,2019-07-01
กระบี่,Krabi,8.009243243,98.93368468,Aug,0,2019,off_season,8,2019-08-01
กระบี่,Krabi,8.009243243,98.93368468,Sep,0,2019,off_season,9,2019-09-01
กระบี่,Krabi,8.009243243,98.93368468,Oct,0,2019,off_season,10,2019-10-01
กระบี่,Krabi,8.009243243,98.93368468,Nov,0,2019,off_season,11,2019-11-01
กระบี่,Krabi,8.009243243,98.93368468,Dec,0,2019,off_season,12,2019-12-01
ลำปาง,Lampang,18.34986458,99.50325,Jan,0,2015,in_season,1,2015-01-01
ลำปาง,Lampang,18.34986458,99.50325,Feb,0,2015,in_season,2,2015-02-01
ลำปาง,Lampang,18.34986458,99.50325,Mar,0,2015,in_season,3,2015-03-01
ลำปาง,Lampang,18.34986458,99.50325,Apr,0,2015,in_season,4,2015-04-01
ลำปาง,Lampang,18.34986458,99.50325,May,9578,2015,in_season,5,2015-05-01
ลำปาง,Lampang,18.34986458,99.50325,Jun,39584,2015,in_season,6,2015-06-01
ลำปาง,Lampang,18.34986458,99.50325,Jul,210993,2015,in_season,7,2015-07-01
ลำปาง,Lampang,18.34986458,99.50325,Aug,137271,2015,in_season,8,2015-08-01
ลำปาง,Lampang,18.34986458,99.50325,Sep,0,2015,in_season,9,2015-09-01
ลำปาง,Lampang,18.34986458,99.50325,Oct,0,2015,in_season,10,2015-10-01
ลำปาง,Lampang,18.34986458,99.50325,Nov,0,2015,in_season,11,2015-11-01
ลำปาง,Lampang,18.34986458,99.50325,Dec,0,2015,in_season,12,2015-12-01
ลำปาง,Lampang,18.34986458,99.50325,Jan,0,2016,in_season,1,2016-01-01
ลำปาง,Lampang,18.34986458,99.50325,Feb,0,2016,in_season,2,2016-02-01
ลำปาง,Lampang,18.34986458,99.50325,Mar,0,2016,in_season,3,2016-03-01
ลำปาง,Lampang,18.34986458,99.50325,Apr,0,2016,in_season,4,2016-04-01
ลำปาง,Lampang,18.34986458,99.50325,May,6576,2016,in_season,5,2016-05-01
ลำปาง,Lampang,18.34986458,99.50325,Jun,33813,2016,in_season,6,2016-06-01
ลำปาง,Lampang,18.34986458,99.50325,Jul,257210,2016,in_season,7,2016-07-01
ลำปาง,Lampang,18.34986458,99.50325,Aug,124292,2016,in_season,8,2016-08-01
ลำปาง,Lampang,18.34986458,99.50325,Sep,0,2016,in_season,9,2016-09-01
ลำปาง,Lampang,18.34986458,99.50325,Oct,0,2016,in_season,10,2016-10-01
ลำปาง,Lampang,18.34986458,99.50325,Nov,0,2016,in_season,11,2016-11-01
ลำปาง,Lampang,18.34986458,99.50325,Dec,0,2016,in_season,12,2016-12-01
ลำปาง,Lampang,18.34986458,99.50325,Jan,0,2017,in_season,1,2017-01-01
ลำปาง,Lampang,18.34986458,99.50325,Feb,0,2017,in_season,2,2017-02-01
ลำปาง,Lampang,18.34986458,99.50325,Mar,0,2017,in_season,3,2017-03-01
ลำปาง,Lampang,18.34986458,99.50325,Apr,0,2017,in_season,4,2017-04-01
ลำปาง,Lampang,18.34986458,99.50325,May,4459,2017,in_season,5,2017-05-01
ลำปาง,Lampang,18.34986458,99.50325,Jun,34564,2017,in_season,6,2017-06-01
ลำปาง,Lampang,18.34986458,99.50325,Jul,271997,2017,in_season,7,2017-07-01
ลำปาง,Lampang,18.34986458,99.50325,Aug,117163,2017,in_season,8,2017-08-01
ลำปาง,Lampang,18.34986458,99.50325,Sep,2956,2017,in_season,9,2017-09-01
ลำปาง,Lampang,18.34986458,99.50325,Oct,0,2017,in_season,10,2017-10-01
ลำปาง,Lampang,18.34986458,99.50325,Nov,0,2017,in_season,11,2017-11-01
ลำปาง,Lampang,18.34986458,99.50325,Dec,0,2017,in_season,12,2017-12-01
ลำปาง,Lampang,18.34986458,99.50325,Jan,0,2018,in_season,1,2018-01-01
ลำปาง,Lampang,18.34986458,99.50325,Feb,0,2018,in_season,2,2018-02-01
ลำปาง,Lampang,18.34986458,99.50325,Mar,0,2018,in_season,3,2018-03-01
ลำปาง,Lampang,18.34986458,99.50325,Apr,0,2018,in_season,4,2018-04-01
ลำปาง,Lampang,18.34986458,99.50325,May,3797,2018,in_season,5,2018-05-01
ลำปาง,Lampang,18.34986458,99.50325,Jun,26517,2018,in_season,6,2018-06-01
ลำปาง,Lampang,18.34986458,99.50325,Jul,279334,2018,in_season,7,2018-07-01
ลำปาง,Lampang,18.34986458,99.50325,Aug,121400,2018,in_season,8,2018-08-01
ลำปาง,Lampang,18.34986458,99.50325,Sep,3676,2018,in_season,9,2018-09-01
ลำปาง,Lampang,18.34986458,99.50325,Oct,0,2018,in_season,10,2018-10-01
ลำปาง,Lampang,18.34986458,99.50325,Nov,0,2018,in_season,11,2018-11-01
ลำปาง,Lampang,18.34986458,99.50325,Dec,0,2018,in_season,12,2018-12-01
ลำปาง,Lampang,18.34986458,99.50325,Jan,0,2019,in_season,1,2019-01-01
ลำปาง,Lampang,18.34986458,99.50325,Feb,0,2019,in_season,2,2019-02-01
ลำปาง,Lampang,18.34986458,99.50325,Mar,0,2019,in_season,3,2019-03-01
ลำปาง,Lampang,18.34986458,99.50325,Apr,0,2019,in_season,4,2019-04-01
ลำปาง,Lampang,18.34986458,99.50325,May,3797,2019,in_season,5,2019-05-01
ลำปาง,Lampang,18.34986458,99.50325,Jun,26517,2019,in_season,6,2019-06-01
ลำปาง,Lampang,18.34986458,99.50325,Jul,279334,2019,in_season,7,2019-07-01
ลำปาง,Lampang,18.34986458,99.50325,Aug,121400,2019,in_season,8,2019-08-01
ลำปาง,Lampang,18.34986458,99.50325,Sep,3676,2019,in_season,9,2019-09-01
ลำปาง,Lampang,18.34986458,99.50325,Oct,0,2019,in_season,10,2019-10-01
ลำปาง,Lampang,18.34986458,99.50325,Nov,0,2019,in_season,11,2019-11-01
ลำปาง,Lampang,18.34986458,99.50325,Dec,0,2019,in_season,12,2019-12-01
ลำปาง,Lampang,18.34986458,99.50325,Jan,8086,2015,off_season,1,2015-01-01
ลำปาง,Lampang,18.34986458,99.50325,Feb,3875,2015,off_season,2,2015-02-01
ลำปาง,Lampang,18.34986458,99.50325,Mar,393,2015,off_season,3,2015-03-01
ลำปาง,Lampang,18.34986458,99.50325,Apr,46,2015,off_season,4,2015-04-01
ลำปาง,Lampang,18.34986458,99.50325,May,0,2015,off_season,5,2015-05-01
ลำปาง,Lampang,18.34986458,99.50325,Jun,0,2015,off_season,6,2015-06-01
ลำปาง,Lampang,18.34986458,99.50325,Jul,0,2015,off_season,7,2015-07-01
ลำปาง,Lampang,18.34986458,99.50325,Aug,0,2015,off_season,8,2015-08-01
ลำปาง,Lampang,18.34986458,99.50325,Sep,0,2015,off_season,9,2015-09-01
ลำปาง,Lampang,18.34986458,99.50325,Oct,0,2015,off_season,10,2015-10-01
ลำปาง,Lampang,18.34986458,99.50325,Nov,0,2015,off_season,11,2015-11-01
ลำปาง,Lampang,18.34986458,99.50325,Dec,2743,2015,off_season,12,2015-12-01
ลำปาง,Lampang,18.34986458,99.50325,Jan,2255,2016,off_season,1,2016-01-01
ลำปาง,Lampang,18.34986458,99.50325,Feb,767,2016,off_season,2,2016-02-01
ลำปาง,Lampang,18.34986458,99.50325,Mar,0,2016,off_season,3,2016-03-01
ลำปาง,Lampang,18.34986458,99.50325,Apr,0,2016,off_season,4,2016-04-01
ลำปาง,Lampang,18.34986458,99.50325,May,0,2016,off_season,5,2016-05-01
ลำปาง,Lampang,18.34986458,99.50325,Jun,0,2016,off_season,6,2016-06-01
ลำปาง,Lampang,18.34986458,99.50325,Jul,0,2016,off_season,7,2016-07-01
ลำปาง,Lampang,18.34986458,99.50325,Aug,0,2016,off_season,8,2016-08-01
ลำปาง,Lampang,18.34986458,99.50325,Sep,0,2016,off_season,9,2016-09-01
ลำปาง,Lampang,18.34986458,99.50325,Oct,0,2016,off_season,10,2016-10-01
ลำปาง,Lampang,18.34986458,99.50325,Nov,0,2016,off_season,11,2016-11-01
ลำปาง,Lampang,18.34986458,99.50325,Dec,1197,2016,off_season,12,2016-12-01
ลำปาง,Lampang,18.34986458,99.50325,Jan,23533,2017,off_season,1,2017-01-01
ลำปาง,Lampang,18.34986458,99.50325,Feb,11864,2017,off_season,2,2017-02-01
ลำปาง,Lampang,18.34986458,99.50325,Mar,1226,2017,off_season,3,2017-03-01
ลำปาง,Lampang,18.34986458,99.50325,Apr,0,2017,off_season,4,2017-04-01
ลำปาง,Lampang,18.34986458,99.50325,May,0,2017,off_season,5,2017-05-01
ลำปาง,Lampang,18.34986458,99.50325,Jun,0,2017,off_season,6,2017-06-01
ลำปาง,Lampang,18.34986458,99.50325,Jul,0,2017,off_season,7,2017-07-01
ลำปาง,Lampang,18.34986458,99.50325,Aug,0,2017,off_season,8,2017-08-01
ลำปาง,Lampang,18.34986458,99.50325,Sep,0,2017,off_season,9,2017-09-01
ลำปาง,Lampang,18.34986458,99.50325,Oct,0,2017,off_season,10,2017-10-01
ลำปาง,Lampang,18.34986458,99.50325,Nov,144,2017,off_season,11,2017-11-01
ลำปาง,Lampang,18.34986458,99.50325,Dec,7785,2017,off_season,12,2017-12-01
ลำปาง,Lampang,18.34986458,99.50325,Jan,24285,2018,off_season,1,2018-01-01
ลำปาง,Lampang,18.34986458,99.50325,Feb,9590,2018,off_season,2,2018-02-01
ลำปาง,Lampang,18.34986458,99.50325,Mar,0,2018,off_season,3,2018-03-01
ลำปาง,Lampang,18.34986458,99.50325,Apr,0,2018,off_season,4,2018-04-01
ลำปาง,Lampang,18.34986458,99.50325,May,0,2018,off_season,5,2018-05-01
ลำปาง,Lampang,18.34986458,99.50325,Jun,0,2018,off_season,6,2018-06-01
ลำปาง,Lampang,18.34986458,99.50325,Jul,0,2018,off_season,7,2018-07-01
ลำปาง,Lampang,18.34986458,99.50325,Aug,0,2018,off_season,8,2018-08-01
ลำปาง,Lampang,18.34986458,99.50325,Sep,0,2018,off_season,9,2018-09-01
ลำปาง,Lampang,18.34986458,99.50325,Oct,0,2018,off_season,10,2018-10-01
ลำปาง,Lampang,18.34986458,99.50325,Nov,120,2018,off_season,11,2018-11-01
ลำปาง,Lampang,18.34986458,99.50325,Dec,6731,2018,off_season,12,2018-12-01
ลำปาง,Lampang,18.34986458,99.50325,Jan,22060,2019,off_season,1,2019-01-01
ลำปาง,Lampang,18.34986458,99.50325,Feb,5911,2019,off_season,2,2019-02-01
ลำปาง,Lampang,18.34986458,99.50325,Mar,0,2019,off_season,3,2019-03-01
ลำปาง,Lampang,18.34986458,99.50325,Apr,0,2019,off_season,4,2019-04-01
ลำปาง,Lampang,18.34986458,99.50325,May,0,2019,off_season,5,2019-05-01
ลำปาง,Lampang,18.34986458,99.50325,Jun,0,2019,off_season,6,2019-06-01
ลำปาง,Lampang,18.34986458,99.50325,Jul,0,2019,off_season,7,2019-07-01
ลำปาง,Lampang,18.34986458,99.50325,Aug,0,2019,off_season,8,2019-08-01
ลำปาง,Lampang,18.34986458,99.50325,Sep,0,2019,off_season,9,2019-09-01
ลำปาง,Lampang,18.34986458,99.50325,Oct,0,2019,off_season,10,2019-10-01
ลำปาง,Lampang,18.34986458,99.50325,Nov,0,2019,off_season,11,2019-11-01
ลำปาง,Lampang,18.34986458,99.50325,Dec,9474,2019,off_season,12,2019-12-01
ลำพูน,Lamphun,18.36132,98.96236,Jan,0,2015,in_season,1,2015-01-01
ลำพูน,Lamphun,18.36132,98.96236,Feb,0,2015,in_season,2,2015-02-01
ลำพูน,Lamphun,18.36132,98.96236,Mar,0,2015,in_season,3,2015-03-01
ลำพูน,Lamphun,18.36132,98.96236,Apr,0,2015,in_season,4,2015-04-01
ลำพูน,Lamphun,18.36132,98.96236,May,1282,2015,in_season,5,2015-05-01
ลำพูน,Lamphun,18.36132,98.96236,Jun,21137,2015,in_season,6,2015-06-01
ลำพูน,Lamphun,18.36132,98.96236,Jul,76065,2015,in_season,7,2015-07-01
ลำพูน,Lamphun,18.36132,98.96236,Aug,5743,2015,in_season,8,2015-08-01
ลำพูน,Lamphun,18.36132,98.96236,Sep,0,2015,in_season,9,2015-09-01
ลำพูน,Lamphun,18.36132,98.96236,Oct,0,2015,in_season,10,2015-10-01
ลำพูน,Lamphun,18.36132,98.96236,Nov,0,2015,in_season,11,2015-11-01
ลำพูน,Lamphun,18.36132,98.96236,Dec,0,2015,in_season,12,2015-12-01
ลำพูน,Lamphun,18.36132,98.96236,Jan,0,2016,in_season,1,2016-01-01
ลำพูน,Lamphun,18.36132,98.96236,Feb,0,2016,in_season,2,2016-02-01
ลำพูน,Lamphun,18.36132,98.96236,Mar,0,2016,in_season,3,2016-03-01
ลำพูน,Lamphun,18.36132,98.96236,Apr,0,2016,in_season,4,2016-04-01
ลำพูน,Lamphun,18.36132,98.96236,May,3420,2016,in_season,5,2016-05-01
ลำพูน,Lamphun,18.36132,98.96236,Jun,12527,2016,in_season,6,2016-06-01
ลำพูน,Lamphun,18.36132,98.96236,Jul,87820,2016,in_season,7,2016-07-01
ลำพูน,Lamphun,18.36132,98.96236,Aug,13195,2016,in_season,8,2016-08-01
ลำพูน,Lamphun,18.36132,98.96236,Sep,0,2016,in_season,9,2016-09-01
ลำพูน,Lamphun,18.36132,98.96236,Oct,0,2016,in_season,10,2016-10-01
ลำพูน,Lamphun,18.36132,98.96236,Nov,0,2016,in_season,11,2016-11-01
ลำพูน,Lamphun,18.36132,98.96236,Dec,0,2016,in_season,12,2016-12-01
ลำพูน,Lamphun,18.36132,98.96236,Jan,0,2017,in_season,1,2017-01-01
ลำพูน,Lamphun,18.36132,98.96236,Feb,0,2017,in_season,2,2017-02-01
ลำพูน,Lamphun,18.36132,98.96236,Mar,0,2017,in_season,3,2017-03-01
ลำพูน,Lamphun,18.36132,98.96236,Apr,0,2017,in_season,4,2017-04-01
ลำพูน,Lamphun,18.36132,98.96236,May,789,2017,in_season,5,2017-05-01
ลำพูน,Lamphun,18.36132,98.96236,Jun,19000,2017,in_season,6,2017-06-01
ลำพูน,Lamphun,18.36132,98.96236,Jul,77303,2017,in_season,7,2017-07-01
ลำพูน,Lamphun,18.36132,98.96236,Aug,20458,2017,in_season,8,2017-08-01
ลำพูน,Lamphun,18.36132,98.96236,Sep,0,2017,in_season,9,2017-09-01
ลำพูน,Lamphun,18.36132,98.96236,Oct,0,2017,in_season,10,2017-10-01
ลำพูน,Lamphun,18.36132,98.96236,Nov,0,2017,in_season,11,2017-11-01
ลำพูน,Lamphun,18.36132,98.96236,Dec,0,2017,in_season,12,2017-12-01
ลำพูน,Lamphun,18.36132,98.96236,Jan,0,2018,in_season,1,2018-01-01
ลำพูน,Lamphun,18.36132,98.96236,Feb,0,2018,in_season,2,2018-02-01
ลำพูน,Lamphun,18.36132,98.96236,Mar,0,2018,in_season,3,2018-03-01
ลำพูน,Lamphun,18.36132,98.96236,Apr,0,2018,in_season,4,2018-04-01
ลำพูน,Lamphun,18.36132,98.96236,May,2066,2018,in_season,5,2018-05-01
ลำพูน,Lamphun,18.36132,98.96236,Jun,34078,2018,in_season,6,2018-06-01
ลำพูน,Lamphun,18.36132,98.96236,Jul,61475,2018,in_season,7,2018-07-01
ลำพูน,Lamphun,18.36132,98.96236,Aug,9002,2018,in_season,8,2018-08-01
ลำพูน,Lamphun,18.36132,98.96236,Sep,0,2018,in_season,9,2018-09-01
ลำพูน,Lamphun,18.36132,98.96236,Oct,0,2018,in_season,10,2018-10-01
ลำพูน,Lamphun,18.36132,98.96236,Nov,0,2018,in_season,11,2018-11-01
ลำพูน,Lamphun,18.36132,98.96236,Dec,0,2018,in_season,12,2018-12-01
ลำพูน,Lamphun,18.36132,98.96236,Jan,0,2019,in_season,1,2019-01-01
ลำพูน,Lamphun,18.36132,98.96236,Feb,0,2019,in_season,2,2019-02-01
ลำพูน,Lamphun,18.36132,98.96236,Mar,0,2019,in_season,3,2019-03-01
ลำพูน,Lamphun,18.36132,98.96236,Apr,0,2019,in_season,4,2019-04-01
ลำพูน,Lamphun,18.36132,98.96236,May,2066,2019,in_season,5,2019-05-01
ลำพูน,Lamphun,18.36132,98.96236,Jun,34078,2019,in_season,6,2019-06-01
ลำพูน,Lamphun,18.36132,98.96236,Jul,61475,2019,in_season,7,2019-07-01
ลำพูน,Lamphun,18.36132,98.96236,Aug,9002,2019,in_season,8,2019-08-01
ลำพูน,Lamphun,18.36132,98.96236,Sep,0,2019,in_season,9,2019-09-01
ลำพูน,Lamphun,18.36132,98.96236,Oct,0,2019,in_season,10,2019-10-01
ลำพูน,Lamphun,18.36132,98.96236,Nov,0,2019,in_season,11,2019-11-01
ลำพูน,Lamphun,18.36132,98.96236,Dec,0,2019,in_season,12,2019-12-01
ลำพูน,Lamphun,18.36132,98.96236,Jan,6873,2015,off_season,1,2015-01-01
ลำพูน,Lamphun,18.36132,98.96236,Feb,4905,2015,off_season,2,2015-02-01
ลำพูน,Lamphun,18.36132,98.96236,Mar,1232,2015,off_season,3,2015-03-01
ลำพูน,Lamphun,18.36132,98.96236,Apr,0,2015,off_season,4,2015-04-01
ลำพูน,Lamphun,18.36132,98.96236,May,0,2015,off_season,5,2015-05-01
ลำพูน,Lamphun,18.36132,98.96236,Jun,0,2015,off_season,6,2015-06-01
ลำพูน,Lamphun,18.36132,98.96236,Jul,0,2015,off_season,7,2015-07-01
ลำพูน,Lamphun,18.36132,98.96236,Aug,0,2015,off_season,8,2015-08-01
ลำพูน,Lamphun,18.36132,98.96236,Sep,0,2015,off_season,9,2015-09-01
ลำพูน,Lamphun,18.36132,98.96236,Oct,0,2015,off_season,10,2015-10-01
ลำพูน,Lamphun,18.36132,98.96236,Nov,0,2015,off_season,11,2015-11-01
ลำพูน,Lamphun,18.36132,98.96236,Dec,1232,2015,off_season,12,2015-12-01
ลำพูน,Lamphun,18.36132,98.96236,Jan,3901,2016,off_season,1,2016-01-01
ลำพูน,Lamphun,18.36132,98.96236,Feb,2155,2016,off_season,2,2016-02-01
ลำพูน,Lamphun,18.36132,98.96236,Mar,478,2016,off_season,3,2016-03-01
ลำพูน,Lamphun,18.36132,98.96236,Apr,0,2016,off_season,4,2016-04-01
ลำพูน,Lamphun,18.36132,98.96236,May,0,2016,off_season,5,2016-05-01
ลำพูน,Lamphun,18.36132,98.96236,Jun,0,2016,off_season,6,2016-06-01
ลำพูน,Lamphun,18.36132,98.96236,Jul,0,2016,off_season,7,2016-07-01
ลำพูน,Lamphun,18.36132,98.96236,Aug,0,2016,off_season,8,2016-08-01
ลำพูน,Lamphun,18.36132,98.96236,Sep,0,2016,off_season,9,2016-09-01
ลำพูน,Lamphun,18.36132,98.96236,Oct,0,2016,off_season,10,2016-10-01
ลำพูน,Lamphun,18.36132,98.96236,Nov,0,2016,off_season,11,2016-11-01
ลำพูน,Lamphun,18.36132,98.96236,Dec,1614,2016,off_season,12,2016-12-01
ลำพูน,Lamphun,18.36132,98.96236,Jan,8726,2017,off_season,1,2017-01-01
ลำพูน,Lamphun,18.36132,98.96236,Feb,4159,2017,off_season,2,2017-02-01
ลำพูน,Lamphun,18.36132,98.96236,Mar,1264,2017,off_season,3,2017-03-01
ลำพูน,Lamphun,18.36132,98.96236,Apr,0,2017,off_season,4,2017-04-01
ลำพูน,Lamphun,18.36132,98.96236,May,0,2017,off_season,5,2017-05-01
ลำพูน,Lamphun,18.36132,98.96236,Jun,0,2017,off_season,6,2017-06-01
ลำพูน,Lamphun,18.36132,98.96236,Jul,0,2017,off_season,7,2017-07-01
ลำพูน,Lamphun,18.36132,98.96236,Aug,0,2017,off_season,8,2017-08-01
ลำพูน,Lamphun,18.36132,98.96236,Sep,0,2017,off_season,9,2017-09-01
ลำพูน,Lamphun,18.36132,98.96236,Oct,0,2017,off_season,10,2017-10-01
ลำพูน,Lamphun,18.36132,98.96236,Nov,0,2017,off_season,11,2017-11-01
ลำพูน,Lamphun,18.36132,98.96236,Dec,3061,2017,off_season,12,2017-12-01
ลำพูน,Lamphun,18.36132,98.96236,Jan,8595,2018,off_season,1,2018-01-01
ลำพูน,Lamphun,18.36132,98.96236,Feb,4959,2018,off_season,2,2018-02-01
ลำพูน,Lamphun,18.36132,98.96236,Mar,1284,2018,off_season,3,2018-03-01
ลำพูน,Lamphun,18.36132,98.96236,Apr,0,2018,off_season,4,2018-04-01
ลำพูน,Lamphun,18.36132,98.96236,May,0,2018,off_season,5,2018-05-01
ลำพูน,Lamphun,18.36132,98.96236,Jun,0,2018,off_season,6,2018-06-01
ลำพูน,Lamphun,18.36132,98.96236,Jul,0,2018,off_season,7,2018-07-01
ลำพูน,Lamphun,18.36132,98.96236,Aug,0,2018,off_season,8,2018-08-01
ลำพูน,Lamphun,18.36132,98.96236,Sep,0,2018,off_season,9,2018-09-01
ลำพูน,Lamphun,18.36132,98.96236,Oct,0,2018,off_season,10,2018-10-01
ลำพูน,Lamphun,18.36132,98.96236,Nov,0,2018,off_season,11,2018-11-01
ลำพูน,Lamphun,18.36132,98.96236,Dec,2893,2018,off_season,12,2018-12-01
ลำพูน,Lamphun,18.36132,98.96236,Jan,7076,2019,off_season,1,2019-01-01
ลำพูน,Lamphun,18.36132,98.96236,Feb,4525,2019,off_season,2,2019-02-01
ลำพูน,Lamphun,18.36132,98.96236,Mar,389,2019,off_season,3,2019-03-01
ลำพูน,Lamphun,18.36132,98.96236,Apr,0,2019,off_season,4,2019-04-01
ลำพูน,Lamphun,18.36132,98.96236,May,0,2019,off_season,5,2019-05-01
ลำพูน,Lamphun,18.36132,98.96236,Jun,0,2019,off_season,6,2019-06-01
ลำพูน,Lamphun,18.36132,98.96236,Jul,0,2019,off_season,7,2019-07-01
ลำพูน,Lamphun,18.36132,98.96236,Aug,0,2019,off_season,8,2019-08-01
ลำพูน,Lamphun,18.36132,98.96236,Sep,0,2019,off_season,9,2019-09-01
ลำพูน,Lamphun,18.36132,98.96236,Oct,0,2019,off_season,10,2019-10-01
ลำพูน,Lamphun,18.36132,98.96236,Nov,0,2019,off_season,11,2019-11-01
ลำพูน,Lamphun,18.36132,98.96236,Dec,2855,2019,off_season,12,2019-12-01
เลย,Loei,17.41748315,101.6434157,Jan,0,2015,in_season,1,2015-01-01
เลย,Loei,17.41748315,101.6434157,Feb,0,2015,in_season,2,2015-02-01
เลย,Loei,17.41748315,101.6434157,Mar,0,2015,in_season,3,2015-03-01
เลย,Loei,17.41748315,101.6434157,Apr,0,2015,in_season,4,2015-04-01
เลย,Loei,17.41748315,101.6434157,May,26911,2015,in_season,5,2015-05-01
เลย,Loei,17.41748315,101.6434157,Jun,70347,2015,in_season,6,2015-06-01
เลย,Loei,17.41748315,101.6434157,Jul,222845,2015,in_season,7,2015-07-01
เลย,Loei,17.41748315,101.6434157,Aug,17132,2015,in_season,8,2015-08-01
เลย,Loei,17.41748315,101.6434157,Sep,0,2015,in_season,9,2015-09-01
เลย,Loei,17.41748315,101.6434157,Oct,0,2015,in_season,10,2015-10-01
เลย,Loei,17.41748315,101.6434157,Nov,0,2015,in_season,11,2015-11-01
เลย,Loei,17.41748315,101.6434157,Dec,0,2015,in_season,12,2015-12-01
เลย,Loei,17.41748315,101.6434157,Jan,0,2016,in_season,1,2016-01-01
เลย,Loei,17.41748315,101.6434157,Feb,0,2016,in_season,2,2016-02-01
เลย,Loei,17.41748315,101.6434157,Mar,0,2016,in_season,3,2016-03-01
เลย,Loei,17.41748315,101.6434157,Apr,0,2016,in_season,4,2016-04-01
เลย,Loei,17.41748315,101.6434157,May,27707,2016,in_season,5,2016-05-01
เลย,Loei,17.41748315,101.6434157,Jun,64912,2016,in_season,6,2016-06-01
เลย,Loei,17.41748315,101.6434157,Jul,232779,2016,in_season,7,2016-07-01
เลย,Loei,17.41748315,101.6434157,Aug,46485,2016,in_season,8,2016-08-01
เลย,Loei,17.41748315,101.6434157,Sep,0,2016,in_season,9,2016-09-01
เลย,Loei,17.41748315,101.6434157,Oct,0,2016,in_season,10,2016-10-01
เลย,Loei,17.41748315,101.6434157,Nov,0,2016,in_season,11,2016-11-01
เลย,Loei,17.41748315,101.6434157,Dec,0,2016,in_season,12,2016-12-01
เลย,Loei,17.41748315,101.6434157,Jan,0,2017,in_season,1,2017-01-01
เลย,Loei,17.41748315,101.6434157,Feb,0,2017,in_season,2,2017-02-01
เลย,Loei,17.41748315,101.6434157,Mar,0,2017,in_season,3,2017-03-01
เลย,Loei,17.41748315,101.6434157,Apr,0,2017,in_season,4,2017-04-01
เลย,Loei,17.41748315,101.6434157,May,12539,2017,in_season,5,2017-05-01
เลย,Loei,17.41748315,101.6434157,Jun,80494,2017,in_season,6,2017-06-01
เลย,Loei,17.41748315,101.6434157,Jul,292011,2017,in_season,7,2017-07-01
เลย,Loei,17.41748315,101.6434157,Aug,28806,2017,in_season,8,2017-08-01
เลย,Loei,17.41748315,101.6434157,Sep,0,2017,in_season,9,2017-09-01
เลย,Loei,17.41748315,101.6434157,Oct,0,2017,in_season,10,2017-10-01
เลย,Loei,17.41748315,101.6434157,Nov,0,2017,in_season,11,2017-11-01
เลย,Loei,17.41748315,101.6434157,Dec,0,2017,in_season,12,2017-12-01
เลย,Loei,17.41748315,101.6434157,Jan,0,2018,in_season,1,2018-01-01
เลย,Loei,17.41748315,101.6434157,Feb,0,2018,in_season,2,2018-02-01
เลย,Loei,17.41748315,101.6434157,Mar,0,2018,in_season,3,2018-03-01
เลย,Loei,17.41748315,101.6434157,Apr,0,2018,in_season,4,2018-04-01
เลย,Loei,17.41748315,101.6434157,May,17748,2018,in_season,5,2018-05-01
เลย,Loei,17.41748315,101.6434157,Jun,125697,2018,in_season,6,2018-06-01
เลย,Loei,17.41748315,101.6434157,Jul,272346,2018,in_season,7,2018-07-01
เลย,Loei,17.41748315,101.6434157,Aug,20701,2018,in_season,8,2018-08-01
เลย,Loei,17.41748315,101.6434157,Sep,0,2018,in_season,9,2018-09-01
เลย,Loei,17.41748315,101.6434157,Oct,0,2018,in_season,10,2018-10-01
เลย,Loei,17.41748315,101.6434157,Nov,0,2018,in_season,11,2018-11-01
เลย,Loei,17.41748315,101.6434157,Dec,0,2018,in_season,12,2018-12-01
เลย,Loei,17.41748315,101.6434157,Jan,0,2019,in_season,1,2019-01-01
เลย,Loei,17.41748315,101.6434157,Feb,0,2019,in_season,2,2019-02-01
เลย,Loei,17.41748315,101.6434157,Mar,0,2019,in_season,3,2019-03-01
เลย,Loei,17.41748315,101.6434157,Apr,0,2019,in_season,4,2019-04-01
เลย,Loei,17.41748315,101.6434157,May,17748,2019,in_season,5,2019-05-01
เลย,Loei,17.41748315,101.6434157,Jun,125697,2019,in_season,6,2019-06-01
เลย,Loei,17.41748315,101.6434157,Jul,272346,2019,in_season,7,2019-07-01
เลย,Loei,17.41748315,101.6434157,Aug,20701,2019,in_season,8,2019-08-01
เลย,Loei,17.41748315,101.6434157,Sep,0,2019,in_season,9,2019-09-01
เลย,Loei,17.41748315,101.6434157,Oct,0,2019,in_season,10,2019-10-01
เลย,Loei,17.41748315,101.6434157,Nov,0,2019,in_season,11,2019-11-01
เลย,Loei,17.41748315,101.6434157,Dec,0,2019,in_season,12,2019-12-01
เลย,Loei,17.41748315,101.6434157,Jan,143,2015,off_season,1,2015-01-01
เลย,Loei,17.41748315,101.6434157,Feb,0,2015,off_season,2,2015-02-01
เลย,Loei,17.41748315,101.6434157,Mar,0,2015,off_season,3,2015-03-01
เลย,Loei,17.41748315,101.6434157,Apr,0,2015,off_season,4,2015-04-01
เลย,Loei,17.41748315,101.6434157,May,0,2015,off_season,5,2015-05-01
เลย,Loei,17.41748315,101.6434157,Jun,0,2015,off_season,6,2015-06-01
เลย,Loei,17.41748315,101.6434157,Jul,0,2015,off_season,7,2015-07-01
เลย,Loei,17.41748315,101.6434157,Aug,0,2015,off_season,8,2015-08-01
เลย,Loei,17.41748315,101.6434157,Sep,0,2015,off_season,9,2015-09-01
เลย,Loei,17.41748315,101.6434157,Oct,0,2015,off_season,10,2015-10-01
เลย,Loei,17.41748315,101.6434157,Nov,0,2015,off_season,11,2015-11-01
เลย,Loei,17.41748315,101.6434157,Dec,168,2015,off_season,12,2015-12-01
เลย,Loei,17.41748315,101.6434157,Jan,17,2016,off_season,1,2016-01-01
เลย,Loei,17.41748315,101.6434157,Feb,0,2016,off_season,2,2016-02-01
เลย,Loei,17.41748315,101.6434157,Mar,0,2016,off_season,3,2016-03-01
เลย,Loei,17.41748315,101.6434157,Apr,0,2016,off_season,4,2016-04-01
เลย,Loei,17.41748315,101.6434157,May,0,2016,off_season,5,2016-05-01
เลย,Loei,17.41748315,101.6434157,Jun,0,2016,off_season,6,2016-06-01
เลย,Loei,17.41748315,101.6434157,Jul,0,2016,off_season,7,2016-07-01
เลย,Loei,17.41748315,101.6434157,Aug,0,2016,off_season,8,2016-08-01
เลย,Loei,17.41748315,101.6434157,Sep,0,2016,off_season,9,2016-09-01
เลย,Loei,17.41748315,101.6434157,Oct,0,2016,off_season,10,2016-10-01
เลย,Loei,17.41748315,101.6434157,Nov,0,2016,off_season,11,2016-11-01
เลย,Loei,17.41748315,101.6434157,Dec,68,2016,off_season,12,2016-12-01
เลย,Loei,17.41748315,101.6434157,Jan,23,2017,off_season,1,2017-01-01
เลย,Loei,17.41748315,101.6434157,Feb,0,2017,off_season,2,2017-02-01
เลย,Loei,17.41748315,101.6434157,Mar,0,2017,off_season,3,2017-03-01
เลย,Loei,17.41748315,101.6434157,Apr,0,2017,off_season,4,2017-04-01
เลย,Loei,17.41748315,101.6434157,May,0,2017,off_season,5,2017-05-01
เลย,Loei,17.41748315,101.6434157,Jun,0,2017,off_season,6,2017-06-01
เลย,Loei,17.41748315,101.6434157,Jul,0,2017,off_season,7,2017-07-01
เลย,Loei,17.41748315,101.6434157,Aug,0,2017,off_season,8,2017-08-01
เลย,Loei,17.41748315,101.6434157,Sep,0,2017,off_season,9,2017-09-01
เลย,Loei,17.41748315,101.6434157,Oct,0,2017,off_season,10,2017-10-01
เลย,Loei,17.41748315,101.6434157,Nov,0,2017,off_season,11,2017-11-01
เลย,Loei,17.41748315,101.6434157,Dec,127,2017,off_season,12,2017-12-01
เลย,Loei,17.41748315,101.6434157,Jan,122,2018,off_season,1,2018-01-01
เลย,Loei,17.41748315,101.6434157,Feb,0,2018,off_season,2,2018-02-01
เลย,Loei,17.41748315,101.6434157,Mar,0,2018,off_season,3,2018-03-01
เลย,Loei,17.41748315,101.6434157,Apr,0,2018,off_season,4,2018-04-01
เลย,Loei,17.41748315,101.6434157,May,0,2018,off_season,5,2018-05-01
เลย,Loei,17.41748315,101.6434157,Jun,0,2018,off_season,6,2018-06-01
เลย,Loei,17.41748315,101.6434157,Jul,0,2018,off_season,7,2018-07-01
เลย,Loei,17.41748315,101.6434157,Aug,0,2018,off_season,8,2018-08-01
เลย,Loei,17.41748315,101.6434157,Sep,0,2018,off_season,9,2018-09-01
เลย,Loei,17.41748315,101.6434157,Oct,0,2018,off_season,10,2018-10-01
เลย,Loei,17.41748315,101.6434157,Nov,36,2018,off_season,11,2018-11-01
เลย,Loei,17.41748315,101.6434157,Dec,794,2018,off_season,12,2018-12-01
เลย,Loei,17.41748315,101.6434157,Jan,30,2019,off_season,1,2019-01-01
เลย,Loei,17.41748315,101.6434157,Feb,0,2019,off_season,2,2019-02-01
เลย,Loei,17.41748315,101.6434157,Mar,0,2019,off_season,3,2019-03-01
เลย,Loei,17.41748315,101.6434157,Apr,0,2019,off_season,4,2019-04-01
เลย,Loei,17.41748315,101.6434157,May,0,2019,off_season,5,2019-05-01
เลย,Loei,17.41748315,101.6434157,Jun,0,2019,off_season,6,2019-06-01
เลย,Loei,17.41748315,101.6434157,Jul,0,2019,off_season,7,2019-07-01
เลย,Loei,17.41748315,101.6434157,Aug,0,2019,off_season,8,2019-08-01
เลย,Loei,17.41748315,101.6434157,Sep,0,2019,off_season,9,2019-09-01
เลย,Loei,17.41748315,101.6434157,Oct,0,2019,off_season,10,2019-10-01
เลย,Loei,17.41748315,101.6434157,Nov,0,2019,off_season,11,2019-11-01
เลย,Loei,17.41748315,101.6434157,Dec,357,2019,off_season,12,2019-12-01
ลพบุรี,Lop Buri,15.02860833,100.7969417,Jan,0,2015,in_season,1,2015-01-01
ลพบุรี,Lop Buri,15.02860833,100.7969417,Feb,0,2015,in_season,2,2015-02-01
ลพบุรี,Lop Buri,15.02860833,100.7969417,Mar,0,2015,in_season,3,2015-03-01
ลพบุรี,Lop Buri,15.02860833,100.7969417,Apr,0,2015,in_season,4,2015-04-01
ลพบุรี,Lop Buri,15.02860833,100.7969417,May,92784,2015,in_season,5,2015-05-01
ลพบุรี,Lop Buri,15.02860833,100.7969417,Jun,118978,2015,in_season,6,2015-06-01
ลพบุรี,Lop Buri,15.02860833,100.7969417,Jul,155378,2015,in_season,7,2015-07-01
ลพบุรี,Lop Buri,15.02860833,100.7969417,Aug,156178,2015,in_season,8,2015-08-01
ลพบุรี,Lop Buri,15.02860833,100.7969417,Sep,65054,2015,in_season,9,2015-09-01
ลพบุรี,Lop Buri,15.02860833,100.7969417,Oct,26501,2015,in_season,10,2015-10-01
ลพบุรี,Lop Buri,15.02860833,100.7969417,Nov,0,2015,in_season,11,2015-11-01
ลพบุรี,Lop Buri,15.02860833,100.7969417,Dec,0,2015,in_season,12,2015-12-01
ลพบุรี,Lop Buri,15.02860833,100.7969417,Jan,0,2016,in_season,1,2016-01-01
ลพบุรี,Lop Buri,15.02860833,100.7969417,Feb,0,2016,in_season,2,2016-02-01
ลพบุรี,Lop Buri,15.02860833,100.7969417,Mar,0,2016,in_season,3,2016-03-01
ลพบุรี,Lop Buri,15.02860833,100.7969417,Apr,0,2016,in_season,4,2016-04-01
ลพบุรี,Lop Buri,15.02860833,100.7969417,May,69256,2016,in_season,5,2016-05-01
ลพบุรี,Lop Buri,15.02860833,100.7969417,Jun,90941,2016,in_season,6,2016-06-01
ลพบุรี,Lop Buri,15.02860833,100.7969417,Jul,298995,2016,in_season,7,2016-07-01
ลพบุรี,Lop Buri,15.02860833,100.7969417,Aug,156452,2016,in_season,8,2016-08-01
ลพบุรี,Lop Buri,15.02860833,100.7969417,Sep,70633,2016,in_season,9,2016-09-01
ลพบุรี,Lop Buri,15.02860833,100.7969417,Oct,18311,2016,in_season,10,2016-10-01
ลพบุรี,Lop Buri,15.02860833,100.7969417,Nov,0,2016,in_season,11,2016-11-01
ลพบุรี,Lop Buri,15.02860833,100.7969417,Dec,0,2016,in_season,12,2016-12-01
ลพบุรี,Lop Buri,15.02860833,100.7969417,Jan,0,2017,in_season,1,2017-01-01
ลพบุรี,Lop Buri,15.02860833,100.7969417,Feb,0,2017,in_season,2,2017-02-01
ลพบุรี,Lop Buri,15.02860833,100.7969417,Mar,0,2017,in_season,3,2017-03-01
ลพบุรี,Lop Buri,15.02860833,100.7969417,Apr,0,2017,in_season,4,2017-04-01
ลพบุรี,Lop Buri,15.02860833,100.7969417,May,112145,2017,in_season,5,2017-05-01
ลพบุรี,Lop Buri,15.02860833,100.7969417,Jun,152883,2017,in_season,6,2017-06-01
ลพบุรี,Lop Buri,15.02860833,100.7969417,Jul,291610,2017,in_season,7,2017-07-01
ลพบุรี,Lop Buri,15.02860833,100.7969417,Aug,116598,2017,in_season,8,2017-08-01
ลพบุรี,Lop Buri,15.02860833,100.7969417,Sep,50174,2017,in_season,9,2017-09-01
ลพบุรี,Lop Buri,15.02860833,100.7969417,Oct,13116,2017,in_season,10,2017-10-01
ลพบุรี,Lop Buri,15.02860833,100.7969417,Nov,0,2017,in_season,11,2017-11-01
ลพบุรี,Lop Buri,15.02860833,100.7969417,Dec,0,2017,in_season,12,2017-12-01
ลพบุรี,Lop Buri,15.02860833,100.7969417,Jan,0,2018,in_season,1,2018-01-01
ลพบุรี,Lop Buri,15.02860833,100.7969417,Feb,0,2018,in_season,2,2018-02-01
ลพบุรี,Lop Buri,15.02860833,100.7969417,Mar,0,2018,in_season,3,2018-03-01
ลพบุรี,Lop Buri,15.02860833,100.7969417,Apr,0,2018,in_season,4,2018-04-01
ลพบุรี,Lop Buri,15.02860833,100.7969417,May,100668,2018,in_season,5,2018-05-01
ลพบุรี,Lop Buri,15.02860833,100.7969417,Jun,307274,2018,in_season,6,2018-06-01
ลพบุรี,Lop Buri,15.02860833,100.7969417,Jul,218837,2018,in_season,7,2018-07-01
ลพบุรี,Lop Buri,15.02860833,100.7969417,Aug,92774,2018,in_season,8,2018-08-01
ลพบุรี,Lop Buri,15.02860833,100.7969417,Sep,25625,2018,in_season,9,2018-09-01
ลพบุรี,Lop Buri,15.02860833,100.7969417,Oct,4219,2018,in_season,10,2018-10-01
ลพบุรี,Lop Buri,15.02860833,100.7969417,Nov,0,2018,in_season,11,2018-11-01
ลพบุรี,Lop Buri,15.02860833,100.7969417,Dec,0,2018,in_season,12,2018-12-01
ลพบุรี,Lop Buri,15.02860833,100.7969417,Jan,0,2019,in_season,1,2019-01-01
ลพบุรี,Lop Buri,15.02860833,100.7969417,Feb,0,2019,in_season,2,2019-02-01
ลพบุรี,Lop Buri,15.02860833,100.7969417,Mar,0,2019,in_season,3,2019-03-01
ลพบุรี,Lop Buri,15.02860833,100.7969417,Apr,0,2019,in_season,4,2019-04-01
ลพบุรี,Lop Buri,15.02860833,100.7969417,May,100668,2019,in_season,5,2019-05-01
ลพบุรี,Lop Buri,15.02860833,100.7969417,Jun,307274,2019,in_season,6,2019-06-01
ลพบุรี,Lop Buri,15.02860833,100.7969417,Jul,218837,2019,in_season,7,2019-07-01
ลพบุรี,Lop Buri,15.02860833,100.7969417,Aug,92774,2019,in_season,8,2019-08-01
ลพบุรี,Lop Buri,15.02860833,100.7969417,Sep,25625,2019,in_season,9,2019-09-01
ลพบุรี,Lop Buri,15.02860833,100.7969417,Oct,4219,2019,in_season,10,2019-10-01
ลพบุรี,Lop Buri,15.02860833,100.7969417,Nov,0,2019,in_season,11,2019-11-01
ลพบุรี,Lop Buri,15.02860833,100.7969417,Dec,0,2019,in_season,12,2019-12-01
ลพบุรี,Lop Buri,15.02860833,100.7969417,Jan,12495,2015,off_season,1,2015-01-01
ลพบุรี,Lop Buri,15.02860833,100.7969417,Feb,2499,2015,off_season,2,2015-02-01
ลพบุรี,Lop Buri,15.02860833,100.7969417,Mar,2812,2015,off_season,3,2015-03-01
ลพบุรี,Lop Buri,15.02860833,100.7969417,Apr,402,2015,off_season,4,2015-04-01
ลพบุรี,Lop Buri,15.02860833,100.7969417,May,0,2015,off_season,5,2015-05-01
ลพบุรี,Lop Buri,15.02860833,100.7969417,Jun,0,2015,off_season,6,2015-06-01
ลพบุรี,Lop Buri,15.02860833,100.7969417,Jul,0,2015,off_season,7,2015-07-01
ลพบุรี,Lop Buri,15.02860833,100.7969417,Aug,0,2015,off_season,8,2015-08-01
ลพบุรี,Lop Buri,15.02860833,100.7969417,Sep,0,2015,off_season,9,2015-09-01
ลพบุรี,Lop Buri,15.02860833,100.7969417,Oct,0,2015,off_season,10,2015-10-01
ลพบุรี,Lop Buri,15.02860833,100.7969417,Nov,19717,2015,off_season,11,2015-11-01
ลพบุรี,Lop Buri,15.02860833,100.7969417,Dec,17378,2015,off_season,12,2015-12-01
ลพบุรี,Lop Buri,15.02860833,100.7969417,Jan,4779,2016,off_season,1,2016-01-01
ลพบุรี,Lop Buri,15.02860833,100.7969417,Feb,1176,2016,off_season,2,2016-02-01
ลพบุรี,Lop Buri,15.02860833,100.7969417,Mar,0,2016,off_season,3,2016-03-01
ลพบุรี,Lop Buri,15.02860833,100.7969417,Apr,0,2016,off_season,4,2016-04-01
ลพบุรี,Lop Buri,15.02860833,100.7969417,May,0,2016,off_season,5,2016-05-01
ลพบุรี,Lop Buri,15.02860833,100.7969417,Jun,0,2016,off_season,6,2016-06-01
ลพบุรี,Lop Buri,15.02860833,100.7969417,Jul,0,2016,off_season,7,2016-07-01
ลพบุรี,Lop Buri,15.02860833,100.7969417,Aug,0,2016,off_season,8,2016-08-01
ลพบุรี,Lop Buri,15.02860833,100.7969417,Sep,0,2016,off_season,9,2016-09-01
ลพบุรี,Lop Buri,15.02860833,100.7969417,Oct,0,2016,off_season,10,2016-10-01
ลพบุรี,Lop Buri,15.02860833,100.7969417,Nov,4855,2016,off_season,11,2016-11-01
ลพบุรี,Lop Buri,15.02860833,100.7969417,Dec,8089,2016,off_season,12,2016-12-01
ลพบุรี,Lop Buri,15.02860833,100.7969417,Jan,104334,2017,off_season,1,2017-01-01
ลพบุรี,Lop Buri,15.02860833,100.7969417,Feb,22082,2017,off_season,2,2017-02-01
ลพบุรี,Lop Buri,15.02860833,100.7969417,Mar,11522,2017,off_season,3,2017-03-01
ลพบุรี,Lop Buri,15.02860833,100.7969417,Apr,2698,2017,off_season,4,2017-04-01
ลพบุรี,Lop Buri,15.02860833,100.7969417,May,0,2017,off_season,5,2017-05-01
ลพบุรี,Lop Buri,15.02860833,100.7969417,Jun,0,2017,off_season,6,2017-06-01
ลพบุรี,Lop Buri,15.02860833,100.7969417,Jul,0,2017,off_season,7,2017-07-01
ลพบุรี,Lop Buri,15.02860833,100.7969417,Aug,0,2017,off_season,8,2017-08-01
ลพบุรี,Lop Buri,15.02860833,100.7969417,Sep,0,2017,off_season,9,2017-09-01
ลพบุรี,Lop Buri,15.02860833,100.7969417,Oct,0,2017,off_season,10,2017-10-01
ลพบุรี,Lop Buri,15.02860833,100.7969417,Nov,28989,2017,off_season,11,2017-11-01
ลพบุรี,Lop Buri,15.02860833,100.7969417,Dec,50261,2017,off_season,12,2017-12-01
ลพบุรี,Lop Buri,15.02860833,100.7969417,Jan,124116,2018,off_season,1,2018-01-01
ลพบุรี,Lop Buri,15.02860833,100.7969417,Feb,36399,2018,off_season,2,2018-02-01
ลพบุรี,Lop Buri,15.02860833,100.7969417,Mar,17243,2018,off_season,3,2018-03-01
ลพบุรี,Lop Buri,15.02860833,100.7969417,Apr,8454,2018,off_season,4,2018-04-01
ลพบุรี,Lop Buri,15.02860833,100.7969417,May,0,2018,off_season,5,2018-05-01
ลพบุรี,Lop Buri,15.02860833,100.7969417,Jun,0,2018,off_season,6,2018-06-01
ลพบุรี,Lop Buri,15.02860833,100.7969417,Jul,0,2018,off_season,7,2018-07-01
ลพบุรี,Lop Buri,15.02860833,100.7969417,Aug,0,2018,off_season,8,2018-08-01
ลพบุรี,Lop Buri,15.02860833,100.7969417,Sep,0,2018,off_season,9,2018-09-01
ลพบุรี,Lop Buri,15.02860833,100.7969417,Oct,0,2018,off_season,10,2018-10-01
ลพบุรี,Lop Buri,15.02860833,100.7969417,Nov,39856,2018,off_season,11,2018-11-01
ลพบุรี,Lop Buri,15.02860833,100.7969417,Dec,121880,2018,off_season,12,2018-12-01
ลพบุรี,Lop Buri,15.02860833,100.7969417,Jan,112572,2019,off_season,1,2019-01-01
ลพบุรี,Lop Buri,15.02860833,100.7969417,Feb,37205,2019,off_season,2,2019-02-01
ลพบุรี,Lop Buri,15.02860833,100.7969417,Mar,12584,2019,off_season,3,2019-03-01
ลพบุรี,Lop Buri,15.02860833,100.7969417,Apr,6387,2019,off_season,4,2019-04-01
ลพบุรี,Lop Buri,15.02860833,100.7969417,May,0,2019,off_season,5,2019-05-01
ลพบุรี,Lop Buri,15.02860833,100.7969417,Jun,0,2019,off_season,6,2019-06-01
ลพบุรี,Lop Buri,15.02860833,100.7969417,Jul,0,2019,off_season,7,2019-07-01
ลพบุรี,Lop Buri,15.02860833,100.7969417,Aug,0,2019,off_season,8,2019-08-01
ลพบุรี,Lop Buri,15.02860833,100.7969417,Sep,0,2019,off_season,9,2019-09-01
ลพบุรี,Lop Buri,15.02860833,100.7969417,Oct,0,2019,off_season,10,2019-10-01
ลพบุรี,Lop Buri,15.02860833,100.7969417,Nov,34124,2019,off_season,11,2019-11-01
ลพบุรี,Lop Buri,15.02860833,100.7969417,Dec,98341,2019,off_season,12,2019-12-01
แม่ฮ่องสอน,Mae Hong Son,18.766,98.06297674,Jan,0,2015,in_season,1,2015-01-01
แม่ฮ่องสอน,Mae Hong Son,18.766,98.06297674,Feb,0,2015,in_season,2,2015-02-01
แม่ฮ่องสอน,Mae Hong Son,18.766,98.06297674,Mar,0,2015,in_season,3,2015-03-01
แม่ฮ่องสอน,Mae Hong Son,18.766,98.06297674,Apr,0,2015,in_season,4,2015-04-01
แม่ฮ่องสอน,Mae Hong Son,18.766,98.06297674,May,10222,2015,in_season,5,2015-05-01
แม่ฮ่องสอน,Mae Hong Son,18.766,98.06297674,Jun,44978,2015,in_season,6,2015-06-01
แม่ฮ่องสอน,Mae Hong Son,18.766,98.06297674,Jul,68139,2015,in_season,7,2015-07-01
แม่ฮ่องสอน,Mae Hong Son,18.766,98.06297674,Aug,29233,2015,in_season,8,2015-08-01
แม่ฮ่องสอน,Mae Hong Son,18.766,98.06297674,Sep,0,2015,in_season,9,2015-09-01
แม่ฮ่องสอน,Mae Hong Son,18.766,98.06297674,Oct,0,2015,in_season,10,2015-10-01
แม่ฮ่องสอน,Mae Hong Son,18.766,98.06297674,Nov,0,2015,in_season,11,2015-11-01
แม่ฮ่องสอน,Mae Hong Son,18.766,98.06297674,Dec,0,2015,in_season,12,2015-12-01
แม่ฮ่องสอน,Mae Hong Son,18.766,98.06297674,Jan,0,2016,in_season,1,2016-01-01
แม่ฮ่องสอน,Mae Hong Son,18.766,98.06297674,Feb,0,2016,in_season,2,2016-02-01
แม่ฮ่องสอน,Mae Hong Son,18.766,98.06297674,Mar,0,2016,in_season,3,2016-03-01
แม่ฮ่องสอน,Mae Hong Son,18.766,98.06297674,Apr,0,2016,in_season,4,2016-04-01
แม่ฮ่องสอน,Mae Hong Son,18.766,98.06297674,May,19279,2016,in_season,5,2016-05-01
แม่ฮ่องสอน,Mae Hong Son,18.766,98.06297674,Jun,43634,2016,in_season,6,2016-06-01
แม่ฮ่องสอน,Mae Hong Son,18.766,98.06297674,Jul,70862,2016,in_season,7,2016-07-01
แม่ฮ่องสอน,Mae Hong Son,18.766,98.06297674,Aug,26866,2016,in_season,8,2016-08-01
แม่ฮ่องสอน,Mae Hong Son,18.766,98.06297674,Sep,0,2016,in_season,9,2016-09-01
แม่ฮ่องสอน,Mae Hong Son,18.766,98.06297674,Oct,0,2016,in_season,10,2016-10-01
แม่ฮ่องสอน,Mae Hong Son,18.766,98.06297674,Nov,0,2016,in_season,11,2016-11-01
แม่ฮ่องสอน,Mae Hong Son,18.766,98.06297674,Dec,0,2016,in_season,12,2016-12-01
แม่ฮ่องสอน,Mae Hong Son,18.766,98.06297674,Jan,0,2017,in_season,1,2017-01-01
แม่ฮ่องสอน,Mae Hong Son,18.766,98.06297674,Feb,0,2017,in_season,2,2017-02-01
แม่ฮ่องสอน,Mae Hong Son,18.766,98.06297674,Mar,0,2017,in_season,3,2017-03-01
แม่ฮ่องสอน,Mae Hong Son,18.766,98.06297674,Apr,0,2017,in_season,4,2017-04-01
แม่ฮ่องสอน,Mae Hong Son,18.766,98.06297674,May,9906,2017,in_season,5,2017-05-01
แม่ฮ่องสอน,Mae Hong Son,18.766,98.06297674,Jun,44117,2017,in_season,6,2017-06-01
แม่ฮ่องสอน,Mae Hong Son,18.766,98.06297674,Jul,94365,2017,in_season,7,2017-07-01
แม่ฮ่องสอน,Mae Hong Son,18.766,98.06297674,Aug,19751,2017,in_season,8,2017-08-01
แม่ฮ่องสอน,Mae Hong Son,18.766,98.06297674,Sep,0,2017,in_season,9,2017-09-01
แม่ฮ่องสอน,Mae Hong Son,18.766,98.06297674,Oct,0,2017,in_season,10,2017-10-01
แม่ฮ่องสอน,Mae Hong Son,18.766,98.06297674,Nov,0,2017,in_season,11,2017-11-01
แม่ฮ่องสอน,Mae Hong Son,18.766,98.06297674,Dec,0,2017,in_season,12,2017-12-01
แม่ฮ่องสอน,Mae Hong Son,18.766,98.06297674,Jan,0,2018,in_season,1,2018-01-01
แม่ฮ่องสอน,Mae Hong Son,18.766,98.06297674,Feb,0,2018,in_season,2,2018-02-01
แม่ฮ่องสอน,Mae Hong Son,18.766,98.06297674,Mar,0,2018,in_season,3,2018-03-01
แม่ฮ่องสอน,Mae Hong Son,18.766,98.06297674,Apr,0,2018,in_season,4,2018-04-01
แม่ฮ่องสอน,Mae Hong Son,18.766,98.06297674,May,26101,2018,in_season,5,2018-05-01
แม่ฮ่องสอน,Mae Hong Son,18.766,98.06297674,Jun,55675,2018,in_season,6,2018-06-01
แม่ฮ่องสอน,Mae Hong Son,18.766,98.06297674,Jul,77229,2018,in_season,7,2018-07-01
แม่ฮ่องสอน,Mae Hong Son,18.766,98.06297674,Aug,23470,2018,in_season,8,2018-08-01
แม่ฮ่องสอน,Mae Hong Son,18.766,98.06297674,Sep,0,2018,in_season,9,2018-09-01
แม่ฮ่องสอน,Mae Hong Son,18.766,98.06297674,Oct,0,2018,in_season,10,2018-10-01
แม่ฮ่องสอน,Mae Hong Son,18.766,98.06297674,Nov,0,2018,in_season,11,2018-11-01
แม่ฮ่องสอน,Mae Hong Son,18.766,98.06297674,Dec,0,2018,in_season,12,2018-12-01
แม่ฮ่องสอน,Mae Hong Son,18.766,98.06297674,Jan,0,2019,in_season,1,2019-01-01
แม่ฮ่องสอน,Mae Hong Son,18.766,98.06297674,Feb,0,2019,in_season,2,2019-02-01
แม่ฮ่องสอน,Mae Hong Son,18.766,98.06297674,Mar,0,2019,in_season,3,2019-03-01
แม่ฮ่องสอน,Mae Hong Son,18.766,98.06297674,Apr,0,2019,in_season,4,2019-04-01
แม่ฮ่องสอน,Mae Hong Son,18.766,98.06297674,May,26101,2019,in_season,5,2019-05-01
แม่ฮ่องสอน,Mae Hong Son,18.766,98.06297674,Jun,55675,2019,in_season,6,2019-06-01
แม่ฮ่องสอน,Mae Hong Son,18.766,98.06297674,Jul,77229,2019,in_season,7,2019-07-01
แม่ฮ่องสอน,Mae Hong Son,18.766,98.06297674,Aug,23470,2019,in_season,8,2019-08-01
แม่ฮ่องสอน,Mae Hong Son,18.766,98.06297674,Sep,0,2019,in_season,9,2019-09-01
แม่ฮ่องสอน,Mae Hong Son,18.766,98.06297674,Oct,0,2019,in_season,10,2019-10-01
แม่ฮ่องสอน,Mae Hong Son,18.766,98.06297674,Nov,0,2019,in_season,11,2019-11-01
แม่ฮ่องสอน,Mae Hong Son,18.766,98.06297674,Dec,0,2019,in_season,12,2019-12-01
แม่ฮ่องสอน,Mae Hong Son,18.766,98.06297674,Jan,38,2015,off_season,1,2015-01-01
แม่ฮ่องสอน,Mae Hong Son,18.766,98.06297674,Feb,16,2015,off_season,2,2015-02-01
แม่ฮ่องสอน,Mae Hong Son,18.766,98.06297674,Mar,0,2015,off_season,3,2015-03-01
แม่ฮ่องสอน,Mae Hong Son,18.766,98.06297674,Apr,0,2015,off_season,4,2015-04-01
แม่ฮ่องสอน,Mae Hong Son,18.766,98.06297674,May,0,2015,off_season,5,2015-05-01
แม่ฮ่องสอน,Mae Hong Son,18.766,98.06297674,Jun,0,2015,off_season,6,2015-06-01
แม่ฮ่องสอน,Mae Hong Son,18.766,98.06297674,Jul,0,2015,off_season,7,2015-07-01
แม่ฮ่องสอน,Mae Hong Son,18.766,98.06297674,Aug,0,2015,off_season,8,2015-08-01
แม่ฮ่องสอน,Mae Hong Son,18.766,98.06297674,Sep,0,2015,off_season,9,2015-09-01
แม่ฮ่องสอน,Mae Hong Son,18.766,98.06297674,Oct,0,2015,off_season,10,2015-10-01
แม่ฮ่องสอน,Mae Hong Son,18.766,98.06297674,Nov,0,2015,off_season,11,2015-11-01
แม่ฮ่องสอน,Mae Hong Son,18.766,98.06297674,Dec,13,2015,off_season,12,2015-12-01
แม่ฮ่องสอน,Mae Hong Son,18.766,98.06297674,Jan,44,2016,off_season,1,2016-01-01
แม่ฮ่องสอน,Mae Hong Son,18.766,98.06297674,Feb,0,2016,off_season,2,2016-02-01
แม่ฮ่องสอน,Mae Hong Son,18.766,98.06297674,Mar,0,2016,off_season,3,2016-03-01
แม่ฮ่องสอน,Mae Hong Son,18.766,98.06297674,Apr,0,2016,off_season,4,2016-04-01
แม่ฮ่องสอน,Mae Hong Son,18.766,98.06297674,May,0,2016,off_season,5,2016-05-01
แม่ฮ่องสอน,Mae Hong Son,18.766,98.06297674,Jun,0,2016,off_season,6,2016-06-01
แม่ฮ่องสอน,Mae Hong Son,18.766,98.06297674,Jul,0,2016,off_season,7,2016-07-01
แม่ฮ่องสอน,Mae Hong Son,18.766,98.06297674,Aug,0,2016,off_season,8,2016-08-01
แม่ฮ่องสอน,Mae Hong Son,18.766,98.06297674,Sep,0,2016,off_season,9,2016-09-01
แม่ฮ่องสอน,Mae Hong Son,18.766,98.06297674,Oct,0,2016,off_season,10,2016-10-01
แม่ฮ่องสอน,Mae Hong Son,18.766,98.06297674,Nov,0,2016,off_season,11,2016-11-01
แม่ฮ่องสอน,Mae Hong Son,18.766,98.06297674,Dec,13,2016,off_season,12,2016-12-01
แม่ฮ่องสอน,Mae Hong Son,18.766,98.06297674,Jan,285,2017,off_season,1,2017-01-01
แม่ฮ่องสอน,Mae Hong Son,18.766,98.06297674,Feb,74,2017,off_season,2,2017-02-01
แม่ฮ่องสอน,Mae Hong Son,18.766,98.06297674,Mar,0,2017,off_season,3,2017-03-01
แม่ฮ่องสอน,Mae Hong Son,18.766,98.06297674,Apr,0,2017,off_season,4,2017-04-01
แม่ฮ่องสอน,Mae Hong Son,18.766,98.06297674,May,0,2017,off_season,5,2017-05-01
แม่ฮ่องสอน,Mae Hong Son,18.766,98.06297674,Jun,0,2017,off_season,6,2017-06-01
แม่ฮ่องสอน,Mae Hong Son,18.766,98.06297674,Jul,0,2017,off_season,7,2017-07-01
แม่ฮ่องสอน,Mae Hong Son,18.766,98.06297674,Aug,0,2017,off_season,8,2017-08-01
แม่ฮ่องสอน,Mae Hong Son,18.766,98.06297674,Sep,0,2017,off_season,9,2017-09-01
แม่ฮ่องสอน,Mae Hong Son,18.766,98.06297674,Oct,0,2017,off_season,10,2017-10-01
แม่ฮ่องสอน,Mae Hong Son,18.766,98.06297674,Nov,0,2017,off_season,11,2017-11-01
แม่ฮ่องสอน,Mae Hong Son,18.766,98.06297674,Dec,117,2017,off_season,12,2017-12-01
แม่ฮ่องสอน,Mae Hong Son,18.766,98.06297674,Jan,50,2018,off_season,1,2018-01-01
แม่ฮ่องสอน,Mae Hong Son,18.766,98.06297674,Feb,12,2018,off_season,2,2018-02-01
แม่ฮ่องสอน,Mae Hong Son,18.766,98.06297674,Mar,0,2018,off_season,3,2018-03-01
แม่ฮ่องสอน,Mae Hong Son,18.766,98.06297674,Apr,0,2018,off_season,4,2018-04-01
แม่ฮ่องสอน,Mae Hong Son,18.766,98.06297674,May,0,2018,off_season,5,2018-05-01
แม่ฮ่องสอน,Mae Hong Son,18.766,98.06297674,Jun,0,2018,off_season,6,2018-06-01
แม่ฮ่องสอน,Mae Hong Son,18.766,98.06297674,Jul,0,2018,off_season,7,2018-07-01
แม่ฮ่องสอน,Mae Hong Son,18.766,98.06297674,Aug,0,2018,off_season,8,2018-08-01
แม่ฮ่องสอน,Mae Hong Son,18.766,98.06297674,Sep,0,2018,off_season,9,2018-09-01
แม่ฮ่องสอน,Mae Hong Son,18.766,98.06297674,Oct,0,2018,off_season,10,2018-10-01
แม่ฮ่องสอน,Mae Hong Son,18.766,98.06297674,Nov,0,2018,off_season,11,2018-11-01
แม่ฮ่องสอน,Mae Hong Son,18.766,98.06297674,Dec,29,2018,off_season,12,2018-12-01
แม่ฮ่องสอน,Mae Hong Son,18.766,98.06297674,Jan,113,2019,off_season,1,2019-01-01
แม่ฮ่องสอน,Mae Hong Son,18.766,98.06297674,Feb,0,2019,off_season,2,2019-02-01
แม่ฮ่องสอน,Mae Hong Son,18.766,98.06297674,Mar,0,2019,off_season,3,2019-03-01
แม่ฮ่องสอน,Mae Hong Son,18.766,98.06297674,Apr,0,2019,off_season,4,2019-04-01
แม่ฮ่องสอน,Mae Hong Son,18.766,98.06297674,May,0,2019,off_season,5,2019-05-01
แม่ฮ่องสอน,Mae Hong Son,18.766,98.06297674,Jun,0,2019,off_season,6,2019-06-01
แม่ฮ่องสอน,Mae Hong Son,18.766,98.06297674,Jul,0,2019,off_season,7,2019-07-01
แม่ฮ่องสอน,Mae Hong Son,18.766,98.06297674,Aug,0,2019,off_season,8,2019-08-01
แม่ฮ่องสอน,Mae Hong Son,18.766,98.06297674,Sep,0,2019,off_season,9,2019-09-01
แม่ฮ่องสอน,Mae Hong Son,18.766,98.06297674,Oct,0,2019,off_season,10,2019-10-01
แม่ฮ่องสอน,Mae Hong Son,18.766,98.06297674,Nov,0,2019,off_season,11,2019-11-01
แม่ฮ่องสอน,Mae Hong Son,18.766,98.06297674,Dec,7,2019,off_season,12,2019-12-01
มหาสารคาม,Maha Sarakham,15.98990226,103.1893308,Jan,0,2015,in_season,1,2015-01-01
มหาสารคาม,Maha Sarakham,15.98990226,103.1893308,Feb,0,2015,in_season,2,2015-02-01
มหาสารคาม,Maha Sarakham,15.98990226,103.1893308,Mar,0,2015,in_season,3,2015-03-01
มหาสารคาม,Maha Sarakham,15.98990226,103.1893308,Apr,0,2015,in_season,4,2015-04-01
มหาสารคาม,Maha Sarakham,15.98990226,103.1893308,May,457188,2015,in_season,5,2015-05-01
มหาสารคาม,Maha Sarakham,15.98990226,103.1893308,Jun,1335300,2015,in_season,6,2015-06-01
มหาสารคาม,Maha Sarakham,15.98990226,103.1893308,Jul,267479,2015,in_season,7,2015-07-01
มหาสารคาม,Maha Sarakham,15.98990226,103.1893308,Aug,34588,2015,in_season,8,2015-08-01
มหาสารคาม,Maha Sarakham,15.98990226,103.1893308,Sep,1678,2015,in_season,9,2015-09-01
มหาสารคาม,Maha Sarakham,15.98990226,103.1893308,Oct,0,2015,in_season,10,2015-10-01
มหาสารคาม,Maha Sarakham,15.98990226,103.1893308,Nov,0,2015,in_season,11,2015-11-01
มหาสารคาม,Maha Sarakham,15.98990226,103.1893308,Dec,0,2015,in_season,12,2015-12-01
มหาสารคาม,Maha Sarakham,15.98990226,103.1893308,Jan,0,2016,in_season,1,2016-01-01
มหาสารคาม,Maha Sarakham,15.98990226,103.1893308,Feb,0,2016,in_season,2,2016-02-01
มหาสารคาม,Maha Sarakham,15.98990226,103.1893308,Mar,0,2016,in_season,3,2016-03-01
มหาสารคาม,Maha Sarakham,15.98990226,103.1893308,Apr,0,2016,in_season,4,2016-04-01
มหาสารคาม,Maha Sarakham,15.98990226,103.1893308,May,323255,2016,in_season,5,2016-05-01
มหาสารคาม,Maha Sarakham,15.98990226,103.1893308,Jun,1370338,2016,in_season,6,2016-06-01
มหาสารคาม,Maha Sarakham,15.98990226,103.1893308,Jul,297138,2016,in_season,7,2016-07-01
มหาสารคาม,Maha Sarakham,15.98990226,103.1893308,Aug,70389,2016,in_season,8,2016-08-01
มหาสารคาม,Maha Sarakham,15.98990226,103.1893308,Sep,9535,2016,in_season,9,2016-09-01
มหาสารคาม,Maha Sarakham,15.98990226,103.1893308,Oct,0,2016,in_season,10,2016-10-01
มหาสารคาม,Maha Sarakham,15.98990226,103.1893308,Nov,0,2016,in_season,11,2016-11-01
มหาสารคาม,Maha Sarakham,15.98990226,103.1893308,Dec,0,2016,in_season,12,2016-12-01
มหาสารคาม,Maha Sarakham,15.98990226,103.1893308,Jan,0,2017,in_season,1,2017-01-01
มหาสารคาม,Maha Sarakham,15.98990226,103.1893308,Feb,0,2017,in_season,2,2017-02-01
มหาสารคาม,Maha Sarakham,15.98990226,103.1893308,Mar,0,2017,in_season,3,2017-03-01
มหาสารคาม,Maha Sarakham,15.98990226,103.1893308,Apr,0,2017,in_season,4,2017-04-01
มหาสารคาม,Maha Sarakham,15.98990226,103.1893308,May,492060,2017,in_season,5,2017-05-01
มหาสารคาม,Maha Sarakham,15.98990226,103.1893308,Jun,1236668,2017,in_season,6,2017-06-01
มหาสารคาม,Maha Sarakham,15.98990226,103.1893308,Jul,277338,2017,in_season,7,2017-07-01
มหาสารคาม,Maha Sarakham,15.98990226,103.1893308,Aug,48143,2017,in_season,8,2017-08-01
มหาสารคาม,Maha Sarakham,15.98990226,103.1893308,Sep,3543,2017,in_season,9,2017-09-01
มหาสารคาม,Maha Sarakham,15.98990226,103.1893308,Oct,0,2017,in_season,10,2017-10-01
มหาสารคาม,Maha Sarakham,15.98990226,103.1893308,Nov,0,2017,in_season,11,2017-11-01
มหาสารคาม,Maha Sarakham,15.98990226,103.1893308,Dec,0,2017,in_season,12,2017-12-01
มหาสารคาม,Maha Sarakham,15.98990226,103.1893308,Jan,0,2018,in_season,1,2018-01-01
มหาสารคาม,Maha Sarakham,15.98990226,103.1893308,Feb,0,2018,in_season,2,2018-02-01
มหาสารคาม,Maha Sarakham,15.98990226,103.1893308,Mar,0,2018,in_season,3,2018-03-01
มหาสารคาม,Maha Sarakham,15.98990226,103.1893308,Apr,0,2018,in_season,4,2018-04-01
มหาสารคาม,Maha Sarakham,15.98990226,103.1893308,May,430247,2018,in_season,5,2018-05-01
มหาสารคาม,Maha Sarakham,15.98990226,103.1893308,Jun,1100633,2018,in_season,6,2018-06-01
มหาสารคาม,Maha Sarakham,15.98990226,103.1893308,Jul,491388,2018,in_season,7,2018-07-01
มหาสารคาม,Maha Sarakham,15.98990226,103.1893308,Aug,39909,2018,in_season,8,2018-08-01
มหาสารคาม,Maha Sarakham,15.98990226,103.1893308,Sep,0,2018,in_season,9,2018-09-01
มหาสารคาม,Maha Sarakham,15.98990226,103.1893308,Oct,0,2018,in_season,10,2018-10-01
มหาสารคาม,Maha Sarakham,15.98990226,103.1893308,Nov,0,2018,in_season,11,2018-11-01
มหาสารคาม,Maha Sarakham,15.98990226,103.1893308,Dec,0,2018,in_season,12,2018-12-01
มหาสารคาม,Maha Sarakham,15.98990226,103.1893308,Jan,0,2019,in_season,1,2019-01-01
มหาสารคาม,Maha Sarakham,15.98990226,103.1893308,Feb,0,2019,in_season,2,2019-02-01
มหาสารคาม,Maha Sarakham,15.98990226,103.1893308,Mar,0,2019,in_season,3,2019-03-01
มหาสารคาม,Maha Sarakham,15.98990226,103.1893308,Apr,0,2019,in_season,4,2019-04-01
มหาสารคาม,Maha Sarakham,15.98990226,103.1893308,May,430247,2019,in_season,5,2019-05-01
มหาสารคาม,Maha Sarakham,15.98990226,103.1893308,Jun,1100633,2019,in_season,6,2019-06-01
มหาสารคาม,Maha Sarakham,15.98990226,103.1893308,Jul,491388,2019,in_season,7,2019-07-01
มหาสารคาม,Maha Sarakham,15.98990226,103.1893308,Aug,39909,2019,in_season,8,2019-08-01
มหาสารคาม,Maha Sarakham,15.98990226,103.1893308,Sep,0,2019,in_season,9,2019-09-01
มหาสารคาม,Maha Sarakham,15.98990226,103.1893308,Oct,0,2019,in_season,10,2019-10-01
มหาสารคาม,Maha Sarakham,15.98990226,103.1893308,Nov,0,2019,in_season,11,2019-11-01
มหาสารคาม,Maha Sarakham,15.98990226,103.1893308,Dec,0,2019,in_season,12,2019-12-01
มหาสารคาม,Maha Sarakham,15.98990226,103.1893308,Jan,7645,2015,off_season,1,2015-01-01
มหาสารคาม,Maha Sarakham,15.98990226,103.1893308,Feb,337,2015,off_season,2,2015-02-01
มหาสารคาม,Maha Sarakham,15.98990226,103.1893308,Mar,38,2015,off_season,3,2015-03-01
มหาสารคาม,Maha Sarakham,15.98990226,103.1893308,Apr,0,2015,off_season,4,2015-04-01
มหาสารคาม,Maha Sarakham,15.98990226,103.1893308,May,0,2015,off_season,5,2015-05-01
มหาสารคาม,Maha Sarakham,15.98990226,103.1893308,Jun,0,2015,off_season,6,2015-06-01
มหาสารคาม,Maha Sarakham,15.98990226,103.1893308,Jul,0,2015,off_season,7,2015-07-01
มหาสารคาม,Maha Sarakham,15.98990226,103.1893308,Aug,0,2015,off_season,8,2015-08-01
มหาสารคาม,Maha Sarakham,15.98990226,103.1893308,Sep,0,2015,off_season,9,2015-09-01
มหาสารคาม,Maha Sarakham,15.98990226,103.1893308,Oct,0,2015,off_season,10,2015-10-01
มหาสารคาม,Maha Sarakham,15.98990226,103.1893308,Nov,554,2015,off_season,11,2015-11-01
มหาสารคาม,Maha Sarakham,15.98990226,103.1893308,Dec,3921,2015,off_season,12,2015-12-01
มหาสารคาม,Maha Sarakham,15.98990226,103.1893308,Jan,5594,2016,off_season,1,2016-01-01
มหาสารคาม,Maha Sarakham,15.98990226,103.1893308,Feb,175,2016,off_season,2,2016-02-01
มหาสารคาม,Maha Sarakham,15.98990226,103.1893308,Mar,0,2016,off_season,3,2016-03-01
มหาสารคาม,Maha Sarakham,15.98990226,103.1893308,Apr,0,2016,off_season,4,2016-04-01
มหาสารคาม,Maha Sarakham,15.98990226,103.1893308,May,0,2016,off_season,5,2016-05-01
มหาสารคาม,Maha Sarakham,15.98990226,103.1893308,Jun,0,2016,off_season,6,2016-06-01
มหาสารคาม,Maha Sarakham,15.98990226,103.1893308,Jul,0,2016,off_season,7,2016-07-01
มหาสารคาม,Maha Sarakham,15.98990226,103.1893308,Aug,0,2016,off_season,8,2016-08-01
มหาสารคาม,Maha Sarakham,15.98990226,103.1893308,Sep,0,2016,off_season,9,2016-09-01
มหาสารคาม,Maha Sarakham,15.98990226,103.1893308,Oct,0,2016,off_season,10,2016-10-01
มหาสารคาม,Maha Sarakham,15.98990226,103.1893308,Nov,45,2016,off_season,11,2016-11-01
มหาสารคาม,Maha Sarakham,15.98990226,103.1893308,Dec,2391,2016,off_season,12,2016-12-01
มหาสารคาม,Maha Sarakham,15.98990226,103.1893308,Jan,121009,2017,off_season,1,2017-01-01
มหาสารคาม,Maha Sarakham,15.98990226,103.1893308,Feb,17343,2017,off_season,2,2017-02-01
มหาสารคาม,Maha Sarakham,15.98990226,103.1893308,Mar,4482,2017,off_season,3,2017-03-01
มหาสารคาม,Maha Sarakham,15.98990226,103.1893308,Apr,0,2017,off_season,4,2017-04-01
มหาสารคาม,Maha Sarakham,15.98990226,103.1893308,May,0,2017,off_season,5,2017-05-01
มหาสารคาม,Maha Sarakham,15.98990226,103.1893308,Jun,0,2017,off_season,6,2017-06-01
มหาสารคาม,Maha Sarakham,15.98990226,103.1893308,Jul,0,2017,off_season,7,2017-07-01
มหาสารคาม,Maha Sarakham,15.98990226,103.1893308,Aug,0,2017,off_season,8,2017-08-01
มหาสารคาม,Maha Sarakham,15.98990226,103.1893308,Sep,0,2017,off_season,9,2017-09-01
มหาสารคาม,Maha Sarakham,15.98990226,103.1893308,Oct,0,2017,off_season,10,2017-10-01
มหาสารคาม,Maha Sarakham,15.98990226,103.1893308,Nov,0,2017,off_season,11,2017-11-01
มหาสารคาม,Maha Sarakham,15.98990226,103.1893308,Dec,7251,2017,off_season,12,2017-12-01
มหาสารคาม,Maha Sarakham,15.98990226,103.1893308,Jan,133227,2018,off_season,1,2018-01-01
มหาสารคาม,Maha Sarakham,15.98990226,103.1893308,Feb,18638,2018,off_season,2,2018-02-01
มหาสารคาม,Maha Sarakham,15.98990226,103.1893308,Mar,4885,2018,off_season,3,2018-03-01
มหาสารคาม,Maha Sarakham,15.98990226,103.1893308,Apr,0,2018,off_season,4,2018-04-01
มหาสารคาม,Maha Sarakham,15.98990226,103.1893308,May,0,2018,off_season,5,2018-05-01
มหาสารคาม,Maha Sarakham,15.98990226,103.1893308,Jun,0,2018,off_season,6,2018-06-01
มหาสารคาม,Maha Sarakham,15.98990226,103.1893308,Jul,0,2018,off_season,7,2018-07-01
มหาสารคาม,Maha Sarakham,15.98990226,103.1893308,Aug,0,2018,off_season,8,2018-08-01
มหาสารคาม,Maha Sarakham,15.98990226,103.1893308,Sep,0,2018,off_season,9,2018-09-01
มหาสารคาม,Maha Sarakham,15.98990226,103.1893308,Oct,0,2018,off_season,10,2018-10-01
มหาสารคาม,Maha Sarakham,15.98990226,103.1893308,Nov,0,2018,off_season,11,2018-11-01
มหาสารคาม,Maha Sarakham,15.98990226,103.1893308,Dec,14657,2018,off_season,12,2018-12-01
มหาสารคาม,Maha Sarakham,15.98990226,103.1893308,Jan,19319,2019,off_season,1,2019-01-01
มหาสารคาม,Maha Sarakham,15.98990226,103.1893308,Feb,2589,2019,off_season,2,2019-02-01
มหาสารคาม,Maha Sarakham,15.98990226,103.1893308,Mar,671,2019,off_season,3,2019-03-01
มหาสารคาม,Maha Sarakham,15.98990226,103.1893308,Apr,0,2019,off_season,4,2019-04-01
มหาสารคาม,Maha Sarakham,15.98990226,103.1893308,May,0,2019,off_season,5,2019-05-01
มหาสารคาม,Maha Sarakham,15.98990226,103.1893308,Jun,0,2019,off_season,6,2019-06-01
มหาสารคาม,Maha Sarakham,15.98990226,103.1893308,Jul,0,2019,off_season,7,2019-07-01
มหาสารคาม,Maha Sarakham,15.98990226,103.1893308,Aug,0,2019,off_season,8,2019-08-01
มหาสารคาม,Maha Sarakham,15.98990226,103.1893308,Sep,0,2019,off_season,9,2019-09-01
มหาสารคาม,Maha Sarakham,15.98990226,103.1893308,Oct,0,2019,off_season,10,2019-10-01
มหาสารคาม,Maha Sarakham,15.98990226,103.1893308,Nov,0,2019,off_season,11,2019-11-01
มหาสารคาม,Maha Sarakham,15.98990226,103.1893308,Dec,1740,2019,off_season,12,2019-12-01
มุกดาหาร,Mukdahan,16.53405769,104.5682885,Jan,0,2015,in_season,1,2015-01-01
มุกดาหาร,Mukdahan,16.53405769,104.5682885,Feb,0,2015,in_season,2,2015-02-01
มุกดาหาร,Mukdahan,16.53405769,104.5682885,Mar,0,2015,in_season,3,2015-03-01
มุกดาหาร,Mukdahan,16.53405769,104.5682885,Apr,0,2015,in_season,4,2015-04-01
มุกดาหาร,Mukdahan,16.53405769,104.5682885,May,0,2015,in_season,5,2015-05-01
มุกดาหาร,Mukdahan,16.53405769,104.5682885,Jun,18828,2015,in_season,6,2015-06-01
มุกดาหาร,Mukdahan,16.53405769,104.5682885,Jul,57797,2015,in_season,7,2015-07-01
มุกดาหาร,Mukdahan,16.53405769,104.5682885,Aug,409881,2015,in_season,8,2015-08-01
มุกดาหาร,Mukdahan,16.53405769,104.5682885,Sep,0,2015,in_season,9,2015-09-01
มุกดาหาร,Mukdahan,16.53405769,104.5682885,Oct,0,2015,in_season,10,2015-10-01
มุกดาหาร,Mukdahan,16.53405769,104.5682885,Nov,0,2015,in_season,11,2015-11-01
มุกดาหาร,Mukdahan,16.53405769,104.5682885,Dec,0,2015,in_season,12,2015-12-01
มุกดาหาร,Mukdahan,16.53405769,104.5682885,Jan,0,2016,in_season,1,2016-01-01
มุกดาหาร,Mukdahan,16.53405769,104.5682885,Feb,0,2016,in_season,2,2016-02-01
มุกดาหาร,Mukdahan,16.53405769,104.5682885,Mar,0,2016,in_season,3,2016-03-01
มุกดาหาร,Mukdahan,16.53405769,104.5682885,Apr,0,2016,in_season,4,2016-04-01
มุกดาหาร,Mukdahan,16.53405769,104.5682885,May,80460,2016,in_season,5,2016-05-01
มุกดาหาร,Mukdahan,16.53405769,104.5682885,Jun,102820,2016,in_season,6,2016-06-01
มุกดาหาร,Mukdahan,16.53405769,104.5682885,Jul,267624,2016,in_season,7,2016-07-01
มุกดาหาร,Mukdahan,16.53405769,104.5682885,Aug,38989,2016,in_season,8,2016-08-01
มุกดาหาร,Mukdahan,16.53405769,104.5682885,Sep,0,2016,in_season,9,2016-09-01
มุกดาหาร,Mukdahan,16.53405769,104.5682885,Oct,0,2016,in_season,10,2016-10-01
มุกดาหาร,Mukdahan,16.53405769,104.5682885,Nov,0,2016,in_season,11,2016-11-01
มุกดาหาร,Mukdahan,16.53405769,104.5682885,Dec,0,2016,in_season,12,2016-12-01
มุกดาหาร,Mukdahan,16.53405769,104.5682885,Jan,0,2017,in_season,1,2017-01-01
มุกดาหาร,Mukdahan,16.53405769,104.5682885,Feb,0,2017,in_season,2,2017-02-01
มุกดาหาร,Mukdahan,16.53405769,104.5682885,Mar,0,2017,in_season,3,2017-03-01
มุกดาหาร,Mukdahan,16.53405769,104.5682885,Apr,0,2017,in_season,4,2017-04-01
มุกดาหาร,Mukdahan,16.53405769,104.5682885,May,72063,2017,in_season,5,2017-05-01
มุกดาหาร,Mukdahan,16.53405769,104.5682885,Jun,159231,2017,in_season,6,2017-06-01
มุกดาหาร,Mukdahan,16.53405769,104.5682885,Jul,236072,2017,in_season,7,2017-07-01
มุกดาหาร,Mukdahan,16.53405769,104.5682885,Aug,24761,2017,in_season,8,2017-08-01
มุกดาหาร,Mukdahan,16.53405769,104.5682885,Sep,0,2017,in_season,9,2017-09-01
มุกดาหาร,Mukdahan,16.53405769,104.5682885,Oct,0,2017,in_season,10,2017-10-01
มุกดาหาร,Mukdahan,16.53405769,104.5682885,Nov,0,2017,in_season,11,2017-11-01
มุกดาหาร,Mukdahan,16.53405769,104.5682885,Dec,0,2017,in_season,12,2017-12-01
มุกดาหาร,Mukdahan,16.53405769,104.5682885,Jan,0,2018,in_season,1,2018-01-01
มุกดาหาร,Mukdahan,16.53405769,104.5682885,Feb,0,2018,in_season,2,2018-02-01
มุกดาหาร,Mukdahan,16.53405769,104.5682885,Mar,0,2018,in_season,3,2018-03-01
มุกดาหาร,Mukdahan,16.53405769,104.5682885,Apr,0,2018,in_season,4,2018-04-01
มุกดาหาร,Mukdahan,16.53405769,104.5682885,May,82735,2018,in_season,5,2018-05-01
มุกดาหาร,Mukdahan,16.53405769,104.5682885,Jun,136657,2018,in_season,6,2018-06-01
มุกดาหาร,Mukdahan,16.53405769,104.5682885,Jul,251141,2018,in_season,7,2018-07-01
มุกดาหาร,Mukdahan,16.53405769,104.5682885,Aug,17888,2018,in_season,8,2018-08-01
มุกดาหาร,Mukdahan,16.53405769,104.5682885,Sep,0,2018,in_season,9,2018-09-01
มุกดาหาร,Mukdahan,16.53405769,104.5682885,Oct,0,2018,in_season,10,2018-10-01
มุกดาหาร,Mukdahan,16.53405769,104.5682885,Nov,0,2018,in_season,11,2018-11-01
มุกดาหาร,Mukdahan,16.53405769,104.5682885,Dec,0,2018,in_season,12,2018-12-01
มุกดาหาร,Mukdahan,16.53405769,104.5682885,Jan,0,2019,in_season,1,2019-01-01
มุกดาหาร,Mukdahan,16.53405769,104.5682885,Feb,0,2019,in_season,2,2019-02-01
มุกดาหาร,Mukdahan,16.53405769,104.5682885,Mar,0,2019,in_season,3,2019-03-01
มุกดาหาร,Mukdahan,16.53405769,104.5682885,Apr,0,2019,in_season,4,2019-04-01
มุกดาหาร,Mukdahan,16.53405769,104.5682885,May,82735,2019,in_season,5,2019-05-01
มุกดาหาร,Mukdahan,16.53405769,104.5682885,Jun,136657,2019,in_season,6,2019-06-01
มุกดาหาร,Mukdahan,16.53405769,104.5682885,Jul,251141,2019,in_season,7,2019-07-01
มุกดาหาร,Mukdahan,16.53405769,104.5682885,Aug,17888,2019,in_season,8,2019-08-01
มุกดาหาร,Mukdahan,16.53405769,104.5682885,Sep,0,2019,in_season,9,2019-09-01
มุกดาหาร,Mukdahan,16.53405769,104.5682885,Oct,0,2019,in_season,10,2019-10-01
มุกดาหาร,Mukdahan,16.53405769,104.5682885,Nov,0,2019,in_season,11,2019-11-01
มุกดาหาร,Mukdahan,16.53405769,104.5682885,Dec,0,2019,in_season,12,2019-12-01
มุกดาหาร,Mukdahan,16.53405769,104.5682885,Jan,170,2015,off_season,1,2015-01-01
มุกดาหาร,Mukdahan,16.53405769,104.5682885,Feb,15,2015,off_season,2,2015-02-01
มุกดาหาร,Mukdahan,16.53405769,104.5682885,Mar,0,2015,off_season,3,2015-03-01
มุกดาหาร,Mukdahan,16.53405769,104.5682885,Apr,0,2015,off_season,4,2015-04-01
มุกดาหาร,Mukdahan,16.53405769,104.5682885,May,0,2015,off_season,5,2015-05-01
มุกดาหาร,Mukdahan,16.53405769,104.5682885,Jun,0,2015,off_season,6,2015-06-01
มุกดาหาร,Mukdahan,16.53405769,104.5682885,Jul,0,2015,off_season,7,2015-07-01
มุกดาหาร,Mukdahan,16.53405769,104.5682885,Aug,0,2015,off_season,8,2015-08-01
มุกดาหาร,Mukdahan,16.53405769,104.5682885,Sep,0,2015,off_season,9,2015-09-01
มุกดาหาร,Mukdahan,16.53405769,104.5682885,Oct,0,2015,off_season,10,2015-10-01
มุกดาหาร,Mukdahan,16.53405769,104.5682885,Nov,0,2015,off_season,11,2015-11-01
มุกดาหาร,Mukdahan,16.53405769,104.5682885,Dec,193,2015,off_season,12,2015-12-01
มุกดาหาร,Mukdahan,16.53405769,104.5682885,Jan,208,2016,off_season,1,2016-01-01
มุกดาหาร,Mukdahan,16.53405769,104.5682885,Feb,0,2016,off_season,2,2016-02-01
มุกดาหาร,Mukdahan,16.53405769,104.5682885,Mar,0,2016,off_season,3,2016-03-01
มุกดาหาร,Mukdahan,16.53405769,104.5682885,Apr,0,2016,off_season,4,2016-04-01
มุกดาหาร,Mukdahan,16.53405769,104.5682885,May,0,2016,off_season,5,2016-05-01
มุกดาหาร,Mukdahan,16.53405769,104.5682885,Jun,0,2016,off_season,6,2016-06-01
มุกดาหาร,Mukdahan,16.53405769,104.5682885,Jul,0,2016,off_season,7,2016-07-01
มุกดาหาร,Mukdahan,16.53405769,104.5682885,Aug,0,2016,off_season,8,2016-08-01
มุกดาหาร,Mukdahan,16.53405769,104.5682885,Sep,0,2016,off_season,9,2016-09-01
มุกดาหาร,Mukdahan,16.53405769,104.5682885,Oct,0,2016,off_season,10,2016-10-01
มุกดาหาร,Mukdahan,16.53405769,104.5682885,Nov,0,2016,off_season,11,2016-11-01
มุกดาหาร,Mukdahan,16.53405769,104.5682885,Dec,53,2016,off_season,12,2016-12-01
มุกดาหาร,Mukdahan,16.53405769,104.5682885,Jan,112,2017,off_season,1,2017-01-01
มุกดาหาร,Mukdahan,16.53405769,104.5682885,Feb,0,2017,off_season,2,2017-02-01
มุกดาหาร,Mukdahan,16.53405769,104.5682885,Mar,0,2017,off_season,3,2017-03-01
มุกดาหาร,Mukdahan,16.53405769,104.5682885,Apr,0,2017,off_season,4,2017-04-01
มุกดาหาร,Mukdahan,16.53405769,104.5682885,May,0,2017,off_season,5,2017-05-01
มุกดาหาร,Mukdahan,16.53405769,104.5682885,Jun,0,2017,off_season,6,2017-06-01
มุกดาหาร,Mukdahan,16.53405769,104.5682885,Jul,0,2017,off_season,7,2017-07-01
มุกดาหาร,Mukdahan,16.53405769,104.5682885,Aug,0,2017,off_season,8,2017-08-01
มุกดาหาร,Mukdahan,16.53405769,104.5682885,Sep,0,2017,off_season,9,2017-09-01
มุกดาหาร,Mukdahan,16.53405769,104.5682885,Oct,0,2017,off_season,10,2017-10-01
มุกดาหาร,Mukdahan,16.53405769,104.5682885,Nov,0,2017,off_season,11,2017-11-01
มุกดาหาร,Mukdahan,16.53405769,104.5682885,Dec,130,2017,off_season,12,2017-12-01
มุกดาหาร,Mukdahan,16.53405769,104.5682885,Jan,277,2018,off_season,1,2018-01-01
มุกดาหาร,Mukdahan,16.53405769,104.5682885,Feb,23,2018,off_season,2,2018-02-01
มุกดาหาร,Mukdahan,16.53405769,104.5682885,Mar,0,2018,off_season,3,2018-03-01
มุกดาหาร,Mukdahan,16.53405769,104.5682885,Apr,0,2018,off_season,4,2018-04-01
มุกดาหาร,Mukdahan,16.53405769,104.5682885,May,0,2018,off_season,5,2018-05-01
มุกดาหาร,Mukdahan,16.53405769,104.5682885,Jun,0,2018,off_season,6,2018-06-01
มุกดาหาร,Mukdahan,16.53405769,104.5682885,Jul,0,2018,off_season,7,2018-07-01
มุกดาหาร,Mukdahan,16.53405769,104.5682885,Aug,0,2018,off_season,8,2018-08-01
มุกดาหาร,Mukdahan,16.53405769,104.5682885,Sep,0,2018,off_season,9,2018-09-01
มุกดาหาร,Mukdahan,16.53405769,104.5682885,Oct,0,2018,off_season,10,2018-10-01
มุกดาหาร,Mukdahan,16.53405769,104.5682885,Nov,0,2018,off_season,11,2018-11-01
มุกดาหาร,Mukdahan,16.53405769,104.5682885,Dec,193,2018,off_season,12,2018-12-01
มุกดาหาร,Mukdahan,16.53405769,104.5682885,Jan,211,2019,off_season,1,2019-01-01
มุกดาหาร,Mukdahan,16.53405769,104.5682885,Feb,22,2019,off_season,2,2019-02-01
มุกดาหาร,Mukdahan,16.53405769,104.5682885,Mar,0,2019,off_season,3,2019-03-01
มุกดาหาร,Mukdahan,16.53405769,104.5682885,Apr,0,2019,off_season,4,2019-04-01
มุกดาหาร,Mukdahan,16.53405769,104.5682885,May,0,2019,off_season,5,2019-05-01
มุกดาหาร,Mukdahan,16.53405769,104.5682885,Jun,0,2019,off_season,6,2019-06-01
มุกดาหาร,Mukdahan,16.53405769,104.5682885,Jul,0,2019,off_season,7,2019-07-01
มุกดาหาร,Mukdahan,16.53405769,104.5682885,Aug,0,2019,off_season,8,2019-08-01
มุกดาหาร,Mukdahan,16.53405769,104.5682885,Sep,0,2019,off_season,9,2019-09-01
มุกดาหาร,Mukdahan,16.53405769,104.5682885,Oct,0,2019,off_season,10,2019-10-01
มุกดาหาร,Mukdahan,16.53405769,104.5682885,Nov,0,2019,off_season,11,2019-11-01
มุกดาหาร,Mukdahan,16.53405769,104.5682885,Dec,190,2019,off_season,12,2019-12-01
นครนายก,Nakhon Nayok,14.18082927,101.1229756,Jan,0,2015,in_season,1,2015-01-01
นครนายก,Nakhon Nayok,14.18082927,101.1229756,Feb,0,2015,in_season,2,2015-02-01
นครนายก,Nakhon Nayok,14.18082927,101.1229756,Mar,0,2015,in_season,3,2015-03-01
นครนายก,Nakhon Nayok,14.18082927,101.1229756,Apr,0,2015,in_season,4,2015-04-01
นครนายก,Nakhon Nayok,14.18082927,101.1229756,May,79384,2015,in_season,5,2015-05-01
นครนายก,Nakhon Nayok,14.18082927,101.1229756,Jun,97519,2015,in_season,6,2015-06-01
นครนายก,Nakhon Nayok,14.18082927,101.1229756,Jul,52125,2015,in_season,7,2015-07-01
นครนายก,Nakhon Nayok,14.18082927,101.1229756,Aug,73056,2015,in_season,8,2015-08-01
นครนายก,Nakhon Nayok,14.18082927,101.1229756,Sep,54038,2015,in_season,9,2015-09-01
นครนายก,Nakhon Nayok,14.18082927,101.1229756,Oct,11735,2015,in_season,10,2015-10-01
นครนายก,Nakhon Nayok,14.18082927,101.1229756,Nov,0,2015,in_season,11,2015-11-01
นครนายก,Nakhon Nayok,14.18082927,101.1229756,Dec,0,2015,in_season,12,2015-12-01
นครนายก,Nakhon Nayok,14.18082927,101.1229756,Jan,0,2016,in_season,1,2016-01-01
นครนายก,Nakhon Nayok,14.18082927,101.1229756,Feb,0,2016,in_season,2,2016-02-01
นครนายก,Nakhon Nayok,14.18082927,101.1229756,Mar,0,2016,in_season,3,2016-03-01
นครนายก,Nakhon Nayok,14.18082927,101.1229756,Apr,0,2016,in_season,4,2016-04-01
นครนายก,Nakhon Nayok,14.18082927,101.1229756,May,93020,2016,in_season,5,2016-05-01
นครนายก,Nakhon Nayok,14.18082927,101.1229756,Jun,78076,2016,in_season,6,2016-06-01
นครนายก,Nakhon Nayok,14.18082927,101.1229756,Jul,89337,2016,in_season,7,2016-07-01
นครนายก,Nakhon Nayok,14.18082927,101.1229756,Aug,63693,2016,in_season,8,2016-08-01
นครนายก,Nakhon Nayok,14.18082927,101.1229756,Sep,17813,2016,in_season,9,2016-09-01
นครนายก,Nakhon Nayok,14.18082927,101.1229756,Oct,13892,2016,in_season,10,2016-10-01
นครนายก,Nakhon Nayok,14.18082927,101.1229756,Nov,0,2016,in_season,11,2016-11-01
นครนายก,Nakhon Nayok,14.18082927,101.1229756,Dec,0,2016,in_season,12,2016-12-01
นครนายก,Nakhon Nayok,14.18082927,101.1229756,Jan,0,2017,in_season,1,2017-01-01
นครนายก,Nakhon Nayok,14.18082927,101.1229756,Feb,0,2017,in_season,2,2017-02-01
นครนายก,Nakhon Nayok,14.18082927,101.1229756,Mar,0,2017,in_season,3,2017-03-01
นครนายก,Nakhon Nayok,14.18082927,101.1229756,Apr,0,2017,in_season,4,2017-04-01
นครนายก,Nakhon Nayok,14.18082927,101.1229756,May,177671,2017,in_season,5,2017-05-01
นครนายก,Nakhon Nayok,14.18082927,101.1229756,Jun,65378,2017,in_season,6,2017-06-01
นครนายก,Nakhon Nayok,14.18082927,101.1229756,Jul,33608,2017,in_season,7,2017-07-01
นครนายก,Nakhon Nayok,14.18082927,101.1229756,Aug,27339,2017,in_season,8,2017-08-01
นครนายก,Nakhon Nayok,14.18082927,101.1229756,Sep,21941,2017,in_season,9,2017-09-01
นครนายก,Nakhon Nayok,14.18082927,101.1229756,Oct,40362,2017,in_season,10,2017-10-01
นครนายก,Nakhon Nayok,14.18082927,101.1229756,Nov,0,2017,in_season,11,2017-11-01
นครนายก,Nakhon Nayok,14.18082927,101.1229756,Dec,0,2017,in_season,12,2017-12-01
นครนายก,Nakhon Nayok,14.18082927,101.1229756,Jan,0,2018,in_season,1,2018-01-01
นครนายก,Nakhon Nayok,14.18082927,101.1229756,Feb,0,2018,in_season,2,2018-02-01
นครนายก,Nakhon Nayok,14.18082927,101.1229756,Mar,0,2018,in_season,3,2018-03-01
นครนายก,Nakhon Nayok,14.18082927,101.1229756,Apr,0,2018,in_season,4,2018-04-01
นครนายก,Nakhon Nayok,14.18082927,101.1229756,May,200930,2018,in_season,5,2018-05-01
นครนายก,Nakhon Nayok,14.18082927,101.1229756,Jun,66753,2018,in_season,6,2018-06-01
นครนายก,Nakhon Nayok,14.18082927,101.1229756,Jul,23362,2018,in_season,7,2018-07-01
นครนายก,Nakhon Nayok,14.18082927,101.1229756,Aug,38665,2018,in_season,8,2018-08-01
นครนายก,Nakhon Nayok,14.18082927,101.1229756,Sep,18518,2018,in_season,9,2018-09-01
นครนายก,Nakhon Nayok,14.18082927,101.1229756,Oct,23707,2018,in_season,10,2018-10-01
นครนายก,Nakhon Nayok,14.18082927,101.1229756,Nov,0,2018,in_season,11,2018-11-01
นครนายก,Nakhon Nayok,14.18082927,101.1229756,Dec,0,2018,in_season,12,2018-12-01
นครนายก,Nakhon Nayok,14.18082927,101.1229756,Jan,0,2019,in_season,1,2019-01-01
นครนายก,Nakhon Nayok,14.18082927,101.1229756,Feb,0,2019,in_season,2,2019-02-01
นครนายก,Nakhon Nayok,14.18082927,101.1229756,Mar,0,2019,in_season,3,2019-03-01
นครนายก,Nakhon Nayok,14.18082927,101.1229756,Apr,0,2019,in_season,4,2019-04-01
นครนายก,Nakhon Nayok,14.18082927,101.1229756,May,200930,2019,in_season,5,2019-05-01
นครนายก,Nakhon Nayok,14.18082927,101.1229756,Jun,66753,2019,in_season,6,2019-06-01
นครนายก,Nakhon Nayok,14.18082927,101.1229756,Jul,23362,2019,in_season,7,2019-07-01
นครนายก,Nakhon Nayok,14.18082927,101.1229756,Aug,38665,2019,in_season,8,2019-08-01
นครนายก,Nakhon Nayok,14.18082927,101.1229756,Sep,18518,2019,in_season,9,2019-09-01
นครนายก,Nakhon Nayok,14.18082927,101.1229756,Oct,23707,2019,in_season,10,2019-10-01
นครนายก,Nakhon Nayok,14.18082927,101.1229756,Nov,0,2019,in_season,11,2019-11-01
นครนายก,Nakhon Nayok,14.18082927,101.1229756,Dec,0,2019,in_season,12,2019-12-01
นครนายก,Nakhon Nayok,14.18082927,101.1229756,Jan,34570,2015,off_season,1,2015-01-01
นครนายก,Nakhon Nayok,14.18082927,101.1229756,Feb,14456,2015,off_season,2,2015-02-01
นครนายก,Nakhon Nayok,14.18082927,101.1229756,Mar,4301,2015,off_season,3,2015-03-01
นครนายก,Nakhon Nayok,14.18082927,101.1229756,Apr,877,2015,off_season,4,2015-04-01
นครนายก,Nakhon Nayok,14.18082927,101.1229756,May,0,2015,off_season,5,2015-05-01
นครนายก,Nakhon Nayok,14.18082927,101.1229756,Jun,0,2015,off_season,6,2015-06-01
นครนายก,Nakhon Nayok,14.18082927,101.1229756,Jul,0,2015,off_season,7,2015-07-01
นครนายก,Nakhon Nayok,14.18082927,101.1229756,Aug,0,2015,off_season,8,2015-08-01
นครนายก,Nakhon Nayok,14.18082927,101.1229756,Sep,0,2015,off_season,9,2015-09-01
นครนายก,Nakhon Nayok,14.18082927,101.1229756,Oct,0,2015,off_season,10,2015-10-01
นครนายก,Nakhon Nayok,14.18082927,101.1229756,Nov,83525,2015,off_season,11,2015-11-01
นครนายก,Nakhon Nayok,14.18082927,101.1229756,Dec,38517,2015,off_season,12,2015-12-01
นครนายก,Nakhon Nayok,14.18082927,101.1229756,Jan,16345,2016,off_season,1,2016-01-01
นครนายก,Nakhon Nayok,14.18082927,101.1229756,Feb,4316,2016,off_season,2,2016-02-01
นครนายก,Nakhon Nayok,14.18082927,101.1229756,Mar,1555,2016,off_season,3,2016-03-01
นครนายก,Nakhon Nayok,14.18082927,101.1229756,Apr,111,2016,off_season,4,2016-04-01
นครนายก,Nakhon Nayok,14.18082927,101.1229756,May,0,2016,off_season,5,2016-05-01
นครนายก,Nakhon Nayok,14.18082927,101.1229756,Jun,0,2016,off_season,6,2016-06-01
นครนายก,Nakhon Nayok,14.18082927,101.1229756,Jul,0,2016,off_season,7,2016-07-01
นครนายก,Nakhon Nayok,14.18082927,101.1229756,Aug,0,2016,off_season,8,2016-08-01
นครนายก,Nakhon Nayok,14.18082927,101.1229756,Sep,0,2016,off_season,9,2016-09-01
นครนายก,Nakhon Nayok,14.18082927,101.1229756,Oct,0,2016,off_season,10,2016-10-01
นครนายก,Nakhon Nayok,14.18082927,101.1229756,Nov,44706,2016,off_season,11,2016-11-01
นครนายก,Nakhon Nayok,14.18082927,101.1229756,Dec,23404,2016,off_season,12,2016-12-01
นครนายก,Nakhon Nayok,14.18082927,101.1229756,Jan,24766,2017,off_season,1,2017-01-01
นครนายก,Nakhon Nayok,14.18082927,101.1229756,Feb,6527,2017,off_season,2,2017-02-01
นครนายก,Nakhon Nayok,14.18082927,101.1229756,Mar,2322,2017,off_season,3,2017-03-01
นครนายก,Nakhon Nayok,14.18082927,101.1229756,Apr,1810,2017,off_season,4,2017-04-01
นครนายก,Nakhon Nayok,14.18082927,101.1229756,May,0,2017,off_season,5,2017-05-01
นครนายก,Nakhon Nayok,14.18082927,101.1229756,Jun,0,2017,off_season,6,2017-06-01
นครนายก,Nakhon Nayok,14.18082927,101.1229756,Jul,0,2017,off_season,7,2017-07-01
นครนายก,Nakhon Nayok,14.18082927,101.1229756,Aug,0,2017,off_season,8,2017-08-01
นครนายก,Nakhon Nayok,14.18082927,101.1229756,Sep,0,2017,off_season,9,2017-09-01
นครนายก,Nakhon Nayok,14.18082927,101.1229756,Oct,0,2017,off_season,10,2017-10-01
นครนายก,Nakhon Nayok,14.18082927,101.1229756,Nov,68829,2017,off_season,11,2017-11-01
นครนายก,Nakhon Nayok,14.18082927,101.1229756,Dec,48115,2017,off_season,12,2017-12-01
นครนายก,Nakhon Nayok,14.18082927,101.1229756,Jan,26972,2018,off_season,1,2018-01-01
นครนายก,Nakhon Nayok,14.18082927,101.1229756,Feb,9633,2018,off_season,2,2018-02-01
นครนายก,Nakhon Nayok,14.18082927,101.1229756,Mar,3031,2018,off_season,3,2018-03-01
นครนายก,Nakhon Nayok,14.18082927,101.1229756,Apr,9661,2018,off_season,4,2018-04-01
นครนายก,Nakhon Nayok,14.18082927,101.1229756,May,0,2018,off_season,5,2018-05-01
นครนายก,Nakhon Nayok,14.18082927,101.1229756,Jun,0,2018,off_season,6,2018-06-01
นครนายก,Nakhon Nayok,14.18082927,101.1229756,Jul,0,2018,off_season,7,2018-07-01
นครนายก,Nakhon Nayok,14.18082927,101.1229756,Aug,0,2018,off_season,8,2018-08-01
นครนายก,Nakhon Nayok,14.18082927,101.1229756,Sep,0,2018,off_season,9,2018-09-01
นครนายก,Nakhon Nayok,14.18082927,101.1229756,Oct,0,2018,off_season,10,2018-10-01
นครนายก,Nakhon Nayok,14.18082927,101.1229756,Nov,71732,2018,off_season,11,2018-11-01
นครนายก,Nakhon Nayok,14.18082927,101.1229756,Dec,40468,2018,off_season,12,2018-12-01
นครนายก,Nakhon Nayok,14.18082927,101.1229756,Jan,24100,2019,off_season,1,2019-01-01
นครนายก,Nakhon Nayok,14.18082927,101.1229756,Feb,9050,2019,off_season,2,2019-02-01
นครนายก,Nakhon Nayok,14.18082927,101.1229756,Mar,2884,2019,off_season,3,2019-03-01
นครนายก,Nakhon Nayok,14.18082927,101.1229756,Apr,9112,2019,off_season,4,2019-04-01
นครนายก,Nakhon Nayok,14.18082927,101.1229756,May,0,2019,off_season,5,2019-05-01
นครนายก,Nakhon Nayok,14.18082927,101.1229756,Jun,0,2019,off_season,6,2019-06-01
นครนายก,Nakhon Nayok,14.18082927,101.1229756,Jul,0,2019,off_season,7,2019-07-01
นครนายก,Nakhon Nayok,14.18082927,101.1229756,Aug,0,2019,off_season,8,2019-08-01
นครนายก,Nakhon Nayok,14.18082927,101.1229756,Sep,0,2019,off_season,9,2019-09-01
นครนายก,Nakhon Nayok,14.18082927,101.1229756,Oct,0,2019,off_season,10,2019-10-01
นครนายก,Nakhon Nayok,14.18082927,101.1229756,Nov,76319,2019,off_season,11,2019-11-01
นครนายก,Nakhon Nayok,14.18082927,101.1229756,Dec,39089,2019,off_season,12,2019-12-01
นครปฐม,Nakhon Pathom,13.87357143,100.1243048,Jan,0,2015,in_season,1,2015-01-01
นครปฐม,Nakhon Pathom,13.87357143,100.1243048,Feb,0,2015,in_season,2,2015-02-01
นครปฐม,Nakhon Pathom,13.87357143,100.1243048,Mar,0,2015,in_season,3,2015-03-01
นครปฐม,Nakhon Pathom,13.87357143,100.1243048,Apr,0,2015,in_season,4,2015-04-01
นครปฐม,Nakhon Pathom,13.87357143,100.1243048,May,104140,2015,in_season,5,2015-05-01
นครปฐม,Nakhon Pathom,13.87357143,100.1243048,Jun,104508,2015,in_season,6,2015-06-01
นครปฐม,Nakhon Pathom,13.87357143,100.1243048,Jul,20587,2015,in_season,7,2015-07-01
นครปฐม,Nakhon Pathom,13.87357143,100.1243048,Aug,80144,2015,in_season,8,2015-08-01
นครปฐม,Nakhon Pathom,13.87357143,100.1243048,Sep,18248,2015,in_season,9,2015-09-01
นครปฐม,Nakhon Pathom,13.87357143,100.1243048,Oct,6584,2015,in_season,10,2015-10-01
นครปฐม,Nakhon Pathom,13.87357143,100.1243048,Nov,0,2015,in_season,11,2015-11-01
นครปฐม,Nakhon Pathom,13.87357143,100.1243048,Dec,0,2015,in_season,12,2015-12-01
นครปฐม,Nakhon Pathom,13.87357143,100.1243048,Jan,0,2016,in_season,1,2016-01-01
นครปฐม,Nakhon Pathom,13.87357143,100.1243048,Feb,0,2016,in_season,2,2016-02-01
นครปฐม,Nakhon Pathom,13.87357143,100.1243048,Mar,0,2016,in_season,3,2016-03-01
นครปฐม,Nakhon Pathom,13.87357143,100.1243048,Apr,0,2016,in_season,4,2016-04-01
นครปฐม,Nakhon Pathom,13.87357143,100.1243048,May,63576,2016,in_season,5,2016-05-01
นครปฐม,Nakhon Pathom,13.87357143,100.1243048,Jun,85319,2016,in_season,6,2016-06-01
นครปฐม,Nakhon Pathom,13.87357143,100.1243048,Jul,75404,2016,in_season,7,2016-07-01
นครปฐม,Nakhon Pathom,13.87357143,100.1243048,Aug,58397,2016,in_season,8,2016-08-01
นครปฐม,Nakhon Pathom,13.87357143,100.1243048,Sep,23760,2016,in_season,9,2016-09-01
นครปฐม,Nakhon Pathom,13.87357143,100.1243048,Oct,15396,2016,in_season,10,2016-10-01
นครปฐม,Nakhon Pathom,13.87357143,100.1243048,Nov,0,2016,in_season,11,2016-11-01
นครปฐม,Nakhon Pathom,13.87357143,100.1243048,Dec,0,2016,in_season,12,2016-12-01
นครปฐม,Nakhon Pathom,13.87357143,100.1243048,Jan,0,2017,in_season,1,2017-01-01
นครปฐม,Nakhon Pathom,13.87357143,100.1243048,Feb,0,2017,in_season,2,2017-02-01
นครปฐม,Nakhon Pathom,13.87357143,100.1243048,Mar,0,2017,in_season,3,2017-03-01
นครปฐม,Nakhon Pathom,13.87357143,100.1243048,Apr,0,2017,in_season,4,2017-04-01
นครปฐม,Nakhon Pathom,13.87357143,100.1243048,May,133434,2017,in_season,5,2017-05-01
นครปฐม,Nakhon Pathom,13.87357143,100.1243048,Jun,80714,2017,in_season,6,2017-06-01
นครปฐม,Nakhon Pathom,13.87357143,100.1243048,Jul,37522,2017,in_season,7,2017-07-01
นครปฐม,Nakhon Pathom,13.87357143,100.1243048,Aug,38515,2017,in_season,8,2017-08-01
นครปฐม,Nakhon Pathom,13.87357143,100.1243048,Sep,10650,2017,in_season,9,2017-09-01
นครปฐม,Nakhon Pathom,13.87357143,100.1243048,Oct,8758,2017,in_season,10,2017-10-01
นครปฐม,Nakhon Pathom,13.87357143,100.1243048,Nov,0,2017,in_season,11,2017-11-01
นครปฐม,Nakhon Pathom,13.87357143,100.1243048,Dec,0,2017,in_season,12,2017-12-01
นครปฐม,Nakhon Pathom,13.87357143,100.1243048,Jan,0,2018,in_season,1,2018-01-01
นครปฐม,Nakhon Pathom,13.87357143,100.1243048,Feb,0,2018,in_season,2,2018-02-01
นครปฐม,Nakhon Pathom,13.87357143,100.1243048,Mar,0,2018,in_season,3,2018-03-01
นครปฐม,Nakhon Pathom,13.87357143,100.1243048,Apr,0,2018,in_season,4,2018-04-01
นครปฐม,Nakhon Pathom,13.87357143,100.1243048,May,119162,2018,in_season,5,2018-05-01
นครปฐม,Nakhon Pathom,13.87357143,100.1243048,Jun,79348,2018,in_season,6,2018-06-01
นครปฐม,Nakhon Pathom,13.87357143,100.1243048,Jul,14279,2018,in_season,7,2018-07-01
นครปฐม,Nakhon Pathom,13.87357143,100.1243048,Aug,30770,2018,in_season,8,2018-08-01
นครปฐม,Nakhon Pathom,13.87357143,100.1243048,Sep,8182,2018,in_season,9,2018-09-01
นครปฐม,Nakhon Pathom,13.87357143,100.1243048,Oct,25458,2018,in_season,10,2018-10-01
นครปฐม,Nakhon Pathom,13.87357143,100.1243048,Nov,0,2018,in_season,11,2018-11-01
นครปฐม,Nakhon Pathom,13.87357143,100.1243048,Dec,0,2018,in_season,12,2018-12-01
นครปฐม,Nakhon Pathom,13.87357143,100.1243048,Jan,0,2019,in_season,1,2019-01-01
นครปฐม,Nakhon Pathom,13.87357143,100.1243048,Feb,0,2019,in_season,2,2019-02-01
นครปฐม,Nakhon Pathom,13.87357143,100.1243048,Mar,0,2019,in_season,3,2019-03-01
นครปฐม,Nakhon Pathom,13.87357143,100.1243048,Apr,0,2019,in_season,4,2019-04-01
นครปฐม,Nakhon Pathom,13.87357143,100.1243048,May,119162,2019,in_season,5,2019-05-01
นครปฐม,Nakhon Pathom,13.87357143,100.1243048,Jun,79348,2019,in_season,6,2019-06-01
นครปฐม,Nakhon Pathom,13.87357143,100.1243048,Jul,14279,2019,in_season,7,2019-07-01
นครปฐม,Nakhon Pathom,13.87357143,100.1243048,Aug,30770,2019,in_season,8,2019-08-01
นครปฐม,Nakhon Pathom,13.87357143,100.1243048,Sep,8182,2019,in_season,9,2019-09-01
นครปฐม,Nakhon Pathom,13.87357143,100.1243048,Oct,25458,2019,in_season,10,2019-10-01
นครปฐม,Nakhon Pathom,13.87357143,100.1243048,Nov,0,2019,in_season,11,2019-11-01
นครปฐม,Nakhon Pathom,13.87357143,100.1243048,Dec,0,2019,in_season,12,2019-12-01
นครปฐม,Nakhon Pathom,13.87357143,100.1243048,Jan,47981,2015,off_season,1,2015-01-01
นครปฐม,Nakhon Pathom,13.87357143,100.1243048,Feb,21523,2015,off_season,2,2015-02-01
นครปฐม,Nakhon Pathom,13.87357143,100.1243048,Mar,32792,2015,off_season,3,2015-03-01
นครปฐม,Nakhon Pathom,13.87357143,100.1243048,Apr,11073,2015,off_season,4,2015-04-01
นครปฐม,Nakhon Pathom,13.87357143,100.1243048,May,0,2015,off_season,5,2015-05-01
นครปฐม,Nakhon Pathom,13.87357143,100.1243048,Jun,0,2015,off_season,6,2015-06-01
นครปฐม,Nakhon Pathom,13.87357143,100.1243048,Jul,0,2015,off_season,7,2015-07-01
นครปฐม,Nakhon Pathom,13.87357143,100.1243048,Aug,0,2015,off_season,8,2015-08-01
นครปฐม,Nakhon Pathom,13.87357143,100.1243048,Sep,0,2015,off_season,9,2015-09-01
นครปฐม,Nakhon Pathom,13.87357143,100.1243048,Oct,0,2015,off_season,10,2015-10-01
นครปฐม,Nakhon Pathom,13.87357143,100.1243048,Nov,73426,2015,off_season,11,2015-11-01
นครปฐม,Nakhon Pathom,13.87357143,100.1243048,Dec,63132,2015,off_season,12,2015-12-01
นครปฐม,Nakhon Pathom,13.87357143,100.1243048,Jan,31129,2016,off_season,1,2016-01-01
นครปฐม,Nakhon Pathom,13.87357143,100.1243048,Feb,24686,2016,off_season,2,2016-02-01
นครปฐม,Nakhon Pathom,13.87357143,100.1243048,Mar,19822,2016,off_season,3,2016-03-01
นครปฐม,Nakhon Pathom,13.87357143,100.1243048,Apr,5466,2016,off_season,4,2016-04-01
นครปฐม,Nakhon Pathom,13.87357143,100.1243048,May,0,2016,off_season,5,2016-05-01
นครปฐม,Nakhon Pathom,13.87357143,100.1243048,Jun,0,2016,off_season,6,2016-06-01
นครปฐม,Nakhon Pathom,13.87357143,100.1243048,Jul,0,2016,off_season,7,2016-07-01
นครปฐม,Nakhon Pathom,13.87357143,100.1243048,Aug,0,2016,off_season,8,2016-08-01
นครปฐม,Nakhon Pathom,13.87357143,100.1243048,Sep,0,2016,off_season,9,2016-09-01
นครปฐม,Nakhon Pathom,13.87357143,100.1243048,Oct,0,2016,off_season,10,2016-10-01
นครปฐม,Nakhon Pathom,13.87357143,100.1243048,Nov,69227,2016,off_season,11,2016-11-01
นครปฐม,Nakhon Pathom,13.87357143,100.1243048,Dec,48873,2016,off_season,12,2016-12-01
นครปฐม,Nakhon Pathom,13.87357143,100.1243048,Jan,41674,2017,off_season,1,2017-01-01
นครปฐม,Nakhon Pathom,13.87357143,100.1243048,Feb,23943,2017,off_season,2,2017-02-01
นครปฐม,Nakhon Pathom,13.87357143,100.1243048,Mar,13361,2017,off_season,3,2017-03-01
นครปฐม,Nakhon Pathom,13.87357143,100.1243048,Apr,8166,2017,off_season,4,2017-04-01
นครปฐม,Nakhon Pathom,13.87357143,100.1243048,May,0,2017,off_season,5,2017-05-01
นครปฐม,Nakhon Pathom,13.87357143,100.1243048,Jun,0,2017,off_season,6,2017-06-01
นครปฐม,Nakhon Pathom,13.87357143,100.1243048,Jul,0,2017,off_season,7,2017-07-01
นครปฐม,Nakhon Pathom,13.87357143,100.1243048,Aug,0,2017,off_season,8,2017-08-01
นครปฐม,Nakhon Pathom,13.87357143,100.1243048,Sep,0,2017,off_season,9,2017-09-01
นครปฐม,Nakhon Pathom,13.87357143,100.1243048,Oct,0,2017,off_season,10,2017-10-01
นครปฐม,Nakhon Pathom,13.87357143,100.1243048,Nov,58501,2017,off_season,11,2017-11-01
นครปฐม,Nakhon Pathom,13.87357143,100.1243048,Dec,100056,2017,off_season,12,2017-12-01
นครปฐม,Nakhon Pathom,13.87357143,100.1243048,Jan,59363,2018,off_season,1,2018-01-01
นครปฐม,Nakhon Pathom,13.87357143,100.1243048,Feb,30287,2018,off_season,2,2018-02-01
นครปฐม,Nakhon Pathom,13.87357143,100.1243048,Mar,29649,2018,off_season,3,2018-03-01
นครปฐม,Nakhon Pathom,13.87357143,100.1243048,Apr,21334,2018,off_season,4,2018-04-01
นครปฐม,Nakhon Pathom,13.87357143,100.1243048,May,0,2018,off_season,5,2018-05-01
นครปฐม,Nakhon Pathom,13.87357143,100.1243048,Jun,0,2018,off_season,6,2018-06-01
นครปฐม,Nakhon Pathom,13.87357143,100.1243048,Jul,0,2018,off_season,7,2018-07-01
นครปฐม,Nakhon Pathom,13.87357143,100.1243048,Aug,0,2018,off_season,8,2018-08-01
นครปฐม,Nakhon Pathom,13.87357143,100.1243048,Sep,0,2018,off_season,9,2018-09-01
นครปฐม,Nakhon Pathom,13.87357143,100.1243048,Oct,0,2018,off_season,10,2018-10-01
นครปฐม,Nakhon Pathom,13.87357143,100.1243048,Nov,47456,2018,off_season,11,2018-11-01
นครปฐม,Nakhon Pathom,13.87357143,100.1243048,Dec,103761,2018,off_season,12,2018-12-01
นครปฐม,Nakhon Pathom,13.87357143,100.1243048,Jan,44232,2019,off_season,1,2019-01-01
นครปฐม,Nakhon Pathom,13.87357143,100.1243048,Feb,18021,2019,off_season,2,2019-02-01
นครปฐม,Nakhon Pathom,13.87357143,100.1243048,Mar,33117,2019,off_season,3,2019-03-01
นครปฐม,Nakhon Pathom,13.87357143,100.1243048,Apr,20597,2019,off_season,4,2019-04-01
นครปฐม,Nakhon Pathom,13.87357143,100.1243048,May,0,2019,off_season,5,2019-05-01
นครปฐม,Nakhon Pathom,13.87357143,100.1243048,Jun,0,2019,off_season,6,2019-06-01
นครปฐม,Nakhon Pathom,13.87357143,100.1243048,Jul,0,2019,off_season,7,2019-07-01
นครปฐม,Nakhon Pathom,13.87357143,100.1243048,Aug,0,2019,off_season,8,2019-08-01
นครปฐม,Nakhon Pathom,13.87357143,100.1243048,Sep,0,2019,off_season,9,2019-09-01
นครปฐม,Nakhon Pathom,13.87357143,100.1243048,Oct,0,2019,off_season,10,2019-10-01
นครปฐม,Nakhon Pathom,13.87357143,100.1243048,Nov,55557,2019,off_season,11,2019-11-01
นครปฐม,Nakhon Pathom,13.87357143,100.1243048,Dec,83094,2019,off_season,12,2019-12-01
นครพนม,Nakhon Phanom,17.31057447,104.4821915,Jan,0,2015,in_season,1,2015-01-01
นครพนม,Nakhon Phanom,17.31057447,104.4821915,Feb,0,2015,in_season,2,2015-02-01
นครพนม,Nakhon Phanom,17.31057447,104.4821915,Mar,0,2015,in_season,3,2015-03-01
นครพนม,Nakhon Phanom,17.31057447,104.4821915,Apr,0,2015,in_season,4,2015-04-01
นครพนม,Nakhon Phanom,17.31057447,104.4821915,May,127429,2015,in_season,5,2015-05-01
นครพนม,Nakhon Phanom,17.31057447,104.4821915,Jun,724364,2015,in_season,6,2015-06-01
นครพนม,Nakhon Phanom,17.31057447,104.4821915,Jul,383855,2015,in_season,7,2015-07-01
นครพนม,Nakhon Phanom,17.31057447,104.4821915,Aug,69982,2015,in_season,8,2015-08-01
นครพนม,Nakhon Phanom,17.31057447,104.4821915,Sep,0,2015,in_season,9,2015-09-01
นครพนม,Nakhon Phanom,17.31057447,104.4821915,Oct,0,2015,in_season,10,2015-10-01
นครพนม,Nakhon Phanom,17.31057447,104.4821915,Nov,0,2015,in_season,11,2015-11-01
นครพนม,Nakhon Phanom,17.31057447,104.4821915,Dec,0,2015,in_season,12,2015-12-01
นครพนม,Nakhon Phanom,17.31057447,104.4821915,Jan,0,2016,in_season,1,2016-01-01
นครพนม,Nakhon Phanom,17.31057447,104.4821915,Feb,0,2016,in_season,2,2016-02-01
นครพนม,Nakhon Phanom,17.31057447,104.4821915,Mar,0,2016,in_season,3,2016-03-01
นครพนม,Nakhon Phanom,17.31057447,104.4821915,Apr,0,2016,in_season,4,2016-04-01
นครพนม,Nakhon Phanom,17.31057447,104.4821915,May,181835,2016,in_season,5,2016-05-01
นครพนม,Nakhon Phanom,17.31057447,104.4821915,Jun,732933,2016,in_season,6,2016-06-01
นครพนม,Nakhon Phanom,17.31057447,104.4821915,Jul,365034,2016,in_season,7,2016-07-01
นครพนม,Nakhon Phanom,17.31057447,104.4821915,Aug,54710,2016,in_season,8,2016-08-01
นครพนม,Nakhon Phanom,17.31057447,104.4821915,Sep,0,2016,in_season,9,2016-09-01
นครพนม,Nakhon Phanom,17.31057447,104.4821915,Oct,0,2016,in_season,10,2016-10-01
นครพนม,Nakhon Phanom,17.31057447,104.4821915,Nov,0,2016,in_season,11,2016-11-01
นครพนม,Nakhon Phanom,17.31057447,104.4821915,Dec,0,2016,in_season,12,2016-12-01
นครพนม,Nakhon Phanom,17.31057447,104.4821915,Jan,0,2017,in_season,1,2017-01-01
นครพนม,Nakhon Phanom,17.31057447,104.4821915,Feb,0,2017,in_season,2,2017-02-01
นครพนม,Nakhon Phanom,17.31057447,104.4821915,Mar,0,2017,in_season,3,2017-03-01
นครพนม,Nakhon Phanom,17.31057447,104.4821915,Apr,0,2017,in_season,4,2017-04-01
นครพนม,Nakhon Phanom,17.31057447,104.4821915,May,262953,2017,in_season,5,2017-05-01
นครพนม,Nakhon Phanom,17.31057447,104.4821915,Jun,630406,2017,in_season,6,2017-06-01
นครพนม,Nakhon Phanom,17.31057447,104.4821915,Jul,383494,2017,in_season,7,2017-07-01
นครพนม,Nakhon Phanom,17.31057447,104.4821915,Aug,65308,2017,in_season,8,2017-08-01
นครพนม,Nakhon Phanom,17.31057447,104.4821915,Sep,0,2017,in_season,9,2017-09-01
นครพนม,Nakhon Phanom,17.31057447,104.4821915,Oct,0,2017,in_season,10,2017-10-01
นครพนม,Nakhon Phanom,17.31057447,104.4821915,Nov,0,2017,in_season,11,2017-11-01
นครพนม,Nakhon Phanom,17.31057447,104.4821915,Dec,0,2017,in_season,12,2017-12-01
นครพนม,Nakhon Phanom,17.31057447,104.4821915,Jan,0,2018,in_season,1,2018-01-01
นครพนม,Nakhon Phanom,17.31057447,104.4821915,Feb,0,2018,in_season,2,2018-02-01
นครพนม,Nakhon Phanom,17.31057447,104.4821915,Mar,0,2018,in_season,3,2018-03-01
นครพนม,Nakhon Phanom,17.31057447,104.4821915,Apr,0,2018,in_season,4,2018-04-01
นครพนม,Nakhon Phanom,17.31057447,104.4821915,May,291202,2018,in_season,5,2018-05-01
นครพนม,Nakhon Phanom,17.31057447,104.4821915,Jun,503862,2018,in_season,6,2018-06-01
นครพนม,Nakhon Phanom,17.31057447,104.4821915,Jul,507202,2018,in_season,7,2018-07-01
นครพนม,Nakhon Phanom,17.31057447,104.4821915,Aug,65926,2018,in_season,8,2018-08-01
นครพนม,Nakhon Phanom,17.31057447,104.4821915,Sep,0,2018,in_season,9,2018-09-01
นครพนม,Nakhon Phanom,17.31057447,104.4821915,Oct,0,2018,in_season,10,2018-10-01
นครพนม,Nakhon Phanom,17.31057447,104.4821915,Nov,0,2018,in_season,11,2018-11-01
นครพนม,Nakhon Phanom,17.31057447,104.4821915,Dec,0,2018,in_season,12,2018-12-01
นครพนม,Nakhon Phanom,17.31057447,104.4821915,Jan,0,2019,in_season,1,2019-01-01
นครพนม,Nakhon Phanom,17.31057447,104.4821915,Feb,0,2019,in_season,2,2019-02-01
นครพนม,Nakhon Phanom,17.31057447,104.4821915,Mar,0,2019,in_season,3,2019-03-01
นครพนม,Nakhon Phanom,17.31057447,104.4821915,Apr,0,2019,in_season,4,2019-04-01
นครพนม,Nakhon Phanom,17.31057447,104.4821915,May,291202,2019,in_season,5,2019-05-01
นครพนม,Nakhon Phanom,17.31057447,104.4821915,Jun,503862,2019,in_season,6,2019-06-01
นครพนม,Nakhon Phanom,17.31057447,104.4821915,Jul,507202,2019,in_season,7,2019-07-01
นครพนม,Nakhon Phanom,17.31057447,104.4821915,Aug,65926,2019,in_season,8,2019-08-01
นครพนม,Nakhon Phanom,17.31057447,104.4821915,Sep,0,2019,in_season,9,2019-09-01
นครพนม,Nakhon Phanom,17.31057447,104.4821915,Oct,0,2019,in_season,10,2019-10-01
นครพนม,Nakhon Phanom,17.31057447,104.4821915,Nov,0,2019,in_season,11,2019-11-01
นครพนม,Nakhon Phanom,17.31057447,104.4821915,Dec,0,2019,in_season,12,2019-12-01
นครพนม,Nakhon Phanom,17.31057447,104.4821915,Jan,13565,2015,off_season,1,2015-01-01
นครพนม,Nakhon Phanom,17.31057447,104.4821915,Feb,4277,2015,off_season,2,2015-02-01
นครพนม,Nakhon Phanom,17.31057447,104.4821915,Mar,252,2015,off_season,3,2015-03-01
นครพนม,Nakhon Phanom,17.31057447,104.4821915,Apr,0,2015,off_season,4,2015-04-01
นครพนม,Nakhon Phanom,17.31057447,104.4821915,May,0,2015,off_season,5,2015-05-01
นครพนม,Nakhon Phanom,17.31057447,104.4821915,Jun,0,2015,off_season,6,2015-06-01
นครพนม,Nakhon Phanom,17.31057447,104.4821915,Jul,0,2015,off_season,7,2015-07-01
นครพนม,Nakhon Phanom,17.31057447,104.4821915,Aug,0,2015,off_season,8,2015-08-01
นครพนม,Nakhon Phanom,17.31057447,104.4821915,Sep,0,2015,off_season,9,2015-09-01
นครพนม,Nakhon Phanom,17.31057447,104.4821915,Oct,0,2015,off_season,10,2015-10-01
นครพนม,Nakhon Phanom,17.31057447,104.4821915,Nov,7008,2015,off_season,11,2015-11-01
นครพนม,Nakhon Phanom,17.31057447,104.4821915,Dec,31315,2015,off_season,12,2015-12-01
นครพนม,Nakhon Phanom,17.31057447,104.4821915,Jan,7594,2016,off_season,1,2016-01-01
นครพนม,Nakhon Phanom,17.31057447,104.4821915,Feb,1797,2016,off_season,2,2016-02-01
นครพนม,Nakhon Phanom,17.31057447,104.4821915,Mar,23,2016,off_season,3,2016-03-01
นครพนม,Nakhon Phanom,17.31057447,104.4821915,Apr,0,2016,off_season,4,2016-04-01
นครพนม,Nakhon Phanom,17.31057447,104.4821915,May,0,2016,off_season,5,2016-05-01
นครพนม,Nakhon Phanom,17.31057447,104.4821915,Jun,0,2016,off_season,6,2016-06-01
นครพนม,Nakhon Phanom,17.31057447,104.4821915,Jul,0,2016,off_season,7,2016-07-01
นครพนม,Nakhon Phanom,17.31057447,104.4821915,Aug,0,2016,off_season,8,2016-08-01
นครพนม,Nakhon Phanom,17.31057447,104.4821915,Sep,0,2016,off_season,9,2016-09-01
นครพนม,Nakhon Phanom,17.31057447,104.4821915,Oct,0,2016,off_season,10,2016-10-01
นครพนม,Nakhon Phanom,17.31057447,104.4821915,Nov,6142,2016,off_season,11,2016-11-01
นครพนม,Nakhon Phanom,17.31057447,104.4821915,Dec,35100,2016,off_season,12,2016-12-01
นครพนม,Nakhon Phanom,17.31057447,104.4821915,Jan,19291,2017,off_season,1,2017-01-01
นครพนม,Nakhon Phanom,17.31057447,104.4821915,Feb,3028,2017,off_season,2,2017-02-01
นครพนม,Nakhon Phanom,17.31057447,104.4821915,Mar,413,2017,off_season,3,2017-03-01
นครพนม,Nakhon Phanom,17.31057447,104.4821915,Apr,0,2017,off_season,4,2017-04-01
นครพนม,Nakhon Phanom,17.31057447,104.4821915,May,0,2017,off_season,5,2017-05-01
นครพนม,Nakhon Phanom,17.31057447,104.4821915,Jun,0,2017,off_season,6,2017-06-01
นครพนม,Nakhon Phanom,17.31057447,104.4821915,Jul,0,2017,off_season,7,2017-07-01
นครพนม,Nakhon Phanom,17.31057447,104.4821915,Aug,0,2017,off_season,8,2017-08-01
นครพนม,Nakhon Phanom,17.31057447,104.4821915,Sep,0,2017,off_season,9,2017-09-01
นครพนม,Nakhon Phanom,17.31057447,104.4821915,Oct,0,2017,off_season,10,2017-10-01
นครพนม,Nakhon Phanom,17.31057447,104.4821915,Nov,8135,2017,off_season,11,2017-11-01
นครพนม,Nakhon Phanom,17.31057447,104.4821915,Dec,36029,2017,off_season,12,2017-12-01
นครพนม,Nakhon Phanom,17.31057447,104.4821915,Jan,13201,2018,off_season,1,2018-01-01
นครพนม,Nakhon Phanom,17.31057447,104.4821915,Feb,235,2018,off_season,2,2018-02-01
นครพนม,Nakhon Phanom,17.31057447,104.4821915,Mar,0,2018,off_season,3,2018-03-01
นครพนม,Nakhon Phanom,17.31057447,104.4821915,Apr,0,2018,off_season,4,2018-04-01
นครพนม,Nakhon Phanom,17.31057447,104.4821915,May,0,2018,off_season,5,2018-05-01
นครพนม,Nakhon Phanom,17.31057447,104.4821915,Jun,0,2018,off_season,6,2018-06-01
นครพนม,Nakhon Phanom,17.31057447,104.4821915,Jul,0,2018,off_season,7,2018-07-01
นครพนม,Nakhon Phanom,17.31057447,104.4821915,Aug,0,2018,off_season,8,2018-08-01
นครพนม,Nakhon Phanom,17.31057447,104.4821915,Sep,0,2018,off_season,9,2018-09-01
นครพนม,Nakhon Phanom,17.31057447,104.4821915,Oct,0,2018,off_season,10,2018-10-01
นครพนม,Nakhon Phanom,17.31057447,104.4821915,Nov,9993,2018,off_season,11,2018-11-01
นครพนม,Nakhon Phanom,17.31057447,104.4821915,Dec,39284,2018,off_season,12,2018-12-01
นครพนม,Nakhon Phanom,17.31057447,104.4821915,Jan,12902,2019,off_season,1,2019-01-01
นครพนม,Nakhon Phanom,17.31057447,104.4821915,Feb,6064,2019,off_season,2,2019-02-01
นครพนม,Nakhon Phanom,17.31057447,104.4821915,Mar,0,2019,off_season,3,2019-03-01
นครพนม,Nakhon Phanom,17.31057447,104.4821915,Apr,0,2019,off_season,4,2019-04-01
นครพนม,Nakhon Phanom,17.31057447,104.4821915,May,0,2019,off_season,5,2019-05-01
นครพนม,Nakhon Phanom,17.31057447,104.4821915,Jun,0,2019,off_season,6,2019-06-01
นครพนม,Nakhon Phanom,17.31057447,104.4821915,Jul,0,2019,off_season,7,2019-07-01
นครพนม,Nakhon Phanom,17.31057447,104.4821915,Aug,0,2019,off_season,8,2019-08-01
นครพนม,Nakhon Phanom,17.31057447,104.4821915,Sep,0,2019,off_season,9,2019-09-01
นครพนม,Nakhon Phanom,17.31057447,104.4821915,Oct,0,2019,off_season,10,2019-10-01
นครพนม,Nakhon Phanom,17.31057447,104.4821915,Nov,3621,2019,off_season,11,2019-11-01
นครพนม,Nakhon Phanom,17.31057447,104.4821915,Dec,43884,2019,off_season,12,2019-12-01
นครราชสีมา,Nakhon Ratchasima,15.08644014,102.1976901,Jan,0,2015,in_season,1,2015-01-01
นครราชสีมา,Nakhon Ratchasima,15.08644014,102.1976901,Feb,0,2015,in_season,2,2015-02-01
นครราชสีมา,Nakhon Ratchasima,15.08644014,102.1976901,Mar,0,2015,in_season,3,2015-03-01
นครราชสีมา,Nakhon Ratchasima,15.08644014,102.1976901,Apr,0,2015,in_season,4,2015-04-01
นครราชสีมา,Nakhon Ratchasima,15.08644014,102.1976901,May,533145,2015,in_season,5,2015-05-01
นครราชสีมา,Nakhon Ratchasima,15.08644014,102.1976901,Jun,1514742,2015,in_season,6,2015-06-01
นครราชสีมา,Nakhon Ratchasima,15.08644014,102.1976901,Jul,1189163,2015,in_season,7,2015-07-01
นครราชสีมา,Nakhon Ratchasima,15.08644014,102.1976901,Aug,230474,2015,in_season,8,2015-08-01
นครราชสีมา,Nakhon Ratchasima,15.08644014,102.1976901,Sep,3470,2015,in_season,9,2015-09-01
นครราชสีมา,Nakhon Ratchasima,15.08644014,102.1976901,Oct,0,2015,in_season,10,2015-10-01
นครราชสีมา,Nakhon Ratchasima,15.08644014,102.1976901,Nov,0,2015,in_season,11,2015-11-01
นครราชสีมา,Nakhon Ratchasima,15.08644014,102.1976901,Dec,0,2015,in_season,12,2015-12-01
นครราชสีมา,Nakhon Ratchasima,15.08644014,102.1976901,Jan,0,2016,in_season,1,2016-01-01
นครราชสีมา,Nakhon Ratchasima,15.08644014,102.1976901,Feb,0,2016,in_season,2,2016-02-01
นครราชสีมา,Nakhon Ratchasima,15.08644014,102.1976901,Mar,0,2016,in_season,3,2016-03-01
นครราชสีมา,Nakhon Ratchasima,15.08644014,102.1976901,Apr,0,2016,in_season,4,2016-04-01
นครราชสีมา,Nakhon Ratchasima,15.08644014,102.1976901,May,483003,2016,in_season,5,2016-05-01
นครราชสีมา,Nakhon Ratchasima,15.08644014,102.1976901,Jun,1976355,2016,in_season,6,2016-06-01
นครราชสีมา,Nakhon Ratchasima,15.08644014,102.1976901,Jul,885057,2016,in_season,7,2016-07-01
นครราชสีมา,Nakhon Ratchasima,15.08644014,102.1976901,Aug,132670,2016,in_season,8,2016-08-01
นครราชสีมา,Nakhon Ratchasima,15.08644014,102.1976901,Sep,7955,2016,in_season,9,2016-09-01
นครราชสีมา,Nakhon Ratchasima,15.08644014,102.1976901,Oct,0,2016,in_season,10,2016-10-01
นครราชสีมา,Nakhon Ratchasima,15.08644014,102.1976901,Nov,0,2016,in_season,11,2016-11-01
นครราชสีมา,Nakhon Ratchasima,15.08644014,102.1976901,Dec,0,2016,in_season,12,2016-12-01
นครราชสีมา,Nakhon Ratchasima,15.08644014,102.1976901,Jan,0,2017,in_season,1,2017-01-01
นครราชสีมา,Nakhon Ratchasima,15.08644014,102.1976901,Feb,0,2017,in_season,2,2017-02-01
นครราชสีมา,Nakhon Ratchasima,15.08644014,102.1976901,Mar,0,2017,in_season,3,2017-03-01
นครราชสีมา,Nakhon Ratchasima,15.08644014,102.1976901,Apr,0,2017,in_season,4,2017-04-01
นครราชสีมา,Nakhon Ratchasima,15.08644014,102.1976901,May,826022,2017,in_season,5,2017-05-01
นครราชสีมา,Nakhon Ratchasima,15.08644014,102.1976901,Jun,1440153,2017,in_season,6,2017-06-01
นครราชสีมา,Nakhon Ratchasima,15.08644014,102.1976901,Jul,1086110,2017,in_season,7,2017-07-01
นครราชสีมา,Nakhon Ratchasima,15.08644014,102.1976901,Aug,125019,2017,in_season,8,2017-08-01
นครราชสีมา,Nakhon Ratchasima,15.08644014,102.1976901,Sep,1862,2017,in_season,9,2017-09-01
นครราชสีมา,Nakhon Ratchasima,15.08644014,102.1976901,Oct,0,2017,in_season,10,2017-10-01
นครราชสีมา,Nakhon Ratchasima,15.08644014,102.1976901,Nov,0,2017,in_season,11,2017-11-01
นครราชสีมา,Nakhon Ratchasima,15.08644014,102.1976901,Dec,0,2017,in_season,12,2017-12-01
นครราชสีมา,Nakhon Ratchasima,15.08644014,102.1976901,Jan,0,2018,in_season,1,2018-01-01
นครราชสีมา,Nakhon Ratchasima,15.08644014,102.1976901,Feb,0,2018,in_season,2,2018-02-01
นครราชสีมา,Nakhon Ratchasima,15.08644014,102.1976901,Mar,0,2018,in_season,3,2018-03-01
นครราชสีมา,Nakhon Ratchasima,15.08644014,102.1976901,Apr,0,2018,in_season,4,2018-04-01
นครราชสีมา,Nakhon Ratchasima,15.08644014,102.1976901,May,955164,2018,in_season,5,2018-05-01
นครราชสีมา,Nakhon Ratchasima,15.08644014,102.1976901,Jun,1480683,2018,in_season,6,2018-06-01
นครราชสีมา,Nakhon Ratchasima,15.08644014,102.1976901,Jul,846658,2018,in_season,7,2018-07-01
นครราชสีมา,Nakhon Ratchasima,15.08644014,102.1976901,Aug,141016,2018,in_season,8,2018-08-01
นครราชสีมา,Nakhon Ratchasima,15.08644014,102.1976901,Sep,4887,2018,in_season,9,2018-09-01
นครราชสีมา,Nakhon Ratchasima,15.08644014,102.1976901,Oct,32981,2018,in_season,10,2018-10-01
นครราชสีมา,Nakhon Ratchasima,15.08644014,102.1976901,Nov,0,2018,in_season,11,2018-11-01
นครราชสีมา,Nakhon Ratchasima,15.08644014,102.1976901,Dec,0,2018,in_season,12,2018-12-01
นครราชสีมา,Nakhon Ratchasima,15.08644014,102.1976901,Jan,0,2019,in_season,1,2019-01-01
นครราชสีมา,Nakhon Ratchasima,15.08644014,102.1976901,Feb,0,2019,in_season,2,2019-02-01
นครราชสีมา,Nakhon Ratchasima,15.08644014,102.1976901,Mar,0,2019,in_season,3,2019-03-01
นครราชสีมา,Nakhon Ratchasima,15.08644014,102.1976901,Apr,0,2019,in_season,4,2019-04-01
นครราชสีมา,Nakhon Ratchasima,15.08644014,102.1976901,May,955164,2019,in_season,5,2019-05-01
นครราชสีมา,Nakhon Ratchasima,15.08644014,102.1976901,Jun,1480683,2019,in_season,6,2019-06-01
นครราชสีมา,Nakhon Ratchasima,15.08644014,102.1976901,Jul,846658,2019,in_season,7,2019-07-01
นครราชสีมา,Nakhon Ratchasima,15.08644014,102.1976901,Aug,141016,2019,in_season,8,2019-08-01
นครราชสีมา,Nakhon Ratchasima,15.08644014,102.1976901,Sep,4887,2019,in_season,9,2019-09-01
นครราชสีมา,Nakhon Ratchasima,15.08644014,102.1976901,Oct,32981,2019,in_season,10,2019-10-01
นครราชสีมา,Nakhon Ratchasima,15.08644014,102.1976901,Nov,0,2019,in_season,11,2019-11-01
นครราชสีมา,Nakhon Ratchasima,15.08644014,102.1976901,Dec,0,2019,in_season,12,2019-12-01
นครราชสีมา,Nakhon Ratchasima,15.08644014,102.1976901,Jan,27675,2015,off_season,1,2015-01-01
นครราชสีมา,Nakhon Ratchasima,15.08644014,102.1976901,Feb,24092,2015,off_season,2,2015-02-01
นครราชสีมา,Nakhon Ratchasima,15.08644014,102.1976901,Mar,2386,2015,off_season,3,2015-03-01
นครราชสีมา,Nakhon Ratchasima,15.08644014,102.1976901,Apr,161,2015,off_season,4,2015-04-01
นครราชสีมา,Nakhon Ratchasima,15.08644014,102.1976901,May,0,2015,off_season,5,2015-05-01
นครราชสีมา,Nakhon Ratchasima,15.08644014,102.1976901,Jun,0,2015,off_season,6,2015-06-01
นครราชสีมา,Nakhon Ratchasima,15.08644014,102.1976901,Jul,0,2015,off_season,7,2015-07-01
นครราชสีมา,Nakhon Ratchasima,15.08644014,102.1976901,Aug,0,2015,off_season,8,2015-08-01
นครราชสีมา,Nakhon Ratchasima,15.08644014,102.1976901,Sep,0,2015,off_season,9,2015-09-01
นครราชสีมา,Nakhon Ratchasima,15.08644014,102.1976901,Oct,0,2015,off_season,10,2015-10-01
นครราชสีมา,Nakhon Ratchasima,15.08644014,102.1976901,Nov,2372,2015,off_season,11,2015-11-01
นครราชสีมา,Nakhon Ratchasima,15.08644014,102.1976901,Dec,8362,2015,off_season,12,2015-12-01
นครราชสีมา,Nakhon Ratchasima,15.08644014,102.1976901,Jan,12980,2016,off_season,1,2016-01-01
นครราชสีมา,Nakhon Ratchasima,15.08644014,102.1976901,Feb,23163,2016,off_season,2,2016-02-01
นครราชสีมา,Nakhon Ratchasima,15.08644014,102.1976901,Mar,3580,2016,off_season,3,2016-03-01
นครราชสีมา,Nakhon Ratchasima,15.08644014,102.1976901,Apr,0,2016,off_season,4,2016-04-01
นครราชสีมา,Nakhon Ratchasima,15.08644014,102.1976901,May,0,2016,off_season,5,2016-05-01
นครราชสีมา,Nakhon Ratchasima,15.08644014,102.1976901,Jun,0,2016,off_season,6,2016-06-01
นครราชสีมา,Nakhon Ratchasima,15.08644014,102.1976901,Jul,0,2016,off_season,7,2016-07-01
นครราชสีมา,Nakhon Ratchasima,15.08644014,102.1976901,Aug,0,2016,off_season,8,2016-08-01
นครราชสีมา,Nakhon Ratchasima,15.08644014,102.1976901,Sep,0,2016,off_season,9,2016-09-01
นครราชสีมา,Nakhon Ratchasima,15.08644014,102.1976901,Oct,0,2016,off_season,10,2016-10-01
นครราชสีมา,Nakhon Ratchasima,15.08644014,102.1976901,Nov,1236,2016,off_season,11,2016-11-01
นครราชสีมา,Nakhon Ratchasima,15.08644014,102.1976901,Dec,7428,2016,off_season,12,2016-12-01
นครราชสีมา,Nakhon Ratchasima,15.08644014,102.1976901,Jan,11088,2017,off_season,1,2017-01-01
นครราชสีมา,Nakhon Ratchasima,15.08644014,102.1976901,Feb,7744,2017,off_season,2,2017-02-01
นครราชสีมา,Nakhon Ratchasima,15.08644014,102.1976901,Mar,2537,2017,off_season,3,2017-03-01
นครราชสีมา,Nakhon Ratchasima,15.08644014,102.1976901,Apr,0,2017,off_season,4,2017-04-01
นครราชสีมา,Nakhon Ratchasima,15.08644014,102.1976901,May,0,2017,off_season,5,2017-05-01
นครราชสีมา,Nakhon Ratchasima,15.08644014,102.1976901,Jun,0,2017,off_season,6,2017-06-01
นครราชสีมา,Nakhon Ratchasima,15.08644014,102.1976901,Jul,0,2017,off_season,7,2017-07-01
นครราชสีมา,Nakhon Ratchasima,15.08644014,102.1976901,Aug,0,2017,off_season,8,2017-08-01
นครราชสีมา,Nakhon Ratchasima,15.08644014,102.1976901,Sep,0,2017,off_season,9,2017-09-01
นครราชสีมา,Nakhon Ratchasima,15.08644014,102.1976901,Oct,0,2017,off_season,10,2017-10-01
นครราชสีมา,Nakhon Ratchasima,15.08644014,102.1976901,Nov,343,2017,off_season,11,2017-11-01
นครราชสีมา,Nakhon Ratchasima,15.08644014,102.1976901,Dec,2801,2017,off_season,12,2017-12-01
นครราชสีมา,Nakhon Ratchasima,15.08644014,102.1976901,Jan,85837,2018,off_season,1,2018-01-01
นครราชสีมา,Nakhon Ratchasima,15.08644014,102.1976901,Feb,60450,2018,off_season,2,2018-02-01
นครราชสีมา,Nakhon Ratchasima,15.08644014,102.1976901,Mar,16766,2018,off_season,3,2018-03-01
นครราชสีมา,Nakhon Ratchasima,15.08644014,102.1976901,Apr,379,2018,off_season,4,2018-04-01
นครราชสีมา,Nakhon Ratchasima,15.08644014,102.1976901,May,0,2018,off_season,5,2018-05-01
นครราชสีมา,Nakhon Ratchasima,15.08644014,102.1976901,Jun,0,2018,off_season,6,2018-06-01
นครราชสีมา,Nakhon Ratchasima,15.08644014,102.1976901,Jul,0,2018,off_season,7,2018-07-01
นครราชสีมา,Nakhon Ratchasima,15.08644014,102.1976901,Aug,0,2018,off_season,8,2018-08-01
นครราชสีมา,Nakhon Ratchasima,15.08644014,102.1976901,Sep,0,2018,off_season,9,2018-09-01
นครราชสีมา,Nakhon Ratchasima,15.08644014,102.1976901,Oct,0,2018,off_season,10,2018-10-01
นครราชสีมา,Nakhon Ratchasima,15.08644014,102.1976901,Nov,1404,2018,off_season,11,2018-11-01
นครราชสีมา,Nakhon Ratchasima,15.08644014,102.1976901,Dec,12587,2018,off_season,12,2018-12-01
นครราชสีมา,Nakhon Ratchasima,15.08644014,102.1976901,Jan,42350,2019,off_season,1,2019-01-01
นครราชสีมา,Nakhon Ratchasima,15.08644014,102.1976901,Feb,56509,2019,off_season,2,2019-02-01
นครราชสีมา,Nakhon Ratchasima,15.08644014,102.1976901,Mar,17556,2019,off_season,3,2019-03-01
นครราชสีมา,Nakhon Ratchasima,15.08644014,102.1976901,Apr,308,2019,off_season,4,2019-04-01
นครราชสีมา,Nakhon Ratchasima,15.08644014,102.1976901,May,0,2019,off_season,5,2019-05-01
นครราชสีมา,Nakhon Ratchasima,15.08644014,102.1976901,Jun,0,2019,off_season,6,2019-06-01
นครราชสีมา,Nakhon Ratchasima,15.08644014,102.1976901,Jul,0,2019,off_season,7,2019-07-01
นครราชสีมา,Nakhon Ratchasima,15.08644014,102.1976901,Aug,0,2019,off_season,8,2019-08-01
นครราชสีมา,Nakhon Ratchasima,15.08644014,102.1976901,Sep,0,2019,off_season,9,2019-09-01
นครราชสีมา,Nakhon Ratchasima,15.08644014,102.1976901,Oct,0,2019,off_season,10,2019-10-01
นครราชสีมา,Nakhon Ratchasima,15.08644014,102.1976901,Nov,390,2019,off_season,11,2019-11-01
นครราชสีมา,Nakhon Ratchasima,15.08644014,102.1976901,Dec,14341,2019,off_season,12,2019-12-01
นครสวรรค์,Nakhon Sawan,15.67782946,100.1931783,Jan,0,2015,in_season,1,2015-01-01
นครสวรรค์,Nakhon Sawan,15.67782946,100.1931783,Feb,0,2015,in_season,2,2015-02-01
นครสวรรค์,Nakhon Sawan,15.67782946,100.1931783,Mar,0,2015,in_season,3,2015-03-01
นครสวรรค์,Nakhon Sawan,15.67782946,100.1931783,Apr,0,2015,in_season,4,2015-04-01
นครสวรรค์,Nakhon Sawan,15.67782946,100.1931783,May,585431,2015,in_season,5,2015-05-01
นครสวรรค์,Nakhon Sawan,15.67782946,100.1931783,Jun,499162,2015,in_season,6,2015-06-01
นครสวรรค์,Nakhon Sawan,15.67782946,100.1931783,Jul,426627,2015,in_season,7,2015-07-01
นครสวรรค์,Nakhon Sawan,15.67782946,100.1931783,Aug,497874,2015,in_season,8,2015-08-01
นครสวรรค์,Nakhon Sawan,15.67782946,100.1931783,Sep,136915,2015,in_season,9,2015-09-01
นครสวรรค์,Nakhon Sawan,15.67782946,100.1931783,Oct,0,2015,in_season,10,2015-10-01
นครสวรรค์,Nakhon Sawan,15.67782946,100.1931783,Nov,0,2015,in_season,11,2015-11-01
นครสวรรค์,Nakhon Sawan,15.67782946,100.1931783,Dec,0,2015,in_season,12,2015-12-01
นครสวรรค์,Nakhon Sawan,15.67782946,100.1931783,Jan,0,2016,in_season,1,2016-01-01
นครสวรรค์,Nakhon Sawan,15.67782946,100.1931783,Feb,0,2016,in_season,2,2016-02-01
นครสวรรค์,Nakhon Sawan,15.67782946,100.1931783,Mar,0,2016,in_season,3,2016-03-01
นครสวรรค์,Nakhon Sawan,15.67782946,100.1931783,Apr,0,2016,in_season,4,2016-04-01
นครสวรรค์,Nakhon Sawan,15.67782946,100.1931783,May,534862,2016,in_season,5,2016-05-01
นครสวรรค์,Nakhon Sawan,15.67782946,100.1931783,Jun,707907,2016,in_season,6,2016-06-01
นครสวรรค์,Nakhon Sawan,15.67782946,100.1931783,Jul,658402,2016,in_season,7,2016-07-01
นครสวรรค์,Nakhon Sawan,15.67782946,100.1931783,Aug,230423,2016,in_season,8,2016-08-01
นครสวรรค์,Nakhon Sawan,15.67782946,100.1931783,Sep,106707,2016,in_season,9,2016-09-01
นครสวรรค์,Nakhon Sawan,15.67782946,100.1931783,Oct,5878,2016,in_season,10,2016-10-01
นครสวรรค์,Nakhon Sawan,15.67782946,100.1931783,Nov,0,2016,in_season,11,2016-11-01
นครสวรรค์,Nakhon Sawan,15.67782946,100.1931783,Dec,0,2016,in_season,12,2016-12-01
นครสวรรค์,Nakhon Sawan,15.67782946,100.1931783,Jan,0,2017,in_season,1,2017-01-01
นครสวรรค์,Nakhon Sawan,15.67782946,100.1931783,Feb,0,2017,in_season,2,2017-02-01
นครสวรรค์,Nakhon Sawan,15.67782946,100.1931783,Mar,0,2017,in_season,3,2017-03-01
นครสวรรค์,Nakhon Sawan,15.67782946,100.1931783,Apr,0,2017,in_season,4,2017-04-01
นครสวรรค์,Nakhon Sawan,15.67782946,100.1931783,May,775214,2017,in_season,5,2017-05-01
นครสวรรค์,Nakhon Sawan,15.67782946,100.1931783,Jun,656636,2017,in_season,6,2017-06-01
นครสวรรค์,Nakhon Sawan,15.67782946,100.1931783,Jul,441935,2017,in_season,7,2017-07-01
นครสวรรค์,Nakhon Sawan,15.67782946,100.1931783,Aug,205220,2017,in_season,8,2017-08-01
นครสวรรค์,Nakhon Sawan,15.67782946,100.1931783,Sep,163016,2017,in_season,9,2017-09-01
นครสวรรค์,Nakhon Sawan,15.67782946,100.1931783,Oct,15842,2017,in_season,10,2017-10-01
นครสวรรค์,Nakhon Sawan,15.67782946,100.1931783,Nov,0,2017,in_season,11,2017-11-01
นครสวรรค์,Nakhon Sawan,15.67782946,100.1931783,Dec,0,2017,in_season,12,2017-12-01
นครสวรรค์,Nakhon Sawan,15.67782946,100.1931783,Jan,0,2018,in_season,1,2018-01-01
นครสวรรค์,Nakhon Sawan,15.67782946,100.1931783,Feb,0,2018,in_season,2,2018-02-01
นครสวรรค์,Nakhon Sawan,15.67782946,100.1931783,Mar,0,2018,in_season,3,2018-03-01
นครสวรรค์,Nakhon Sawan,15.67782946,100.1931783,Apr,0,2018,in_season,4,2018-04-01
นครสวรรค์,Nakhon Sawan,15.67782946,100.1931783,May,1188034,2018,in_season,5,2018-05-01
นครสวรรค์,Nakhon Sawan,15.67782946,100.1931783,Jun,583547,2018,in_season,6,2018-06-01
นครสวรรค์,Nakhon Sawan,15.67782946,100.1931783,Jul,124228,2018,in_season,7,2018-07-01
นครสวรรค์,Nakhon Sawan,15.67782946,100.1931783,Aug,182159,2018,in_season,8,2018-08-01
นครสวรรค์,Nakhon Sawan,15.67782946,100.1931783,Sep,215852,2018,in_season,9,2018-09-01
นครสวรรค์,Nakhon Sawan,15.67782946,100.1931783,Oct,106001,2018,in_season,10,2018-10-01
นครสวรรค์,Nakhon Sawan,15.67782946,100.1931783,Nov,0,2018,in_season,11,2018-11-01
นครสวรรค์,Nakhon Sawan,15.67782946,100.1931783,Dec,0,2018,in_season,12,2018-12-01
นครสวรรค์,Nakhon Sawan,15.67782946,100.1931783,Jan,0,2019,in_season,1,2019-01-01
นครสวรรค์,Nakhon Sawan,15.67782946,100.1931783,Feb,0,2019,in_season,2,2019-02-01
นครสวรรค์,Nakhon Sawan,15.67782946,100.1931783,Mar,0,2019,in_season,3,2019-03-01
นครสวรรค์,Nakhon Sawan,15.67782946,100.1931783,Apr,0,2019,in_season,4,2019-04-01
นครสวรรค์,Nakhon Sawan,15.67782946,100.1931783,May,1188034,2019,in_season,5,2019-05-01
นครสวรรค์,Nakhon Sawan,15.67782946,100.1931783,Jun,583547,2019,in_season,6,2019-06-01
นครสวรรค์,Nakhon Sawan,15.67782946,100.1931783,Jul,124228,2019,in_season,7,2019-07-01
นครสวรรค์,Nakhon Sawan,15.67782946,100.1931783,Aug,182159,2019,in_season,8,2019-08-01
นครสวรรค์,Nakhon Sawan,15.67782946,100.1931783,Sep,215852,2019,in_season,9,2019-09-01
นครสวรรค์,Nakhon Sawan,15.67782946,100.1931783,Oct,106001,2019,in_season,10,2019-10-01
นครสวรรค์,Nakhon Sawan,15.67782946,100.1931783,Nov,0,2019,in_season,11,2019-11-01
นครสวรรค์,Nakhon Sawan,15.67782946,100.1931783,Dec,0,2019,in_season,12,2019-12-01
นครสวรรค์,Nakhon Sawan,15.67782946,100.1931783,Jan,83083,2015,off_season,1,2015-01-01
นครสวรรค์,Nakhon Sawan,15.67782946,100.1931783,Feb,17086,2015,off_season,2,2015-02-01
นครสวรรค์,Nakhon Sawan,15.67782946,100.1931783,Mar,22921,2015,off_season,3,2015-03-01
นครสวรรค์,Nakhon Sawan,15.67782946,100.1931783,Apr,10961,2015,off_season,4,2015-04-01
นครสวรรค์,Nakhon Sawan,15.67782946,100.1931783,May,0,2015,off_season,5,2015-05-01
นครสวรรค์,Nakhon Sawan,15.67782946,100.1931783,Jun,0,2015,off_season,6,2015-06-01
นครสวรรค์,Nakhon Sawan,15.67782946,100.1931783,Jul,0,2015,off_season,7,2015-07-01
นครสวรรค์,Nakhon Sawan,15.67782946,100.1931783,Aug,0,2015,off_season,8,2015-08-01
นครสวรรค์,Nakhon Sawan,15.67782946,100.1931783,Sep,0,2015,off_season,9,2015-09-01
นครสวรรค์,Nakhon Sawan,15.67782946,100.1931783,Oct,0,2015,off_season,10,2015-10-01
นครสวรรค์,Nakhon Sawan,15.67782946,100.1931783,Nov,241238,2015,off_season,11,2015-11-01
นครสวรรค์,Nakhon Sawan,15.67782946,100.1931783,Dec,206339,2015,off_season,12,2015-12-01
นครสวรรค์,Nakhon Sawan,15.67782946,100.1931783,Jan,46453,2016,off_season,1,2016-01-01
นครสวรรค์,Nakhon Sawan,15.67782946,100.1931783,Feb,12780,2016,off_season,2,2016-02-01
นครสวรรค์,Nakhon Sawan,15.67782946,100.1931783,Mar,5559,2016,off_season,3,2016-03-01
นครสวรรค์,Nakhon Sawan,15.67782946,100.1931783,Apr,1775,2016,off_season,4,2016-04-01
นครสวรรค์,Nakhon Sawan,15.67782946,100.1931783,May,0,2016,off_season,5,2016-05-01
นครสวรรค์,Nakhon Sawan,15.67782946,100.1931783,Jun,0,2016,off_season,6,2016-06-01
นครสวรรค์,Nakhon Sawan,15.67782946,100.1931783,Jul,0,2016,off_season,7,2016-07-01
นครสวรรค์,Nakhon Sawan,15.67782946,100.1931783,Aug,0,2016,off_season,8,2016-08-01
นครสวรรค์,Nakhon Sawan,15.67782946,100.1931783,Sep,0,2016,off_season,9,2016-09-01
นครสวรรค์,Nakhon Sawan,15.67782946,100.1931783,Oct,0,2016,off_season,10,2016-10-01
นครสวรรค์,Nakhon Sawan,15.67782946,100.1931783,Nov,82097,2016,off_season,11,2016-11-01
นครสวรรค์,Nakhon Sawan,15.67782946,100.1931783,Dec,57311,2016,off_season,12,2016-12-01
นครสวรรค์,Nakhon Sawan,15.67782946,100.1931783,Jan,128017,2017,off_season,1,2017-01-01
นครสวรรค์,Nakhon Sawan,15.67782946,100.1931783,Feb,47485,2017,off_season,2,2017-02-01
นครสวรรค์,Nakhon Sawan,15.67782946,100.1931783,Mar,20393,2017,off_season,3,2017-03-01
นครสวรรค์,Nakhon Sawan,15.67782946,100.1931783,Apr,7637,2017,off_season,4,2017-04-01
นครสวรรค์,Nakhon Sawan,15.67782946,100.1931783,May,0,2017,off_season,5,2017-05-01
นครสวรรค์,Nakhon Sawan,15.67782946,100.1931783,Jun,0,2017,off_season,6,2017-06-01
นครสวรรค์,Nakhon Sawan,15.67782946,100.1931783,Jul,0,2017,off_season,7,2017-07-01
นครสวรรค์,Nakhon Sawan,15.67782946,100.1931783,Aug,0,2017,off_season,8,2017-08-01
นครสวรรค์,Nakhon Sawan,15.67782946,100.1931783,Sep,0,2017,off_season,9,2017-09-01
นครสวรรค์,Nakhon Sawan,15.67782946,100.1931783,Oct,0,2017,off_season,10,2017-10-01
นครสวรรค์,Nakhon Sawan,15.67782946,100.1931783,Nov,266852,2017,off_season,11,2017-11-01
นครสวรรค์,Nakhon Sawan,15.67782946,100.1931783,Dec,229399,2017,off_season,12,2017-12-01
นครสวรรค์,Nakhon Sawan,15.67782946,100.1931783,Jan,155111,2018,off_season,1,2018-01-01
นครสวรรค์,Nakhon Sawan,15.67782946,100.1931783,Feb,41391,2018,off_season,2,2018-02-01
นครสวรรค์,Nakhon Sawan,15.67782946,100.1931783,Mar,27878,2018,off_season,3,2018-03-01
นครสวรรค์,Nakhon Sawan,15.67782946,100.1931783,Apr,62527,2018,off_season,4,2018-04-01
นครสวรรค์,Nakhon Sawan,15.67782946,100.1931783,May,0,2018,off_season,5,2018-05-01
นครสวรรค์,Nakhon Sawan,15.67782946,100.1931783,Jun,0,2018,off_season,6,2018-06-01
นครสวรรค์,Nakhon Sawan,15.67782946,100.1931783,Jul,0,2018,off_season,7,2018-07-01
นครสวรรค์,Nakhon Sawan,15.67782946,100.1931783,Aug,0,2018,off_season,8,2018-08-01
นครสวรรค์,Nakhon Sawan,15.67782946,100.1931783,Sep,0,2018,off_season,9,2018-09-01
นครสวรรค์,Nakhon Sawan,15.67782946,100.1931783,Oct,0,2018,off_season,10,2018-10-01
นครสวรรค์,Nakhon Sawan,15.67782946,100.1931783,Nov,241797,2018,off_season,11,2018-11-01
นครสวรรค์,Nakhon Sawan,15.67782946,100.1931783,Dec,284975,2018,off_season,12,2018-12-01
นครสวรรค์,Nakhon Sawan,15.67782946,100.1931783,Jan,163261,2019,off_season,1,2019-01-01
นครสวรรค์,Nakhon Sawan,15.67782946,100.1931783,Feb,39063,2019,off_season,2,2019-02-01
นครสวรรค์,Nakhon Sawan,15.67782946,100.1931783,Mar,35999,2019,off_season,3,2019-03-01
นครสวรรค์,Nakhon Sawan,15.67782946,100.1931783,Apr,12333,2019,off_season,4,2019-04-01
นครสวรรค์,Nakhon Sawan,15.67782946,100.1931783,May,0,2019,off_season,5,2019-05-01
นครสวรรค์,Nakhon Sawan,15.67782946,100.1931783,Jun,0,2019,off_season,6,2019-06-01
นครสวรรค์,Nakhon Sawan,15.67782946,100.1931783,Jul,0,2019,off_season,7,2019-07-01
นครสวรรค์,Nakhon Sawan,15.67782946,100.1931783,Aug,0,2019,off_season,8,2019-08-01
นครสวรรค์,Nakhon Sawan,15.67782946,100.1931783,Sep,0,2019,off_season,9,2019-09-01
นครสวรรค์,Nakhon Sawan,15.67782946,100.1931783,Oct,0,2019,off_season,10,2019-10-01
นครสวรรค์,Nakhon Sawan,15.67782946,100.1931783,Nov,245404,2019,off_season,11,2019-11-01
นครสวรรค์,Nakhon Sawan,15.67782946,100.1931783,Dec,286907,2019,off_season,12,2019-12-01
นครศรีธรรมราช,Nakhon Si Thammarat,8.34487574,99.86193491,Jan,60419,2015,in_season,1,2015-01-01
นครศรีธรรมราช,Nakhon Si Thammarat,8.34487574,99.86193491,Feb,27157,2015,in_season,2,2015-02-01
นครศรีธรรมราช,Nakhon Si Thammarat,8.34487574,99.86193491,Mar,0,2015,in_season,3,2015-03-01
นครศรีธรรมราช,Nakhon Si Thammarat,8.34487574,99.86193491,Apr,0,2015,in_season,4,2015-04-01
นครศรีธรรมราช,Nakhon Si Thammarat,8.34487574,99.86193491,May,0,2015,in_season,5,2015-05-01
นครศรีธรรมราช,Nakhon Si Thammarat,8.34487574,99.86193491,Jun,1987,2015,in_season,6,2015-06-01
นครศรีธรรมราช,Nakhon Si Thammarat,8.34487574,99.86193491,Jul,18373,2015,in_season,7,2015-07-01
นครศรีธรรมราช,Nakhon Si Thammarat,8.34487574,99.86193491,Aug,30094,2015,in_season,8,2015-08-01
นครศรีธรรมราช,Nakhon Si Thammarat,8.34487574,99.86193491,Sep,49649,2015,in_season,9,2015-09-01
นครศรีธรรมราช,Nakhon Si Thammarat,8.34487574,99.86193491,Oct,81386,2015,in_season,10,2015-10-01
นครศรีธรรมราช,Nakhon Si Thammarat,8.34487574,99.86193491,Nov,10655,2015,in_season,11,2015-11-01
นครศรีธรรมราช,Nakhon Si Thammarat,8.34487574,99.86193491,Dec,8265,2015,in_season,12,2015-12-01
นครศรีธรรมราช,Nakhon Si Thammarat,8.34487574,99.86193491,Jan,33468,2016,in_season,1,2016-01-01
นครศรีธรรมราช,Nakhon Si Thammarat,8.34487574,99.86193491,Feb,4820,2016,in_season,2,2016-02-01
นครศรีธรรมราช,Nakhon Si Thammarat,8.34487574,99.86193491,Mar,0,2016,in_season,3,2016-03-01
นครศรีธรรมราช,Nakhon Si Thammarat,8.34487574,99.86193491,Apr,0,2016,in_season,4,2016-04-01
นครศรีธรรมราช,Nakhon Si Thammarat,8.34487574,99.86193491,May,0,2016,in_season,5,2016-05-01
นครศรีธรรมราช,Nakhon Si Thammarat,8.34487574,99.86193491,Jun,8589,2016,in_season,6,2016-06-01
นครศรีธรรมราช,Nakhon Si Thammarat,8.34487574,99.86193491,Jul,16285,2016,in_season,7,2016-07-01
นครศรีธรรมราช,Nakhon Si Thammarat,8.34487574,99.86193491,Aug,26824,2016,in_season,8,2016-08-01
นครศรีธรรมราช,Nakhon Si Thammarat,8.34487574,99.86193491,Sep,36151,2016,in_season,9,2016-09-01
นครศรีธรรมราช,Nakhon Si Thammarat,8.34487574,99.86193491,Oct,53061,2016,in_season,10,2016-10-01
นครศรีธรรมราช,Nakhon Si Thammarat,8.34487574,99.86193491,Nov,29944,2016,in_season,11,2016-11-01
นครศรีธรรมราช,Nakhon Si Thammarat,8.34487574,99.86193491,Dec,11778,2016,in_season,12,2016-12-01
นครศรีธรรมราช,Nakhon Si Thammarat,8.34487574,99.86193491,Jan,36966,2017,in_season,1,2017-01-01
นครศรีธรรมราช,Nakhon Si Thammarat,8.34487574,99.86193491,Feb,16126,2017,in_season,2,2017-02-01
นครศรีธรรมราช,Nakhon Si Thammarat,8.34487574,99.86193491,Mar,0,2017,in_season,3,2017-03-01
นครศรีธรรมราช,Nakhon Si Thammarat,8.34487574,99.86193491,Apr,0,2017,in_season,4,2017-04-01
นครศรีธรรมราช,Nakhon Si Thammarat,8.34487574,99.86193491,May,0,2017,in_season,5,2017-05-01
นครศรีธรรมราช,Nakhon Si Thammarat,8.34487574,99.86193491,Jun,5318,2017,in_season,6,2017-06-01
นครศรีธรรมราช,Nakhon Si Thammarat,8.34487574,99.86193491,Jul,12987,2017,in_season,7,2017-07-01
นครศรีธรรมราช,Nakhon Si Thammarat,8.34487574,99.86193491,Aug,24368,2017,in_season,8,2017-08-01
นครศรีธรรมราช,Nakhon Si Thammarat,8.34487574,99.86193491,Sep,28441,2017,in_season,9,2017-09-01
นครศรีธรรมราช,Nakhon Si Thammarat,8.34487574,99.86193491,Oct,47451,2017,in_season,10,2017-10-01
นครศรีธรรมราช,Nakhon Si Thammarat,8.34487574,99.86193491,Nov,18672,2017,in_season,11,2017-11-01
นครศรีธรรมราช,Nakhon Si Thammarat,8.34487574,99.86193491,Dec,9257,2017,in_season,12,2017-12-01
นครศรีธรรมราช,Nakhon Si Thammarat,8.34487574,99.86193491,Jan,44559,2018,in_season,1,2018-01-01
นครศรีธรรมราช,Nakhon Si Thammarat,8.34487574,99.86193491,Feb,22967,2018,in_season,2,2018-02-01
นครศรีธรรมราช,Nakhon Si Thammarat,8.34487574,99.86193491,Mar,0,2018,in_season,3,2018-03-01
นครศรีธรรมราช,Nakhon Si Thammarat,8.34487574,99.86193491,Apr,0,2018,in_season,4,2018-04-01
นครศรีธรรมราช,Nakhon Si Thammarat,8.34487574,99.86193491,May,0,2018,in_season,5,2018-05-01
นครศรีธรรมราช,Nakhon Si Thammarat,8.34487574,99.86193491,Jun,52319,2018,in_season,6,2018-06-01
นครศรีธรรมราช,Nakhon Si Thammarat,8.34487574,99.86193491,Jul,14719,2018,in_season,7,2018-07-01
นครศรีธรรมราช,Nakhon Si Thammarat,8.34487574,99.86193491,Aug,5377,2018,in_season,8,2018-08-01
นครศรีธรรมราช,Nakhon Si Thammarat,8.34487574,99.86193491,Sep,25657,2018,in_season,9,2018-09-01
นครศรีธรรมราช,Nakhon Si Thammarat,8.34487574,99.86193491,Oct,48997,2018,in_season,10,2018-10-01
นครศรีธรรมราช,Nakhon Si Thammarat,8.34487574,99.86193491,Nov,25958,2018,in_season,11,2018-11-01
นครศรีธรรมราช,Nakhon Si Thammarat,8.34487574,99.86193491,Dec,11522,2018,in_season,12,2018-12-01
นครศรีธรรมราช,Nakhon Si Thammarat,8.34487574,99.86193491,Jan,44559,2019,in_season,1,2019-01-01
นครศรีธรรมราช,Nakhon Si Thammarat,8.34487574,99.86193491,Feb,22967,2019,in_season,2,2019-02-01
นครศรีธรรมราช,Nakhon Si Thammarat,8.34487574,99.86193491,Mar,0,2019,in_season,3,2019-03-01
นครศรีธรรมราช,Nakhon Si Thammarat,8.34487574,99.86193491,Apr,0,2019,in_season,4,2019-04-01
นครศรีธรรมราช,Nakhon Si Thammarat,8.34487574,99.86193491,May,0,2019,in_season,5,2019-05-01
นครศรีธรรมราช,Nakhon Si Thammarat,8.34487574,99.86193491,Jun,52319,2019,in_season,6,2019-06-01
นครศรีธรรมราช,Nakhon Si Thammarat,8.34487574,99.86193491,Jul,14719,2019,in_season,7,2019-07-01
นครศรีธรรมราช,Nakhon Si Thammarat,8.34487574,99.86193491,Aug,5377,2019,in_season,8,2019-08-01
นครศรีธรรมราช,Nakhon Si Thammarat,8.34487574,99.86193491,Sep,25657,2019,in_season,9,2019-09-01
นครศรีธรรมราช,Nakhon Si Thammarat,8.34487574,99.86193491,Oct,48997,2019,in_season,10,2019-10-01
นครศรีธรรมราช,Nakhon Si Thammarat,8.34487574,99.86193491,Nov,25958,2019,in_season,11,2019-11-01
นครศรีธรรมราช,Nakhon Si Thammarat,8.34487574,99.86193491,Dec,11522,2019,in_season,12,2019-12-01
นครศรีธรรมราช,Nakhon Si Thammarat,8.34487574,99.86193491,Jan,0,2015,off_season,1,2015-01-01
นครศรีธรรมราช,Nakhon Si Thammarat,8.34487574,99.86193491,Feb,0,2015,off_season,2,2015-02-01
นครศรีธรรมราช,Nakhon Si Thammarat,8.34487574,99.86193491,Mar,9694,2015,off_season,3,2015-03-01
นครศรีธรรมราช,Nakhon Si Thammarat,8.34487574,99.86193491,Apr,34887,2015,off_season,4,2015-04-01
นครศรีธรรมราช,Nakhon Si Thammarat,8.34487574,99.86193491,May,41310,2015,off_season,5,2015-05-01
นครศรีธรรมราช,Nakhon Si Thammarat,8.34487574,99.86193491,Jun,31229,2015,off_season,6,2015-06-01
นครศรีธรรมราช,Nakhon Si Thammarat,8.34487574,99.86193491,Jul,0,2015,off_season,7,2015-07-01
นครศรีธรรมราช,Nakhon Si Thammarat,8.34487574,99.86193491,Aug,0,2015,off_season,8,2015-08-01
นครศรีธรรมราช,Nakhon Si Thammarat,8.34487574,99.86193491,Sep,0,2015,off_season,9,2015-09-01
นครศรีธรรมราช,Nakhon Si Thammarat,8.34487574,99.86193491,Oct,0,2015,off_season,10,2015-10-01
นครศรีธรรมราช,Nakhon Si Thammarat,8.34487574,99.86193491,Nov,0,2015,off_season,11,2015-11-01
นครศรีธรรมราช,Nakhon Si Thammarat,8.34487574,99.86193491,Dec,0,2015,off_season,12,2015-12-01
นครศรีธรรมราช,Nakhon Si Thammarat,8.34487574,99.86193491,Jan,0,2016,off_season,1,2016-01-01
นครศรีธรรมราช,Nakhon Si Thammarat,8.34487574,99.86193491,Feb,0,2016,off_season,2,2016-02-01
นครศรีธรรมราช,Nakhon Si Thammarat,8.34487574,99.86193491,Mar,52729,2016,off_season,3,2016-03-01
นครศรีธรรมราช,Nakhon Si Thammarat,8.34487574,99.86193491,Apr,21801,2016,off_season,4,2016-04-01
นครศรีธรรมราช,Nakhon Si Thammarat,8.34487574,99.86193491,May,14689,2016,off_season,5,2016-05-01
นครศรีธรรมราช,Nakhon Si Thammarat,8.34487574,99.86193491,Jun,14047,2016,off_season,6,2016-06-01
นครศรีธรรมราช,Nakhon Si Thammarat,8.34487574,99.86193491,Jul,0,2016,off_season,7,2016-07-01
นครศรีธรรมราช,Nakhon Si Thammarat,8.34487574,99.86193491,Aug,0,2016,off_season,8,2016-08-01
นครศรีธรรมราช,Nakhon Si Thammarat,8.34487574,99.86193491,Sep,0,2016,off_season,9,2016-09-01
นครศรีธรรมราช,Nakhon Si Thammarat,8.34487574,99.86193491,Oct,0,2016,off_season,10,2016-10-01
นครศรีธรรมราช,Nakhon Si Thammarat,8.34487574,99.86193491,Nov,0,2016,off_season,11,2016-11-01
นครศรีธรรมราช,Nakhon Si Thammarat,8.34487574,99.86193491,Dec,0,2016,off_season,12,2016-12-01
นครศรีธรรมราช,Nakhon Si Thammarat,8.34487574,99.86193491,Jan,0,2017,off_season,1,2017-01-01
นครศรีธรรมราช,Nakhon Si Thammarat,8.34487574,99.86193491,Feb,0,2017,off_season,2,2017-02-01
นครศรีธรรมราช,Nakhon Si Thammarat,8.34487574,99.86193491,Mar,37504,2017,off_season,3,2017-03-01
นครศรีธรรมราช,Nakhon Si Thammarat,8.34487574,99.86193491,Apr,29389,2017,off_season,4,2017-04-01
นครศรีธรรมราช,Nakhon Si Thammarat,8.34487574,99.86193491,May,26264,2017,off_season,5,2017-05-01
นครศรีธรรมราช,Nakhon Si Thammarat,8.34487574,99.86193491,Jun,27397,2017,off_season,6,2017-06-01
นครศรีธรรมราช,Nakhon Si Thammarat,8.34487574,99.86193491,Jul,0,2017,off_season,7,2017-07-01
นครศรีธรรมราช,Nakhon Si Thammarat,8.34487574,99.86193491,Aug,0,2017,off_season,8,2017-08-01
นครศรีธรรมราช,Nakhon Si Thammarat,8.34487574,99.86193491,Sep,0,2017,off_season,9,2017-09-01
นครศรีธรรมราช,Nakhon Si Thammarat,8.34487574,99.86193491,Oct,0,2017,off_season,10,2017-10-01
นครศรีธรรมราช,Nakhon Si Thammarat,8.34487574,99.86193491,Nov,0,2017,off_season,11,2017-11-01
นครศรีธรรมราช,Nakhon Si Thammarat,8.34487574,99.86193491,Dec,0,2017,off_season,12,2017-12-01
นครศรีธรรมราช,Nakhon Si Thammarat,8.34487574,99.86193491,Jan,0,2018,off_season,1,2018-01-01
นครศรีธรรมราช,Nakhon Si Thammarat,8.34487574,99.86193491,Feb,0,2018,off_season,2,2018-02-01
นครศรีธรรมราช,Nakhon Si Thammarat,8.34487574,99.86193491,Mar,9658,2018,off_season,3,2018-03-01
นครศรีธรรมราช,Nakhon Si Thammarat,8.34487574,99.86193491,Apr,6124,2018,off_season,4,2018-04-01
นครศรีธรรมราช,Nakhon Si Thammarat,8.34487574,99.86193491,May,11277,2018,off_season,5,2018-05-01
นครศรีธรรมราช,Nakhon Si Thammarat,8.34487574,99.86193491,Jun,38879,2018,off_season,6,2018-06-01
นครศรีธรรมราช,Nakhon Si Thammarat,8.34487574,99.86193491,Jul,0,2018,off_season,7,2018-07-01
นครศรีธรรมราช,Nakhon Si Thammarat,8.34487574,99.86193491,Aug,0,2018,off_season,8,2018-08-01
นครศรีธรรมราช,Nakhon Si Thammarat,8.34487574,99.86193491,Sep,0,2018,off_season,9,2018-09-01
นครศรีธรรมราช,Nakhon Si Thammarat,8.34487574,99.86193491,Oct,0,2018,off_season,10,2018-10-01
นครศรีธรรมราช,Nakhon Si Thammarat,8.34487574,99.86193491,Nov,0,2018,off_season,11,2018-11-01
นครศรีธรรมราช,Nakhon Si Thammarat,8.34487574,99.86193491,Dec,0,2018,off_season,12,2018-12-01
นครศรีธรรมราช,Nakhon Si Thammarat,8.34487574,99.86193491,Jan,0,2019,off_season,1,2019-01-01
นครศรีธรรมราช,Nakhon Si Thammarat,8.34487574,99.86193491,Feb,0,2019,off_season,2,2019-02-01
นครศรีธรรมราช,Nakhon Si Thammarat,8.34487574,99.86193491,Mar,1129,2019,off_season,3,2019-03-01
นครศรีธรรมราช,Nakhon Si Thammarat,8.34487574,99.86193491,Apr,2679,2019,off_season,4,2019-04-01
นครศรีธรรมราช,Nakhon Si Thammarat,8.34487574,99.86193491,May,4934,2019,off_season,5,2019-05-01
นครศรีธรรมราช,Nakhon Si Thammarat,8.34487574,99.86193491,Jun,6622,2019,off_season,6,2019-06-01
นครศรีธรรมราช,Nakhon Si Thammarat,8.34487574,99.86193491,Jul,0,2019,off_season,7,2019-07-01
นครศรีธรรมราช,Nakhon Si Thammarat,8.34487574,99.86193491,Aug,0,2019,off_season,8,2019-08-01
นครศรีธรรมราช,Nakhon Si Thammarat,8.34487574,99.86193491,Sep,0,2019,off_season,9,2019-09-01
นครศรีธรรมราช,Nakhon Si Thammarat,8.34487574,99.86193491,Oct,0,2019,off_season,10,2019-10-01
นครศรีธรรมราช,Nakhon Si Thammarat,8.34487574,99.86193491,Nov,0,2019,off_season,11,2019-11-01
นครศรีธรรมราช,Nakhon Si Thammarat,8.34487574,99.86193491,Dec,0,2019,off_season,12,2019-12-01
น่าน,Nan,18.8794898,100.8094286,Jan,0,2015,in_season,1,2015-01-01
น่าน,Nan,18.8794898,100.8094286,Feb,0,2015,in_season,2,2015-02-01
น่าน,Nan,18.8794898,100.8094286,Mar,0,2015,in_season,3,2015-03-01
น่าน,Nan,18.8794898,100.8094286,Apr,0,2015,in_season,4,2015-04-01
น่าน,Nan,18.8794898,100.8094286,May,15753,2015,in_season,5,2015-05-01
น่าน,Nan,18.8794898,100.8094286,Jun,44723,2015,in_season,6,2015-06-01
น่าน,Nan,18.8794898,100.8094286,Jul,104783,2015,in_season,7,2015-07-01
น่าน,Nan,18.8794898,100.8094286,Aug,42561,2015,in_season,8,2015-08-01
น่าน,Nan,18.8794898,100.8094286,Sep,0,2015,in_season,9,2015-09-01
น่าน,Nan,18.8794898,100.8094286,Oct,0,2015,in_season,10,2015-10-01
น่าน,Nan,18.8794898,100.8094286,Nov,0,2015,in_season,11,2015-11-01
น่าน,Nan,18.8794898,100.8094286,Dec,0,2015,in_season,12,2015-12-01
น่าน,Nan,18.8794898,100.8094286,Jan,0,2016,in_season,1,2016-01-01
น่าน,Nan,18.8794898,100.8094286,Feb,0,2016,in_season,2,2016-02-01
น่าน,Nan,18.8794898,100.8094286,Mar,0,2016,in_season,3,2016-03-01
น่าน,Nan,18.8794898,100.8094286,Apr,0,2016,in_season,4,2016-04-01
น่าน,Nan,18.8794898,100.8094286,May,20747,2016,in_season,5,2016-05-01
น่าน,Nan,18.8794898,100.8094286,Jun,43729,2016,in_season,6,2016-06-01
น่าน,Nan,18.8794898,100.8094286,Jul,133062,2016,in_season,7,2016-07-01
น่าน,Nan,18.8794898,100.8094286,Aug,24063,2016,in_season,8,2016-08-01
น่าน,Nan,18.8794898,100.8094286,Sep,0,2016,in_season,9,2016-09-01
น่าน,Nan,18.8794898,100.8094286,Oct,0,2016,in_season,10,2016-10-01
น่าน,Nan,18.8794898,100.8094286,Nov,0,2016,in_season,11,2016-11-01
น่าน,Nan,18.8794898,100.8094286,Dec,0,2016,in_season,12,2016-12-01
น่าน,Nan,18.8794898,100.8094286,Jan,0,2017,in_season,1,2017-01-01
น่าน,Nan,18.8794898,100.8094286,Feb,0,2017,in_season,2,2017-02-01
น่าน,Nan,18.8794898,100.8094286,Mar,0,2017,in_season,3,2017-03-01
น่าน,Nan,18.8794898,100.8094286,Apr,0,2017,in_season,4,2017-04-01
น่าน,Nan,18.8794898,100.8094286,May,17207,2017,in_season,5,2017-05-01
น่าน,Nan,18.8794898,100.8094286,Jun,50976,2017,in_season,6,2017-06-01
น่าน,Nan,18.8794898,100.8094286,Jul,162704,2017,in_season,7,2017-07-01
น่าน,Nan,18.8794898,100.8094286,Aug,37312,2017,in_season,8,2017-08-01
น่าน,Nan,18.8794898,100.8094286,Sep,0,2017,in_season,9,2017-09-01
น่าน,Nan,18.8794898,100.8094286,Oct,0,2017,in_season,10,2017-10-01
น่าน,Nan,18.8794898,100.8094286,Nov,0,2017,in_season,11,2017-11-01
น่าน,Nan,18.8794898,100.8094286,Dec,0,2017,in_season,12,2017-12-01
น่าน,Nan,18.8794898,100.8094286,Jan,0,2018,in_season,1,2018-01-01
น่าน,Nan,18.8794898,100.8094286,Feb,0,2018,in_season,2,2018-02-01
น่าน,Nan,18.8794898,100.8094286,Mar,0,2018,in_season,3,2018-03-01
น่าน,Nan,18.8794898,100.8094286,Apr,0,2018,in_season,4,2018-04-01
น่าน,Nan,18.8794898,100.8094286,May,20580,2018,in_season,5,2018-05-01
น่าน,Nan,18.8794898,100.8094286,Jun,76065,2018,in_season,6,2018-06-01
น่าน,Nan,18.8794898,100.8094286,Jul,139493,2018,in_season,7,2018-07-01
น่าน,Nan,18.8794898,100.8094286,Aug,40163,2018,in_season,8,2018-08-01
น่าน,Nan,18.8794898,100.8094286,Sep,0,2018,in_season,9,2018-09-01
น่าน,Nan,18.8794898,100.8094286,Oct,0,2018,in_season,10,2018-10-01
น่าน,Nan,18.8794898,100.8094286,Nov,0,2018,in_season,11,2018-11-01
น่าน,Nan,18.8794898,100.8094286,Dec,0,2018,in_season,12,2018-12-01
น่าน,Nan,18.8794898,100.8094286,Jan,0,2019,in_season,1,2019-01-01
น่าน,Nan,18.8794898,100.8094286,Feb,0,2019,in_season,2,2019-02-01
น่าน,Nan,18.8794898,100.8094286,Mar,0,2019,in_season,3,2019-03-01
น่าน,Nan,18.8794898,100.8094286,Apr,0,2019,in_season,4,2019-04-01
น่าน,Nan,18.8794898,100.8094286,May,20580,2019,in_season,5,2019-05-01
น่าน,Nan,18.8794898,100.8094286,Jun,76065,2019,in_season,6,2019-06-01
น่าน,Nan,18.8794898,100.8094286,Jul,139493,2019,in_season,7,2019-07-01
น่าน,Nan,18.8794898,100.8094286,Aug,40163,2019,in_season,8,2019-08-01
น่าน,Nan,18.8794898,100.8094286,Sep,0,2019,in_season,9,2019-09-01
น่าน,Nan,18.8794898,100.8094286,Oct,0,2019,in_season,10,2019-10-01
น่าน,Nan,18.8794898,100.8094286,Nov,0,2019,in_season,11,2019-11-01
น่าน,Nan,18.8794898,100.8094286,Dec,0,2019,in_season,12,2019-12-01
น่าน,Nan,18.8794898,100.8094286,Jan,4284,2015,off_season,1,2015-01-01
น่าน,Nan,18.8794898,100.8094286,Feb,55,2015,off_season,2,2015-02-01
น่าน,Nan,18.8794898,100.8094286,Mar,0,2015,off_season,3,2015-03-01
น่าน,Nan,18.8794898,100.8094286,Apr,0,2015,off_season,4,2015-04-01
น่าน,Nan,18.8794898,100.8094286,May,0,2015,off_season,5,2015-05-01
น่าน,Nan,18.8794898,100.8094286,Jun,0,2015,off_season,6,2015-06-01
น่าน,Nan,18.8794898,100.8094286,Jul,0,2015,off_season,7,2015-07-01
น่าน,Nan,18.8794898,100.8094286,Aug,0,2015,off_season,8,2015-08-01
น่าน,Nan,18.8794898,100.8094286,Sep,0,2015,off_season,9,2015-09-01
น่าน,Nan,18.8794898,100.8094286,Oct,0,2015,off_season,10,2015-10-01
น่าน,Nan,18.8794898,100.8094286,Nov,0,2015,off_season,11,2015-11-01
น่าน,Nan,18.8794898,100.8094286,Dec,461,2015,off_season,12,2015-12-01
น่าน,Nan,18.8794898,100.8094286,Jan,4191,2016,off_season,1,2016-01-01
น่าน,Nan,18.8794898,100.8094286,Feb,7,2016,off_season,2,2016-02-01
น่าน,Nan,18.8794898,100.8094286,Mar,0,2016,off_season,3,2016-03-01
น่าน,Nan,18.8794898,100.8094286,Apr,0,2016,off_season,4,2016-04-01
น่าน,Nan,18.8794898,100.8094286,May,0,2016,off_season,5,2016-05-01
น่าน,Nan,18.8794898,100.8094286,Jun,0,2016,off_season,6,2016-06-01
น่าน,Nan,18.8794898,100.8094286,Jul,0,2016,off_season,7,2016-07-01
น่าน,Nan,18.8794898,100.8094286,Aug,0,2016,off_season,8,2016-08-01
น่าน,Nan,18.8794898,100.8094286,Sep,0,2016,off_season,9,2016-09-01
น่าน,Nan,18.8794898,100.8094286,Oct,0,2016,off_season,10,2016-10-01
น่าน,Nan,18.8794898,100.8094286,Nov,0,2016,off_season,11,2016-11-01
น่าน,Nan,18.8794898,100.8094286,Dec,31,2016,off_season,12,2016-12-01
น่าน,Nan,18.8794898,100.8094286,Jan,6779,2017,off_season,1,2017-01-01
น่าน,Nan,18.8794898,100.8094286,Feb,303,2017,off_season,2,2017-02-01
น่าน,Nan,18.8794898,100.8094286,Mar,0,2017,off_season,3,2017-03-01
น่าน,Nan,18.8794898,100.8094286,Apr,0,2017,off_season,4,2017-04-01
น่าน,Nan,18.8794898,100.8094286,May,0,2017,off_season,5,2017-05-01
น่าน,Nan,18.8794898,100.8094286,Jun,0,2017,off_season,6,2017-06-01
น่าน,Nan,18.8794898,100.8094286,Jul,0,2017,off_season,7,2017-07-01
น่าน,Nan,18.8794898,100.8094286,Aug,0,2017,off_season,8,2017-08-01
น่าน,Nan,18.8794898,100.8094286,Sep,0,2017,off_season,9,2017-09-01
น่าน,Nan,18.8794898,100.8094286,Oct,0,2017,off_season,10,2017-10-01
น่าน,Nan,18.8794898,100.8094286,Nov,0,2017,off_season,11,2017-11-01
น่าน,Nan,18.8794898,100.8094286,Dec,3084,2017,off_season,12,2017-12-01
น่าน,Nan,18.8794898,100.8094286,Jan,4462,2018,off_season,1,2018-01-01
น่าน,Nan,18.8794898,100.8094286,Feb,540,2018,off_season,2,2018-02-01
น่าน,Nan,18.8794898,100.8094286,Mar,0,2018,off_season,3,2018-03-01
น่าน,Nan,18.8794898,100.8094286,Apr,0,2018,off_season,4,2018-04-01
น่าน,Nan,18.8794898,100.8094286,May,0,2018,off_season,5,2018-05-01
น่าน,Nan,18.8794898,100.8094286,Jun,0,2018,off_season,6,2018-06-01
น่าน,Nan,18.8794898,100.8094286,Jul,0,2018,off_season,7,2018-07-01
น่าน,Nan,18.8794898,100.8094286,Aug,0,2018,off_season,8,2018-08-01
น่าน,Nan,18.8794898,100.8094286,Sep,0,2018,off_season,9,2018-09-01
น่าน,Nan,18.8794898,100.8094286,Oct,0,2018,off_season,10,2018-10-01
น่าน,Nan,18.8794898,100.8094286,Nov,0,2018,off_season,11,2018-11-01
น่าน,Nan,18.8794898,100.8094286,Dec,1977,2018,off_season,12,2018-12-01
น่าน,Nan,18.8794898,100.8094286,Jan,4949,2019,off_season,1,2019-01-01
น่าน,Nan,18.8794898,100.8094286,Feb,421,2019,off_season,2,2019-02-01
น่าน,Nan,18.8794898,100.8094286,Mar,0,2019,off_season,3,2019-03-01
น่าน,Nan,18.8794898,100.8094286,Apr,0,2019,off_season,4,2019-04-01
น่าน,Nan,18.8794898,100.8094286,May,0,2019,off_season,5,2019-05-01
น่าน,Nan,18.8794898,100.8094286,Jun,0,2019,off_season,6,2019-06-01
น่าน,Nan,18.8794898,100.8094286,Jul,0,2019,off_season,7,2019-07-01
น่าน,Nan,18.8794898,100.8094286,Aug,0,2019,off_season,8,2019-08-01
น่าน,Nan,18.8794898,100.8094286,Sep,0,2019,off_season,9,2019-09-01
น่าน,Nan,18.8794898,100.8094286,Oct,0,2019,off_season,10,2019-10-01
น่าน,Nan,18.8794898,100.8094286,Nov,0,2019,off_season,11,2019-11-01
น่าน,Nan,18.8794898,100.8094286,Dec,1862,2019,off_season,12,2019-12-01
นราธิวาส,Narathiwat,6.234092105,101.7531711,Jan,0,2015,in_season,1,2015-01-01
นราธิวาส,Narathiwat,6.234092105,101.7531711,Feb,0,2015,in_season,2,2015-02-01
นราธิวาส,Narathiwat,6.234092105,101.7531711,Mar,0,2015,in_season,3,2015-03-01
นราธิวาส,Narathiwat,6.234092105,101.7531711,Apr,0,2015,in_season,4,2015-04-01
นราธิวาส,Narathiwat,6.234092105,101.7531711,May,0,2015,in_season,5,2015-05-01
นราธิวาส,Narathiwat,6.234092105,101.7531711,Jun,0,2015,in_season,6,2015-06-01
นราธิวาส,Narathiwat,6.234092105,101.7531711,Jul,0,2015,in_season,7,2015-07-01
นราธิวาส,Narathiwat,6.234092105,101.7531711,Aug,0,2015,in_season,8,2015-08-01
นราธิวาส,Narathiwat,6.234092105,101.7531711,Sep,0,2015,in_season,9,2015-09-01
นราธิวาส,Narathiwat,6.234092105,101.7531711,Oct,27962,2015,in_season,10,2015-10-01
นราธิวาส,Narathiwat,6.234092105,101.7531711,Nov,25925,2015,in_season,11,2015-11-01
นราธิวาส,Narathiwat,6.234092105,101.7531711,Dec,0,2015,in_season,12,2015-12-01
นราธิวาส,Narathiwat,6.234092105,101.7531711,Jan,0,2016,in_season,1,2016-01-01
นราธิวาส,Narathiwat,6.234092105,101.7531711,Feb,0,2016,in_season,2,2016-02-01
นราธิวาส,Narathiwat,6.234092105,101.7531711,Mar,0,2016,in_season,3,2016-03-01
นราธิวาส,Narathiwat,6.234092105,101.7531711,Apr,0,2016,in_season,4,2016-04-01
นราธิวาส,Narathiwat,6.234092105,101.7531711,May,0,2016,in_season,5,2016-05-01
นราธิวาส,Narathiwat,6.234092105,101.7531711,Jun,0,2016,in_season,6,2016-06-01
นราธิวาส,Narathiwat,6.234092105,101.7531711,Jul,0,2016,in_season,7,2016-07-01
นราธิวาส,Narathiwat,6.234092105,101.7531711,Aug,0,2016,in_season,8,2016-08-01
นราธิวาส,Narathiwat,6.234092105,101.7531711,Sep,0,2016,in_season,9,2016-09-01
นราธิวาส,Narathiwat,6.234092105,101.7531711,Oct,10658,2016,in_season,10,2016-10-01
นราธิวาส,Narathiwat,6.234092105,101.7531711,Nov,23961,2016,in_season,11,2016-11-01
นราธิวาส,Narathiwat,6.234092105,101.7531711,Dec,13318,2016,in_season,12,2016-12-01
นราธิวาส,Narathiwat,6.234092105,101.7531711,Jan,11318,2017,in_season,1,2017-01-01
นราธิวาส,Narathiwat,6.234092105,101.7531711,Feb,0,2017,in_season,2,2017-02-01
นราธิวาส,Narathiwat,6.234092105,101.7531711,Mar,0,2017,in_season,3,2017-03-01
นราธิวาส,Narathiwat,6.234092105,101.7531711,Apr,0,2017,in_season,4,2017-04-01
นราธิวาส,Narathiwat,6.234092105,101.7531711,May,0,2017,in_season,5,2017-05-01
นราธิวาส,Narathiwat,6.234092105,101.7531711,Jun,0,2017,in_season,6,2017-06-01
นราธิวาส,Narathiwat,6.234092105,101.7531711,Jul,0,2017,in_season,7,2017-07-01
นราธิวาส,Narathiwat,6.234092105,101.7531711,Aug,0,2017,in_season,8,2017-08-01
นราธิวาส,Narathiwat,6.234092105,101.7531711,Sep,0,2017,in_season,9,2017-09-01
นราธิวาส,Narathiwat,6.234092105,101.7531711,Oct,8340,2017,in_season,10,2017-10-01
นราธิวาส,Narathiwat,6.234092105,101.7531711,Nov,15951,2017,in_season,11,2017-11-01
นราธิวาส,Narathiwat,6.234092105,101.7531711,Dec,13748,2017,in_season,12,2017-12-01
นราธิวาส,Narathiwat,6.234092105,101.7531711,Jan,2817,2018,in_season,1,2018-01-01
นราธิวาส,Narathiwat,6.234092105,101.7531711,Feb,0,2018,in_season,2,2018-02-01
นราธิวาส,Narathiwat,6.234092105,101.7531711,Mar,0,2018,in_season,3,2018-03-01
นราธิวาส,Narathiwat,6.234092105,101.7531711,Apr,0,2018,in_season,4,2018-04-01
นราธิวาส,Narathiwat,6.234092105,101.7531711,May,0,2018,in_season,5,2018-05-01
นราธิวาส,Narathiwat,6.234092105,101.7531711,Jun,0,2018,in_season,6,2018-06-01
นราธิวาส,Narathiwat,6.234092105,101.7531711,Jul,0,2018,in_season,7,2018-07-01
นราธิวาส,Narathiwat,6.234092105,101.7531711,Aug,0,2018,in_season,8,2018-08-01
นราธิวาส,Narathiwat,6.234092105,101.7531711,Sep,0,2018,in_season,9,2018-09-01
นราธิวาส,Narathiwat,6.234092105,101.7531711,Oct,9034,2018,in_season,10,2018-10-01
นราธิวาส,Narathiwat,6.234092105,101.7531711,Nov,21055,2018,in_season,11,2018-11-01
นราธิวาส,Narathiwat,6.234092105,101.7531711,Dec,9050,2018,in_season,12,2018-12-01
นราธิวาส,Narathiwat,6.234092105,101.7531711,Jan,2817,2019,in_season,1,2019-01-01
นราธิวาส,Narathiwat,6.234092105,101.7531711,Feb,0,2019,in_season,2,2019-02-01
นราธิวาส,Narathiwat,6.234092105,101.7531711,Mar,0,2019,in_season,3,2019-03-01
นราธิวาส,Narathiwat,6.234092105,101.7531711,Apr,0,2019,in_season,4,2019-04-01
นราธิวาส,Narathiwat,6.234092105,101.7531711,May,0,2019,in_season,5,2019-05-01
นราธิวาส,Narathiwat,6.234092105,101.7531711,Jun,0,2019,in_season,6,2019-06-01
นราธิวาส,Narathiwat,6.234092105,101.7531711,Jul,0,2019,in_season,7,2019-07-01
นราธิวาส,Narathiwat,6.234092105,101.7531711,Aug,0,2019,in_season,8,2019-08-01
นราธิวาส,Narathiwat,6.234092105,101.7531711,Sep,0,2019,in_season,9,2019-09-01
นราธิวาส,Narathiwat,6.234092105,101.7531711,Oct,9034,2019,in_season,10,2019-10-01
นราธิวาส,Narathiwat,6.234092105,101.7531711,Nov,21055,2019,in_season,11,2019-11-01
นราธิวาส,Narathiwat,6.234092105,101.7531711,Dec,9050,2019,in_season,12,2019-12-01
นราธิวาส,Narathiwat,6.234092105,101.7531711,Jan,0,2015,off_season,1,2015-01-01
นราธิวาส,Narathiwat,6.234092105,101.7531711,Feb,0,2015,off_season,2,2015-02-01
นราธิวาส,Narathiwat,6.234092105,101.7531711,Mar,0,2015,off_season,3,2015-03-01
นราธิวาส,Narathiwat,6.234092105,101.7531711,Apr,111,2015,off_season,4,2015-04-01
นราธิวาส,Narathiwat,6.234092105,101.7531711,May,489,2015,off_season,5,2015-05-01
นราธิวาส,Narathiwat,6.234092105,101.7531711,Jun,333,2015,off_season,6,2015-06-01
นราธิวาส,Narathiwat,6.234092105,101.7531711,Jul,0,2015,off_season,7,2015-07-01
นราธิวาส,Narathiwat,6.234092105,101.7531711,Aug,0,2015,off_season,8,2015-08-01
นราธิวาส,Narathiwat,6.234092105,101.7531711,Sep,0,2015,off_season,9,2015-09-01
นราธิวาส,Narathiwat,6.234092105,101.7531711,Oct,0,2015,off_season,10,2015-10-01
นราธิวาส,Narathiwat,6.234092105,101.7531711,Nov,0,2015,off_season,11,2015-11-01
นราธิวาส,Narathiwat,6.234092105,101.7531711,Dec,0,2015,off_season,12,2015-12-01
นราธิวาส,Narathiwat,6.234092105,101.7531711,Jan,0,2016,off_season,1,2016-01-01
นราธิวาส,Narathiwat,6.234092105,101.7531711,Feb,0,2016,off_season,2,2016-02-01
นราธิวาส,Narathiwat,6.234092105,101.7531711,Mar,0,2016,off_season,3,2016-03-01
นราธิวาส,Narathiwat,6.234092105,101.7531711,Apr,24,2016,off_season,4,2016-04-01
นราธิวาส,Narathiwat,6.234092105,101.7531711,May,98,2016,off_season,5,2016-05-01
นราธิวาส,Narathiwat,6.234092105,101.7531711,Jun,35,2016,off_season,6,2016-06-01
นราธิวาส,Narathiwat,6.234092105,101.7531711,Jul,0,2016,off_season,7,2016-07-01
นราธิวาส,Narathiwat,6.234092105,101.7531711,Aug,0,2016,off_season,8,2016-08-01
นราธิวาส,Narathiwat,6.234092105,101.7531711,Sep,0,2016,off_season,9,2016-09-01
นราธิวาส,Narathiwat,6.234092105,101.7531711,Oct,0,2016,off_season,10,2016-10-01
นราธิวาส,Narathiwat,6.234092105,101.7531711,Nov,0,2016,off_season,11,2016-11-01
นราธิวาส,Narathiwat,6.234092105,101.7531711,Dec,0,2016,off_season,12,2016-12-01
นราธิวาส,Narathiwat,6.234092105,101.7531711,Jan,0,2017,off_season,1,2017-01-01
นราธิวาส,Narathiwat,6.234092105,101.7531711,Feb,0,2017,off_season,2,2017-02-01
นราธิวาส,Narathiwat,6.234092105,101.7531711,Mar,0,2017,off_season,3,2017-03-01
นราธิวาส,Narathiwat,6.234092105,101.7531711,Apr,58,2017,off_season,4,2017-04-01
นราธิวาส,Narathiwat,6.234092105,101.7531711,May,208,2017,off_season,5,2017-05-01
นราธิวาส,Narathiwat,6.234092105,101.7531711,Jun,176,2017,off_season,6,2017-06-01
นราธิวาส,Narathiwat,6.234092105,101.7531711,Jul,0,2017,off_season,7,2017-07-01
นราธิวาส,Narathiwat,6.234092105,101.7531711,Aug,0,2017,off_season,8,2017-08-01
นราธิวาส,Narathiwat,6.234092105,101.7531711,Sep,0,2017,off_season,9,2017-09-01
นราธิวาส,Narathiwat,6.234092105,101.7531711,Oct,0,2017,off_season,10,2017-10-01
นราธิวาส,Narathiwat,6.234092105,101.7531711,Nov,0,2017,off_season,11,2017-11-01
นราธิวาส,Narathiwat,6.234092105,101.7531711,Dec,0,2017,off_season,12,2017-12-01
นราธิวาส,Narathiwat,6.234092105,101.7531711,Jan,0,2018,off_season,1,2018-01-01
นราธิวาส,Narathiwat,6.234092105,101.7531711,Feb,0,2018,off_season,2,2018-02-01
นราธิวาส,Narathiwat,6.234092105,101.7531711,Mar,0,2018,off_season,3,2018-03-01
นราธิวาส,Narathiwat,6.234092105,101.7531711,Apr,28,2018,off_season,4,2018-04-01
นราธิวาส,Narathiwat,6.234092105,101.7531711,May,112,2018,off_season,5,2018-05-01
นราธิวาส,Narathiwat,6.234092105,101.7531711,Jun,85,2018,off_season,6,2018-06-01
นราธิวาส,Narathiwat,6.234092105,101.7531711,Jul,0,2018,off_season,7,2018-07-01
นราธิวาส,Narathiwat,6.234092105,101.7531711,Aug,0,2018,off_season,8,2018-08-01
นราธิวาส,Narathiwat,6.234092105,101.7531711,Sep,0,2018,off_season,9,2018-09-01
นราธิวาส,Narathiwat,6.234092105,101.7531711,Oct,0,2018,off_season,10,2018-10-01
นราธิวาส,Narathiwat,6.234092105,101.7531711,Nov,0,2018,off_season,11,2018-11-01
นราธิวาส,Narathiwat,6.234092105,101.7531711,Dec,0,2018,off_season,12,2018-12-01
นราธิวาส,Narathiwat,6.234092105,101.7531711,Jan,0,2019,off_season,1,2019-01-01
นราธิวาส,Narathiwat,6.234092105,101.7531711,Feb,0,2019,off_season,2,2019-02-01
นราธิวาส,Narathiwat,6.234092105,101.7531711,Mar,0,2019,off_season,3,2019-03-01
นราธิวาส,Narathiwat,6.234092105,101.7531711,Apr,28,2019,off_season,4,2019-04-01
นราธิวาส,Narathiwat,6.234092105,101.7531711,May,112,2019,off_season,5,2019-05-01
นราธิวาส,Narathiwat,6.234092105,101.7531711,Jun,85,2019,off_season,6,2019-06-01
นราธิวาส,Narathiwat,6.234092105,101.7531711,Jul,0,2019,off_season,7,2019-07-01
นราธิวาส,Narathiwat,6.234092105,101.7531711,Aug,0,2019,off_season,8,2019-08-01
นราธิวาส,Narathiwat,6.234092105,101.7531711,Sep,0,2019,off_season,9,2019-09-01
นราธิวาส,Narathiwat,6.234092105,101.7531711,Oct,0,2019,off_season,10,2019-10-01
นราธิวาส,Narathiwat,6.234092105,101.7531711,Nov,0,2019,off_season,11,2019-11-01
นราธิวาส,Narathiwat,6.234092105,101.7531711,Dec,0,2019,off_season,12,2019-12-01
หนองบัวลำภู,Nong Bua Lam Phu,17.18251724,102.3142586,Jan,0,2015,in_season,1,2015-01-01
หนองบัวลำภู,Nong Bua Lam Phu,17.18251724,102.3142586,Feb,0,2015,in_season,2,2015-02-01
หนองบัวลำภู,Nong Bua Lam Phu,17.18251724,102.3142586,Mar,0,2015,in_season,3,2015-03-01
หนองบัวลำภู,Nong Bua Lam Phu,17.18251724,102.3142586,Apr,0,2015,in_season,4,2015-04-01
หนองบัวลำภู,Nong Bua Lam Phu,17.18251724,102.3142586,May,86846,2015,in_season,5,2015-05-01
หนองบัวลำภู,Nong Bua Lam Phu,17.18251724,102.3142586,Jun,393396,2015,in_season,6,2015-06-01
หนองบัวลำภู,Nong Bua Lam Phu,17.18251724,102.3142586,Jul,162975,2015,in_season,7,2015-07-01
หนองบัวลำภู,Nong Bua Lam Phu,17.18251724,102.3142586,Aug,57150,2015,in_season,8,2015-08-01
หนองบัวลำภู,Nong Bua Lam Phu,17.18251724,102.3142586,Sep,0,2015,in_season,9,2015-09-01
หนองบัวลำภู,Nong Bua Lam Phu,17.18251724,102.3142586,Oct,0,2015,in_season,10,2015-10-01
หนองบัวลำภู,Nong Bua Lam Phu,17.18251724,102.3142586,Nov,0,2015,in_season,11,2015-11-01
หนองบัวลำภู,Nong Bua Lam Phu,17.18251724,102.3142586,Dec,0,2015,in_season,12,2015-12-01
หนองบัวลำภู,Nong Bua Lam Phu,17.18251724,102.3142586,Jan,0,2016,in_season,1,2016-01-01
หนองบัวลำภู,Nong Bua Lam Phu,17.18251724,102.3142586,Feb,0,2016,in_season,2,2016-02-01
หนองบัวลำภู,Nong Bua Lam Phu,17.18251724,102.3142586,Mar,0,2016,in_season,3,2016-03-01
หนองบัวลำภู,Nong Bua Lam Phu,17.18251724,102.3142586,Apr,0,2016,in_season,4,2016-04-01
หนองบัวลำภู,Nong Bua Lam Phu,17.18251724,102.3142586,May,122056,2016,in_season,5,2016-05-01
หนองบัวลำภู,Nong Bua Lam Phu,17.18251724,102.3142586,Jun,312845,2016,in_season,6,2016-06-01
หนองบัวลำภู,Nong Bua Lam Phu,17.18251724,102.3142586,Jul,212503,2016,in_season,7,2016-07-01
หนองบัวลำภู,Nong Bua Lam Phu,17.18251724,102.3142586,Aug,50884,2016,in_season,8,2016-08-01
หนองบัวลำภู,Nong Bua Lam Phu,17.18251724,102.3142586,Sep,0,2016,in_season,9,2016-09-01
หนองบัวลำภู,Nong Bua Lam Phu,17.18251724,102.3142586,Oct,0,2016,in_season,10,2016-10-01
หนองบัวลำภู,Nong Bua Lam Phu,17.18251724,102.3142586,Nov,0,2016,in_season,11,2016-11-01
หนองบัวลำภู,Nong Bua Lam Phu,17.18251724,102.3142586,Dec,0,2016,in_season,12,2016-12-01
หนองบัวลำภู,Nong Bua Lam Phu,17.18251724,102.3142586,Jan,0,2017,in_season,1,2017-01-01
หนองบัวลำภู,Nong Bua Lam Phu,17.18251724,102.3142586,Feb,0,2017,in_season,2,2017-02-01
หนองบัวลำภู,Nong Bua Lam Phu,17.18251724,102.3142586,Mar,0,2017,in_season,3,2017-03-01
หนองบัวลำภู,Nong Bua Lam Phu,17.18251724,102.3142586,Apr,0,2017,in_season,4,2017-04-01
หนองบัวลำภู,Nong Bua Lam Phu,17.18251724,102.3142586,May,119261,2017,in_season,5,2017-05-01
หนองบัวลำภู,Nong Bua Lam Phu,17.18251724,102.3142586,Jun,164382,2017,in_season,6,2017-06-01
หนองบัวลำภู,Nong Bua Lam Phu,17.18251724,102.3142586,Jul,330852,2017,in_season,7,2017-07-01
หนองบัวลำภู,Nong Bua Lam Phu,17.18251724,102.3142586,Aug,33190,2017,in_season,8,2017-08-01
หนองบัวลำภู,Nong Bua Lam Phu,17.18251724,102.3142586,Sep,0,2017,in_season,9,2017-09-01
หนองบัวลำภู,Nong Bua Lam Phu,17.18251724,102.3142586,Oct,0,2017,in_season,10,2017-10-01
หนองบัวลำภู,Nong Bua Lam Phu,17.18251724,102.3142586,Nov,0,2017,in_season,11,2017-11-01
หนองบัวลำภู,Nong Bua Lam Phu,17.18251724,102.3142586,Dec,0,2017,in_season,12,2017-12-01
หนองบัวลำภู,Nong Bua Lam Phu,17.18251724,102.3142586,Jan,0,2018,in_season,1,2018-01-01
หนองบัวลำภู,Nong Bua Lam Phu,17.18251724,102.3142586,Feb,0,2018,in_season,2,2018-02-01
หนองบัวลำภู,Nong Bua Lam Phu,17.18251724,102.3142586,Mar,0,2018,in_season,3,2018-03-01
หนองบัวลำภู,Nong Bua Lam Phu,17.18251724,102.3142586,Apr,0,2018,in_season,4,2018-04-01
หนองบัวลำภู,Nong Bua Lam Phu,17.18251724,102.3142586,May,101650,2018,in_season,5,2018-05-01
หนองบัวลำภู,Nong Bua Lam Phu,17.18251724,102.3142586,Jun,217617,2018,in_season,6,2018-06-01
หนองบัวลำภู,Nong Bua Lam Phu,17.18251724,102.3142586,Jul,277191,2018,in_season,7,2018-07-01
หนองบัวลำภู,Nong Bua Lam Phu,17.18251724,102.3142586,Aug,59676,2018,in_season,8,2018-08-01
หนองบัวลำภู,Nong Bua Lam Phu,17.18251724,102.3142586,Sep,0,2018,in_season,9,2018-09-01
หนองบัวลำภู,Nong Bua Lam Phu,17.18251724,102.3142586,Oct,0,2018,in_season,10,2018-10-01
หนองบัวลำภู,Nong Bua Lam Phu,17.18251724,102.3142586,Nov,0,2018,in_season,11,2018-11-01
หนองบัวลำภู,Nong Bua Lam Phu,17.18251724,102.3142586,Dec,0,2018,in_season,12,2018-12-01
หนองบัวลำภู,Nong Bua Lam Phu,17.18251724,102.3142586,Jan,0,2019,in_season,1,2019-01-01
หนองบัวลำภู,Nong Bua Lam Phu,17.18251724,102.3142586,Feb,0,2019,in_season,2,2019-02-01
หนองบัวลำภู,Nong Bua Lam Phu,17.18251724,102.3142586,Mar,0,2019,in_season,3,2019-03-01
หนองบัวลำภู,Nong Bua Lam Phu,17.18251724,102.3142586,Apr,0,2019,in_season,4,2019-04-01
หนองบัวลำภู,Nong Bua Lam Phu,17.18251724,102.3142586,May,101650,2019,in_season,5,2019-05-01
หนองบัวลำภู,Nong Bua Lam Phu,17.18251724,102.3142586,Jun,217617,2019,in_season,6,2019-06-01
หนองบัวลำภู,Nong Bua Lam Phu,17.18251724,102.3142586,Jul,277191,2019,in_season,7,2019-07-01
หนองบัวลำภู,Nong Bua Lam Phu,17.18251724,102.3142586,Aug,59676,2019,in_season,8,2019-08-01
หนองบัวลำภู,Nong Bua Lam Phu,17.18251724,102.3142586,Sep,0,2019,in_season,9,2019-09-01
หนองบัวลำภู,Nong Bua Lam Phu,17.18251724,102.3142586,Oct,0,2019,in_season,10,2019-10-01
หนองบัวลำภู,Nong Bua Lam Phu,17.18251724,102.3142586,Nov,0,2019,in_season,11,2019-11-01
หนองบัวลำภู,Nong Bua Lam Phu,17.18251724,102.3142586,Dec,0,2019,in_season,12,2019-12-01
หนองบัวลำภู,Nong Bua Lam Phu,17.18251724,102.3142586,Jan,6656,2015,off_season,1,2015-01-01
หนองบัวลำภู,Nong Bua Lam Phu,17.18251724,102.3142586,Feb,3841,2015,off_season,2,2015-02-01
หนองบัวลำภู,Nong Bua Lam Phu,17.18251724,102.3142586,Mar,1354,2015,off_season,3,2015-03-01
หนองบัวลำภู,Nong Bua Lam Phu,17.18251724,102.3142586,Apr,0,2015,off_season,4,2015-04-01
หนองบัวลำภู,Nong Bua Lam Phu,17.18251724,102.3142586,May,0,2015,off_season,5,2015-05-01
หนองบัวลำภู,Nong Bua Lam Phu,17.18251724,102.3142586,Jun,0,2015,off_season,6,2015-06-01
หนองบัวลำภู,Nong Bua Lam Phu,17.18251724,102.3142586,Jul,0,2015,off_season,7,2015-07-01
หนองบัวลำภู,Nong Bua Lam Phu,17.18251724,102.3142586,Aug,0,2015,off_season,8,2015-08-01
หนองบัวลำภู,Nong Bua Lam Phu,17.18251724,102.3142586,Sep,0,2015,off_season,9,2015-09-01
หนองบัวลำภู,Nong Bua Lam Phu,17.18251724,102.3142586,Oct,0,2015,off_season,10,2015-10-01
หนองบัวลำภู,Nong Bua Lam Phu,17.18251724,102.3142586,Nov,0,2015,off_season,11,2015-11-01
หนองบัวลำภู,Nong Bua Lam Phu,17.18251724,102.3142586,Dec,3925,2015,off_season,12,2015-12-01
หนองบัวลำภู,Nong Bua Lam Phu,17.18251724,102.3142586,Jan,3846,2016,off_season,1,2016-01-01
หนองบัวลำภู,Nong Bua Lam Phu,17.18251724,102.3142586,Feb,205,2016,off_season,2,2016-02-01
หนองบัวลำภู,Nong Bua Lam Phu,17.18251724,102.3142586,Mar,0,2016,off_season,3,2016-03-01
หนองบัวลำภู,Nong Bua Lam Phu,17.18251724,102.3142586,Apr,0,2016,off_season,4,2016-04-01
หนองบัวลำภู,Nong Bua Lam Phu,17.18251724,102.3142586,May,0,2016,off_season,5,2016-05-01
หนองบัวลำภู,Nong Bua Lam Phu,17.18251724,102.3142586,Jun,0,2016,off_season,6,2016-06-01
หนองบัวลำภู,Nong Bua Lam Phu,17.18251724,102.3142586,Jul,0,2016,off_season,7,2016-07-01
หนองบัวลำภู,Nong Bua Lam Phu,17.18251724,102.3142586,Aug,0,2016,off_season,8,2016-08-01
หนองบัวลำภู,Nong Bua Lam Phu,17.18251724,102.3142586,Sep,0,2016,off_season,9,2016-09-01
หนองบัวลำภู,Nong Bua Lam Phu,17.18251724,102.3142586,Oct,0,2016,off_season,10,2016-10-01
หนองบัวลำภู,Nong Bua Lam Phu,17.18251724,102.3142586,Nov,0,2016,off_season,11,2016-11-01
หนองบัวลำภู,Nong Bua Lam Phu,17.18251724,102.3142586,Dec,1906,2016,off_season,12,2016-12-01
หนองบัวลำภู,Nong Bua Lam Phu,17.18251724,102.3142586,Jan,5406,2017,off_season,1,2017-01-01
หนองบัวลำภู,Nong Bua Lam Phu,17.18251724,102.3142586,Feb,2408,2017,off_season,2,2017-02-01
หนองบัวลำภู,Nong Bua Lam Phu,17.18251724,102.3142586,Mar,1839,2017,off_season,3,2017-03-01
หนองบัวลำภู,Nong Bua Lam Phu,17.18251724,102.3142586,Apr,0,2017,off_season,4,2017-04-01
หนองบัวลำภู,Nong Bua Lam Phu,17.18251724,102.3142586,May,0,2017,off_season,5,2017-05-01
หนองบัวลำภู,Nong Bua Lam Phu,17.18251724,102.3142586,Jun,0,2017,off_season,6,2017-06-01
หนองบัวลำภู,Nong Bua Lam Phu,17.18251724,102.3142586,Jul,0,2017,off_season,7,2017-07-01
หนองบัวลำภู,Nong Bua Lam Phu,17.18251724,102.3142586,Aug,0,2017,off_season,8,2017-08-01
หนองบัวลำภู,Nong Bua Lam Phu,17.18251724,102.3142586,Sep,0,2017,off_season,9,2017-09-01
หนองบัวลำภู,Nong Bua Lam Phu,17.18251724,102.3142586,Oct,0,2017,off_season,10,2017-10-01
หนองบัวลำภู,Nong Bua Lam Phu,17.18251724,102.3142586,Nov,0,2017,off_season,11,2017-11-01
หนองบัวลำภู,Nong Bua Lam Phu,17.18251724,102.3142586,Dec,7688,2017,off_season,12,2017-12-01
หนองบัวลำภู,Nong Bua Lam Phu,17.18251724,102.3142586,Jan,13578,2018,off_season,1,2018-01-01
หนองบัวลำภู,Nong Bua Lam Phu,17.18251724,102.3142586,Feb,2319,2018,off_season,2,2018-02-01
หนองบัวลำภู,Nong Bua Lam Phu,17.18251724,102.3142586,Mar,1369,2018,off_season,3,2018-03-01
หนองบัวลำภู,Nong Bua Lam Phu,17.18251724,102.3142586,Apr,0,2018,off_season,4,2018-04-01
หนองบัวลำภู,Nong Bua Lam Phu,17.18251724,102.3142586,May,0,2018,off_season,5,2018-05-01
หนองบัวลำภู,Nong Bua Lam Phu,17.18251724,102.3142586,Jun,0,2018,off_season,6,2018-06-01
หนองบัวลำภู,Nong Bua Lam Phu,17.18251724,102.3142586,Jul,0,2018,off_season,7,2018-07-01
หนองบัวลำภู,Nong Bua Lam Phu,17.18251724,102.3142586,Aug,0,2018,off_season,8,2018-08-01
หนองบัวลำภู,Nong Bua Lam Phu,17.18251724,102.3142586,Sep,0,2018,off_season,9,2018-09-01
หนองบัวลำภู,Nong Bua Lam Phu,17.18251724,102.3142586,Oct,0,2018,off_season,10,2018-10-01
หนองบัวลำภู,Nong Bua Lam Phu,17.18251724,102.3142586,Nov,37,2018,off_season,11,2018-11-01
หนองบัวลำภู,Nong Bua Lam Phu,17.18251724,102.3142586,Dec,5241,2018,off_season,12,2018-12-01
หนองบัวลำภู,Nong Bua Lam Phu,17.18251724,102.3142586,Jan,10573,2019,off_season,1,2019-01-01
หนองบัวลำภู,Nong Bua Lam Phu,17.18251724,102.3142586,Feb,721,2019,off_season,2,2019-02-01
หนองบัวลำภู,Nong Bua Lam Phu,17.18251724,102.3142586,Mar,486,2019,off_season,3,2019-03-01
หนองบัวลำภู,Nong Bua Lam Phu,17.18251724,102.3142586,Apr,0,2019,off_season,4,2019-04-01
หนองบัวลำภู,Nong Bua Lam Phu,17.18251724,102.3142586,May,0,2019,off_season,5,2019-05-01
หนองบัวลำภู,Nong Bua Lam Phu,17.18251724,102.3142586,Jun,0,2019,off_season,6,2019-06-01
หนองบัวลำภู,Nong Bua Lam Phu,17.18251724,102.3142586,Jul,0,2019,off_season,7,2019-07-01
หนองบัวลำภู,Nong Bua Lam Phu,17.18251724,102.3142586,Aug,0,2019,off_season,8,2019-08-01
หนองบัวลำภู,Nong Bua Lam Phu,17.18251724,102.3142586,Sep,0,2019,off_season,9,2019-09-01
หนองบัวลำภู,Nong Bua Lam Phu,17.18251724,102.3142586,Oct,0,2019,off_season,10,2019-10-01
หนองบัวลำภู,Nong Bua Lam Phu,17.18251724,102.3142586,Nov,42,2019,off_season,11,2019-11-01
หนองบัวลำภู,Nong Bua Lam Phu,17.18251724,102.3142586,Dec,3054,2019,off_season,12,2019-12-01
หนองคาย,Nong Khai,17.91401639,102.8044262,Jan,0,2015,in_season,1,2015-01-01
หนองคาย,Nong Khai,17.91401639,102.8044262,Feb,0,2015,in_season,2,2015-02-01
หนองคาย,Nong Khai,17.91401639,102.8044262,Mar,0,2015,in_season,3,2015-03-01
หนองคาย,Nong Khai,17.91401639,102.8044262,Apr,0,2015,in_season,4,2015-04-01
หนองคาย,Nong Khai,17.91401639,102.8044262,May,91463,2015,in_season,5,2015-05-01
หนองคาย,Nong Khai,17.91401639,102.8044262,Jun,161831,2015,in_season,6,2015-06-01
หนองคาย,Nong Khai,17.91401639,102.8044262,Jul,181297,2015,in_season,7,2015-07-01
หนองคาย,Nong Khai,17.91401639,102.8044262,Aug,31109,2015,in_season,8,2015-08-01
หนองคาย,Nong Khai,17.91401639,102.8044262,Sep,0,2015,in_season,9,2015-09-01
หนองคาย,Nong Khai,17.91401639,102.8044262,Oct,0,2015,in_season,10,2015-10-01
หนองคาย,Nong Khai,17.91401639,102.8044262,Nov,0,2015,in_season,11,2015-11-01
หนองคาย,Nong Khai,17.91401639,102.8044262,Dec,0,2015,in_season,12,2015-12-01
หนองคาย,Nong Khai,17.91401639,102.8044262,Jan,0,2016,in_season,1,2016-01-01
หนองคาย,Nong Khai,17.91401639,102.8044262,Feb,0,2016,in_season,2,2016-02-01
หนองคาย,Nong Khai,17.91401639,102.8044262,Mar,0,2016,in_season,3,2016-03-01
หนองคาย,Nong Khai,17.91401639,102.8044262,Apr,0,2016,in_season,4,2016-04-01
หนองคาย,Nong Khai,17.91401639,102.8044262,May,146168,2016,in_season,5,2016-05-01
หนองคาย,Nong Khai,17.91401639,102.8044262,Jun,164763,2016,in_season,6,2016-06-01
หนองคาย,Nong Khai,17.91401639,102.8044262,Jul,178124,2016,in_season,7,2016-07-01
หนองคาย,Nong Khai,17.91401639,102.8044262,Aug,30515,2016,in_season,8,2016-08-01
หนองคาย,Nong Khai,17.91401639,102.8044262,Sep,0,2016,in_season,9,2016-09-01
หนองคาย,Nong Khai,17.91401639,102.8044262,Oct,0,2016,in_season,10,2016-10-01
หนองคาย,Nong Khai,17.91401639,102.8044262,Nov,0,2016,in_season,11,2016-11-01
หนองคาย,Nong Khai,17.91401639,102.8044262,Dec,0,2016,in_season,12,2016-12-01
หนองคาย,Nong Khai,17.91401639,102.8044262,Jan,0,2017,in_season,1,2017-01-01
หนองคาย,Nong Khai,17.91401639,102.8044262,Feb,0,2017,in_season,2,2017-02-01
หนองคาย,Nong Khai,17.91401639,102.8044262,Mar,0,2017,in_season,3,2017-03-01
หนองคาย,Nong Khai,17.91401639,102.8044262,Apr,0,2017,in_season,4,2017-04-01
หนองคาย,Nong Khai,17.91401639,102.8044262,May,199326,2017,in_season,5,2017-05-01
หนองคาย,Nong Khai,17.91401639,102.8044262,Jun,164082,2017,in_season,6,2017-06-01
หนองคาย,Nong Khai,17.91401639,102.8044262,Jul,140641,2017,in_season,7,2017-07-01
หนองคาย,Nong Khai,17.91401639,102.8044262,Aug,18175,2017,in_season,8,2017-08-01
หนองคาย,Nong Khai,17.91401639,102.8044262,Sep,0,2017,in_season,9,2017-09-01
หนองคาย,Nong Khai,17.91401639,102.8044262,Oct,0,2017,in_season,10,2017-10-01
หนองคาย,Nong Khai,17.91401639,102.8044262,Nov,0,2017,in_season,11,2017-11-01
หนองคาย,Nong Khai,17.91401639,102.8044262,Dec,0,2017,in_season,12,2017-12-01
หนองคาย,Nong Khai,17.91401639,102.8044262,Jan,0,2018,in_season,1,2018-01-01
หนองคาย,Nong Khai,17.91401639,102.8044262,Feb,0,2018,in_season,2,2018-02-01
หนองคาย,Nong Khai,17.91401639,102.8044262,Mar,0,2018,in_season,3,2018-03-01
หนองคาย,Nong Khai,17.91401639,102.8044262,Apr,0,2018,in_season,4,2018-04-01
หนองคาย,Nong Khai,17.91401639,102.8044262,May,234021,2018,in_season,5,2018-05-01
หนองคาย,Nong Khai,17.91401639,102.8044262,Jun,145111,2018,in_season,6,2018-06-01
หนองคาย,Nong Khai,17.91401639,102.8044262,Jul,120588,2018,in_season,7,2018-07-01
หนองคาย,Nong Khai,17.91401639,102.8044262,Aug,34887,2018,in_season,8,2018-08-01
หนองคาย,Nong Khai,17.91401639,102.8044262,Sep,0,2018,in_season,9,2018-09-01
หนองคาย,Nong Khai,17.91401639,102.8044262,Oct,0,2018,in_season,10,2018-10-01
หนองคาย,Nong Khai,17.91401639,102.8044262,Nov,0,2018,in_season,11,2018-11-01
หนองคาย,Nong Khai,17.91401639,102.8044262,Dec,0,2018,in_season,12,2018-12-01
หนองคาย,Nong Khai,17.91401639,102.8044262,Jan,0,2019,in_season,1,2019-01-01
หนองคาย,Nong Khai,17.91401639,102.8044262,Feb,0,2019,in_season,2,2019-02-01
หนองคาย,Nong Khai,17.91401639,102.8044262,Mar,0,2019,in_season,3,2019-03-01
หนองคาย,Nong Khai,17.91401639,102.8044262,Apr,0,2019,in_season,4,2019-04-01
หนองคาย,Nong Khai,17.91401639,102.8044262,May,234021,2019,in_season,5,2019-05-01
หนองคาย,Nong Khai,17.91401639,102.8044262,Jun,145111,2019,in_season,6,2019-06-01
หนองคาย,Nong Khai,17.91401639,102.8044262,Jul,120588,2019,in_season,7,2019-07-01
หนองคาย,Nong Khai,17.91401639,102.8044262,Aug,34887,2019,in_season,8,2019-08-01
หนองคาย,Nong Khai,17.91401639,102.8044262,Sep,0,2019,in_season,9,2019-09-01
หนองคาย,Nong Khai,17.91401639,102.8044262,Oct,0,2019,in_season,10,2019-10-01
หนองคาย,Nong Khai,17.91401639,102.8044262,Nov,0,2019,in_season,11,2019-11-01
หนองคาย,Nong Khai,17.91401639,102.8044262,Dec,0,2019,in_season,12,2019-12-01
หนองคาย,Nong Khai,17.91401639,102.8044262,Jan,19944,2015,off_season,1,2015-01-01
หนองคาย,Nong Khai,17.91401639,102.8044262,Feb,2408,2015,off_season,2,2015-02-01
หนองคาย,Nong Khai,17.91401639,102.8044262,Mar,757,2015,off_season,3,2015-03-01
หนองคาย,Nong Khai,17.91401639,102.8044262,Apr,0,2015,off_season,4,2015-04-01
หนองคาย,Nong Khai,17.91401639,102.8044262,May,0,2015,off_season,5,2015-05-01
หนองคาย,Nong Khai,17.91401639,102.8044262,Jun,0,2015,off_season,6,2015-06-01
หนองคาย,Nong Khai,17.91401639,102.8044262,Jul,0,2015,off_season,7,2015-07-01
หนองคาย,Nong Khai,17.91401639,102.8044262,Aug,0,2015,off_season,8,2015-08-01
หนองคาย,Nong Khai,17.91401639,102.8044262,Sep,0,2015,off_season,9,2015-09-01
หนองคาย,Nong Khai,17.91401639,102.8044262,Oct,0,2015,off_season,10,2015-10-01
หนองคาย,Nong Khai,17.91401639,102.8044262,Nov,5703,2015,off_season,11,2015-11-01
หนองคาย,Nong Khai,17.91401639,102.8044262,Dec,42759,2015,off_season,12,2015-12-01
หนองคาย,Nong Khai,17.91401639,102.8044262,Jan,17792,2016,off_season,1,2016-01-01
หนองคาย,Nong Khai,17.91401639,102.8044262,Feb,1098,2016,off_season,2,2016-02-01
หนองคาย,Nong Khai,17.91401639,102.8044262,Mar,56,2016,off_season,3,2016-03-01
หนองคาย,Nong Khai,17.91401639,102.8044262,Apr,0,2016,off_season,4,2016-04-01
หนองคาย,Nong Khai,17.91401639,102.8044262,May,0,2016,off_season,5,2016-05-01
หนองคาย,Nong Khai,17.91401639,102.8044262,Jun,0,2016,off_season,6,2016-06-01
หนองคาย,Nong Khai,17.91401639,102.8044262,Jul,0,2016,off_season,7,2016-07-01
หนองคาย,Nong Khai,17.91401639,102.8044262,Aug,0,2016,off_season,8,2016-08-01
หนองคาย,Nong Khai,17.91401639,102.8044262,Sep,0,2016,off_season,9,2016-09-01
หนองคาย,Nong Khai,17.91401639,102.8044262,Oct,0,2016,off_season,10,2016-10-01
หนองคาย,Nong Khai,17.91401639,102.8044262,Nov,3775,2016,off_season,11,2016-11-01
หนองคาย,Nong Khai,17.91401639,102.8044262,Dec,44677,2016,off_season,12,2016-12-01
หนองคาย,Nong Khai,17.91401639,102.8044262,Jan,32023,2017,off_season,1,2017-01-01
หนองคาย,Nong Khai,17.91401639,102.8044262,Feb,3285,2017,off_season,2,2017-02-01
หนองคาย,Nong Khai,17.91401639,102.8044262,Mar,693,2017,off_season,3,2017-03-01
หนองคาย,Nong Khai,17.91401639,102.8044262,Apr,0,2017,off_season,4,2017-04-01
หนองคาย,Nong Khai,17.91401639,102.8044262,May,0,2017,off_season,5,2017-05-01
หนองคาย,Nong Khai,17.91401639,102.8044262,Jun,0,2017,off_season,6,2017-06-01
หนองคาย,Nong Khai,17.91401639,102.8044262,Jul,0,2017,off_season,7,2017-07-01
หนองคาย,Nong Khai,17.91401639,102.8044262,Aug,0,2017,off_season,8,2017-08-01
หนองคาย,Nong Khai,17.91401639,102.8044262,Sep,0,2017,off_season,9,2017-09-01
หนองคาย,Nong Khai,17.91401639,102.8044262,Oct,0,2017,off_season,10,2017-10-01
หนองคาย,Nong Khai,17.91401639,102.8044262,Nov,4728,2017,off_season,11,2017-11-01
หนองคาย,Nong Khai,17.91401639,102.8044262,Dec,58630,2017,off_season,12,2017-12-01
หนองคาย,Nong Khai,17.91401639,102.8044262,Jan,28076,2018,off_season,1,2018-01-01
หนองคาย,Nong Khai,17.91401639,102.8044262,Feb,2945,2018,off_season,2,2018-02-01
หนองคาย,Nong Khai,17.91401639,102.8044262,Mar,262,2018,off_season,3,2018-03-01
หนองคาย,Nong Khai,17.91401639,102.8044262,Apr,0,2018,off_season,4,2018-04-01
หนองคาย,Nong Khai,17.91401639,102.8044262,May,0,2018,off_season,5,2018-05-01
หนองคาย,Nong Khai,17.91401639,102.8044262,Jun,0,2018,off_season,6,2018-06-01
หนองคาย,Nong Khai,17.91401639,102.8044262,Jul,0,2018,off_season,7,2018-07-01
หนองคาย,Nong Khai,17.91401639,102.8044262,Aug,0,2018,off_season,8,2018-08-01
หนองคาย,Nong Khai,17.91401639,102.8044262,Sep,0,2018,off_season,9,2018-09-01
หนองคาย,Nong Khai,17.91401639,102.8044262,Oct,0,2018,off_season,10,2018-10-01
หนองคาย,Nong Khai,17.91401639,102.8044262,Nov,4189,2018,off_season,11,2018-11-01
หนองคาย,Nong Khai,17.91401639,102.8044262,Dec,51365,2018,off_season,12,2018-12-01
หนองคาย,Nong Khai,17.91401639,102.8044262,Jan,24890,2019,off_season,1,2019-01-01
หนองคาย,Nong Khai,17.91401639,102.8044262,Feb,512,2019,off_season,2,2019-02-01
หนองคาย,Nong Khai,17.91401639,102.8044262,Mar,0,2019,off_season,3,2019-03-01
หนองคาย,Nong Khai,17.91401639,102.8044262,Apr,0,2019,off_season,4,2019-04-01
หนองคาย,Nong Khai,17.91401639,102.8044262,May,0,2019,off_season,5,2019-05-01
หนองคาย,Nong Khai,17.91401639,102.8044262,Jun,0,2019,off_season,6,2019-06-01
หนองคาย,Nong Khai,17.91401639,102.8044262,Jul,0,2019,off_season,7,2019-07-01
หนองคาย,Nong Khai,17.91401639,102.8044262,Aug,0,2019,off_season,8,2019-08-01
หนองคาย,Nong Khai,17.91401639,102.8044262,Sep,0,2019,off_season,9,2019-09-01
หนองคาย,Nong Khai,17.91401639,102.8044262,Oct,0,2019,off_season,10,2019-10-01
หนองคาย,Nong Khai,17.91401639,102.8044262,Nov,3933,2019,off_season,11,2019-11-01
หนองคาย,Nong Khai,17.91401639,102.8044262,Dec,53408,2019,off_season,12,2019-12-01
นนทบุรี,Nonthaburi,13.88841176,100.4345882,Jan,0,2015,in_season,1,2015-01-01
นนทบุรี,Nonthaburi,13.88841176,100.4345882,Feb,0,2015,in_season,2,2015-02-01
นนทบุรี,Nonthaburi,13.88841176,100.4345882,Mar,0,2015,in_season,3,2015-03-01
นนทบุรี,Nonthaburi,13.88841176,100.4345882,Apr,0,2015,in_season,4,2015-04-01
นนทบุรี,Nonthaburi,13.88841176,100.4345882,May,14477,2015,in_season,5,2015-05-01
นนทบุรี,Nonthaburi,13.88841176,100.4345882,Jun,26413,2015,in_season,6,2015-06-01
นนทบุรี,Nonthaburi,13.88841176,100.4345882,Jul,13301,2015,in_season,7,2015-07-01
นนทบุรี,Nonthaburi,13.88841176,100.4345882,Aug,9801,2015,in_season,8,2015-08-01
นนทบุรี,Nonthaburi,13.88841176,100.4345882,Sep,18650,2015,in_season,9,2015-09-01
นนทบุรี,Nonthaburi,13.88841176,100.4345882,Oct,7108,2015,in_season,10,2015-10-01
นนทบุรี,Nonthaburi,13.88841176,100.4345882,Nov,0,2015,in_season,11,2015-11-01
นนทบุรี,Nonthaburi,13.88841176,100.4345882,Dec,0,2015,in_season,12,2015-12-01
นนทบุรี,Nonthaburi,13.88841176,100.4345882,Jan,0,2016,in_season,1,2016-01-01
นนทบุรี,Nonthaburi,13.88841176,100.4345882,Feb,0,2016,in_season,2,2016-02-01
นนทบุรี,Nonthaburi,13.88841176,100.4345882,Mar,0,2016,in_season,3,2016-03-01
นนทบุรี,Nonthaburi,13.88841176,100.4345882,Apr,0,2016,in_season,4,2016-04-01
นนทบุรี,Nonthaburi,13.88841176,100.4345882,May,19344,2016,in_season,5,2016-05-01
นนทบุรี,Nonthaburi,13.88841176,100.4345882,Jun,25912,2016,in_season,6,2016-06-01
นนทบุรี,Nonthaburi,13.88841176,100.4345882,Jul,20639,2016,in_season,7,2016-07-01
นนทบุรี,Nonthaburi,13.88841176,100.4345882,Aug,6426,2016,in_season,8,2016-08-01
นนทบุรี,Nonthaburi,13.88841176,100.4345882,Sep,8870,2016,in_season,9,2016-09-01
นนทบุรี,Nonthaburi,13.88841176,100.4345882,Oct,6615,2016,in_season,10,2016-10-01
นนทบุรี,Nonthaburi,13.88841176,100.4345882,Nov,0,2016,in_season,11,2016-11-01
นนทบุรี,Nonthaburi,13.88841176,100.4345882,Dec,0,2016,in_season,12,2016-12-01
นนทบุรี,Nonthaburi,13.88841176,100.4345882,Jan,0,2017,in_season,1,2017-01-01
นนทบุรี,Nonthaburi,13.88841176,100.4345882,Feb,0,2017,in_season,2,2017-02-01
นนทบุรี,Nonthaburi,13.88841176,100.4345882,Mar,0,2017,in_season,3,2017-03-01
นนทบุรี,Nonthaburi,13.88841176,100.4345882,Apr,0,2017,in_season,4,2017-04-01
นนทบุรี,Nonthaburi,13.88841176,100.4345882,May,45436,2017,in_season,5,2017-05-01
นนทบุรี,Nonthaburi,13.88841176,100.4345882,Jun,19279,2017,in_season,6,2017-06-01
นนทบุรี,Nonthaburi,13.88841176,100.4345882,Jul,9285,2017,in_season,7,2017-07-01
นนทบุรี,Nonthaburi,13.88841176,100.4345882,Aug,2130,2017,in_season,8,2017-08-01
นนทบุรี,Nonthaburi,13.88841176,100.4345882,Sep,8250,2017,in_season,9,2017-09-01
นนทบุรี,Nonthaburi,13.88841176,100.4345882,Oct,3826,2017,in_season,10,2017-10-01
นนทบุรี,Nonthaburi,13.88841176,100.4345882,Nov,0,2017,in_season,11,2017-11-01
นนทบุรี,Nonthaburi,13.88841176,100.4345882,Dec,0,2017,in_season,12,2017-12-01
นนทบุรี,Nonthaburi,13.88841176,100.4345882,Jan,0,2018,in_season,1,2018-01-01
นนทบุรี,Nonthaburi,13.88841176,100.4345882,Feb,0,2018,in_season,2,2018-02-01
นนทบุรี,Nonthaburi,13.88841176,100.4345882,Mar,0,2018,in_season,3,2018-03-01
นนทบุรี,Nonthaburi,13.88841176,100.4345882,Apr,0,2018,in_season,4,2018-04-01
นนทบุรี,Nonthaburi,13.88841176,100.4345882,May,43294,2018,in_season,5,2018-05-01
นนทบุรี,Nonthaburi,13.88841176,100.4345882,Jun,21293,2018,in_season,6,2018-06-01
นนทบุรี,Nonthaburi,13.88841176,100.4345882,Jul,5706,2018,in_season,7,2018-07-01
นนทบุรี,Nonthaburi,13.88841176,100.4345882,Aug,7425,2018,in_season,8,2018-08-01
นนทบุรี,Nonthaburi,13.88841176,100.4345882,Sep,5858,2018,in_season,9,2018-09-01
นนทบุรี,Nonthaburi,13.88841176,100.4345882,Oct,1963,2018,in_season,10,2018-10-01
นนทบุรี,Nonthaburi,13.88841176,100.4345882,Nov,0,2018,in_season,11,2018-11-01
นนทบุรี,Nonthaburi,13.88841176,100.4345882,Dec,0,2018,in_season,12,2018-12-01
นนทบุรี,Nonthaburi,13.88841176,100.4345882,Jan,0,2019,in_season,1,2019-01-01
นนทบุรี,Nonthaburi,13.88841176,100.4345882,Feb,0,2019,in_season,2,2019-02-01
นนทบุรี,Nonthaburi,13.88841176,100.4345882,Mar,0,2019,in_season,3,2019-03-01
นนทบุรี,Nonthaburi,13.88841176,100.4345882,Apr,0,2019,in_season,4,2019-04-01
นนทบุรี,Nonthaburi,13.88841176,100.4345882,May,43294,2019,in_season,5,2019-05-01
นนทบุรี,Nonthaburi,13.88841176,100.4345882,Jun,21293,2019,in_season,6,2019-06-01
นนทบุรี,Nonthaburi,13.88841176,100.4345882,Jul,5706,2019,in_season,7,2019-07-01
นนทบุรี,Nonthaburi,13.88841176,100.4345882,Aug,7425,2019,in_season,8,2019-08-01
นนทบุรี,Nonthaburi,13.88841176,100.4345882,Sep,5858,2019,in_season,9,2019-09-01
นนทบุรี,Nonthaburi,13.88841176,100.4345882,Oct,1963,2019,in_season,10,2019-10-01
นนทบุรี,Nonthaburi,13.88841176,100.4345882,Nov,0,2019,in_season,11,2019-11-01
นนทบุรี,Nonthaburi,13.88841176,100.4345882,Dec,0,2019,in_season,12,2019-12-01
นนทบุรี,Nonthaburi,13.88841176,100.4345882,Jan,11065,2015,off_season,1,2015-01-01
นนทบุรี,Nonthaburi,13.88841176,100.4345882,Feb,7228,2015,off_season,2,2015-02-01
นนทบุรี,Nonthaburi,13.88841176,100.4345882,Mar,7871,2015,off_season,3,2015-03-01
นนทบุรี,Nonthaburi,13.88841176,100.4345882,Apr,13375,2015,off_season,4,2015-04-01
นนทบุรี,Nonthaburi,13.88841176,100.4345882,May,0,2015,off_season,5,2015-05-01
นนทบุรี,Nonthaburi,13.88841176,100.4345882,Jun,0,2015,off_season,6,2015-06-01
นนทบุรี,Nonthaburi,13.88841176,100.4345882,Jul,0,2015,off_season,7,2015-07-01
นนทบุรี,Nonthaburi,13.88841176,100.4345882,Aug,0,2015,off_season,8,2015-08-01
นนทบุรี,Nonthaburi,13.88841176,100.4345882,Sep,0,2015,off_season,9,2015-09-01
นนทบุรี,Nonthaburi,13.88841176,100.4345882,Oct,0,2015,off_season,10,2015-10-01
นนทบุรี,Nonthaburi,13.88841176,100.4345882,Nov,30933,2015,off_season,11,2015-11-01
นนทบุรี,Nonthaburi,13.88841176,100.4345882,Dec,27496,2015,off_season,12,2015-12-01
นนทบุรี,Nonthaburi,13.88841176,100.4345882,Jan,11549,2016,off_season,1,2016-01-01
นนทบุรี,Nonthaburi,13.88841176,100.4345882,Feb,2738,2016,off_season,2,2016-02-01
นนทบุรี,Nonthaburi,13.88841176,100.4345882,Mar,2703,2016,off_season,3,2016-03-01
นนทบุรี,Nonthaburi,13.88841176,100.4345882,Apr,1136,2016,off_season,4,2016-04-01
นนทบุรี,Nonthaburi,13.88841176,100.4345882,May,0,2016,off_season,5,2016-05-01
นนทบุรี,Nonthaburi,13.88841176,100.4345882,Jun,0,2016,off_season,6,2016-06-01
นนทบุรี,Nonthaburi,13.88841176,100.4345882,Jul,0,2016,off_season,7,2016-07-01
นนทบุรี,Nonthaburi,13.88841176,100.4345882,Aug,0,2016,off_season,8,2016-08-01
นนทบุรี,Nonthaburi,13.88841176,100.4345882,Sep,0,2016,off_season,9,2016-09-01
นนทบุรี,Nonthaburi,13.88841176,100.4345882,Oct,0,2016,off_season,10,2016-10-01
นนทบุรี,Nonthaburi,13.88841176,100.4345882,Nov,36880,2016,off_season,11,2016-11-01
นนทบุรี,Nonthaburi,13.88841176,100.4345882,Dec,23877,2016,off_season,12,2016-12-01
นนทบุรี,Nonthaburi,13.88841176,100.4345882,Jan,16875,2017,off_season,1,2017-01-01
นนทบุรี,Nonthaburi,13.88841176,100.4345882,Feb,4476,2017,off_season,2,2017-02-01
นนทบุรี,Nonthaburi,13.88841176,100.4345882,Mar,1594,2017,off_season,3,2017-03-01
นนทบุรี,Nonthaburi,13.88841176,100.4345882,Apr,12799,2017,off_season,4,2017-04-01
นนทบุรี,Nonthaburi,13.88841176,100.4345882,May,0,2017,off_season,5,2017-05-01
นนทบุรี,Nonthaburi,13.88841176,100.4345882,Jun,0,2017,off_season,6,2017-06-01
นนทบุรี,Nonthaburi,13.88841176,100.4345882,Jul,0,2017,off_season,7,2017-07-01
นนทบุรี,Nonthaburi,13.88841176,100.4345882,Aug,0,2017,off_season,8,2017-08-01
นนทบุรี,Nonthaburi,13.88841176,100.4345882,Sep,0,2017,off_season,9,2017-09-01
นนทบุรี,Nonthaburi,13.88841176,100.4345882,Oct,0,2017,off_season,10,2017-10-01
นนทบุรี,Nonthaburi,13.88841176,100.4345882,Nov,25493,2017,off_season,11,2017-11-01
นนทบุรี,Nonthaburi,13.88841176,100.4345882,Dec,29159,2017,off_season,12,2017-12-01
นนทบุรี,Nonthaburi,13.88841176,100.4345882,Jan,15362,2018,off_season,1,2018-01-01
นนทบุรี,Nonthaburi,13.88841176,100.4345882,Feb,5491,2018,off_season,2,2018-02-01
นนทบุรี,Nonthaburi,13.88841176,100.4345882,Mar,4627,2018,off_season,3,2018-03-01
นนทบุรี,Nonthaburi,13.88841176,100.4345882,Apr,11052,2018,off_season,4,2018-04-01
นนทบุรี,Nonthaburi,13.88841176,100.4345882,May,0,2018,off_season,5,2018-05-01
นนทบุรี,Nonthaburi,13.88841176,100.4345882,Jun,0,2018,off_season,6,2018-06-01
นนทบุรี,Nonthaburi,13.88841176,100.4345882,Jul,0,2018,off_season,7,2018-07-01
นนทบุรี,Nonthaburi,13.88841176,100.4345882,Aug,0,2018,off_season,8,2018-08-01
นนทบุรี,Nonthaburi,13.88841176,100.4345882,Sep,0,2018,off_season,9,2018-09-01
นนทบุรี,Nonthaburi,13.88841176,100.4345882,Oct,0,2018,off_season,10,2018-10-01
นนทบุรี,Nonthaburi,13.88841176,100.4345882,Nov,28226,2018,off_season,11,2018-11-01
นนทบุรี,Nonthaburi,13.88841176,100.4345882,Dec,32773,2018,off_season,12,2018-12-01
นนทบุรี,Nonthaburi,13.88841176,100.4345882,Jan,13162,2019,off_season,1,2019-01-01
นนทบุรี,Nonthaburi,13.88841176,100.4345882,Feb,5646,2019,off_season,2,2019-02-01
นนทบุรี,Nonthaburi,13.88841176,100.4345882,Mar,5184,2019,off_season,3,2019-03-01
นนทบุรี,Nonthaburi,13.88841176,100.4345882,Apr,11435,2019,off_season,4,2019-04-01
นนทบุรี,Nonthaburi,13.88841176,100.4345882,May,0,2019,off_season,5,2019-05-01
นนทบุรี,Nonthaburi,13.88841176,100.4345882,Jun,0,2019,off_season,6,2019-06-01
นนทบุรี,Nonthaburi,13.88841176,100.4345882,Jul,0,2019,off_season,7,2019-07-01
นนทบุรี,Nonthaburi,13.88841176,100.4345882,Aug,0,2019,off_season,8,2019-08-01
นนทบุรี,Nonthaburi,13.88841176,100.4345882,Sep,0,2019,off_season,9,2019-09-01
นนทบุรี,Nonthaburi,13.88841176,100.4345882,Oct,0,2019,off_season,10,2019-10-01
นนทบุรี,Nonthaburi,13.88841176,100.4345882,Nov,24164,2019,off_season,11,2019-11-01
นนทบุรี,Nonthaburi,13.88841176,100.4345882,Dec,34092,2019,off_season,12,2019-12-01
ปทุมธานี,Pathum Thani,14.04674576,100.6253898,Jan,0,2015,in_season,1,2015-01-01
ปทุมธานี,Pathum Thani,14.04674576,100.6253898,Feb,0,2015,in_season,2,2015-02-01
ปทุมธานี,Pathum Thani,14.04674576,100.6253898,Mar,0,2015,in_season,3,2015-03-01
ปทุมธานี,Pathum Thani,14.04674576,100.6253898,Apr,0,2015,in_season,4,2015-04-01
ปทุมธานี,Pathum Thani,14.04674576,100.6253898,May,90127,2015,in_season,5,2015-05-01
ปทุมธานี,Pathum Thani,14.04674576,100.6253898,Jun,16698,2015,in_season,6,2015-06-01
ปทุมธานี,Pathum Thani,14.04674576,100.6253898,Jul,47365,2015,in_season,7,2015-07-01
ปทุมธานี,Pathum Thani,14.04674576,100.6253898,Aug,83143,2015,in_season,8,2015-08-01
ปทุมธานี,Pathum Thani,14.04674576,100.6253898,Sep,16794,2015,in_season,9,2015-09-01
ปทุมธานี,Pathum Thani,14.04674576,100.6253898,Oct,63333,2015,in_season,10,2015-10-01
ปทุมธานี,Pathum Thani,14.04674576,100.6253898,Nov,0,2015,in_season,11,2015-11-01
ปทุมธานี,Pathum Thani,14.04674576,100.6253898,Dec,0,2015,in_season,12,2015-12-01
ปทุมธานี,Pathum Thani,14.04674576,100.6253898,Jan,0,2016,in_season,1,2016-01-01
ปทุมธานี,Pathum Thani,14.04674576,100.6253898,Feb,0,2016,in_season,2,2016-02-01
ปทุมธานี,Pathum Thani,14.04674576,100.6253898,Mar,0,2016,in_season,3,2016-03-01
ปทุมธานี,Pathum Thani,14.04674576,100.6253898,Apr,0,2016,in_season,4,2016-04-01
ปทุมธานี,Pathum Thani,14.04674576,100.6253898,May,62238,2016,in_season,5,2016-05-01
ปทุมธานี,Pathum Thani,14.04674576,100.6253898,Jun,81404,2016,in_season,6,2016-06-01
ปทุมธานี,Pathum Thani,14.04674576,100.6253898,Jul,86665,2016,in_season,7,2016-07-01
ปทุมธานี,Pathum Thani,14.04674576,100.6253898,Aug,34659,2016,in_season,8,2016-08-01
ปทุมธานี,Pathum Thani,14.04674576,100.6253898,Sep,18122,2016,in_season,9,2016-09-01
ปทุมธานี,Pathum Thani,14.04674576,100.6253898,Oct,28285,2016,in_season,10,2016-10-01
ปทุมธานี,Pathum Thani,14.04674576,100.6253898,Nov,0,2016,in_season,11,2016-11-01
ปทุมธานี,Pathum Thani,14.04674576,100.6253898,Dec,0,2016,in_season,12,2016-12-01
ปทุมธานี,Pathum Thani,14.04674576,100.6253898,Jan,0,2017,in_season,1,2017-01-01
ปทุมธานี,Pathum Thani,14.04674576,100.6253898,Feb,0,2017,in_season,2,2017-02-01
ปทุมธานี,Pathum Thani,14.04674576,100.6253898,Mar,0,2017,in_season,3,2017-03-01
ปทุมธานี,Pathum Thani,14.04674576,100.6253898,Apr,0,2017,in_season,4,2017-04-01
ปทุมธานี,Pathum Thani,14.04674576,100.6253898,May,106656,2017,in_season,5,2017-05-01
ปทุมธานี,Pathum Thani,14.04674576,100.6253898,Jun,65157,2017,in_season,6,2017-06-01
ปทุมธานี,Pathum Thani,14.04674576,100.6253898,Jul,41933,2017,in_season,7,2017-07-01
ปทุมธานี,Pathum Thani,14.04674576,100.6253898,Aug,23874,2017,in_season,8,2017-08-01
ปทุมธานี,Pathum Thani,14.04674576,100.6253898,Sep,29870,2017,in_season,9,2017-09-01
ปทุมธานี,Pathum Thani,14.04674576,100.6253898,Oct,43694,2017,in_season,10,2017-10-01
ปทุมธานี,Pathum Thani,14.04674576,100.6253898,Nov,0,2017,in_season,11,2017-11-01
ปทุมธานี,Pathum Thani,14.04674576,100.6253898,Dec,0,2017,in_season,12,2017-12-01
ปทุมธานี,Pathum Thani,14.04674576,100.6253898,Jan,0,2018,in_season,1,2018-01-01
ปทุมธานี,Pathum Thani,14.04674576,100.6253898,Feb,0,2018,in_season,2,2018-02-01
ปทุมธานี,Pathum Thani,14.04674576,100.6253898,Mar,0,2018,in_season,3,2018-03-01
ปทุมธานี,Pathum Thani,14.04674576,100.6253898,Apr,0,2018,in_season,4,2018-04-01
ปทุมธานี,Pathum Thani,14.04674576,100.6253898,May,103392,2018,in_season,5,2018-05-01
ปทุมธานี,Pathum Thani,14.04674576,100.6253898,Jun,57242,2018,in_season,6,2018-06-01
ปทุมธานี,Pathum Thani,14.04674576,100.6253898,Jul,44223,2018,in_season,7,2018-07-01
ปทุมธานี,Pathum Thani,14.04674576,100.6253898,Aug,4145,2018,in_season,8,2018-08-01
ปทุมธานี,Pathum Thani,14.04674576,100.6253898,Sep,30686,2018,in_season,9,2018-09-01
ปทุมธานี,Pathum Thani,14.04674576,100.6253898,Oct,60106,2018,in_season,10,2018-10-01
ปทุมธานี,Pathum Thani,14.04674576,100.6253898,Nov,0,2018,in_season,11,2018-11-01
ปทุมธานี,Pathum Thani,14.04674576,100.6253898,Dec,0,2018,in_season,12,2018-12-01
ปทุมธานี,Pathum Thani,14.04674576,100.6253898,Jan,0,2019,in_season,1,2019-01-01
ปทุมธานี,Pathum Thani,14.04674576,100.6253898,Feb,0,2019,in_season,2,2019-02-01
ปทุมธานี,Pathum Thani,14.04674576,100.6253898,Mar,0,2019,in_season,3,2019-03-01
ปทุมธานี,Pathum Thani,14.04674576,100.6253898,Apr,0,2019,in_season,4,2019-04-01
ปทุมธานี,Pathum Thani,14.04674576,100.6253898,May,103392,2019,in_season,5,2019-05-01
ปทุมธานี,Pathum Thani,14.04674576,100.6253898,Jun,57242,2019,in_season,6,2019-06-01
ปทุมธานี,Pathum Thani,14.04674576,100.6253898,Jul,44223,2019,in_season,7,2019-07-01
ปทุมธานี,Pathum Thani,14.04674576,100.6253898,Aug,4145,2019,in_season,8,2019-08-01
ปทุมธานี,Pathum Thani,14.04674576,100.6253898,Sep,30686,2019,in_season,9,2019-09-01
ปทุมธานี,Pathum Thani,14.04674576,100.6253898,Oct,60106,2019,in_season,10,2019-10-01
ปทุมธานี,Pathum Thani,14.04674576,100.6253898,Nov,0,2019,in_season,11,2019-11-01
ปทุมธานี,Pathum Thani,14.04674576,100.6253898,Dec,0,2019,in_season,12,2019-12-01
ปทุมธานี,Pathum Thani,14.04674576,100.6253898,Jan,50453,2015,off_season,1,2015-01-01
ปทุมธานี,Pathum Thani,14.04674576,100.6253898,Feb,33029,2015,off_season,2,2015-02-01
ปทุมธานี,Pathum Thani,14.04674576,100.6253898,Mar,30888,2015,off_season,3,2015-03-01
ปทุมธานี,Pathum Thani,14.04674576,100.6253898,Apr,29078,2015,off_season,4,2015-04-01
ปทุมธานี,Pathum Thani,14.04674576,100.6253898,May,0,2015,off_season,5,2015-05-01
ปทุมธานี,Pathum Thani,14.04674576,100.6253898,Jun,0,2015,off_season,6,2015-06-01
ปทุมธานี,Pathum Thani,14.04674576,100.6253898,Jul,0,2015,off_season,7,2015-07-01
ปทุมธานี,Pathum Thani,14.04674576,100.6253898,Aug,0,2015,off_season,8,2015-08-01
ปทุมธานี,Pathum Thani,14.04674576,100.6253898,Sep,0,2015,off_season,9,2015-09-01
ปทุมธานี,Pathum Thani,14.04674576,100.6253898,Oct,0,2015,off_season,10,2015-10-01
ปทุมธานี,Pathum Thani,14.04674576,100.6253898,Nov,65342,2015,off_season,11,2015-11-01
ปทุมธานี,Pathum Thani,14.04674576,100.6253898,Dec,59676,2015,off_season,12,2015-12-01
ปทุมธานี,Pathum Thani,14.04674576,100.6253898,Jan,29414,2016,off_season,1,2016-01-01
ปทุมธานี,Pathum Thani,14.04674576,100.6253898,Feb,23359,2016,off_season,2,2016-02-01
ปทุมธานี,Pathum Thani,14.04674576,100.6253898,Mar,7681,2016,off_season,3,2016-03-01
ปทุมธานี,Pathum Thani,14.04674576,100.6253898,Apr,1786,2016,off_season,4,2016-04-01
ปทุมธานี,Pathum Thani,14.04674576,100.6253898,May,0,2016,off_season,5,2016-05-01
ปทุมธานี,Pathum Thani,14.04674576,100.6253898,Jun,0,2016,off_season,6,2016-06-01
ปทุมธานี,Pathum Thani,14.04674576,100.6253898,Jul,0,2016,off_season,7,2016-07-01
ปทุมธานี,Pathum Thani,14.04674576,100.6253898,Aug,0,2016,off_season,8,2016-08-01
ปทุมธานี,Pathum Thani,14.04674576,100.6253898,Sep,0,2016,off_season,9,2016-09-01
ปทุมธานี,Pathum Thani,14.04674576,100.6253898,Oct,0,2016,off_season,10,2016-10-01
ปทุมธานี,Pathum Thani,14.04674576,100.6253898,Nov,33457,2016,off_season,11,2016-11-01
ปทุมธานี,Pathum Thani,14.04674576,100.6253898,Dec,31739,2016,off_season,12,2016-12-01
ปทุมธานี,Pathum Thani,14.04674576,100.6253898,Jan,46719,2017,off_season,1,2017-01-01
ปทุมธานี,Pathum Thani,14.04674576,100.6253898,Feb,29037,2017,off_season,2,2017-02-01
ปทุมธานี,Pathum Thani,14.04674576,100.6253898,Mar,24097,2017,off_season,3,2017-03-01
ปทุมธานี,Pathum Thani,14.04674576,100.6253898,Apr,21623,2017,off_season,4,2017-04-01
ปทุมธานี,Pathum Thani,14.04674576,100.6253898,May,0,2017,off_season,5,2017-05-01
ปทุมธานี,Pathum Thani,14.04674576,100.6253898,Jun,0,2017,off_season,6,2017-06-01
ปทุมธานี,Pathum Thani,14.04674576,100.6253898,Jul,0,2017,off_season,7,2017-07-01
ปทุมธานี,Pathum Thani,14.04674576,100.6253898,Aug,0,2017,off_season,8,2017-08-01
ปทุมธานี,Pathum Thani,14.04674576,100.6253898,Sep,0,2017,off_season,9,2017-09-01
ปทุมธานี,Pathum Thani,14.04674576,100.6253898,Oct,0,2017,off_season,10,2017-10-01
ปทุมธานี,Pathum Thani,14.04674576,100.6253898,Nov,76082,2017,off_season,11,2017-11-01
ปทุมธานี,Pathum Thani,14.04674576,100.6253898,Dec,60528,2017,off_season,12,2017-12-01
ปทุมธานี,Pathum Thani,14.04674576,100.6253898,Jan,42063,2018,off_season,1,2018-01-01
ปทุมธานี,Pathum Thani,14.04674576,100.6253898,Feb,36179,2018,off_season,2,2018-02-01
ปทุมธานี,Pathum Thani,14.04674576,100.6253898,Mar,28325,2018,off_season,3,2018-03-01
ปทุมธานี,Pathum Thani,14.04674576,100.6253898,Apr,27213,2018,off_season,4,2018-04-01
ปทุมธานี,Pathum Thani,14.04674576,100.6253898,May,0,2018,off_season,5,2018-05-01
ปทุมธานี,Pathum Thani,14.04674576,100.6253898,Jun,0,2018,off_season,6,2018-06-01
ปทุมธานี,Pathum Thani,14.04674576,100.6253898,Jul,0,2018,off_season,7,2018-07-01
ปทุมธานี,Pathum Thani,14.04674576,100.6253898,Aug,0,2018,off_season,8,2018-08-01
ปทุมธานี,Pathum Thani,14.04674576,100.6253898,Sep,0,2018,off_season,9,2018-09-01
ปทุมธานี,Pathum Thani,14.04674576,100.6253898,Oct,0,2018,off_season,10,2018-10-01
ปทุมธานี,Pathum Thani,14.04674576,100.6253898,Nov,74066,2018,off_season,11,2018-11-01
ปทุมธานี,Pathum Thani,14.04674576,100.6253898,Dec,66338,2018,off_season,12,2018-12-01
ปทุมธานี,Pathum Thani,14.04674576,100.6253898,Jan,36917,2019,off_season,1,2019-01-01
ปทุมธานี,Pathum Thani,14.04674576,100.6253898,Feb,40698,2019,off_season,2,2019-02-01
ปทุมธานี,Pathum Thani,14.04674576,100.6253898,Mar,30805,2019,off_season,3,2019-03-01
ปทุมธานี,Pathum Thani,14.04674576,100.6253898,Apr,29334,2019,off_season,4,2019-04-01
ปทุมธานี,Pathum Thani,14.04674576,100.6253898,May,0,2019,off_season,5,2019-05-01
ปทุมธานี,Pathum Thani,14.04674576,100.6253898,Jun,0,2019,off_season,6,2019-06-01
ปทุมธานี,Pathum Thani,14.04674576,100.6253898,Jul,0,2019,off_season,7,2019-07-01
ปทุมธานี,Pathum Thani,14.04674576,100.6253898,Aug,0,2019,off_season,8,2019-08-01
ปทุมธานี,Pathum Thani,14.04674576,100.6253898,Sep,0,2019,off_season,9,2019-09-01
ปทุมธานี,Pathum Thani,14.04674576,100.6253898,Oct,0,2019,off_season,10,2019-10-01
ปทุมธานี,Pathum Thani,14.04674576,100.6253898,Nov,44922,2019,off_season,11,2019-11-01
ปทุมธานี,Pathum Thani,14.04674576,100.6253898,Dec,86050,2019,off_season,12,2019-12-01
ปัตตานี,Pattani,6.756087719,101.3607456,Jan,0,2015,in_season,1,2015-01-01
ปัตตานี,Pattani,6.756087719,101.3607456,Feb,0,2015,in_season,2,2015-02-01
ปัตตานี,Pattani,6.756087719,101.3607456,Mar,0,2015,in_season,3,2015-03-01
ปัตตานี,Pattani,6.756087719,101.3607456,Apr,0,2015,in_season,4,2015-04-01
ปัตตานี,Pattani,6.756087719,101.3607456,May,0,2015,in_season,5,2015-05-01
ปัตตานี,Pattani,6.756087719,101.3607456,Jun,0,2015,in_season,6,2015-06-01
ปัตตานี,Pattani,6.756087719,101.3607456,Jul,0,2015,in_season,7,2015-07-01
ปัตตานี,Pattani,6.756087719,101.3607456,Aug,0,2015,in_season,8,2015-08-01
ปัตตานี,Pattani,6.756087719,101.3607456,Sep,0,2015,in_season,9,2015-09-01
ปัตตานี,Pattani,6.756087719,101.3607456,Oct,3568,2015,in_season,10,2015-10-01
ปัตตานี,Pattani,6.756087719,101.3607456,Nov,77422,2015,in_season,11,2015-11-01
ปัตตานี,Pattani,6.756087719,101.3607456,Dec,1983,2015,in_season,12,2015-12-01
ปัตตานี,Pattani,6.756087719,101.3607456,Jan,0,2016,in_season,1,2016-01-01
ปัตตานี,Pattani,6.756087719,101.3607456,Feb,0,2016,in_season,2,2016-02-01
ปัตตานี,Pattani,6.756087719,101.3607456,Mar,0,2016,in_season,3,2016-03-01
ปัตตานี,Pattani,6.756087719,101.3607456,Apr,0,2016,in_season,4,2016-04-01
ปัตตานี,Pattani,6.756087719,101.3607456,May,0,2016,in_season,5,2016-05-01
ปัตตานี,Pattani,6.756087719,101.3607456,Jun,0,2016,in_season,6,2016-06-01
ปัตตานี,Pattani,6.756087719,101.3607456,Jul,0,2016,in_season,7,2016-07-01
ปัตตานี,Pattani,6.756087719,101.3607456,Aug,0,2016,in_season,8,2016-08-01
ปัตตานี,Pattani,6.756087719,101.3607456,Sep,6575,2016,in_season,9,2016-09-01
ปัตตานี,Pattani,6.756087719,101.3607456,Oct,44082,2016,in_season,10,2016-10-01
ปัตตานี,Pattani,6.756087719,101.3607456,Nov,41191,2016,in_season,11,2016-11-01
ปัตตานี,Pattani,6.756087719,101.3607456,Dec,7389,2016,in_season,12,2016-12-01
ปัตตานี,Pattani,6.756087719,101.3607456,Jan,0,2017,in_season,1,2017-01-01
ปัตตานี,Pattani,6.756087719,101.3607456,Feb,0,2017,in_season,2,2017-02-01
ปัตตานี,Pattani,6.756087719,101.3607456,Mar,0,2017,in_season,3,2017-03-01
ปัตตานี,Pattani,6.756087719,101.3607456,Apr,0,2017,in_season,4,2017-04-01
ปัตตานี,Pattani,6.756087719,101.3607456,May,0,2017,in_season,5,2017-05-01
ปัตตานี,Pattani,6.756087719,101.3607456,Jun,0,2017,in_season,6,2017-06-01
ปัตตานี,Pattani,6.756087719,101.3607456,Jul,0,2017,in_season,7,2017-07-01
ปัตตานี,Pattani,6.756087719,101.3607456,Aug,361,2017,in_season,8,2017-08-01
ปัตตานี,Pattani,6.756087719,101.3607456,Sep,5691,2017,in_season,9,2017-09-01
ปัตตานี,Pattani,6.756087719,101.3607456,Oct,25952,2017,in_season,10,2017-10-01
ปัตตานี,Pattani,6.756087719,101.3607456,Nov,31082,2017,in_season,11,2017-11-01
ปัตตานี,Pattani,6.756087719,101.3607456,Dec,5850,2017,in_season,12,2017-12-01
ปัตตานี,Pattani,6.756087719,101.3607456,Jan,0,2018,in_season,1,2018-01-01
ปัตตานี,Pattani,6.756087719,101.3607456,Feb,0,2018,in_season,2,2018-02-01
ปัตตานี,Pattani,6.756087719,101.3607456,Mar,0,2018,in_season,3,2018-03-01
ปัตตานี,Pattani,6.756087719,101.3607456,Apr,0,2018,in_season,4,2018-04-01
ปัตตานี,Pattani,6.756087719,101.3607456,May,0,2018,in_season,5,2018-05-01
ปัตตานี,Pattani,6.756087719,101.3607456,Jun,0,2018,in_season,6,2018-06-01
ปัตตานี,Pattani,6.756087719,101.3607456,Jul,0,2018,in_season,7,2018-07-01
ปัตตานี,Pattani,6.756087719,101.3607456,Aug,0,2018,in_season,8,2018-08-01
ปัตตานี,Pattani,6.756087719,101.3607456,Sep,0,2018,in_season,9,2018-09-01
ปัตตานี,Pattani,6.756087719,101.3607456,Oct,49283,2018,in_season,10,2018-10-01
ปัตตานี,Pattani,6.756087719,101.3607456,Nov,18215,2018,in_season,11,2018-11-01
ปัตตานี,Pattani,6.756087719,101.3607456,Dec,8552,2018,in_season,12,2018-12-01
ปัตตานี,Pattani,6.756087719,101.3607456,Jan,0,2019,in_season,1,2019-01-01
ปัตตานี,Pattani,6.756087719,101.3607456,Feb,0,2019,in_season,2,2019-02-01
ปัตตานี,Pattani,6.756087719,101.3607456,Mar,0,2019,in_season,3,2019-03-01
ปัตตานี,Pattani,6.756087719,101.3607456,Apr,0,2019,in_season,4,2019-04-01
ปัตตานี,Pattani,6.756087719,101.3607456,May,0,2019,in_season,5,2019-05-01
ปัตตานี,Pattani,6.756087719,101.3607456,Jun,0,2019,in_season,6,2019-06-01
ปัตตานี,Pattani,6.756087719,101.3607456,Jul,0,2019,in_season,7,2019-07-01
ปัตตานี,Pattani,6.756087719,101.3607456,Aug,0,2019,in_season,8,2019-08-01
ปัตตานี,Pattani,6.756087719,101.3607456,Sep,0,2019,in_season,9,2019-09-01
ปัตตานี,Pattani,6.756087719,101.3607456,Oct,49283,2019,in_season,10,2019-10-01
ปัตตานี,Pattani,6.756087719,101.3607456,Nov,18215,2019,in_season,11,2019-11-01
ปัตตานี,Pattani,6.756087719,101.3607456,Dec,8552,2019,in_season,12,2019-12-01
ปัตตานี,Pattani,6.756087719,101.3607456,Jan,0,2015,off_season,1,2015-01-01
ปัตตานี,Pattani,6.756087719,101.3607456,Feb,0,2015,off_season,2,2015-02-01
ปัตตานี,Pattani,6.756087719,101.3607456,Mar,562,2015,off_season,3,2015-03-01
ปัตตานี,Pattani,6.756087719,101.3607456,Apr,1860,2015,off_season,4,2015-04-01
ปัตตานี,Pattani,6.756087719,101.3607456,May,10173,2015,off_season,5,2015-05-01
ปัตตานี,Pattani,6.756087719,101.3607456,Jun,10065,2015,off_season,6,2015-06-01
ปัตตานี,Pattani,6.756087719,101.3607456,Jul,0,2015,off_season,7,2015-07-01
ปัตตานี,Pattani,6.756087719,101.3607456,Aug,0,2015,off_season,8,2015-08-01
ปัตตานี,Pattani,6.756087719,101.3607456,Sep,0,2015,off_season,9,2015-09-01
ปัตตานี,Pattani,6.756087719,101.3607456,Oct,0,2015,off_season,10,2015-10-01
ปัตตานี,Pattani,6.756087719,101.3607456,Nov,0,2015,off_season,11,2015-11-01
ปัตตานี,Pattani,6.756087719,101.3607456,Dec,0,2015,off_season,12,2015-12-01
ปัตตานี,Pattani,6.756087719,101.3607456,Jan,0,2016,off_season,1,2016-01-01
ปัตตานี,Pattani,6.756087719,101.3607456,Feb,0,2016,off_season,2,2016-02-01
ปัตตานี,Pattani,6.756087719,101.3607456,Mar,728,2016,off_season,3,2016-03-01
ปัตตานี,Pattani,6.756087719,101.3607456,Apr,1733,2016,off_season,4,2016-04-01
ปัตตานี,Pattani,6.756087719,101.3607456,May,7530,2016,off_season,5,2016-05-01
ปัตตานี,Pattani,6.756087719,101.3607456,Jun,11031,2016,off_season,6,2016-06-01
ปัตตานี,Pattani,6.756087719,101.3607456,Jul,0,2016,off_season,7,2016-07-01
ปัตตานี,Pattani,6.756087719,101.3607456,Aug,0,2016,off_season,8,2016-08-01
ปัตตานี,Pattani,6.756087719,101.3607456,Sep,0,2016,off_season,9,2016-09-01
ปัตตานี,Pattani,6.756087719,101.3607456,Oct,0,2016,off_season,10,2016-10-01
ปัตตานี,Pattani,6.756087719,101.3607456,Nov,0,2016,off_season,11,2016-11-01
ปัตตานี,Pattani,6.756087719,101.3607456,Dec,0,2016,off_season,12,2016-12-01
ปัตตานี,Pattani,6.756087719,101.3607456,Jan,0,2017,off_season,1,2017-01-01
ปัตตานี,Pattani,6.756087719,101.3607456,Feb,0,2017,off_season,2,2017-02-01
ปัตตานี,Pattani,6.756087719,101.3607456,Mar,337,2017,off_season,3,2017-03-01
ปัตตานี,Pattani,6.756087719,101.3607456,Apr,1130,2017,off_season,4,2017-04-01
ปัตตานี,Pattani,6.756087719,101.3607456,May,7737,2017,off_season,5,2017-05-01
ปัตตานี,Pattani,6.756087719,101.3607456,Jun,5319,2017,off_season,6,2017-06-01
ปัตตานี,Pattani,6.756087719,101.3607456,Jul,0,2017,off_season,7,2017-07-01
ปัตตานี,Pattani,6.756087719,101.3607456,Aug,0,2017,off_season,8,2017-08-01
ปัตตานี,Pattani,6.756087719,101.3607456,Sep,0,2017,off_season,9,2017-09-01
ปัตตานี,Pattani,6.756087719,101.3607456,Oct,0,2017,off_season,10,2017-10-01
ปัตตานี,Pattani,6.756087719,101.3607456,Nov,0,2017,off_season,11,2017-11-01
ปัตตานี,Pattani,6.756087719,101.3607456,Dec,0,2017,off_season,12,2017-12-01
ปัตตานี,Pattani,6.756087719,101.3607456,Jan,0,2018,off_season,1,2018-01-01
ปัตตานี,Pattani,6.756087719,101.3607456,Feb,0,2018,off_season,2,2018-02-01
ปัตตานี,Pattani,6.756087719,101.3607456,Mar,199,2018,off_season,3,2018-03-01
ปัตตานี,Pattani,6.756087719,101.3607456,Apr,762,2018,off_season,4,2018-04-01
ปัตตานี,Pattani,6.756087719,101.3607456,May,9694,2018,off_season,5,2018-05-01
ปัตตานี,Pattani,6.756087719,101.3607456,Jun,4896,2018,off_season,6,2018-06-01
ปัตตานี,Pattani,6.756087719,101.3607456,Jul,0,2018,off_season,7,2018-07-01
ปัตตานี,Pattani,6.756087719,101.3607456,Aug,0,2018,off_season,8,2018-08-01
ปัตตานี,Pattani,6.756087719,101.3607456,Sep,0,2018,off_season,9,2018-09-01
ปัตตานี,Pattani,6.756087719,101.3607456,Oct,0,2018,off_season,10,2018-10-01
ปัตตานี,Pattani,6.756087719,101.3607456,Nov,0,2018,off_season,11,2018-11-01
ปัตตานี,Pattani,6.756087719,101.3607456,Dec,0,2018,off_season,12,2018-12-01
ปัตตานี,Pattani,6.756087719,101.3607456,Jan,0,2019,off_season,1,2019-01-01
ปัตตานี,Pattani,6.756087719,101.3607456,Feb,0,2019,off_season,2,2019-02-01
ปัตตานี,Pattani,6.756087719,101.3607456,Mar,928,2019,off_season,3,2019-03-01
ปัตตานี,Pattani,6.756087719,101.3607456,Apr,6776,2019,off_season,4,2019-04-01
ปัตตานี,Pattani,6.756087719,101.3607456,May,9189,2019,off_season,5,2019-05-01
ปัตตานี,Pattani,6.756087719,101.3607456,Jun,2212,2019,off_season,6,2019-06-01
ปัตตานี,Pattani,6.756087719,101.3607456,Jul,0,2019,off_season,7,2019-07-01
ปัตตานี,Pattani,6.756087719,101.3607456,Aug,0,2019,off_season,8,2019-08-01
ปัตตานี,Pattani,6.756087719,101.3607456,Sep,0,2019,off_season,9,2019-09-01
ปัตตานี,Pattani,6.756087719,101.3607456,Oct,0,2019,off_season,10,2019-10-01
ปัตตานี,Pattani,6.756087719,101.3607456,Nov,0,2019,off_season,11,2019-11-01
ปัตตานี,Pattani,6.756087719,101.3607456,Dec,0,2019,off_season,12,2019-12-01
พังงา,Phang-nga,8.655536232,98.27214493,Jan,0,2015,in_season,1,2015-01-01
พังงา,Phang-nga,8.655536232,98.27214493,Feb,0,2015,in_season,2,2015-02-01
พังงา,Phang-nga,8.655536232,98.27214493,Mar,0,2015,in_season,3,2015-03-01
พังงา,Phang-nga,8.655536232,98.27214493,Apr,0,2015,in_season,4,2015-04-01
พังงา,Phang-nga,8.655536232,98.27214493,May,0,2015,in_season,5,2015-05-01
พังงา,Phang-nga,8.655536232,98.27214493,Jun,0,2015,in_season,6,2015-06-01
พังงา,Phang-nga,8.655536232,98.27214493,Jul,34,2015,in_season,7,2015-07-01
พังงา,Phang-nga,8.655536232,98.27214493,Aug,1019,2015,in_season,8,2015-08-01
พังงา,Phang-nga,8.655536232,98.27214493,Sep,305,2015,in_season,9,2015-09-01
พังงา,Phang-nga,8.655536232,98.27214493,Oct,0,2015,in_season,10,2015-10-01
พังงา,Phang-nga,8.655536232,98.27214493,Nov,0,2015,in_season,11,2015-11-01
พังงา,Phang-nga,8.655536232,98.27214493,Dec,0,2015,in_season,12,2015-12-01
พังงา,Phang-nga,8.655536232,98.27214493,Jan,0,2016,in_season,1,2016-01-01
พังงา,Phang-nga,8.655536232,98.27214493,Feb,0,2016,in_season,2,2016-02-01
พังงา,Phang-nga,8.655536232,98.27214493,Mar,0,2016,in_season,3,2016-03-01
พังงา,Phang-nga,8.655536232,98.27214493,Apr,0,2016,in_season,4,2016-04-01
พังงา,Phang-nga,8.655536232,98.27214493,May,0,2016,in_season,5,2016-05-01
พังงา,Phang-nga,8.655536232,98.27214493,Jun,0,2016,in_season,6,2016-06-01
พังงา,Phang-nga,8.655536232,98.27214493,Jul,0,2016,in_season,7,2016-07-01
พังงา,Phang-nga,8.655536232,98.27214493,Aug,977,2016,in_season,8,2016-08-01
พังงา,Phang-nga,8.655536232,98.27214493,Sep,707,2016,in_season,9,2016-09-01
พังงา,Phang-nga,8.655536232,98.27214493,Oct,293,2016,in_season,10,2016-10-01
พังงา,Phang-nga,8.655536232,98.27214493,Nov,0,2016,in_season,11,2016-11-01
พังงา,Phang-nga,8.655536232,98.27214493,Dec,0,2016,in_season,12,2016-12-01
พังงา,Phang-nga,8.655536232,98.27214493,Jan,0,2017,in_season,1,2017-01-01
พังงา,Phang-nga,8.655536232,98.27214493,Feb,0,2017,in_season,2,2017-02-01
พังงา,Phang-nga,8.655536232,98.27214493,Mar,0,2017,in_season,3,2017-03-01
พังงา,Phang-nga,8.655536232,98.27214493,Apr,0,2017,in_season,4,2017-04-01
พังงา,Phang-nga,8.655536232,98.27214493,May,0,2017,in_season,5,2017-05-01
พังงา,Phang-nga,8.655536232,98.27214493,Jun,0,2017,in_season,6,2017-06-01
พังงา,Phang-nga,8.655536232,98.27214493,Jul,77,2017,in_season,7,2017-07-01
พังงา,Phang-nga,8.655536232,98.27214493,Aug,723,2017,in_season,8,2017-08-01
พังงา,Phang-nga,8.655536232,98.27214493,Sep,1803,2017,in_season,9,2017-09-01
พังงา,Phang-nga,8.655536232,98.27214493,Oct,45,2017,in_season,10,2017-10-01
พังงา,Phang-nga,8.655536232,98.27214493,Nov,0,2017,in_season,11,2017-11-01
พังงา,Phang-nga,8.655536232,98.27214493,Dec,0,2017,in_season,12,2017-12-01
พังงา,Phang-nga,8.655536232,98.27214493,Jan,0,2018,in_season,1,2018-01-01
พังงา,Phang-nga,8.655536232,98.27214493,Feb,0,2018,in_season,2,2018-02-01
พังงา,Phang-nga,8.655536232,98.27214493,Mar,0,2018,in_season,3,2018-03-01
พังงา,Phang-nga,8.655536232,98.27214493,Apr,0,2018,in_season,4,2018-04-01
พังงา,Phang-nga,8.655536232,98.27214493,May,0,2018,in_season,5,2018-05-01
พังงา,Phang-nga,8.655536232,98.27214493,Jun,0,2018,in_season,6,2018-06-01
พังงา,Phang-nga,8.655536232,98.27214493,Jul,89,2018,in_season,7,2018-07-01
พังงา,Phang-nga,8.655536232,98.27214493,Aug,590,2018,in_season,8,2018-08-01
พังงา,Phang-nga,8.655536232,98.27214493,Sep,2051,2018,in_season,9,2018-09-01
พังงา,Phang-nga,8.655536232,98.27214493,Oct,404,2018,in_season,10,2018-10-01
พังงา,Phang-nga,8.655536232,98.27214493,Nov,0,2018,in_season,11,2018-11-01
พังงา,Phang-nga,8.655536232,98.27214493,Dec,0,2018,in_season,12,2018-12-01
พังงา,Phang-nga,8.655536232,98.27214493,Jan,0,2019,in_season,1,2019-01-01
พังงา,Phang-nga,8.655536232,98.27214493,Feb,0,2019,in_season,2,2019-02-01
พังงา,Phang-nga,8.655536232,98.27214493,Mar,0,2019,in_season,3,2019-03-01
พังงา,Phang-nga,8.655536232,98.27214493,Apr,0,2019,in_season,4,2019-04-01
พังงา,Phang-nga,8.655536232,98.27214493,May,0,2019,in_season,5,2019-05-01
พังงา,Phang-nga,8.655536232,98.27214493,Jun,0,2019,in_season,6,2019-06-01
พังงา,Phang-nga,8.655536232,98.27214493,Jul,89,2019,in_season,7,2019-07-01
พังงา,Phang-nga,8.655536232,98.27214493,Aug,590,2019,in_season,8,2019-08-01
พังงา,Phang-nga,8.655536232,98.27214493,Sep,2051,2019,in_season,9,2019-09-01
พังงา,Phang-nga,8.655536232,98.27214493,Oct,404,2019,in_season,10,2019-10-01
พังงา,Phang-nga,8.655536232,98.27214493,Nov,0,2019,in_season,11,2019-11-01
พังงา,Phang-nga,8.655536232,98.27214493,Dec,0,2019,in_season,12,2019-12-01
พังงา,Phang-nga,8.655536232,98.27214493,Jan,0,2015,off_season,1,2015-01-01
พังงา,Phang-nga,8.655536232,98.27214493,Feb,0,2015,off_season,2,2015-02-01
พังงา,Phang-nga,8.655536232,98.27214493,Mar,0,2015,off_season,3,2015-03-01
พังงา,Phang-nga,8.655536232,98.27214493,Apr,0,2015,off_season,4,2015-04-01
พังงา,Phang-nga,8.655536232,98.27214493,May,0,2015,off_season,5,2015-05-01
พังงา,Phang-nga,8.655536232,98.27214493,Jun,0,2015,off_season,6,2015-06-01
พังงา,Phang-nga,8.655536232,98.27214493,Jul,0,2015,off_season,7,2015-07-01
พังงา,Phang-nga,8.655536232,98.27214493,Aug,0,2015,off_season,8,2015-08-01
พังงา,Phang-nga,8.655536232,98.27214493,Sep,0,2015,off_season,9,2015-09-01
พังงา,Phang-nga,8.655536232,98.27214493,Oct,0,2015,off_season,10,2015-10-01
พังงา,Phang-nga,8.655536232,98.27214493,Nov,0,2015,off_season,11,2015-11-01
พังงา,Phang-nga,8.655536232,98.27214493,Dec,0,2015,off_season,12,2015-12-01
พังงา,Phang-nga,8.655536232,98.27214493,Jan,0,2016,off_season,1,2016-01-01
พังงา,Phang-nga,8.655536232,98.27214493,Feb,0,2016,off_season,2,2016-02-01
พังงา,Phang-nga,8.655536232,98.27214493,Mar,0,2016,off_season,3,2016-03-01
พังงา,Phang-nga,8.655536232,98.27214493,Apr,0,2016,off_season,4,2016-04-01
พังงา,Phang-nga,8.655536232,98.27214493,May,0,2016,off_season,5,2016-05-01
พังงา,Phang-nga,8.655536232,98.27214493,Jun,0,2016,off_season,6,2016-06-01
พังงา,Phang-nga,8.655536232,98.27214493,Jul,0,2016,off_season,7,2016-07-01
พังงา,Phang-nga,8.655536232,98.27214493,Aug,0,2016,off_season,8,2016-08-01
พังงา,Phang-nga,8.655536232,98.27214493,Sep,0,2016,off_season,9,2016-09-01
พังงา,Phang-nga,8.655536232,98.27214493,Oct,0,2016,off_season,10,2016-10-01
พังงา,Phang-nga,8.655536232,98.27214493,Nov,0,2016,off_season,11,2016-11-01
พังงา,Phang-nga,8.655536232,98.27214493,Dec,0,2016,off_season,12,2016-12-01
พังงา,Phang-nga,8.655536232,98.27214493,Jan,0,2017,off_season,1,2017-01-01
พังงา,Phang-nga,8.655536232,98.27214493,Feb,0,2017,off_season,2,2017-02-01
พังงา,Phang-nga,8.655536232,98.27214493,Mar,0,2017,off_season,3,2017-03-01
พังงา,Phang-nga,8.655536232,98.27214493,Apr,0,2017,off_season,4,2017-04-01
พังงา,Phang-nga,8.655536232,98.27214493,May,0,2017,off_season,5,2017-05-01
พังงา,Phang-nga,8.655536232,98.27214493,Jun,0,2017,off_season,6,2017-06-01
พังงา,Phang-nga,8.655536232,98.27214493,Jul,0,2017,off_season,7,2017-07-01
พังงา,Phang-nga,8.655536232,98.27214493,Aug,0,2017,off_season,8,2017-08-01
พังงา,Phang-nga,8.655536232,98.27214493,Sep,0,2017,off_season,9,2017-09-01
พังงา,Phang-nga,8.655536232,98.27214493,Oct,0,2017,off_season,10,2017-10-01
พังงา,Phang-nga,8.655536232,98.27214493,Nov,0,2017,off_season,11,2017-11-01
พังงา,Phang-nga,8.655536232,98.27214493,Dec,0,2017,off_season,12,2017-12-01
พังงา,Phang-nga,8.655536232,98.27214493,Jan,0,2018,off_season,1,2018-01-01
พังงา,Phang-nga,8.655536232,98.27214493,Feb,0,2018,off_season,2,2018-02-01
พังงา,Phang-nga,8.655536232,98.27214493,Mar,0,2018,off_season,3,2018-03-01
พังงา,Phang-nga,8.655536232,98.27214493,Apr,0,2018,off_season,4,2018-04-01
พังงา,Phang-nga,8.655536232,98.27214493,May,0,2018,off_season,5,2018-05-01
พังงา,Phang-nga,8.655536232,98.27214493,Jun,0,2018,off_season,6,2018-06-01
พังงา,Phang-nga,8.655536232,98.27214493,Jul,0,2018,off_season,7,2018-07-01
พังงา,Phang-nga,8.655536232,98.27214493,Aug,0,2018,off_season,8,2018-08-01
พังงา,Phang-nga,8.655536232,98.27214493,Sep,0,2018,off_season,9,2018-09-01
พังงา,Phang-nga,8.655536232,98.27214493,Oct,0,2018,off_season,10,2018-10-01
พังงา,Phang-nga,8.655536232,98.27214493,Nov,0,2018,off_season,11,2018-11-01
พังงา,Phang-nga,8.655536232,98.27214493,Dec,0,2018,off_season,12,2018-12-01
พังงา,Phang-nga,8.655536232,98.27214493,Jan,0,2019,off_season,1,2019-01-01
พังงา,Phang-nga,8.655536232,98.27214493,Feb,0,2019,off_season,2,2019-02-01
พังงา,Phang-nga,8.655536232,98.27214493,Mar,0,2019,off_season,3,2019-03-01
พังงา,Phang-nga,8.655536232,98.27214493,Apr,0,2019,off_season,4,2019-04-01
พังงา,Phang-nga,8.655536232,98.27214493,May,0,2019,off_season,5,2019-05-01
พังงา,Phang-nga,8.655536232,98.27214493,Jun,0,2019,off_season,6,2019-06-01
พังงา,Phang-nga,8.655536232,98.27214493,Jul,0,2019,off_season,7,2019-07-01
พังงา,Phang-nga,8.655536232,98.27214493,Aug,0,2019,off_season,8,2019-08-01
พังงา,Phang-nga,8.655536232,98.27214493,Sep,0,2019,off_season,9,2019-09-01
พังงา,Phang-nga,8.655536232,98.27214493,Oct,0,2019,off_season,10,2019-10-01
พังงา,Phang-nga,8.655536232,98.27214493,Nov,0,2019,off_season,11,2019-11-01
พังงา,Phang-nga,8.655536232,98.27214493,Dec,0,2019,off_season,12,2019-12-01
พัทลุง,Phatthalung,7.54880303,100.0667121,Jan,23893,2015,in_season,1,2015-01-01
พัทลุง,Phatthalung,7.54880303,100.0667121,Feb,1357,2015,in_season,2,2015-02-01
พัทลุง,Phatthalung,7.54880303,100.0667121,Mar,0,2015,in_season,3,2015-03-01
พัทลุง,Phatthalung,7.54880303,100.0667121,Apr,0,2015,in_season,4,2015-04-01
พัทลุง,Phatthalung,7.54880303,100.0667121,May,0,2015,in_season,5,2015-05-01
พัทลุง,Phatthalung,7.54880303,100.0667121,Jun,4913,2015,in_season,6,2015-06-01
พัทลุง,Phatthalung,7.54880303,100.0667121,Jul,593,2015,in_season,7,2015-07-01
พัทลุง,Phatthalung,7.54880303,100.0667121,Aug,19441,2015,in_season,8,2015-08-01
พัทลุง,Phatthalung,7.54880303,100.0667121,Sep,29373,2015,in_season,9,2015-09-01
พัทลุง,Phatthalung,7.54880303,100.0667121,Oct,12012,2015,in_season,10,2015-10-01
พัทลุง,Phatthalung,7.54880303,100.0667121,Nov,39699,2015,in_season,11,2015-11-01
พัทลุง,Phatthalung,7.54880303,100.0667121,Dec,435,2015,in_season,12,2015-12-01
พัทลุง,Phatthalung,7.54880303,100.0667121,Jan,22654,2016,in_season,1,2016-01-01
พัทลุง,Phatthalung,7.54880303,100.0667121,Feb,12130,2016,in_season,2,2016-02-01
พัทลุง,Phatthalung,7.54880303,100.0667121,Mar,0,2016,in_season,3,2016-03-01
พัทลุง,Phatthalung,7.54880303,100.0667121,Apr,0,2016,in_season,4,2016-04-01
พัทลุง,Phatthalung,7.54880303,100.0667121,May,0,2016,in_season,5,2016-05-01
พัทลุง,Phatthalung,7.54880303,100.0667121,Jun,3573,2016,in_season,6,2016-06-01
พัทลุง,Phatthalung,7.54880303,100.0667121,Jul,1621,2016,in_season,7,2016-07-01
พัทลุง,Phatthalung,7.54880303,100.0667121,Aug,9885,2016,in_season,8,2016-08-01
พัทลุง,Phatthalung,7.54880303,100.0667121,Sep,25967,2016,in_season,9,2016-09-01
พัทลุง,Phatthalung,7.54880303,100.0667121,Oct,35098,2016,in_season,10,2016-10-01
พัทลุง,Phatthalung,7.54880303,100.0667121,Nov,15870,2016,in_season,11,2016-11-01
พัทลุง,Phatthalung,7.54880303,100.0667121,Dec,2186,2016,in_season,12,2016-12-01
พัทลุง,Phatthalung,7.54880303,100.0667121,Jan,18886,2017,in_season,1,2017-01-01
พัทลุง,Phatthalung,7.54880303,100.0667121,Feb,5692,2017,in_season,2,2017-02-01
พัทลุง,Phatthalung,7.54880303,100.0667121,Mar,0,2017,in_season,3,2017-03-01
พัทลุง,Phatthalung,7.54880303,100.0667121,Apr,0,2017,in_season,4,2017-04-01
พัทลุง,Phatthalung,7.54880303,100.0667121,May,0,2017,in_season,5,2017-05-01
พัทลุง,Phatthalung,7.54880303,100.0667121,Jun,0,2017,in_season,6,2017-06-01
พัทลุง,Phatthalung,7.54880303,100.0667121,Jul,511,2017,in_season,7,2017-07-01
พัทลุง,Phatthalung,7.54880303,100.0667121,Aug,12544,2017,in_season,8,2017-08-01
พัทลุง,Phatthalung,7.54880303,100.0667121,Sep,35963,2017,in_season,9,2017-09-01
พัทลุง,Phatthalung,7.54880303,100.0667121,Oct,43218,2017,in_season,10,2017-10-01
พัทลุง,Phatthalung,7.54880303,100.0667121,Nov,12654,2017,in_season,11,2017-11-01
พัทลุง,Phatthalung,7.54880303,100.0667121,Dec,2291,2017,in_season,12,2017-12-01
พัทลุง,Phatthalung,7.54880303,100.0667121,Jan,17773,2018,in_season,1,2018-01-01
พัทลุง,Phatthalung,7.54880303,100.0667121,Feb,6913,2018,in_season,2,2018-02-01
พัทลุง,Phatthalung,7.54880303,100.0667121,Mar,0,2018,in_season,3,2018-03-01
พัทลุง,Phatthalung,7.54880303,100.0667121,Apr,0,2018,in_season,4,2018-04-01
พัทลุง,Phatthalung,7.54880303,100.0667121,May,0,2018,in_season,5,2018-05-01
พัทลุง,Phatthalung,7.54880303,100.0667121,Jun,0,2018,in_season,6,2018-06-01
พัทลุง,Phatthalung,7.54880303,100.0667121,Jul,0,2018,in_season,7,2018-07-01
พัทลุง,Phatthalung,7.54880303,100.0667121,Aug,15102,2018,in_season,8,2018-08-01
พัทลุง,Phatthalung,7.54880303,100.0667121,Sep,43421,2018,in_season,9,2018-09-01
พัทลุง,Phatthalung,7.54880303,100.0667121,Oct,31830,2018,in_season,10,2018-10-01
พัทลุง,Phatthalung,7.54880303,100.0667121,Nov,19703,2018,in_season,11,2018-11-01
พัทลุง,Phatthalung,7.54880303,100.0667121,Dec,1650,2018,in_season,12,2018-12-01
พัทลุง,Phatthalung,7.54880303,100.0667121,Jan,17773,2019,in_season,1,2019-01-01
พัทลุง,Phatthalung,7.54880303,100.0667121,Feb,6913,2019,in_season,2,2019-02-01
พัทลุง,Phatthalung,7.54880303,100.0667121,Mar,0,2019,in_season,3,2019-03-01
พัทลุง,Phatthalung,7.54880303,100.0667121,Apr,0,2019,in_season,4,2019-04-01
พัทลุง,Phatthalung,7.54880303,100.0667121,May,0,2019,in_season,5,2019-05-01
พัทลุง,Phatthalung,7.54880303,100.0667121,Jun,0,2019,in_season,6,2019-06-01
พัทลุง,Phatthalung,7.54880303,100.0667121,Jul,0,2019,in_season,7,2019-07-01
พัทลุง,Phatthalung,7.54880303,100.0667121,Aug,15102,2019,in_season,8,2019-08-01
พัทลุง,Phatthalung,7.54880303,100.0667121,Sep,43421,2019,in_season,9,2019-09-01
พัทลุง,Phatthalung,7.54880303,100.0667121,Oct,31830,2019,in_season,10,2019-10-01
พัทลุง,Phatthalung,7.54880303,100.0667121,Nov,19703,2019,in_season,11,2019-11-01
พัทลุง,Phatthalung,7.54880303,100.0667121,Dec,1650,2019,in_season,12,2019-12-01
พัทลุง,Phatthalung,7.54880303,100.0667121,Jan,0,2015,off_season,1,2015-01-01
พัทลุง,Phatthalung,7.54880303,100.0667121,Feb,0,2015,off_season,2,2015-02-01
พัทลุง,Phatthalung,7.54880303,100.0667121,Mar,1309,2015,off_season,3,2015-03-01
พัทลุง,Phatthalung,7.54880303,100.0667121,Apr,14614,2015,off_season,4,2015-04-01
พัทลุง,Phatthalung,7.54880303,100.0667121,May,28887,2015,off_season,5,2015-05-01
พัทลุง,Phatthalung,7.54880303,100.0667121,Jun,9695,2015,off_season,6,2015-06-01
พัทลุง,Phatthalung,7.54880303,100.0667121,Jul,0,2015,off_season,7,2015-07-01
พัทลุง,Phatthalung,7.54880303,100.0667121,Aug,0,2015,off_season,8,2015-08-01
พัทลุง,Phatthalung,7.54880303,100.0667121,Sep,0,2015,off_season,9,2015-09-01
พัทลุง,Phatthalung,7.54880303,100.0667121,Oct,0,2015,off_season,10,2015-10-01
พัทลุง,Phatthalung,7.54880303,100.0667121,Nov,0,2015,off_season,11,2015-11-01
พัทลุง,Phatthalung,7.54880303,100.0667121,Dec,0,2015,off_season,12,2015-12-01
พัทลุง,Phatthalung,7.54880303,100.0667121,Jan,0,2016,off_season,1,2016-01-01
พัทลุง,Phatthalung,7.54880303,100.0667121,Feb,0,2016,off_season,2,2016-02-01
พัทลุง,Phatthalung,7.54880303,100.0667121,Mar,3819,2016,off_season,3,2016-03-01
พัทลุง,Phatthalung,7.54880303,100.0667121,Apr,16651,2016,off_season,4,2016-04-01
พัทลุง,Phatthalung,7.54880303,100.0667121,May,21537,2016,off_season,5,2016-05-01
พัทลุง,Phatthalung,7.54880303,100.0667121,Jun,1038,2016,off_season,6,2016-06-01
พัทลุง,Phatthalung,7.54880303,100.0667121,Jul,0,2016,off_season,7,2016-07-01
พัทลุง,Phatthalung,7.54880303,100.0667121,Aug,0,2016,off_season,8,2016-08-01
พัทลุง,Phatthalung,7.54880303,100.0667121,Sep,0,2016,off_season,9,2016-09-01
พัทลุง,Phatthalung,7.54880303,100.0667121,Oct,0,2016,off_season,10,2016-10-01
พัทลุง,Phatthalung,7.54880303,100.0667121,Nov,0,2016,off_season,11,2016-11-01
พัทลุง,Phatthalung,7.54880303,100.0667121,Dec,0,2016,off_season,12,2016-12-01
พัทลุง,Phatthalung,7.54880303,100.0667121,Jan,0,2017,off_season,1,2017-01-01
พัทลุง,Phatthalung,7.54880303,100.0667121,Feb,0,2017,off_season,2,2017-02-01
พัทลุง,Phatthalung,7.54880303,100.0667121,Mar,4500,2017,off_season,3,2017-03-01
พัทลุง,Phatthalung,7.54880303,100.0667121,Apr,18315,2017,off_season,4,2017-04-01
พัทลุง,Phatthalung,7.54880303,100.0667121,May,26806,2017,off_season,5,2017-05-01
พัทลุง,Phatthalung,7.54880303,100.0667121,Jun,7671,2017,off_season,6,2017-06-01
พัทลุง,Phatthalung,7.54880303,100.0667121,Jul,0,2017,off_season,7,2017-07-01
พัทลุง,Phatthalung,7.54880303,100.0667121,Aug,0,2017,off_season,8,2017-08-01
พัทลุง,Phatthalung,7.54880303,100.0667121,Sep,0,2017,off_season,9,2017-09-01
พัทลุง,Phatthalung,7.54880303,100.0667121,Oct,0,2017,off_season,10,2017-10-01
พัทลุง,Phatthalung,7.54880303,100.0667121,Nov,0,2017,off_season,11,2017-11-01
พัทลุง,Phatthalung,7.54880303,100.0667121,Dec,0,2017,off_season,12,2017-12-01
พัทลุง,Phatthalung,7.54880303,100.0667121,Jan,0,2018,off_season,1,2018-01-01
พัทลุง,Phatthalung,7.54880303,100.0667121,Feb,0,2018,off_season,2,2018-02-01
พัทลุง,Phatthalung,7.54880303,100.0667121,Mar,5844,2018,off_season,3,2018-03-01
พัทลุง,Phatthalung,7.54880303,100.0667121,Apr,7666,2018,off_season,4,2018-04-01
พัทลุง,Phatthalung,7.54880303,100.0667121,May,9733,2018,off_season,5,2018-05-01
พัทลุง,Phatthalung,7.54880303,100.0667121,Jun,14905,2018,off_season,6,2018-06-01
พัทลุง,Phatthalung,7.54880303,100.0667121,Jul,0,2018,off_season,7,2018-07-01
พัทลุง,Phatthalung,7.54880303,100.0667121,Aug,0,2018,off_season,8,2018-08-01
พัทลุง,Phatthalung,7.54880303,100.0667121,Sep,0,2018,off_season,9,2018-09-01
พัทลุง,Phatthalung,7.54880303,100.0667121,Oct,0,2018,off_season,10,2018-10-01
พัทลุง,Phatthalung,7.54880303,100.0667121,Nov,0,2018,off_season,11,2018-11-01
พัทลุง,Phatthalung,7.54880303,100.0667121,Dec,0,2018,off_season,12,2018-12-01
พัทลุง,Phatthalung,7.54880303,100.0667121,Jan,0,2019,off_season,1,2019-01-01
พัทลุง,Phatthalung,7.54880303,100.0667121,Feb,0,2019,off_season,2,2019-02-01
พัทลุง,Phatthalung,7.54880303,100.0667121,Mar,1691,2019,off_season,3,2019-03-01
พัทลุง,Phatthalung,7.54880303,100.0667121,Apr,8865,2019,off_season,4,2019-04-01
พัทลุง,Phatthalung,7.54880303,100.0667121,May,8415,2019,off_season,5,2019-05-01
พัทลุง,Phatthalung,7.54880303,100.0667121,Jun,12886,2019,off_season,6,2019-06-01
พัทลุง,Phatthalung,7.54880303,100.0667121,Jul,0,2019,off_season,7,2019-07-01
พัทลุง,Phatthalung,7.54880303,100.0667121,Aug,0,2019,off_season,8,2019-08-01
พัทลุง,Phatthalung,7.54880303,100.0667121,Sep,0,2019,off_season,9,2019-09-01
พัทลุง,Phatthalung,7.54880303,100.0667121,Oct,0,2019,off_season,10,2019-10-01
พัทลุง,Phatthalung,7.54880303,100.0667121,Nov,0,2019,off_season,11,2019-11-01
พัทลุง,Phatthalung,7.54880303,100.0667121,Dec,0,2019,off_season,12,2019-12-01
พะเยา,Phayao,19.28419403,100.0843134,Jan,0,2015,in_season,1,2015-01-01
พะเยา,Phayao,19.28419403,100.0843134,Feb,0,2015,in_season,2,2015-02-01
พะเยา,Phayao,19.28419403,100.0843134,Mar,0,2015,in_season,3,2015-03-01
พะเยา,Phayao,19.28419403,100.0843134,Apr,0,2015,in_season,4,2015-04-01
พะเยา,Phayao,19.28419403,100.0843134,May,28826,2015,in_season,5,2015-05-01
พะเยา,Phayao,19.28419403,100.0843134,Jun,228901,2015,in_season,6,2015-06-01
พะเยา,Phayao,19.28419403,100.0843134,Jul,295287,2015,in_season,7,2015-07-01
พะเยา,Phayao,19.28419403,100.0843134,Aug,57714,2015,in_season,8,2015-08-01
พะเยา,Phayao,19.28419403,100.0843134,Sep,0,2015,in_season,9,2015-09-01
พะเยา,Phayao,19.28419403,100.0843134,Oct,0,2015,in_season,10,2015-10-01
พะเยา,Phayao,19.28419403,100.0843134,Nov,0,2015,in_season,11,2015-11-01
พะเยา,Phayao,19.28419403,100.0843134,Dec,0,2015,in_season,12,2015-12-01
พะเยา,Phayao,19.28419403,100.0843134,Jan,0,2016,in_season,1,2016-01-01
พะเยา,Phayao,19.28419403,100.0843134,Feb,0,2016,in_season,2,2016-02-01
พะเยา,Phayao,19.28419403,100.0843134,Mar,0,2016,in_season,3,2016-03-01
พะเยา,Phayao,19.28419403,100.0843134,Apr,0,2016,in_season,4,2016-04-01
พะเยา,Phayao,19.28419403,100.0843134,May,25724,2016,in_season,5,2016-05-01
พะเยา,Phayao,19.28419403,100.0843134,Jun,207482,2016,in_season,6,2016-06-01
พะเยา,Phayao,19.28419403,100.0843134,Jul,294300,2016,in_season,7,2016-07-01
พะเยา,Phayao,19.28419403,100.0843134,Aug,95134,2016,in_season,8,2016-08-01
พะเยา,Phayao,19.28419403,100.0843134,Sep,0,2016,in_season,9,2016-09-01
พะเยา,Phayao,19.28419403,100.0843134,Oct,0,2016,in_season,10,2016-10-01
พะเยา,Phayao,19.28419403,100.0843134,Nov,0,2016,in_season,11,2016-11-01
พะเยา,Phayao,19.28419403,100.0843134,Dec,0,2016,in_season,12,2016-12-01
พะเยา,Phayao,19.28419403,100.0843134,Jan,0,2017,in_season,1,2017-01-01
พะเยา,Phayao,19.28419403,100.0843134,Feb,0,2017,in_season,2,2017-02-01
พะเยา,Phayao,19.28419403,100.0843134,Mar,0,2017,in_season,3,2017-03-01
พะเยา,Phayao,19.28419403,100.0843134,Apr,0,2017,in_season,4,2017-04-01
พะเยา,Phayao,19.28419403,100.0843134,May,63083,2017,in_season,5,2017-05-01
พะเยา,Phayao,19.28419403,100.0843134,Jun,204279,2017,in_season,6,2017-06-01
พะเยา,Phayao,19.28419403,100.0843134,Jul,273352,2017,in_season,7,2017-07-01
พะเยา,Phayao,19.28419403,100.0843134,Aug,83466,2017,in_season,8,2017-08-01
พะเยา,Phayao,19.28419403,100.0843134,Sep,0,2017,in_season,9,2017-09-01
พะเยา,Phayao,19.28419403,100.0843134,Oct,0,2017,in_season,10,2017-10-01
พะเยา,Phayao,19.28419403,100.0843134,Nov,0,2017,in_season,11,2017-11-01
พะเยา,Phayao,19.28419403,100.0843134,Dec,0,2017,in_season,12,2017-12-01
พะเยา,Phayao,19.28419403,100.0843134,Jan,0,2018,in_season,1,2018-01-01
พะเยา,Phayao,19.28419403,100.0843134,Feb,0,2018,in_season,2,2018-02-01
พะเยา,Phayao,19.28419403,100.0843134,Mar,0,2018,in_season,3,2018-03-01
พะเยา,Phayao,19.28419403,100.0843134,Apr,0,2018,in_season,4,2018-04-01
พะเยา,Phayao,19.28419403,100.0843134,May,54963,2018,in_season,5,2018-05-01
พะเยา,Phayao,19.28419403,100.0843134,Jun,231422,2018,in_season,6,2018-06-01
พะเยา,Phayao,19.28419403,100.0843134,Jul,266207,2018,in_season,7,2018-07-01
พะเยา,Phayao,19.28419403,100.0843134,Aug,67819,2018,in_season,8,2018-08-01
พะเยา,Phayao,19.28419403,100.0843134,Sep,0,2018,in_season,9,2018-09-01
พะเยา,Phayao,19.28419403,100.0843134,Oct,0,2018,in_season,10,2018-10-01
พะเยา,Phayao,19.28419403,100.0843134,Nov,0,2018,in_season,11,2018-11-01
พะเยา,Phayao,19.28419403,100.0843134,Dec,0,2018,in_season,12,2018-12-01
พะเยา,Phayao,19.28419403,100.0843134,Jan,0,2019,in_season,1,2019-01-01
พะเยา,Phayao,19.28419403,100.0843134,Feb,0,2019,in_season,2,2019-02-01
พะเยา,Phayao,19.28419403,100.0843134,Mar,0,2019,in_season,3,2019-03-01
พะเยา,Phayao,19.28419403,100.0843134,Apr,0,2019,in_season,4,2019-04-01
พะเยา,Phayao,19.28419403,100.0843134,May,54963,2019,in_season,5,2019-05-01
พะเยา,Phayao,19.28419403,100.0843134,Jun,231422,2019,in_season,6,2019-06-01
พะเยา,Phayao,19.28419403,100.0843134,Jul,266207,2019,in_season,7,2019-07-01
พะเยา,Phayao,19.28419403,100.0843134,Aug,67819,2019,in_season,8,2019-08-01
พะเยา,Phayao,19.28419403,100.0843134,Sep,0,2019,in_season,9,2019-09-01
พะเยา,Phayao,19.28419403,100.0843134,Oct,0,2019,in_season,10,2019-10-01
พะเยา,Phayao,19.28419403,100.0843134,Nov,0,2019,in_season,11,2019-11-01
พะเยา,Phayao,19.28419403,100.0843134,Dec,0,2019,in_season,12,2019-12-01
พะเยา,Phayao,19.28419403,100.0843134,Jan,19502,2015,off_season,1,2015-01-01
พะเยา,Phayao,19.28419403,100.0843134,Feb,30337,2015,off_season,2,2015-02-01
พะเยา,Phayao,19.28419403,100.0843134,Mar,1984,2015,off_season,3,2015-03-01
พะเยา,Phayao,19.28419403,100.0843134,Apr,37,2015,off_season,4,2015-04-01
พะเยา,Phayao,19.28419403,100.0843134,May,0,2015,off_season,5,2015-05-01
พะเยา,Phayao,19.28419403,100.0843134,Jun,0,2015,off_season,6,2015-06-01
พะเยา,Phayao,19.28419403,100.0843134,Jul,0,2015,off_season,7,2015-07-01
พะเยา,Phayao,19.28419403,100.0843134,Aug,0,2015,off_season,8,2015-08-01
พะเยา,Phayao,19.28419403,100.0843134,Sep,0,2015,off_season,9,2015-09-01
พะเยา,Phayao,19.28419403,100.0843134,Oct,0,2015,off_season,10,2015-10-01
พะเยา,Phayao,19.28419403,100.0843134,Nov,0,2015,off_season,11,2015-11-01
พะเยา,Phayao,19.28419403,100.0843134,Dec,2330,2015,off_season,12,2015-12-01
พะเยา,Phayao,19.28419403,100.0843134,Jan,15884,2016,off_season,1,2016-01-01
พะเยา,Phayao,19.28419403,100.0843134,Feb,5427,2016,off_season,2,2016-02-01
พะเยา,Phayao,19.28419403,100.0843134,Mar,797,2016,off_season,3,2016-03-01
พะเยา,Phayao,19.28419403,100.0843134,Apr,0,2016,off_season,4,2016-04-01
พะเยา,Phayao,19.28419403,100.0843134,May,0,2016,off_season,5,2016-05-01
พะเยา,Phayao,19.28419403,100.0843134,Jun,0,2016,off_season,6,2016-06-01
พะเยา,Phayao,19.28419403,100.0843134,Jul,0,2016,off_season,7,2016-07-01
พะเยา,Phayao,19.28419403,100.0843134,Aug,0,2016,off_season,8,2016-08-01
พะเยา,Phayao,19.28419403,100.0843134,Sep,0,2016,off_season,9,2016-09-01
พะเยา,Phayao,19.28419403,100.0843134,Oct,0,2016,off_season,10,2016-10-01
พะเยา,Phayao,19.28419403,100.0843134,Nov,381,2016,off_season,11,2016-11-01
พะเยา,Phayao,19.28419403,100.0843134,Dec,3926,2016,off_season,12,2016-12-01
พะเยา,Phayao,19.28419403,100.0843134,Jan,28216,2017,off_season,1,2017-01-01
พะเยา,Phayao,19.28419403,100.0843134,Feb,15192,2017,off_season,2,2017-02-01
พะเยา,Phayao,19.28419403,100.0843134,Mar,2704,2017,off_season,3,2017-03-01
พะเยา,Phayao,19.28419403,100.0843134,Apr,0,2017,off_season,4,2017-04-01
พะเยา,Phayao,19.28419403,100.0843134,May,0,2017,off_season,5,2017-05-01
พะเยา,Phayao,19.28419403,100.0843134,Jun,0,2017,off_season,6,2017-06-01
พะเยา,Phayao,19.28419403,100.0843134,Jul,0,2017,off_season,7,2017-07-01
พะเยา,Phayao,19.28419403,100.0843134,Aug,0,2017,off_season,8,2017-08-01
พะเยา,Phayao,19.28419403,100.0843134,Sep,0,2017,off_season,9,2017-09-01
พะเยา,Phayao,19.28419403,100.0843134,Oct,0,2017,off_season,10,2017-10-01
พะเยา,Phayao,19.28419403,100.0843134,Nov,682,2017,off_season,11,2017-11-01
พะเยา,Phayao,19.28419403,100.0843134,Dec,11814,2017,off_season,12,2017-12-01
พะเยา,Phayao,19.28419403,100.0843134,Jan,32916,2018,off_season,1,2018-01-01
พะเยา,Phayao,19.28419403,100.0843134,Feb,17533,2018,off_season,2,2018-02-01
พะเยา,Phayao,19.28419403,100.0843134,Mar,166,2018,off_season,3,2018-03-01
พะเยา,Phayao,19.28419403,100.0843134,Apr,0,2018,off_season,4,2018-04-01
พะเยา,Phayao,19.28419403,100.0843134,May,0,2018,off_season,5,2018-05-01
พะเยา,Phayao,19.28419403,100.0843134,Jun,0,2018,off_season,6,2018-06-01
พะเยา,Phayao,19.28419403,100.0843134,Jul,0,2018,off_season,7,2018-07-01
พะเยา,Phayao,19.28419403,100.0843134,Aug,0,2018,off_season,8,2018-08-01
พะเยา,Phayao,19.28419403,100.0843134,Sep,0,2018,off_season,9,2018-09-01
พะเยา,Phayao,19.28419403,100.0843134,Oct,0,2018,off_season,10,2018-10-01
พะเยา,Phayao,19.28419403,100.0843134,Nov,249,2018,off_season,11,2018-11-01
พะเยา,Phayao,19.28419403,100.0843134,Dec,9868,2018,off_season,12,2018-12-01
พะเยา,Phayao,19.28419403,100.0843134,Jan,42793,2019,off_season,1,2019-01-01
พะเยา,Phayao,19.28419403,100.0843134,Feb,14386,2019,off_season,2,2019-02-01
พะเยา,Phayao,19.28419403,100.0843134,Mar,202,2019,off_season,3,2019-03-01
พะเยา,Phayao,19.28419403,100.0843134,Apr,0,2019,off_season,4,2019-04-01
พะเยา,Phayao,19.28419403,100.0843134,May,0,2019,off_season,5,2019-05-01
พะเยา,Phayao,19.28419403,100.0843134,Jun,0,2019,off_season,6,2019-06-01
พะเยา,Phayao,19.28419403,100.0843134,Jul,0,2019,off_season,7,2019-07-01
พะเยา,Phayao,19.28419403,100.0843134,Aug,0,2019,off_season,8,2019-08-01
พะเยา,Phayao,19.28419403,100.0843134,Sep,0,2019,off_season,9,2019-09-01
พะเยา,Phayao,19.28419403,100.0843134,Oct,0,2019,off_season,10,2019-10-01
พะเยา,Phayao,19.28419403,100.0843134,Nov,260,2019,off_season,11,2019-11-01
พะเยา,Phayao,19.28419403,100.0843134,Dec,15657,2019,off_season,12,2019-12-01
เพชรบูรณ์,Phetchabun,16.27352174,101.110113,Jan,0,2015,in_season,1,2015-01-01
เพชรบูรณ์,Phetchabun,16.27352174,101.110113,Feb,0,2015,in_season,2,2015-02-01
เพชรบูรณ์,Phetchabun,16.27352174,101.110113,Mar,0,2015,in_season,3,2015-03-01
เพชรบูรณ์,Phetchabun,16.27352174,101.110113,Apr,0,2015,in_season,4,2015-04-01
เพชรบูรณ์,Phetchabun,16.27352174,101.110113,May,131041,2015,in_season,5,2015-05-01
เพชรบูรณ์,Phetchabun,16.27352174,101.110113,Jun,252341,2015,in_season,6,2015-06-01
เพชรบูรณ์,Phetchabun,16.27352174,101.110113,Jul,417628,2015,in_season,7,2015-07-01
เพชรบูรณ์,Phetchabun,16.27352174,101.110113,Aug,154214,2015,in_season,8,2015-08-01
เพชรบูรณ์,Phetchabun,16.27352174,101.110113,Sep,42245,2015,in_season,9,2015-09-01
เพชรบูรณ์,Phetchabun,16.27352174,101.110113,Oct,27889,2015,in_season,10,2015-10-01
เพชรบูรณ์,Phetchabun,16.27352174,101.110113,Nov,0,2015,in_season,11,2015-11-01
เพชรบูรณ์,Phetchabun,16.27352174,101.110113,Dec,0,2015,in_season,12,2015-12-01
เพชรบูรณ์,Phetchabun,16.27352174,101.110113,Jan,0,2016,in_season,1,2016-01-01
เพชรบูรณ์,Phetchabun,16.27352174,101.110113,Feb,0,2016,in_season,2,2016-02-01
เพชรบูรณ์,Phetchabun,16.27352174,101.110113,Mar,0,2016,in_season,3,2016-03-01
เพชรบูรณ์,Phetchabun,16.27352174,101.110113,Apr,0,2016,in_season,4,2016-04-01
เพชรบูรณ์,Phetchabun,16.27352174,101.110113,May,217860,2016,in_season,5,2016-05-01
เพชรบูรณ์,Phetchabun,16.27352174,101.110113,Jun,300718,2016,in_season,6,2016-06-01
เพชรบูรณ์,Phetchabun,16.27352174,101.110113,Jul,309542,2016,in_season,7,2016-07-01
เพชรบูรณ์,Phetchabun,16.27352174,101.110113,Aug,127088,2016,in_season,8,2016-08-01
เพชรบูรณ์,Phetchabun,16.27352174,101.110113,Sep,65430,2016,in_season,9,2016-09-01
เพชรบูรณ์,Phetchabun,16.27352174,101.110113,Oct,46150,2016,in_season,10,2016-10-01
เพชรบูรณ์,Phetchabun,16.27352174,101.110113,Nov,0,2016,in_season,11,2016-11-01
เพชรบูรณ์,Phetchabun,16.27352174,101.110113,Dec,0,2016,in_season,12,2016-12-01
เพชรบูรณ์,Phetchabun,16.27352174,101.110113,Jan,0,2017,in_season,1,2017-01-01
เพชรบูรณ์,Phetchabun,16.27352174,101.110113,Feb,0,2017,in_season,2,2017-02-01
เพชรบูรณ์,Phetchabun,16.27352174,101.110113,Mar,0,2017,in_season,3,2017-03-01
เพชรบูรณ์,Phetchabun,16.27352174,101.110113,Apr,0,2017,in_season,4,2017-04-01
เพชรบูรณ์,Phetchabun,16.27352174,101.110113,May,248254,2017,in_season,5,2017-05-01
เพชรบูรณ์,Phetchabun,16.27352174,101.110113,Jun,372879,2017,in_season,6,2017-06-01
เพชรบูรณ์,Phetchabun,16.27352174,101.110113,Jul,231020,2017,in_season,7,2017-07-01
เพชรบูรณ์,Phetchabun,16.27352174,101.110113,Aug,92472,2017,in_season,8,2017-08-01
เพชรบูรณ์,Phetchabun,16.27352174,101.110113,Sep,82255,2017,in_season,9,2017-09-01
เพชรบูรณ์,Phetchabun,16.27352174,101.110113,Oct,32226,2017,in_season,10,2017-10-01
เพชรบูรณ์,Phetchabun,16.27352174,101.110113,Nov,0,2017,in_season,11,2017-11-01
เพชรบูรณ์,Phetchabun,16.27352174,101.110113,Dec,0,2017,in_season,12,2017-12-01
เพชรบูรณ์,Phetchabun,16.27352174,101.110113,Jan,0,2018,in_season,1,2018-01-01
เพชรบูรณ์,Phetchabun,16.27352174,101.110113,Feb,0,2018,in_season,2,2018-02-01
เพชรบูรณ์,Phetchabun,16.27352174,101.110113,Mar,0,2018,in_season,3,2018-03-01
เพชรบูรณ์,Phetchabun,16.27352174,101.110113,Apr,0,2018,in_season,4,2018-04-01
เพชรบูรณ์,Phetchabun,16.27352174,101.110113,May,550741,2018,in_season,5,2018-05-01
เพชรบูรณ์,Phetchabun,16.27352174,101.110113,Jun,120938,2018,in_season,6,2018-06-01
เพชรบูรณ์,Phetchabun,16.27352174,101.110113,Jul,186203,2018,in_season,7,2018-07-01
เพชรบูรณ์,Phetchabun,16.27352174,101.110113,Aug,113238,2018,in_season,8,2018-08-01
เพชรบูรณ์,Phetchabun,16.27352174,101.110113,Sep,74165,2018,in_season,9,2018-09-01
เพชรบูรณ์,Phetchabun,16.27352174,101.110113,Oct,20173,2018,in_season,10,2018-10-01
เพชรบูรณ์,Phetchabun,16.27352174,101.110113,Nov,0,2018,in_season,11,2018-11-01
เพชรบูรณ์,Phetchabun,16.27352174,101.110113,Dec,0,2018,in_season,12,2018-12-01
เพชรบูรณ์,Phetchabun,16.27352174,101.110113,Jan,0,2019,in_season,1,2019-01-01
เพชรบูรณ์,Phetchabun,16.27352174,101.110113,Feb,0,2019,in_season,2,2019-02-01
เพชรบูรณ์,Phetchabun,16.27352174,101.110113,Mar,0,2019,in_season,3,2019-03-01
เพชรบูรณ์,Phetchabun,16.27352174,101.110113,Apr,0,2019,in_season,4,2019-04-01
เพชรบูรณ์,Phetchabun,16.27352174,101.110113,May,550741,2019,in_season,5,2019-05-01
เพชรบูรณ์,Phetchabun,16.27352174,101.110113,Jun,120938,2019,in_season,6,2019-06-01
เพชรบูรณ์,Phetchabun,16.27352174,101.110113,Jul,186203,2019,in_season,7,2019-07-01
เพชรบูรณ์,Phetchabun,16.27352174,101.110113,Aug,113238,2019,in_season,8,2019-08-01
เพชรบูรณ์,Phetchabun,16.27352174,101.110113,Sep,74165,2019,in_season,9,2019-09-01
เพชรบูรณ์,Phetchabun,16.27352174,101.110113,Oct,20173,2019,in_season,10,2019-10-01
เพชรบูรณ์,Phetchabun,16.27352174,101.110113,Nov,0,2019,in_season,11,2019-11-01
เพชรบูรณ์,Phetchabun,16.27352174,101.110113,Dec,0,2019,in_season,12,2019-12-01
เพชรบูรณ์,Phetchabun,16.27352174,101.110113,Jan,13811,2015,off_season,1,2015-01-01
เพชรบูรณ์,Phetchabun,16.27352174,101.110113,Feb,1823,2015,off_season,2,2015-02-01
เพชรบูรณ์,Phetchabun,16.27352174,101.110113,Mar,1226,2015,off_season,3,2015-03-01
เพชรบูรณ์,Phetchabun,16.27352174,101.110113,Apr,988,2015,off_season,4,2015-04-01
เพชรบูรณ์,Phetchabun,16.27352174,101.110113,May,0,2015,off_season,5,2015-05-01
เพชรบูรณ์,Phetchabun,16.27352174,101.110113,Jun,0,2015,off_season,6,2015-06-01
เพชรบูรณ์,Phetchabun,16.27352174,101.110113,Jul,0,2015,off_season,7,2015-07-01
เพชรบูรณ์,Phetchabun,16.27352174,101.110113,Aug,0,2015,off_season,8,2015-08-01
เพชรบูรณ์,Phetchabun,16.27352174,101.110113,Sep,0,2015,off_season,9,2015-09-01
เพชรบูรณ์,Phetchabun,16.27352174,101.110113,Oct,0,2015,off_season,10,2015-10-01
เพชรบูรณ์,Phetchabun,16.27352174,101.110113,Nov,13142,2015,off_season,11,2015-11-01
เพชรบูรณ์,Phetchabun,16.27352174,101.110113,Dec,9837,2015,off_season,12,2015-12-01
เพชรบูรณ์,Phetchabun,16.27352174,101.110113,Jan,3475,2016,off_season,1,2016-01-01
เพชรบูรณ์,Phetchabun,16.27352174,101.110113,Feb,1130,2016,off_season,2,2016-02-01
เพชรบูรณ์,Phetchabun,16.27352174,101.110113,Mar,598,2016,off_season,3,2016-03-01
เพชรบูรณ์,Phetchabun,16.27352174,101.110113,Apr,0,2016,off_season,4,2016-04-01
เพชรบูรณ์,Phetchabun,16.27352174,101.110113,May,0,2016,off_season,5,2016-05-01
เพชรบูรณ์,Phetchabun,16.27352174,101.110113,Jun,0,2016,off_season,6,2016-06-01
เพชรบูรณ์,Phetchabun,16.27352174,101.110113,Jul,0,2016,off_season,7,2016-07-01
เพชรบูรณ์,Phetchabun,16.27352174,101.110113,Aug,0,2016,off_season,8,2016-08-01
เพชรบูรณ์,Phetchabun,16.27352174,101.110113,Sep,0,2016,off_season,9,2016-09-01
เพชรบูรณ์,Phetchabun,16.27352174,101.110113,Oct,0,2016,off_season,10,2016-10-01
เพชรบูรณ์,Phetchabun,16.27352174,101.110113,Nov,9488,2016,off_season,11,2016-11-01
เพชรบูรณ์,Phetchabun,16.27352174,101.110113,Dec,5129,2016,off_season,12,2016-12-01
เพชรบูรณ์,Phetchabun,16.27352174,101.110113,Jan,8316,2017,off_season,1,2017-01-01
เพชรบูรณ์,Phetchabun,16.27352174,101.110113,Feb,2410,2017,off_season,2,2017-02-01
เพชรบูรณ์,Phetchabun,16.27352174,101.110113,Mar,1367,2017,off_season,3,2017-03-01
เพชรบูรณ์,Phetchabun,16.27352174,101.110113,Apr,1035,2017,off_season,4,2017-04-01
เพชรบูรณ์,Phetchabun,16.27352174,101.110113,May,0,2017,off_season,5,2017-05-01
เพชรบูรณ์,Phetchabun,16.27352174,101.110113,Jun,0,2017,off_season,6,2017-06-01
เพชรบูรณ์,Phetchabun,16.27352174,101.110113,Jul,0,2017,off_season,7,2017-07-01
เพชรบูรณ์,Phetchabun,16.27352174,101.110113,Aug,0,2017,off_season,8,2017-08-01
เพชรบูรณ์,Phetchabun,16.27352174,101.110113,Sep,0,2017,off_season,9,2017-09-01
เพชรบูรณ์,Phetchabun,16.27352174,101.110113,Oct,0,2017,off_season,10,2017-10-01
เพชรบูรณ์,Phetchabun,16.27352174,101.110113,Nov,13795,2017,off_season,11,2017-11-01
เพชรบูรณ์,Phetchabun,16.27352174,101.110113,Dec,13439,2017,off_season,12,2017-12-01
เพชรบูรณ์,Phetchabun,16.27352174,101.110113,Jan,9844,2018,off_season,1,2018-01-01
เพชรบูรณ์,Phetchabun,16.27352174,101.110113,Feb,1753,2018,off_season,2,2018-02-01
เพชรบูรณ์,Phetchabun,16.27352174,101.110113,Mar,483,2018,off_season,3,2018-03-01
เพชรบูรณ์,Phetchabun,16.27352174,101.110113,Apr,170,2018,off_season,4,2018-04-01
เพชรบูรณ์,Phetchabun,16.27352174,101.110113,May,0,2018,off_season,5,2018-05-01
เพชรบูรณ์,Phetchabun,16.27352174,101.110113,Jun,0,2018,off_season,6,2018-06-01
เพชรบูรณ์,Phetchabun,16.27352174,101.110113,Jul,0,2018,off_season,7,2018-07-01
เพชรบูรณ์,Phetchabun,16.27352174,101.110113,Aug,0,2018,off_season,8,2018-08-01
เพชรบูรณ์,Phetchabun,16.27352174,101.110113,Sep,0,2018,off_season,9,2018-09-01
เพชรบูรณ์,Phetchabun,16.27352174,101.110113,Oct,0,2018,off_season,10,2018-10-01
เพชรบูรณ์,Phetchabun,16.27352174,101.110113,Nov,13882,2018,off_season,11,2018-11-01
เพชรบูรณ์,Phetchabun,16.27352174,101.110113,Dec,12729,2018,off_season,12,2018-12-01
เพชรบูรณ์,Phetchabun,16.27352174,101.110113,Jan,5600,2019,off_season,1,2019-01-01
เพชรบูรณ์,Phetchabun,16.27352174,101.110113,Feb,748,2019,off_season,2,2019-02-01
เพชรบูรณ์,Phetchabun,16.27352174,101.110113,Mar,435,2019,off_season,3,2019-03-01
เพชรบูรณ์,Phetchabun,16.27352174,101.110113,Apr,98,2019,off_season,4,2019-04-01
เพชรบูรณ์,Phetchabun,16.27352174,101.110113,May,0,2019,off_season,5,2019-05-01
เพชรบูรณ์,Phetchabun,16.27352174,101.110113,Jun,0,2019,off_season,6,2019-06-01
เพชรบูรณ์,Phetchabun,16.27352174,101.110113,Jul,0,2019,off_season,7,2019-07-01
เพชรบูรณ์,Phetchabun,16.27352174,101.110113,Aug,0,2019,off_season,8,2019-08-01
เพชรบูรณ์,Phetchabun,16.27352174,101.110113,Sep,0,2019,off_season,9,2019-09-01
เพชรบูรณ์,Phetchabun,16.27352174,101.110113,Oct,0,2019,off_season,10,2019-10-01
เพชรบูรณ์,Phetchabun,16.27352174,101.110113,Nov,8725,2019,off_season,11,2019-11-01
เพชรบูรณ์,Phetchabun,16.27352174,101.110113,Dec,6795,2019,off_season,12,2019-12-01
เพชรบุรี,Phetchaburi,13.04547253,99.88163736,Jan,0,2015,in_season,1,2015-01-01
เพชรบุรี,Phetchaburi,13.04547253,99.88163736,Feb,0,2015,in_season,2,2015-02-01
เพชรบุรี,Phetchaburi,13.04547253,99.88163736,Mar,0,2015,in_season,3,2015-03-01
เพชรบุรี,Phetchaburi,13.04547253,99.88163736,Apr,0,2015,in_season,4,2015-04-01
เพชรบุรี,Phetchaburi,13.04547253,99.88163736,May,10340,2015,in_season,5,2015-05-01
เพชรบุรี,Phetchaburi,13.04547253,99.88163736,Jun,11910,2015,in_season,6,2015-06-01
เพชรบุรี,Phetchaburi,13.04547253,99.88163736,Jul,49597,2015,in_season,7,2015-07-01
เพชรบุรี,Phetchaburi,13.04547253,99.88163736,Aug,191959,2015,in_season,8,2015-08-01
เพชรบุรี,Phetchaburi,13.04547253,99.88163736,Sep,26250,2015,in_season,9,2015-09-01
เพชรบุรี,Phetchaburi,13.04547253,99.88163736,Oct,6222,2015,in_season,10,2015-10-01
เพชรบุรี,Phetchaburi,13.04547253,99.88163736,Nov,0,2015,in_season,11,2015-11-01
เพชรบุรี,Phetchaburi,13.04547253,99.88163736,Dec,0,2015,in_season,12,2015-12-01
เพชรบุรี,Phetchaburi,13.04547253,99.88163736,Jan,0,2016,in_season,1,2016-01-01
เพชรบุรี,Phetchaburi,13.04547253,99.88163736,Feb,0,2016,in_season,2,2016-02-01
เพชรบุรี,Phetchaburi,13.04547253,99.88163736,Mar,0,2016,in_season,3,2016-03-01
เพชรบุรี,Phetchaburi,13.04547253,99.88163736,Apr,0,2016,in_season,4,2016-04-01
เพชรบุรี,Phetchaburi,13.04547253,99.88163736,May,3846,2016,in_season,5,2016-05-01
เพชรบุรี,Phetchaburi,13.04547253,99.88163736,Jun,21844,2016,in_season,6,2016-06-01
เพชรบุรี,Phetchaburi,13.04547253,99.88163736,Jul,36601,2016,in_season,7,2016-07-01
เพชรบุรี,Phetchaburi,13.04547253,99.88163736,Aug,161650,2016,in_season,8,2016-08-01
เพชรบุรี,Phetchaburi,13.04547253,99.88163736,Sep,53076,2016,in_season,9,2016-09-01
เพชรบุรี,Phetchaburi,13.04547253,99.88163736,Oct,12791,2016,in_season,10,2016-10-01
เพชรบุรี,Phetchaburi,13.04547253,99.88163736,Nov,0,2016,in_season,11,2016-11-01
เพชรบุรี,Phetchaburi,13.04547253,99.88163736,Dec,0,2016,in_season,12,2016-12-01
เพชรบุรี,Phetchaburi,13.04547253,99.88163736,Jan,0,2017,in_season,1,2017-01-01
เพชรบุรี,Phetchaburi,13.04547253,99.88163736,Feb,0,2017,in_season,2,2017-02-01
เพชรบุรี,Phetchaburi,13.04547253,99.88163736,Mar,0,2017,in_season,3,2017-03-01
เพชรบุรี,Phetchaburi,13.04547253,99.88163736,Apr,0,2017,in_season,4,2017-04-01
เพชรบุรี,Phetchaburi,13.04547253,99.88163736,May,3698,2017,in_season,5,2017-05-01
เพชรบุรี,Phetchaburi,13.04547253,99.88163736,Jun,21212,2017,in_season,6,2017-06-01
เพชรบุรี,Phetchaburi,13.04547253,99.88163736,Jul,94245,2017,in_season,7,2017-07-01
เพชรบุรี,Phetchaburi,13.04547253,99.88163736,Aug,130351,2017,in_season,8,2017-08-01
เพชรบุรี,Phetchaburi,13.04547253,99.88163736,Sep,31422,2017,in_season,9,2017-09-01
เพชรบุรี,Phetchaburi,13.04547253,99.88163736,Oct,10229,2017,in_season,10,2017-10-01
เพชรบุรี,Phetchaburi,13.04547253,99.88163736,Nov,0,2017,in_season,11,2017-11-01
เพชรบุรี,Phetchaburi,13.04547253,99.88163736,Dec,0,2017,in_season,12,2017-12-01
เพชรบุรี,Phetchaburi,13.04547253,99.88163736,Jan,0,2018,in_season,1,2018-01-01
เพชรบุรี,Phetchaburi,13.04547253,99.88163736,Feb,0,2018,in_season,2,2018-02-01
เพชรบุรี,Phetchaburi,13.04547253,99.88163736,Mar,0,2018,in_season,3,2018-03-01
เพชรบุรี,Phetchaburi,13.04547253,99.88163736,Apr,0,2018,in_season,4,2018-04-01
เพชรบุรี,Phetchaburi,13.04547253,99.88163736,May,11041,2018,in_season,5,2018-05-01
เพชรบุรี,Phetchaburi,13.04547253,99.88163736,Jun,15025,2018,in_season,6,2018-06-01
เพชรบุรี,Phetchaburi,13.04547253,99.88163736,Jul,31665,2018,in_season,7,2018-07-01
เพชรบุรี,Phetchaburi,13.04547253,99.88163736,Aug,142462,2018,in_season,8,2018-08-01
เพชรบุรี,Phetchaburi,13.04547253,99.88163736,Sep,48904,2018,in_season,9,2018-09-01
เพชรบุรี,Phetchaburi,13.04547253,99.88163736,Oct,42652,2018,in_season,10,2018-10-01
เพชรบุรี,Phetchaburi,13.04547253,99.88163736,Nov,0,2018,in_season,11,2018-11-01
เพชรบุรี,Phetchaburi,13.04547253,99.88163736,Dec,0,2018,in_season,12,2018-12-01
เพชรบุรี,Phetchaburi,13.04547253,99.88163736,Jan,0,2019,in_season,1,2019-01-01
เพชรบุรี,Phetchaburi,13.04547253,99.88163736,Feb,0,2019,in_season,2,2019-02-01
เพชรบุรี,Phetchaburi,13.04547253,99.88163736,Mar,0,2019,in_season,3,2019-03-01
เพชรบุรี,Phetchaburi,13.04547253,99.88163736,Apr,0,2019,in_season,4,2019-04-01
เพชรบุรี,Phetchaburi,13.04547253,99.88163736,May,11041,2019,in_season,5,2019-05-01
เพชรบุรี,Phetchaburi,13.04547253,99.88163736,Jun,15025,2019,in_season,6,2019-06-01
เพชรบุรี,Phetchaburi,13.04547253,99.88163736,Jul,31665,2019,in_season,7,2019-07-01
เพชรบุรี,Phetchaburi,13.04547253,99.88163736,Aug,142462,2019,in_season,8,2019-08-01
เพชรบุรี,Phetchaburi,13.04547253,99.88163736,Sep,48904,2019,in_season,9,2019-09-01
เพชรบุรี,Phetchaburi,13.04547253,99.88163736,Oct,42652,2019,in_season,10,2019-10-01
เพชรบุรี,Phetchaburi,13.04547253,99.88163736,Nov,0,2019,in_season,11,2019-11-01
เพชรบุรี,Phetchaburi,13.04547253,99.88163736,Dec,0,2019,in_season,12,2019-12-01
เพชรบุรี,Phetchaburi,13.04547253,99.88163736,Jan,1135,2015,off_season,1,2015-01-01
เพชรบุรี,Phetchaburi,13.04547253,99.88163736,Feb,1615,2015,off_season,2,2015-02-01
เพชรบุรี,Phetchaburi,13.04547253,99.88163736,Mar,1957,2015,off_season,3,2015-03-01
เพชรบุรี,Phetchaburi,13.04547253,99.88163736,Apr,1342,2015,off_season,4,2015-04-01
เพชรบุรี,Phetchaburi,13.04547253,99.88163736,May,0,2015,off_season,5,2015-05-01
เพชรบุรี,Phetchaburi,13.04547253,99.88163736,Jun,0,2015,off_season,6,2015-06-01
เพชรบุรี,Phetchaburi,13.04547253,99.88163736,Jul,0,2015,off_season,7,2015-07-01
เพชรบุรี,Phetchaburi,13.04547253,99.88163736,Aug,0,2015,off_season,8,2015-08-01
เพชรบุรี,Phetchaburi,13.04547253,99.88163736,Sep,0,2015,off_season,9,2015-09-01
เพชรบุรี,Phetchaburi,13.04547253,99.88163736,Oct,0,2015,off_season,10,2015-10-01
เพชรบุรี,Phetchaburi,13.04547253,99.88163736,Nov,374,2015,off_season,11,2015-11-01
เพชรบุรี,Phetchaburi,13.04547253,99.88163736,Dec,386,2015,off_season,12,2015-12-01
เพชรบุรี,Phetchaburi,13.04547253,99.88163736,Jan,1561,2016,off_season,1,2016-01-01
เพชรบุรี,Phetchaburi,13.04547253,99.88163736,Feb,2024,2016,off_season,2,2016-02-01
เพชรบุรี,Phetchaburi,13.04547253,99.88163736,Mar,2707,2016,off_season,3,2016-03-01
เพชรบุรี,Phetchaburi,13.04547253,99.88163736,Apr,668,2016,off_season,4,2016-04-01
เพชรบุรี,Phetchaburi,13.04547253,99.88163736,May,0,2016,off_season,5,2016-05-01
เพชรบุรี,Phetchaburi,13.04547253,99.88163736,Jun,0,2016,off_season,6,2016-06-01
เพชรบุรี,Phetchaburi,13.04547253,99.88163736,Jul,0,2016,off_season,7,2016-07-01
เพชรบุรี,Phetchaburi,13.04547253,99.88163736,Aug,0,2016,off_season,8,2016-08-01
เพชรบุรี,Phetchaburi,13.04547253,99.88163736,Sep,0,2016,off_season,9,2016-09-01
เพชรบุรี,Phetchaburi,13.04547253,99.88163736,Oct,0,2016,off_season,10,2016-10-01
เพชรบุรี,Phetchaburi,13.04547253,99.88163736,Nov,329,2016,off_season,11,2016-11-01
เพชรบุรี,Phetchaburi,13.04547253,99.88163736,Dec,273,2016,off_season,12,2016-12-01
เพชรบุรี,Phetchaburi,13.04547253,99.88163736,Jan,635,2017,off_season,1,2017-01-01
เพชรบุรี,Phetchaburi,13.04547253,99.88163736,Feb,7520,2017,off_season,2,2017-02-01
เพชรบุรี,Phetchaburi,13.04547253,99.88163736,Mar,8513,2017,off_season,3,2017-03-01
เพชรบุรี,Phetchaburi,13.04547253,99.88163736,Apr,453,2017,off_season,4,2017-04-01
เพชรบุรี,Phetchaburi,13.04547253,99.88163736,May,0,2017,off_season,5,2017-05-01
เพชรบุรี,Phetchaburi,13.04547253,99.88163736,Jun,0,2017,off_season,6,2017-06-01
เพชรบุรี,Phetchaburi,13.04547253,99.88163736,Jul,0,2017,off_season,7,2017-07-01
เพชรบุรี,Phetchaburi,13.04547253,99.88163736,Aug,0,2017,off_season,8,2017-08-01
เพชรบุรี,Phetchaburi,13.04547253,99.88163736,Sep,0,2017,off_season,9,2017-09-01
เพชรบุรี,Phetchaburi,13.04547253,99.88163736,Oct,0,2017,off_season,10,2017-10-01
เพชรบุรี,Phetchaburi,13.04547253,99.88163736,Nov,0,2017,off_season,11,2017-11-01
เพชรบุรี,Phetchaburi,13.04547253,99.88163736,Dec,192,2017,off_season,12,2017-12-01
เพชรบุรี,Phetchaburi,13.04547253,99.88163736,Jan,9839,2018,off_season,1,2018-01-01
เพชรบุรี,Phetchaburi,13.04547253,99.88163736,Feb,49961,2018,off_season,2,2018-02-01
เพชรบุรี,Phetchaburi,13.04547253,99.88163736,Mar,72997,2018,off_season,3,2018-03-01
เพชรบุรี,Phetchaburi,13.04547253,99.88163736,Apr,4191,2018,off_season,4,2018-04-01
เพชรบุรี,Phetchaburi,13.04547253,99.88163736,May,0,2018,off_season,5,2018-05-01
เพชรบุรี,Phetchaburi,13.04547253,99.88163736,Jun,0,2018,off_season,6,2018-06-01
เพชรบุรี,Phetchaburi,13.04547253,99.88163736,Jul,0,2018,off_season,7,2018-07-01
เพชรบุรี,Phetchaburi,13.04547253,99.88163736,Aug,0,2018,off_season,8,2018-08-01
เพชรบุรี,Phetchaburi,13.04547253,99.88163736,Sep,0,2018,off_season,9,2018-09-01
เพชรบุรี,Phetchaburi,13.04547253,99.88163736,Oct,0,2018,off_season,10,2018-10-01
เพชรบุรี,Phetchaburi,13.04547253,99.88163736,Nov,796,2018,off_season,11,2018-11-01
เพชรบุรี,Phetchaburi,13.04547253,99.88163736,Dec,1641,2018,off_season,12,2018-12-01
เพชรบุรี,Phetchaburi,13.04547253,99.88163736,Jan,23287,2019,off_season,1,2019-01-01
เพชรบุรี,Phetchaburi,13.04547253,99.88163736,Feb,48099,2019,off_season,2,2019-02-01
เพชรบุรี,Phetchaburi,13.04547253,99.88163736,Mar,67065,2019,off_season,3,2019-03-01
เพชรบุรี,Phetchaburi,13.04547253,99.88163736,Apr,4882,2019,off_season,4,2019-04-01
เพชรบุรี,Phetchaburi,13.04547253,99.88163736,May,0,2019,off_season,5,2019-05-01
เพชรบุรี,Phetchaburi,13.04547253,99.88163736,Jun,0,2019,off_season,6,2019-06-01
เพชรบุรี,Phetchaburi,13.04547253,99.88163736,Jul,0,2019,off_season,7,2019-07-01
เพชรบุรี,Phetchaburi,13.04547253,99.88163736,Aug,0,2019,off_season,8,2019-08-01
เพชรบุรี,Phetchaburi,13.04547253,99.88163736,Sep,0,2019,off_season,9,2019-09-01
เพชรบุรี,Phetchaburi,13.04547253,99.88163736,Oct,0,2019,off_season,10,2019-10-01
เพชรบุรี,Phetchaburi,13.04547253,99.88163736,Nov,4348,2019,off_season,11,2019-11-01
เพชรบุรี,Phetchaburi,13.04547253,99.88163736,Dec,5412,2019,off_season,12,2019-12-01
พิจิตร,Phichit,16.25902273,100.3543182,Jan,0,2015,in_season,1,2015-01-01
พิจิตร,Phichit,16.25902273,100.3543182,Feb,0,2015,in_season,2,2015-02-01
พิจิตร,Phichit,16.25902273,100.3543182,Mar,0,2015,in_season,3,2015-03-01
พิจิตร,Phichit,16.25902273,100.3543182,Apr,0,2015,in_season,4,2015-04-01
พิจิตร,Phichit,16.25902273,100.3543182,May,285382,2015,in_season,5,2015-05-01
พิจิตร,Phichit,16.25902273,100.3543182,Jun,388929,2015,in_season,6,2015-06-01
พิจิตร,Phichit,16.25902273,100.3543182,Jul,349864,2015,in_season,7,2015-07-01
พิจิตร,Phichit,16.25902273,100.3543182,Aug,397872,2015,in_season,8,2015-08-01
พิจิตร,Phichit,16.25902273,100.3543182,Sep,146848,2015,in_season,9,2015-09-01
พิจิตร,Phichit,16.25902273,100.3543182,Oct,0,2015,in_season,10,2015-10-01
พิจิตร,Phichit,16.25902273,100.3543182,Nov,0,2015,in_season,11,2015-11-01
พิจิตร,Phichit,16.25902273,100.3543182,Dec,0,2015,in_season,12,2015-12-01
พิจิตร,Phichit,16.25902273,100.3543182,Jan,0,2016,in_season,1,2016-01-01
พิจิตร,Phichit,16.25902273,100.3543182,Feb,0,2016,in_season,2,2016-02-01
พิจิตร,Phichit,16.25902273,100.3543182,Mar,0,2016,in_season,3,2016-03-01
พิจิตร,Phichit,16.25902273,100.3543182,Apr,0,2016,in_season,4,2016-04-01
พิจิตร,Phichit,16.25902273,100.3543182,May,219591,2016,in_season,5,2016-05-01
พิจิตร,Phichit,16.25902273,100.3543182,Jun,503618,2016,in_season,6,2016-06-01
พิจิตร,Phichit,16.25902273,100.3543182,Jul,434872,2016,in_season,7,2016-07-01
พิจิตร,Phichit,16.25902273,100.3543182,Aug,277115,2016,in_season,8,2016-08-01
พิจิตร,Phichit,16.25902273,100.3543182,Sep,69455,2016,in_season,9,2016-09-01
พิจิตร,Phichit,16.25902273,100.3543182,Oct,55428,2016,in_season,10,2016-10-01
พิจิตร,Phichit,16.25902273,100.3543182,Nov,0,2016,in_season,11,2016-11-01
พิจิตร,Phichit,16.25902273,100.3543182,Dec,0,2016,in_season,12,2016-12-01
พิจิตร,Phichit,16.25902273,100.3543182,Jan,0,2017,in_season,1,2017-01-01
พิจิตร,Phichit,16.25902273,100.3543182,Feb,0,2017,in_season,2,2017-02-01
พิจิตร,Phichit,16.25902273,100.3543182,Mar,0,2017,in_season,3,2017-03-01
พิจิตร,Phichit,16.25902273,100.3543182,Apr,0,2017,in_season,4,2017-04-01
พิจิตร,Phichit,16.25902273,100.3543182,May,456664,2017,in_season,5,2017-05-01
พิจิตร,Phichit,16.25902273,100.3543182,Jun,641805,2017,in_season,6,2017-06-01
พิจิตร,Phichit,16.25902273,100.3543182,Jul,205929,2017,in_season,7,2017-07-01
พิจิตร,Phichit,16.25902273,100.3543182,Aug,115742,2017,in_season,8,2017-08-01
พิจิตร,Phichit,16.25902273,100.3543182,Sep,86713,2017,in_season,9,2017-09-01
พิจิตร,Phichit,16.25902273,100.3543182,Oct,55841,2017,in_season,10,2017-10-01
พิจิตร,Phichit,16.25902273,100.3543182,Nov,0,2017,in_season,11,2017-11-01
พิจิตร,Phichit,16.25902273,100.3543182,Dec,0,2017,in_season,12,2017-12-01
พิจิตร,Phichit,16.25902273,100.3543182,Jan,0,2018,in_season,1,2018-01-01
พิจิตร,Phichit,16.25902273,100.3543182,Feb,0,2018,in_season,2,2018-02-01
พิจิตร,Phichit,16.25902273,100.3543182,Mar,0,2018,in_season,3,2018-03-01
พิจิตร,Phichit,16.25902273,100.3543182,Apr,0,2018,in_season,4,2018-04-01
พิจิตร,Phichit,16.25902273,100.3543182,May,675178,2018,in_season,5,2018-05-01
พิจิตร,Phichit,16.25902273,100.3543182,Jun,479288,2018,in_season,6,2018-06-01
พิจิตร,Phichit,16.25902273,100.3543182,Jul,161394,2018,in_season,7,2018-07-01
พิจิตร,Phichit,16.25902273,100.3543182,Aug,169397,2018,in_season,8,2018-08-01
พิจิตร,Phichit,16.25902273,100.3543182,Sep,171756,2018,in_season,9,2018-09-01
พิจิตร,Phichit,16.25902273,100.3543182,Oct,49475,2018,in_season,10,2018-10-01
พิจิตร,Phichit,16.25902273,100.3543182,Nov,0,2018,in_season,11,2018-11-01
พิจิตร,Phichit,16.25902273,100.3543182,Dec,0,2018,in_season,12,2018-12-01
พิจิตร,Phichit,16.25902273,100.3543182,Jan,0,2019,in_season,1,2019-01-01
พิจิตร,Phichit,16.25902273,100.3543182,Feb,0,2019,in_season,2,2019-02-01
พิจิตร,Phichit,16.25902273,100.3543182,Mar,0,2019,in_season,3,2019-03-01
พิจิตร,Phichit,16.25902273,100.3543182,Apr,0,2019,in_season,4,2019-04-01
พิจิตร,Phichit,16.25902273,100.3543182,May,675178,2019,in_season,5,2019-05-01
พิจิตร,Phichit,16.25902273,100.3543182,Jun,479288,2019,in_season,6,2019-06-01
พิจิตร,Phichit,16.25902273,100.3543182,Jul,161394,2019,in_season,7,2019-07-01
พิจิตร,Phichit,16.25902273,100.3543182,Aug,169397,2019,in_season,8,2019-08-01
พิจิตร,Phichit,16.25902273,100.3543182,Sep,171756,2019,in_season,9,2019-09-01
พิจิตร,Phichit,16.25902273,100.3543182,Oct,49475,2019,in_season,10,2019-10-01
พิจิตร,Phichit,16.25902273,100.3543182,Nov,0,2019,in_season,11,2019-11-01
พิจิตร,Phichit,16.25902273,100.3543182,Dec,0,2019,in_season,12,2019-12-01
พิจิตร,Phichit,16.25902273,100.3543182,Jan,99233,2015,off_season,1,2015-01-01
พิจิตร,Phichit,16.25902273,100.3543182,Feb,15364,2015,off_season,2,2015-02-01
พิจิตร,Phichit,16.25902273,100.3543182,Mar,8135,2015,off_season,3,2015-03-01
พิจิตร,Phichit,16.25902273,100.3543182,Apr,39039,2015,off_season,4,2015-04-01
พิจิตร,Phichit,16.25902273,100.3543182,May,0,2015,off_season,5,2015-05-01
พิจิตร,Phichit,16.25902273,100.3543182,Jun,0,2015,off_season,6,2015-06-01
พิจิตร,Phichit,16.25902273,100.3543182,Jul,0,2015,off_season,7,2015-07-01
พิจิตร,Phichit,16.25902273,100.3543182,Aug,0,2015,off_season,8,2015-08-01
พิจิตร,Phichit,16.25902273,100.3543182,Sep,0,2015,off_season,9,2015-09-01
พิจิตร,Phichit,16.25902273,100.3543182,Oct,0,2015,off_season,10,2015-10-01
พิจิตร,Phichit,16.25902273,100.3543182,Nov,213488,2015,off_season,11,2015-11-01
พิจิตร,Phichit,16.25902273,100.3543182,Dec,213017,2015,off_season,12,2015-12-01
พิจิตร,Phichit,16.25902273,100.3543182,Jan,67922,2016,off_season,1,2016-01-01
พิจิตร,Phichit,16.25902273,100.3543182,Feb,7186,2016,off_season,2,2016-02-01
พิจิตร,Phichit,16.25902273,100.3543182,Mar,4830,2016,off_season,3,2016-03-01
พิจิตร,Phichit,16.25902273,100.3543182,Apr,1606,2016,off_season,4,2016-04-01
พิจิตร,Phichit,16.25902273,100.3543182,May,0,2016,off_season,5,2016-05-01
พิจิตร,Phichit,16.25902273,100.3543182,Jun,0,2016,off_season,6,2016-06-01
พิจิตร,Phichit,16.25902273,100.3543182,Jul,0,2016,off_season,7,2016-07-01
พิจิตร,Phichit,16.25902273,100.3543182,Aug,0,2016,off_season,8,2016-08-01
พิจิตร,Phichit,16.25902273,100.3543182,Sep,0,2016,off_season,9,2016-09-01
พิจิตร,Phichit,16.25902273,100.3543182,Oct,0,2016,off_season,10,2016-10-01
พิจิตร,Phichit,16.25902273,100.3543182,Nov,103911,2016,off_season,11,2016-11-01
พิจิตร,Phichit,16.25902273,100.3543182,Dec,143607,2016,off_season,12,2016-12-01
พิจิตร,Phichit,16.25902273,100.3543182,Jan,123758,2017,off_season,1,2017-01-01
พิจิตร,Phichit,16.25902273,100.3543182,Feb,42815,2017,off_season,2,2017-02-01
พิจิตร,Phichit,16.25902273,100.3543182,Mar,15725,2017,off_season,3,2017-03-01
พิจิตร,Phichit,16.25902273,100.3543182,Apr,2043,2017,off_season,4,2017-04-01
พิจิตร,Phichit,16.25902273,100.3543182,May,0,2017,off_season,5,2017-05-01
พิจิตร,Phichit,16.25902273,100.3543182,Jun,0,2017,off_season,6,2017-06-01
พิจิตร,Phichit,16.25902273,100.3543182,Jul,0,2017,off_season,7,2017-07-01
พิจิตร,Phichit,16.25902273,100.3543182,Aug,0,2017,off_season,8,2017-08-01
พิจิตร,Phichit,16.25902273,100.3543182,Sep,0,2017,off_season,9,2017-09-01
พิจิตร,Phichit,16.25902273,100.3543182,Oct,0,2017,off_season,10,2017-10-01
พิจิตร,Phichit,16.25902273,100.3543182,Nov,144649,2017,off_season,11,2017-11-01
พิจิตร,Phichit,16.25902273,100.3543182,Dec,368687,2017,off_season,12,2017-12-01
พิจิตร,Phichit,16.25902273,100.3543182,Jan,129725,2018,off_season,1,2018-01-01
พิจิตร,Phichit,16.25902273,100.3543182,Feb,32514,2018,off_season,2,2018-02-01
พิจิตร,Phichit,16.25902273,100.3543182,Mar,19427,2018,off_season,3,2018-03-01
พิจิตร,Phichit,16.25902273,100.3543182,Apr,54883,2018,off_season,4,2018-04-01
พิจิตร,Phichit,16.25902273,100.3543182,May,0,2018,off_season,5,2018-05-01
พิจิตร,Phichit,16.25902273,100.3543182,Jun,0,2018,off_season,6,2018-06-01
พิจิตร,Phichit,16.25902273,100.3543182,Jul,0,2018,off_season,7,2018-07-01
พิจิตร,Phichit,16.25902273,100.3543182,Aug,0,2018,off_season,8,2018-08-01
พิจิตร,Phichit,16.25902273,100.3543182,Sep,0,2018,off_season,9,2018-09-01
พิจิตร,Phichit,16.25902273,100.3543182,Oct,0,2018,off_season,10,2018-10-01
พิจิตร,Phichit,16.25902273,100.3543182,Nov,153638,2018,off_season,11,2018-11-01
พิจิตร,Phichit,16.25902273,100.3543182,Dec,356366,2018,off_season,12,2018-12-01
พิจิตร,Phichit,16.25902273,100.3543182,Jan,130040,2019,off_season,1,2019-01-01
พิจิตร,Phichit,16.25902273,100.3543182,Feb,32449,2019,off_season,2,2019-02-01
พิจิตร,Phichit,16.25902273,100.3543182,Mar,18428,2019,off_season,3,2019-03-01
พิจิตร,Phichit,16.25902273,100.3543182,Apr,18174,2019,off_season,4,2019-04-01
พิจิตร,Phichit,16.25902273,100.3543182,May,0,2019,off_season,5,2019-05-01
พิจิตร,Phichit,16.25902273,100.3543182,Jun,0,2019,off_season,6,2019-06-01
พิจิตร,Phichit,16.25902273,100.3543182,Jul,0,2019,off_season,7,2019-07-01
พิจิตร,Phichit,16.25902273,100.3543182,Aug,0,2019,off_season,8,2019-08-01
พิจิตร,Phichit,16.25902273,100.3543182,Sep,0,2019,off_season,9,2019-09-01
พิจิตร,Phichit,16.25902273,100.3543182,Oct,0,2019,off_season,10,2019-10-01
พิจิตร,Phichit,16.25902273,100.3543182,Nov,155214,2019,off_season,11,2019-11-01
พิจิตร,Phichit,16.25902273,100.3543182,Dec,353964,2019,off_season,12,2019-12-01
พิษณุโลก,Phitsanulok,16.87664516,100.3781935,Jan,0,2015,in_season,1,2015-01-01
พิษณุโลก,Phitsanulok,16.87664516,100.3781935,Feb,0,2015,in_season,2,2015-02-01
พิษณุโลก,Phitsanulok,16.87664516,100.3781935,Mar,0,2015,in_season,3,2015-03-01
พิษณุโลก,Phitsanulok,16.87664516,100.3781935,Apr,0,2015,in_season,4,2015-04-01
พิษณุโลก,Phitsanulok,16.87664516,100.3781935,May,242241,2015,in_season,5,2015-05-01
พิษณุโลก,Phitsanulok,16.87664516,100.3781935,Jun,340942,2015,in_season,6,2015-06-01
พิษณุโลก,Phitsanulok,16.87664516,100.3781935,Jul,419849,2015,in_season,7,2015-07-01
พิษณุโลก,Phitsanulok,16.87664516,100.3781935,Aug,275501,2015,in_season,8,2015-08-01
พิษณุโลก,Phitsanulok,16.87664516,100.3781935,Sep,68000,2015,in_season,9,2015-09-01
พิษณุโลก,Phitsanulok,16.87664516,100.3781935,Oct,0,2015,in_season,10,2015-10-01
พิษณุโลก,Phitsanulok,16.87664516,100.3781935,Nov,0,2015,in_season,11,2015-11-01
พิษณุโลก,Phitsanulok,16.87664516,100.3781935,Dec,0,2015,in_season,12,2015-12-01
พิษณุโลก,Phitsanulok,16.87664516,100.3781935,Jan,0,2016,in_season,1,2016-01-01
พิษณุโลก,Phitsanulok,16.87664516,100.3781935,Feb,0,2016,in_season,2,2016-02-01
พิษณุโลก,Phitsanulok,16.87664516,100.3781935,Mar,0,2016,in_season,3,2016-03-01
พิษณุโลก,Phitsanulok,16.87664516,100.3781935,Apr,0,2016,in_season,4,2016-04-01
พิษณุโลก,Phitsanulok,16.87664516,100.3781935,May,227657,2016,in_season,5,2016-05-01
พิษณุโลก,Phitsanulok,16.87664516,100.3781935,Jun,545333,2016,in_season,6,2016-06-01
พิษณุโลก,Phitsanulok,16.87664516,100.3781935,Jul,371782,2016,in_season,7,2016-07-01
พิษณุโลก,Phitsanulok,16.87664516,100.3781935,Aug,118743,2016,in_season,8,2016-08-01
พิษณุโลก,Phitsanulok,16.87664516,100.3781935,Sep,40668,2016,in_season,9,2016-09-01
พิษณุโลก,Phitsanulok,16.87664516,100.3781935,Oct,0,2016,in_season,10,2016-10-01
พิษณุโลก,Phitsanulok,16.87664516,100.3781935,Nov,0,2016,in_season,11,2016-11-01
พิษณุโลก,Phitsanulok,16.87664516,100.3781935,Dec,0,2016,in_season,12,2016-12-01
พิษณุโลก,Phitsanulok,16.87664516,100.3781935,Jan,0,2017,in_season,1,2017-01-01
พิษณุโลก,Phitsanulok,16.87664516,100.3781935,Feb,0,2017,in_season,2,2017-02-01
พิษณุโลก,Phitsanulok,16.87664516,100.3781935,Mar,0,2017,in_season,3,2017-03-01
พิษณุโลก,Phitsanulok,16.87664516,100.3781935,Apr,0,2017,in_season,4,2017-04-01
พิษณุโลก,Phitsanulok,16.87664516,100.3781935,May,408951,2017,in_season,5,2017-05-01
พิษณุโลก,Phitsanulok,16.87664516,100.3781935,Jun,380283,2017,in_season,6,2017-06-01
พิษณุโลก,Phitsanulok,16.87664516,100.3781935,Jul,356362,2017,in_season,7,2017-07-01
พิษณุโลก,Phitsanulok,16.87664516,100.3781935,Aug,112335,2017,in_season,8,2017-08-01
พิษณุโลก,Phitsanulok,16.87664516,100.3781935,Sep,66595,2017,in_season,9,2017-09-01
พิษณุโลก,Phitsanulok,16.87664516,100.3781935,Oct,12645,2017,in_season,10,2017-10-01
พิษณุโลก,Phitsanulok,16.87664516,100.3781935,Nov,0,2017,in_season,11,2017-11-01
พิษณุโลก,Phitsanulok,16.87664516,100.3781935,Dec,0,2017,in_season,12,2017-12-01
พิษณุโลก,Phitsanulok,16.87664516,100.3781935,Jan,0,2018,in_season,1,2018-01-01
พิษณุโลก,Phitsanulok,16.87664516,100.3781935,Feb,0,2018,in_season,2,2018-02-01
พิษณุโลก,Phitsanulok,16.87664516,100.3781935,Mar,0,2018,in_season,3,2018-03-01
พิษณุโลก,Phitsanulok,16.87664516,100.3781935,Apr,0,2018,in_season,4,2018-04-01
พิษณุโลก,Phitsanulok,16.87664516,100.3781935,May,695029,2018,in_season,5,2018-05-01
พิษณุโลก,Phitsanulok,16.87664516,100.3781935,Jun,249150,2018,in_season,6,2018-06-01
พิษณุโลก,Phitsanulok,16.87664516,100.3781935,Jul,163269,2018,in_season,7,2018-07-01
พิษณุโลก,Phitsanulok,16.87664516,100.3781935,Aug,182286,2018,in_season,8,2018-08-01
พิษณุโลก,Phitsanulok,16.87664516,100.3781935,Sep,61398,2018,in_season,9,2018-09-01
พิษณุโลก,Phitsanulok,16.87664516,100.3781935,Oct,24807,2018,in_season,10,2018-10-01
พิษณุโลก,Phitsanulok,16.87664516,100.3781935,Nov,0,2018,in_season,11,2018-11-01
พิษณุโลก,Phitsanulok,16.87664516,100.3781935,Dec,0,2018,in_season,12,2018-12-01
พิษณุโลก,Phitsanulok,16.87664516,100.3781935,Jan,0,2019,in_season,1,2019-01-01
พิษณุโลก,Phitsanulok,16.87664516,100.3781935,Feb,0,2019,in_season,2,2019-02-01
พิษณุโลก,Phitsanulok,16.87664516,100.3781935,Mar,0,2019,in_season,3,2019-03-01
พิษณุโลก,Phitsanulok,16.87664516,100.3781935,Apr,0,2019,in_season,4,2019-04-01
พิษณุโลก,Phitsanulok,16.87664516,100.3781935,May,695029,2019,in_season,5,2019-05-01
พิษณุโลก,Phitsanulok,16.87664516,100.3781935,Jun,249150,2019,in_season,6,2019-06-01
พิษณุโลก,Phitsanulok,16.87664516,100.3781935,Jul,163269,2019,in_season,7,2019-07-01
พิษณุโลก,Phitsanulok,16.87664516,100.3781935,Aug,182286,2019,in_season,8,2019-08-01
พิษณุโลก,Phitsanulok,16.87664516,100.3781935,Sep,61398,2019,in_season,9,2019-09-01
พิษณุโลก,Phitsanulok,16.87664516,100.3781935,Oct,24807,2019,in_season,10,2019-10-01
พิษณุโลก,Phitsanulok,16.87664516,100.3781935,Nov,0,2019,in_season,11,2019-11-01
พิษณุโลก,Phitsanulok,16.87664516,100.3781935,Dec,0,2019,in_season,12,2019-12-01
พิษณุโลก,Phitsanulok,16.87664516,100.3781935,Jan,112375,2015,off_season,1,2015-01-01
พิษณุโลก,Phitsanulok,16.87664516,100.3781935,Feb,22120,2015,off_season,2,2015-02-01
พิษณุโลก,Phitsanulok,16.87664516,100.3781935,Mar,9546,2015,off_season,3,2015-03-01
พิษณุโลก,Phitsanulok,16.87664516,100.3781935,Apr,19517,2015,off_season,4,2015-04-01
พิษณุโลก,Phitsanulok,16.87664516,100.3781935,May,0,2015,off_season,5,2015-05-01
พิษณุโลก,Phitsanulok,16.87664516,100.3781935,Jun,0,2015,off_season,6,2015-06-01
พิษณุโลก,Phitsanulok,16.87664516,100.3781935,Jul,0,2015,off_season,7,2015-07-01
พิษณุโลก,Phitsanulok,16.87664516,100.3781935,Aug,0,2015,off_season,8,2015-08-01
พิษณุโลก,Phitsanulok,16.87664516,100.3781935,Sep,0,2015,off_season,9,2015-09-01
พิษณุโลก,Phitsanulok,16.87664516,100.3781935,Oct,0,2015,off_season,10,2015-10-01
พิษณุโลก,Phitsanulok,16.87664516,100.3781935,Nov,141845,2015,off_season,11,2015-11-01
พิษณุโลก,Phitsanulok,16.87664516,100.3781935,Dec,144791,2015,off_season,12,2015-12-01
พิษณุโลก,Phitsanulok,16.87664516,100.3781935,Jan,62706,2016,off_season,1,2016-01-01
พิษณุโลก,Phitsanulok,16.87664516,100.3781935,Feb,18922,2016,off_season,2,2016-02-01
พิษณุโลก,Phitsanulok,16.87664516,100.3781935,Mar,2205,2016,off_season,3,2016-03-01
พิษณุโลก,Phitsanulok,16.87664516,100.3781935,Apr,0,2016,off_season,4,2016-04-01
พิษณุโลก,Phitsanulok,16.87664516,100.3781935,May,0,2016,off_season,5,2016-05-01
พิษณุโลก,Phitsanulok,16.87664516,100.3781935,Jun,0,2016,off_season,6,2016-06-01
พิษณุโลก,Phitsanulok,16.87664516,100.3781935,Jul,0,2016,off_season,7,2016-07-01
พิษณุโลก,Phitsanulok,16.87664516,100.3781935,Aug,0,2016,off_season,8,2016-08-01
พิษณุโลก,Phitsanulok,16.87664516,100.3781935,Sep,0,2016,off_season,9,2016-09-01
พิษณุโลก,Phitsanulok,16.87664516,100.3781935,Oct,0,2016,off_season,10,2016-10-01
พิษณุโลก,Phitsanulok,16.87664516,100.3781935,Nov,90491,2016,off_season,11,2016-11-01
พิษณุโลก,Phitsanulok,16.87664516,100.3781935,Dec,156525,2016,off_season,12,2016-12-01
พิษณุโลก,Phitsanulok,16.87664516,100.3781935,Jan,194092,2017,off_season,1,2017-01-01
พิษณุโลก,Phitsanulok,16.87664516,100.3781935,Feb,63514,2017,off_season,2,2017-02-01
พิษณุโลก,Phitsanulok,16.87664516,100.3781935,Mar,8199,2017,off_season,3,2017-03-01
พิษณุโลก,Phitsanulok,16.87664516,100.3781935,Apr,4893,2017,off_season,4,2017-04-01
พิษณุโลก,Phitsanulok,16.87664516,100.3781935,May,0,2017,off_season,5,2017-05-01
พิษณุโลก,Phitsanulok,16.87664516,100.3781935,Jun,0,2017,off_season,6,2017-06-01
พิษณุโลก,Phitsanulok,16.87664516,100.3781935,Jul,0,2017,off_season,7,2017-07-01
พิษณุโลก,Phitsanulok,16.87664516,100.3781935,Aug,0,2017,off_season,8,2017-08-01
พิษณุโลก,Phitsanulok,16.87664516,100.3781935,Sep,0,2017,off_season,9,2017-09-01
พิษณุโลก,Phitsanulok,16.87664516,100.3781935,Oct,0,2017,off_season,10,2017-10-01
พิษณุโลก,Phitsanulok,16.87664516,100.3781935,Nov,163342,2017,off_season,11,2017-11-01
พิษณุโลก,Phitsanulok,16.87664516,100.3781935,Dec,280194,2017,off_season,12,2017-12-01
พิษณุโลก,Phitsanulok,16.87664516,100.3781935,Jan,218929,2018,off_season,1,2018-01-01
พิษณุโลก,Phitsanulok,16.87664516,100.3781935,Feb,54875,2018,off_season,2,2018-02-01
พิษณุโลก,Phitsanulok,16.87664516,100.3781935,Mar,13503,2018,off_season,3,2018-03-01
พิษณุโลก,Phitsanulok,16.87664516,100.3781935,Apr,9508,2018,off_season,4,2018-04-01
พิษณุโลก,Phitsanulok,16.87664516,100.3781935,May,0,2018,off_season,5,2018-05-01
พิษณุโลก,Phitsanulok,16.87664516,100.3781935,Jun,0,2018,off_season,6,2018-06-01
พิษณุโลก,Phitsanulok,16.87664516,100.3781935,Jul,0,2018,off_season,7,2018-07-01
พิษณุโลก,Phitsanulok,16.87664516,100.3781935,Aug,0,2018,off_season,8,2018-08-01
พิษณุโลก,Phitsanulok,16.87664516,100.3781935,Sep,0,2018,off_season,9,2018-09-01
พิษณุโลก,Phitsanulok,16.87664516,100.3781935,Oct,0,2018,off_season,10,2018-10-01
พิษณุโลก,Phitsanulok,16.87664516,100.3781935,Nov,153805,2018,off_season,11,2018-11-01
พิษณุโลก,Phitsanulok,16.87664516,100.3781935,Dec,393583,2018,off_season,12,2018-12-01
พิษณุโลก,Phitsanulok,16.87664516,100.3781935,Jan,187703,2019,off_season,1,2019-01-01
พิษณุโลก,Phitsanulok,16.87664516,100.3781935,Feb,56914,2019,off_season,2,2019-02-01
พิษณุโลก,Phitsanulok,16.87664516,100.3781935,Mar,17071,2019,off_season,3,2019-03-01
พิษณุโลก,Phitsanulok,16.87664516,100.3781935,Apr,7920,2019,off_season,4,2019-04-01
พิษณุโลก,Phitsanulok,16.87664516,100.3781935,May,0,2019,off_season,5,2019-05-01
พิษณุโลก,Phitsanulok,16.87664516,100.3781935,Jun,0,2019,off_season,6,2019-06-01
พิษณุโลก,Phitsanulok,16.87664516,100.3781935,Jul,0,2019,off_season,7,2019-07-01
พิษณุโลก,Phitsanulok,16.87664516,100.3781935,Aug,0,2019,off_season,8,2019-08-01
พิษณุโลก,Phitsanulok,16.87664516,100.3781935,Sep,0,2019,off_season,9,2019-09-01
พิษณุโลก,Phitsanulok,16.87664516,100.3781935,Oct,0,2019,off_season,10,2019-10-01
พิษณุโลก,Phitsanulok,16.87664516,100.3781935,Nov,136765,2019,off_season,11,2019-11-01
พิษณุโลก,Phitsanulok,16.87664516,100.3781935,Dec,374839,2019,off_season,12,2019-12-01
อยุธยา,Phra Nakhon Si Ayutthaya,14.37482039,100.5316117,Jan,0,2015,in_season,1,2015-01-01
อยุธยา,Phra Nakhon Si Ayutthaya,14.37482039,100.5316117,Feb,0,2015,in_season,2,2015-02-01
อยุธยา,Phra Nakhon Si Ayutthaya,14.37482039,100.5316117,Mar,0,2015,in_season,3,2015-03-01
อยุธยา,Phra Nakhon Si Ayutthaya,14.37482039,100.5316117,Apr,0,2015,in_season,4,2015-04-01
อยุธยา,Phra Nakhon Si Ayutthaya,14.37482039,100.5316117,May,237899,2015,in_season,5,2015-05-01
อยุธยา,Phra Nakhon Si Ayutthaya,14.37482039,100.5316117,Jun,124844,2015,in_season,6,2015-06-01
อยุธยา,Phra Nakhon Si Ayutthaya,14.37482039,100.5316117,Jul,78381,2015,in_season,7,2015-07-01
อยุธยา,Phra Nakhon Si Ayutthaya,14.37482039,100.5316117,Aug,34813,2015,in_season,8,2015-08-01
อยุธยา,Phra Nakhon Si Ayutthaya,14.37482039,100.5316117,Sep,86446,2015,in_season,9,2015-09-01
อยุธยา,Phra Nakhon Si Ayutthaya,14.37482039,100.5316117,Oct,126980,2015,in_season,10,2015-10-01
อยุธยา,Phra Nakhon Si Ayutthaya,14.37482039,100.5316117,Nov,0,2015,in_season,11,2015-11-01
อยุธยา,Phra Nakhon Si Ayutthaya,14.37482039,100.5316117,Dec,0,2015,in_season,12,2015-12-01
อยุธยา,Phra Nakhon Si Ayutthaya,14.37482039,100.5316117,Jan,0,2016,in_season,1,2016-01-01
อยุธยา,Phra Nakhon Si Ayutthaya,14.37482039,100.5316117,Feb,0,2016,in_season,2,2016-02-01
อยุธยา,Phra Nakhon Si Ayutthaya,14.37482039,100.5316117,Mar,0,2016,in_season,3,2016-03-01
อยุธยา,Phra Nakhon Si Ayutthaya,14.37482039,100.5316117,Apr,0,2016,in_season,4,2016-04-01
อยุธยา,Phra Nakhon Si Ayutthaya,14.37482039,100.5316117,May,177263,2016,in_season,5,2016-05-01
อยุธยา,Phra Nakhon Si Ayutthaya,14.37482039,100.5316117,Jun,186082,2016,in_season,6,2016-06-01
อยุธยา,Phra Nakhon Si Ayutthaya,14.37482039,100.5316117,Jul,114953,2016,in_season,7,2016-07-01
อยุธยา,Phra Nakhon Si Ayutthaya,14.37482039,100.5316117,Aug,151617,2016,in_season,8,2016-08-01
อยุธยา,Phra Nakhon Si Ayutthaya,14.37482039,100.5316117,Sep,46870,2016,in_season,9,2016-09-01
อยุธยา,Phra Nakhon Si Ayutthaya,14.37482039,100.5316117,Oct,39505,2016,in_season,10,2016-10-01
อยุธยา,Phra Nakhon Si Ayutthaya,14.37482039,100.5316117,Nov,0,2016,in_season,11,2016-11-01
อยุธยา,Phra Nakhon Si Ayutthaya,14.37482039,100.5316117,Dec,0,2016,in_season,12,2016-12-01
อยุธยา,Phra Nakhon Si Ayutthaya,14.37482039,100.5316117,Jan,0,2017,in_season,1,2017-01-01
อยุธยา,Phra Nakhon Si Ayutthaya,14.37482039,100.5316117,Feb,0,2017,in_season,2,2017-02-01
อยุธยา,Phra Nakhon Si Ayutthaya,14.37482039,100.5316117,Mar,0,2017,in_season,3,2017-03-01
อยุธยา,Phra Nakhon Si Ayutthaya,14.37482039,100.5316117,Apr,0,2017,in_season,4,2017-04-01
อยุธยา,Phra Nakhon Si Ayutthaya,14.37482039,100.5316117,May,453114,2017,in_season,5,2017-05-01
อยุธยา,Phra Nakhon Si Ayutthaya,14.37482039,100.5316117,Jun,176978,2017,in_season,6,2017-06-01
อยุธยา,Phra Nakhon Si Ayutthaya,14.37482039,100.5316117,Jul,81813,2017,in_season,7,2017-07-01
อยุธยา,Phra Nakhon Si Ayutthaya,14.37482039,100.5316117,Aug,23397,2017,in_season,8,2017-08-01
อยุธยา,Phra Nakhon Si Ayutthaya,14.37482039,100.5316117,Sep,13599,2017,in_season,9,2017-09-01
อยุธยา,Phra Nakhon Si Ayutthaya,14.37482039,100.5316117,Oct,7359,2017,in_season,10,2017-10-01
อยุธยา,Phra Nakhon Si Ayutthaya,14.37482039,100.5316117,Nov,0,2017,in_season,11,2017-11-01
อยุธยา,Phra Nakhon Si Ayutthaya,14.37482039,100.5316117,Dec,0,2017,in_season,12,2017-12-01
อยุธยา,Phra Nakhon Si Ayutthaya,14.37482039,100.5316117,Jan,0,2018,in_season,1,2018-01-01
อยุธยา,Phra Nakhon Si Ayutthaya,14.37482039,100.5316117,Feb,0,2018,in_season,2,2018-02-01
อยุธยา,Phra Nakhon Si Ayutthaya,14.37482039,100.5316117,Mar,0,2018,in_season,3,2018-03-01
อยุธยา,Phra Nakhon Si Ayutthaya,14.37482039,100.5316117,Apr,0,2018,in_season,4,2018-04-01
อยุธยา,Phra Nakhon Si Ayutthaya,14.37482039,100.5316117,May,571668,2018,in_season,5,2018-05-01
อยุธยา,Phra Nakhon Si Ayutthaya,14.37482039,100.5316117,Jun,164073,2018,in_season,6,2018-06-01
อยุธยา,Phra Nakhon Si Ayutthaya,14.37482039,100.5316117,Jul,11729,2018,in_season,7,2018-07-01
อยุธยา,Phra Nakhon Si Ayutthaya,14.37482039,100.5316117,Aug,29267,2018,in_season,8,2018-08-01
อยุธยา,Phra Nakhon Si Ayutthaya,14.37482039,100.5316117,Sep,9041,2018,in_season,9,2018-09-01
อยุธยา,Phra Nakhon Si Ayutthaya,14.37482039,100.5316117,Oct,2497,2018,in_season,10,2018-10-01
อยุธยา,Phra Nakhon Si Ayutthaya,14.37482039,100.5316117,Nov,0,2018,in_season,11,2018-11-01
อยุธยา,Phra Nakhon Si Ayutthaya,14.37482039,100.5316117,Dec,0,2018,in_season,12,2018-12-01
อยุธยา,Phra Nakhon Si Ayutthaya,14.37482039,100.5316117,Jan,0,2019,in_season,1,2019-01-01
อยุธยา,Phra Nakhon Si Ayutthaya,14.37482039,100.5316117,Feb,0,2019,in_season,2,2019-02-01
อยุธยา,Phra Nakhon Si Ayutthaya,14.37482039,100.5316117,Mar,0,2019,in_season,3,2019-03-01
อยุธยา,Phra Nakhon Si Ayutthaya,14.37482039,100.5316117,Apr,0,2019,in_season,4,2019-04-01
อยุธยา,Phra Nakhon Si Ayutthaya,14.37482039,100.5316117,May,571668,2019,in_season,5,2019-05-01
อยุธยา,Phra Nakhon Si Ayutthaya,14.37482039,100.5316117,Jun,164073,2019,in_season,6,2019-06-01
อยุธยา,Phra Nakhon Si Ayutthaya,14.37482039,100.5316117,Jul,11729,2019,in_season,7,2019-07-01
อยุธยา,Phra Nakhon Si Ayutthaya,14.37482039,100.5316117,Aug,29267,2019,in_season,8,2019-08-01
อยุธยา,Phra Nakhon Si Ayutthaya,14.37482039,100.5316117,Sep,9041,2019,in_season,9,2019-09-01
อยุธยา,Phra Nakhon Si Ayutthaya,14.37482039,100.5316117,Oct,2497,2019,in_season,10,2019-10-01
อยุธยา,Phra Nakhon Si Ayutthaya,14.37482039,100.5316117,Nov,0,2019,in_season,11,2019-11-01
อยุธยา,Phra Nakhon Si Ayutthaya,14.37482039,100.5316117,Dec,0,2019,in_season,12,2019-12-01
อยุธยา,Phra Nakhon Si Ayutthaya,14.37482039,100.5316117,Jan,45031,2015,off_season,1,2015-01-01
อยุธยา,Phra Nakhon Si Ayutthaya,14.37482039,100.5316117,Feb,27045,2015,off_season,2,2015-02-01
อยุธยา,Phra Nakhon Si Ayutthaya,14.37482039,100.5316117,Mar,38805,2015,off_season,3,2015-03-01
อยุธยา,Phra Nakhon Si Ayutthaya,14.37482039,100.5316117,Apr,47226,2015,off_season,4,2015-04-01
อยุธยา,Phra Nakhon Si Ayutthaya,14.37482039,100.5316117,May,0,2015,off_season,5,2015-05-01
อยุธยา,Phra Nakhon Si Ayutthaya,14.37482039,100.5316117,Jun,0,2015,off_season,6,2015-06-01
อยุธยา,Phra Nakhon Si Ayutthaya,14.37482039,100.5316117,Jul,0,2015,off_season,7,2015-07-01
อยุธยา,Phra Nakhon Si Ayutthaya,14.37482039,100.5316117,Aug,0,2015,off_season,8,2015-08-01
อยุธยา,Phra Nakhon Si Ayutthaya,14.37482039,100.5316117,Sep,0,2015,off_season,9,2015-09-01
อยุธยา,Phra Nakhon Si Ayutthaya,14.37482039,100.5316117,Oct,0,2015,off_season,10,2015-10-01
อยุธยา,Phra Nakhon Si Ayutthaya,14.37482039,100.5316117,Nov,116627,2015,off_season,11,2015-11-01
อยุธยา,Phra Nakhon Si Ayutthaya,14.37482039,100.5316117,Dec,275260,2015,off_season,12,2015-12-01
อยุธยา,Phra Nakhon Si Ayutthaya,14.37482039,100.5316117,Jan,54209,2016,off_season,1,2016-01-01
อยุธยา,Phra Nakhon Si Ayutthaya,14.37482039,100.5316117,Feb,19111,2016,off_season,2,2016-02-01
อยุธยา,Phra Nakhon Si Ayutthaya,14.37482039,100.5316117,Mar,6837,2016,off_season,3,2016-03-01
อยุธยา,Phra Nakhon Si Ayutthaya,14.37482039,100.5316117,Apr,2121,2016,off_season,4,2016-04-01
อยุธยา,Phra Nakhon Si Ayutthaya,14.37482039,100.5316117,May,0,2016,off_season,5,2016-05-01
อยุธยา,Phra Nakhon Si Ayutthaya,14.37482039,100.5316117,Jun,0,2016,off_season,6,2016-06-01
อยุธยา,Phra Nakhon Si Ayutthaya,14.37482039,100.5316117,Jul,0,2016,off_season,7,2016-07-01
อยุธยา,Phra Nakhon Si Ayutthaya,14.37482039,100.5316117,Aug,0,2016,off_season,8,2016-08-01
อยุธยา,Phra Nakhon Si Ayutthaya,14.37482039,100.5316117,Sep,0,2016,off_season,9,2016-09-01
อยุธยา,Phra Nakhon Si Ayutthaya,14.37482039,100.5316117,Oct,0,2016,off_season,10,2016-10-01
อยุธยา,Phra Nakhon Si Ayutthaya,14.37482039,100.5316117,Nov,189087,2016,off_season,11,2016-11-01
อยุธยา,Phra Nakhon Si Ayutthaya,14.37482039,100.5316117,Dec,119975,2016,off_season,12,2016-12-01
อยุธยา,Phra Nakhon Si Ayutthaya,14.37482039,100.5316117,Jan,190122,2017,off_season,1,2017-01-01
อยุธยา,Phra Nakhon Si Ayutthaya,14.37482039,100.5316117,Feb,56817,2017,off_season,2,2017-02-01
อยุธยา,Phra Nakhon Si Ayutthaya,14.37482039,100.5316117,Mar,12184,2017,off_season,3,2017-03-01
อยุธยา,Phra Nakhon Si Ayutthaya,14.37482039,100.5316117,Apr,10705,2017,off_season,4,2017-04-01
อยุธยา,Phra Nakhon Si Ayutthaya,14.37482039,100.5316117,May,0,2017,off_season,5,2017-05-01
อยุธยา,Phra Nakhon Si Ayutthaya,14.37482039,100.5316117,Jun,0,2017,off_season,6,2017-06-01
อยุธยา,Phra Nakhon Si Ayutthaya,14.37482039,100.5316117,Jul,0,2017,off_season,7,2017-07-01
อยุธยา,Phra Nakhon Si Ayutthaya,14.37482039,100.5316117,Aug,0,2017,off_season,8,2017-08-01
อยุธยา,Phra Nakhon Si Ayutthaya,14.37482039,100.5316117,Sep,0,2017,off_season,9,2017-09-01
อยุธยา,Phra Nakhon Si Ayutthaya,14.37482039,100.5316117,Oct,0,2017,off_season,10,2017-10-01
อยุธยา,Phra Nakhon Si Ayutthaya,14.37482039,100.5316117,Nov,108730,2017,off_season,11,2017-11-01
อยุธยา,Phra Nakhon Si Ayutthaya,14.37482039,100.5316117,Dec,281313,2017,off_season,12,2017-12-01
อยุธยา,Phra Nakhon Si Ayutthaya,14.37482039,100.5316117,Jan,229090,2018,off_season,1,2018-01-01
อยุธยา,Phra Nakhon Si Ayutthaya,14.37482039,100.5316117,Feb,53902,2018,off_season,2,2018-02-01
อยุธยา,Phra Nakhon Si Ayutthaya,14.37482039,100.5316117,Mar,30270,2018,off_season,3,2018-03-01
อยุธยา,Phra Nakhon Si Ayutthaya,14.37482039,100.5316117,Apr,20203,2018,off_season,4,2018-04-01
อยุธยา,Phra Nakhon Si Ayutthaya,14.37482039,100.5316117,May,0,2018,off_season,5,2018-05-01
อยุธยา,Phra Nakhon Si Ayutthaya,14.37482039,100.5316117,Jun,0,2018,off_season,6,2018-06-01
อยุธยา,Phra Nakhon Si Ayutthaya,14.37482039,100.5316117,Jul,0,2018,off_season,7,2018-07-01
อยุธยา,Phra Nakhon Si Ayutthaya,14.37482039,100.5316117,Aug,0,2018,off_season,8,2018-08-01
อยุธยา,Phra Nakhon Si Ayutthaya,14.37482039,100.5316117,Sep,0,2018,off_season,9,2018-09-01
อยุธยา,Phra Nakhon Si Ayutthaya,14.37482039,100.5316117,Oct,0,2018,off_season,10,2018-10-01
อยุธยา,Phra Nakhon Si Ayutthaya,14.37482039,100.5316117,Nov,51170,2018,off_season,11,2018-11-01
อยุธยา,Phra Nakhon Si Ayutthaya,14.37482039,100.5316117,Dec,339304,2018,off_season,12,2018-12-01
อยุธยา,Phra Nakhon Si Ayutthaya,14.37482039,100.5316117,Jan,216783,2019,off_season,1,2019-01-01
อยุธยา,Phra Nakhon Si Ayutthaya,14.37482039,100.5316117,Feb,50358,2019,off_season,2,2019-02-01
อยุธยา,Phra Nakhon Si Ayutthaya,14.37482039,100.5316117,Mar,23621,2019,off_season,3,2019-03-01
อยุธยา,Phra Nakhon Si Ayutthaya,14.37482039,100.5316117,Apr,1599,2019,off_season,4,2019-04-01
อยุธยา,Phra Nakhon Si Ayutthaya,14.37482039,100.5316117,May,0,2019,off_season,5,2019-05-01
อยุธยา,Phra Nakhon Si Ayutthaya,14.37482039,100.5316117,Jun,0,2019,off_season,6,2019-06-01
อยุธยา,Phra Nakhon Si Ayutthaya,14.37482039,100.5316117,Jul,0,2019,off_season,7,2019-07-01
อยุธยา,Phra Nakhon Si Ayutthaya,14.37482039,100.5316117,Aug,0,2019,off_season,8,2019-08-01
อยุธยา,Phra Nakhon Si Ayutthaya,14.37482039,100.5316117,Sep,0,2019,off_season,9,2019-09-01
อยุธยา,Phra Nakhon Si Ayutthaya,14.37482039,100.5316117,Oct,0,2019,off_season,10,2019-10-01
อยุธยา,Phra Nakhon Si Ayutthaya,14.37482039,100.5316117,Nov,60115,2019,off_season,11,2019-11-01
อยุธยา,Phra Nakhon Si Ayutthaya,14.37482039,100.5316117,Dec,364926,2019,off_season,12,2019-12-01
แพร่,Phrae,18.15474026,100.0967013,Jan,0,2015,in_season,1,2015-01-01
แพร่,Phrae,18.15474026,100.0967013,Feb,0,2015,in_season,2,2015-02-01
แพร่,Phrae,18.15474026,100.0967013,Mar,0,2015,in_season,3,2015-03-01
แพร่,Phrae,18.15474026,100.0967013,Apr,0,2015,in_season,4,2015-04-01
แพร่,Phrae,18.15474026,100.0967013,May,0,2015,in_season,5,2015-05-01
แพร่,Phrae,18.15474026,100.0967013,Jun,16383,2015,in_season,6,2015-06-01
แพร่,Phrae,18.15474026,100.0967013,Jul,214427,2015,in_season,7,2015-07-01
แพร่,Phrae,18.15474026,100.0967013,Aug,37257,2015,in_season,8,2015-08-01
แพร่,Phrae,18.15474026,100.0967013,Sep,942,2015,in_season,9,2015-09-01
แพร่,Phrae,18.15474026,100.0967013,Oct,0,2015,in_season,10,2015-10-01
แพร่,Phrae,18.15474026,100.0967013,Nov,0,2015,in_season,11,2015-11-01
แพร่,Phrae,18.15474026,100.0967013,Dec,0,2015,in_season,12,2015-12-01
แพร่,Phrae,18.15474026,100.0967013,Jan,0,2016,in_season,1,2016-01-01
แพร่,Phrae,18.15474026,100.0967013,Feb,0,2016,in_season,2,2016-02-01
แพร่,Phrae,18.15474026,100.0967013,Mar,0,2016,in_season,3,2016-03-01
แพร่,Phrae,18.15474026,100.0967013,Apr,0,2016,in_season,4,2016-04-01
แพร่,Phrae,18.15474026,100.0967013,May,0,2016,in_season,5,2016-05-01
แพร่,Phrae,18.15474026,100.0967013,Jun,35322,2016,in_season,6,2016-06-01
แพร่,Phrae,18.15474026,100.0967013,Jul,213105,2016,in_season,7,2016-07-01
แพร่,Phrae,18.15474026,100.0967013,Aug,33803,2016,in_season,8,2016-08-01
แพร่,Phrae,18.15474026,100.0967013,Sep,1401,2016,in_season,9,2016-09-01
แพร่,Phrae,18.15474026,100.0967013,Oct,0,2016,in_season,10,2016-10-01
แพร่,Phrae,18.15474026,100.0967013,Nov,0,2016,in_season,11,2016-11-01
แพร่,Phrae,18.15474026,100.0967013,Dec,0,2016,in_season,12,2016-12-01
แพร่,Phrae,18.15474026,100.0967013,Jan,0,2017,in_season,1,2017-01-01
แพร่,Phrae,18.15474026,100.0967013,Feb,0,2017,in_season,2,2017-02-01
แพร่,Phrae,18.15474026,100.0967013,Mar,0,2017,in_season,3,2017-03-01
แพร่,Phrae,18.15474026,100.0967013,Apr,0,2017,in_season,4,2017-04-01
แพร่,Phrae,18.15474026,100.0967013,May,0,2017,in_season,5,2017-05-01
แพร่,Phrae,18.15474026,100.0967013,Jun,60594,2017,in_season,6,2017-06-01
แพร่,Phrae,18.15474026,100.0967013,Jul,125758,2017,in_season,7,2017-07-01
แพร่,Phrae,18.15474026,100.0967013,Aug,106320,2017,in_season,8,2017-08-01
แพร่,Phrae,18.15474026,100.0967013,Sep,565,2017,in_season,9,2017-09-01
แพร่,Phrae,18.15474026,100.0967013,Oct,0,2017,in_season,10,2017-10-01
แพร่,Phrae,18.15474026,100.0967013,Nov,0,2017,in_season,11,2017-11-01
แพร่,Phrae,18.15474026,100.0967013,Dec,0,2017,in_season,12,2017-12-01
แพร่,Phrae,18.15474026,100.0967013,Jan,0,2018,in_season,1,2018-01-01
แพร่,Phrae,18.15474026,100.0967013,Feb,0,2018,in_season,2,2018-02-01
แพร่,Phrae,18.15474026,100.0967013,Mar,0,2018,in_season,3,2018-03-01
แพร่,Phrae,18.15474026,100.0967013,Apr,0,2018,in_season,4,2018-04-01
แพร่,Phrae,18.15474026,100.0967013,May,0,2018,in_season,5,2018-05-01
แพร่,Phrae,18.15474026,100.0967013,Jun,78290,2018,in_season,6,2018-06-01
แพร่,Phrae,18.15474026,100.0967013,Jul,163811,2018,in_season,7,2018-07-01
แพร่,Phrae,18.15474026,100.0967013,Aug,55204,2018,in_season,8,2018-08-01
แพร่,Phrae,18.15474026,100.0967013,Sep,642,2018,in_season,9,2018-09-01
แพร่,Phrae,18.15474026,100.0967013,Oct,0,2018,in_season,10,2018-10-01
แพร่,Phrae,18.15474026,100.0967013,Nov,0,2018,in_season,11,2018-11-01
แพร่,Phrae,18.15474026,100.0967013,Dec,0,2018,in_season,12,2018-12-01
แพร่,Phrae,18.15474026,100.0967013,Jan,0,2019,in_season,1,2019-01-01
แพร่,Phrae,18.15474026,100.0967013,Feb,0,2019,in_season,2,2019-02-01
แพร่,Phrae,18.15474026,100.0967013,Mar,0,2019,in_season,3,2019-03-01
แพร่,Phrae,18.15474026,100.0967013,Apr,0,2019,in_season,4,2019-04-01
แพร่,Phrae,18.15474026,100.0967013,May,0,2019,in_season,5,2019-05-01
แพร่,Phrae,18.15474026,100.0967013,Jun,78290,2019,in_season,6,2019-06-01
แพร่,Phrae,18.15474026,100.0967013,Jul,163811,2019,in_season,7,2019-07-01
แพร่,Phrae,18.15474026,100.0967013,Aug,55204,2019,in_season,8,2019-08-01
แพร่,Phrae,18.15474026,100.0967013,Sep,642,2019,in_season,9,2019-09-01
แพร่,Phrae,18.15474026,100.0967013,Oct,0,2019,in_season,10,2019-10-01
แพร่,Phrae,18.15474026,100.0967013,Nov,0,2019,in_season,11,2019-11-01
แพร่,Phrae,18.15474026,100.0967013,Dec,0,2019,in_season,12,2019-12-01
แพร่,Phrae,18.15474026,100.0967013,Jan,5267,2015,off_season,1,2015-01-01
แพร่,Phrae,18.15474026,100.0967013,Feb,1363,2015,off_season,2,2015-02-01
แพร่,Phrae,18.15474026,100.0967013,Mar,0,2015,off_season,3,2015-03-01
แพร่,Phrae,18.15474026,100.0967013,Apr,0,2015,off_season,4,2015-04-01
แพร่,Phrae,18.15474026,100.0967013,May,0,2015,off_season,5,2015-05-01
แพร่,Phrae,18.15474026,100.0967013,Jun,0,2015,off_season,6,2015-06-01
แพร่,Phrae,18.15474026,100.0967013,Jul,0,2015,off_season,7,2015-07-01
แพร่,Phrae,18.15474026,100.0967013,Aug,0,2015,off_season,8,2015-08-01
แพร่,Phrae,18.15474026,100.0967013,Sep,0,2015,off_season,9,2015-09-01
แพร่,Phrae,18.15474026,100.0967013,Oct,0,2015,off_season,10,2015-10-01
แพร่,Phrae,18.15474026,100.0967013,Nov,5052,2015,off_season,11,2015-11-01
แพร่,Phrae,18.15474026,100.0967013,Dec,15735,2015,off_season,12,2015-12-01
แพร่,Phrae,18.15474026,100.0967013,Jan,3952,2016,off_season,1,2016-01-01
แพร่,Phrae,18.15474026,100.0967013,Feb,279,2016,off_season,2,2016-02-01
แพร่,Phrae,18.15474026,100.0967013,Mar,0,2016,off_season,3,2016-03-01
แพร่,Phrae,18.15474026,100.0967013,Apr,0,2016,off_season,4,2016-04-01
แพร่,Phrae,18.15474026,100.0967013,May,0,2016,off_season,5,2016-05-01
แพร่,Phrae,18.15474026,100.0967013,Jun,0,2016,off_season,6,2016-06-01
แพร่,Phrae,18.15474026,100.0967013,Jul,0,2016,off_season,7,2016-07-01
แพร่,Phrae,18.15474026,100.0967013,Aug,0,2016,off_season,8,2016-08-01
แพร่,Phrae,18.15474026,100.0967013,Sep,0,2016,off_season,9,2016-09-01
แพร่,Phrae,18.15474026,100.0967013,Oct,0,2016,off_season,10,2016-10-01
แพร่,Phrae,18.15474026,100.0967013,Nov,1024,2016,off_season,11,2016-11-01
แพร่,Phrae,18.15474026,100.0967013,Dec,14754,2016,off_season,12,2016-12-01
แพร่,Phrae,18.15474026,100.0967013,Jan,3579,2017,off_season,1,2017-01-01
แพร่,Phrae,18.15474026,100.0967013,Feb,948,2017,off_season,2,2017-02-01
แพร่,Phrae,18.15474026,100.0967013,Mar,0,2017,off_season,3,2017-03-01
แพร่,Phrae,18.15474026,100.0967013,Apr,0,2017,off_season,4,2017-04-01
แพร่,Phrae,18.15474026,100.0967013,May,0,2017,off_season,5,2017-05-01
แพร่,Phrae,18.15474026,100.0967013,Jun,0,2017,off_season,6,2017-06-01
แพร่,Phrae,18.15474026,100.0967013,Jul,0,2017,off_season,7,2017-07-01
แพร่,Phrae,18.15474026,100.0967013,Aug,0,2017,off_season,8,2017-08-01
แพร่,Phrae,18.15474026,100.0967013,Sep,0,2017,off_season,9,2017-09-01
แพร่,Phrae,18.15474026,100.0967013,Oct,0,2017,off_season,10,2017-10-01
แพร่,Phrae,18.15474026,100.0967013,Nov,3349,2017,off_season,11,2017-11-01
แพร่,Phrae,18.15474026,100.0967013,Dec,20345,2017,off_season,12,2017-12-01
แพร่,Phrae,18.15474026,100.0967013,Jan,4761,2018,off_season,1,2018-01-01
แพร่,Phrae,18.15474026,100.0967013,Feb,274,2018,off_season,2,2018-02-01
แพร่,Phrae,18.15474026,100.0967013,Mar,0,2018,off_season,3,2018-03-01
แพร่,Phrae,18.15474026,100.0967013,Apr,0,2018,off_season,4,2018-04-01
แพร่,Phrae,18.15474026,100.0967013,May,0,2018,off_season,5,2018-05-01
แพร่,Phrae,18.15474026,100.0967013,Jun,0,2018,off_season,6,2018-06-01
แพร่,Phrae,18.15474026,100.0967013,Jul,0,2018,off_season,7,2018-07-01
แพร่,Phrae,18.15474026,100.0967013,Aug,0,2018,off_season,8,2018-08-01
แพร่,Phrae,18.15474026,100.0967013,Sep,0,2018,off_season,9,2018-09-01
แพร่,Phrae,18.15474026,100.0967013,Oct,0,2018,off_season,10,2018-10-01
แพร่,Phrae,18.15474026,100.0967013,Nov,2427,2018,off_season,11,2018-11-01
แพร่,Phrae,18.15474026,100.0967013,Dec,27972,2018,off_season,12,2018-12-01
แพร่,Phrae,18.15474026,100.0967013,Jan,5158,2019,off_season,1,2019-01-01
แพร่,Phrae,18.15474026,100.0967013,Feb,244,2019,off_season,2,2019-02-01
แพร่,Phrae,18.15474026,100.0967013,Mar,0,2019,off_season,3,2019-03-01
แพร่,Phrae,18.15474026,100.0967013,Apr,0,2019,off_season,4,2019-04-01
แพร่,Phrae,18.15474026,100.0967013,May,0,2019,off_season,5,2019-05-01
แพร่,Phrae,18.15474026,100.0967013,Jun,0,2019,off_season,6,2019-06-01
แพร่,Phrae,18.15474026,100.0967013,Jul,0,2019,off_season,7,2019-07-01
แพร่,Phrae,18.15474026,100.0967013,Aug,0,2019,off_season,8,2019-08-01
แพร่,Phrae,18.15474026,100.0967013,Sep,0,2019,off_season,9,2019-09-01
แพร่,Phrae,18.15474026,100.0967013,Oct,0,2019,off_season,10,2019-10-01
แพร่,Phrae,18.15474026,100.0967013,Nov,3096,2019,off_season,11,2019-11-01
แพร่,Phrae,18.15474026,100.0967013,Dec,28088,2019,off_season,12,2019-12-01
ภูเก็ต,Phuket,7.887342105,98.36747368,Jan,0,2015,in_season,1,2015-01-01
ภูเก็ต,Phuket,7.887342105,98.36747368,Feb,0,2015,in_season,2,2015-02-01
ภูเก็ต,Phuket,7.887342105,98.36747368,Mar,0,2015,in_season,3,2015-03-01
ภูเก็ต,Phuket,7.887342105,98.36747368,Apr,0,2015,in_season,4,2015-04-01
ภูเก็ต,Phuket,7.887342105,98.36747368,May,0,2015,in_season,5,2015-05-01
ภูเก็ต,Phuket,7.887342105,98.36747368,Jun,0,2015,in_season,6,2015-06-01
ภูเก็ต,Phuket,7.887342105,98.36747368,Jul,0,2015,in_season,7,2015-07-01
ภูเก็ต,Phuket,7.887342105,98.36747368,Aug,0,2015,in_season,8,2015-08-01
ภูเก็ต,Phuket,7.887342105,98.36747368,Sep,69,2015,in_season,9,2015-09-01
ภูเก็ต,Phuket,7.887342105,98.36747368,Oct,0,2015,in_season,10,2015-10-01
ภูเก็ต,Phuket,7.887342105,98.36747368,Nov,0,2015,in_season,11,2015-11-01
ภูเก็ต,Phuket,7.887342105,98.36747368,Dec,0,2015,in_season,12,2015-12-01
ภูเก็ต,Phuket,7.887342105,98.36747368,Jan,0,2016,in_season,1,2016-01-01
ภูเก็ต,Phuket,7.887342105,98.36747368,Feb,0,2016,in_season,2,2016-02-01
ภูเก็ต,Phuket,7.887342105,98.36747368,Mar,0,2016,in_season,3,2016-03-01
ภูเก็ต,Phuket,7.887342105,98.36747368,Apr,0,2016,in_season,4,2016-04-01
ภูเก็ต,Phuket,7.887342105,98.36747368,May,0,2016,in_season,5,2016-05-01
ภูเก็ต,Phuket,7.887342105,98.36747368,Jun,0,2016,in_season,6,2016-06-01
ภูเก็ต,Phuket,7.887342105,98.36747368,Jul,0,2016,in_season,7,2016-07-01
ภูเก็ต,Phuket,7.887342105,98.36747368,Aug,54,2016,in_season,8,2016-08-01
ภูเก็ต,Phuket,7.887342105,98.36747368,Sep,18,2016,in_season,9,2016-09-01
ภูเก็ต,Phuket,7.887342105,98.36747368,Oct,0,2016,in_season,10,2016-10-01
ภูเก็ต,Phuket,7.887342105,98.36747368,Nov,0,2016,in_season,11,2016-11-01
ภูเก็ต,Phuket,7.887342105,98.36747368,Dec,0,2016,in_season,12,2016-12-01
ภูเก็ต,Phuket,7.887342105,98.36747368,Jan,0,2017,in_season,1,2017-01-01
ภูเก็ต,Phuket,7.887342105,98.36747368,Feb,0,2017,in_season,2,2017-02-01
ภูเก็ต,Phuket,7.887342105,98.36747368,Mar,0,2017,in_season,3,2017-03-01
ภูเก็ต,Phuket,7.887342105,98.36747368,Apr,0,2017,in_season,4,2017-04-01
ภูเก็ต,Phuket,7.887342105,98.36747368,May,0,2017,in_season,5,2017-05-01
ภูเก็ต,Phuket,7.887342105,98.36747368,Jun,0,2017,in_season,6,2017-06-01
ภูเก็ต,Phuket,7.887342105,98.36747368,Jul,0,2017,in_season,7,2017-07-01
ภูเก็ต,Phuket,7.887342105,98.36747368,Aug,46,2017,in_season,8,2017-08-01
ภูเก็ต,Phuket,7.887342105,98.36747368,Sep,17,2017,in_season,9,2017-09-01
ภูเก็ต,Phuket,7.887342105,98.36747368,Oct,0,2017,in_season,10,2017-10-01
ภูเก็ต,Phuket,7.887342105,98.36747368,Nov,0,2017,in_season,11,2017-11-01
ภูเก็ต,Phuket,7.887342105,98.36747368,Dec,0,2017,in_season,12,2017-12-01
ภูเก็ต,Phuket,7.887342105,98.36747368,Jan,0,2018,in_season,1,2018-01-01
ภูเก็ต,Phuket,7.887342105,98.36747368,Feb,0,2018,in_season,2,2018-02-01
ภูเก็ต,Phuket,7.887342105,98.36747368,Mar,0,2018,in_season,3,2018-03-01
ภูเก็ต,Phuket,7.887342105,98.36747368,Apr,0,2018,in_season,4,2018-04-01
ภูเก็ต,Phuket,7.887342105,98.36747368,May,0,2018,in_season,5,2018-05-01
ภูเก็ต,Phuket,7.887342105,98.36747368,Jun,0,2018,in_season,6,2018-06-01
ภูเก็ต,Phuket,7.887342105,98.36747368,Jul,0,2018,in_season,7,2018-07-01
ภูเก็ต,Phuket,7.887342105,98.36747368,Aug,28,2018,in_season,8,2018-08-01
ภูเก็ต,Phuket,7.887342105,98.36747368,Sep,36,2018,in_season,9,2018-09-01
ภูเก็ต,Phuket,7.887342105,98.36747368,Oct,0,2018,in_season,10,2018-10-01
ภูเก็ต,Phuket,7.887342105,98.36747368,Nov,0,2018,in_season,11,2018-11-01
ภูเก็ต,Phuket,7.887342105,98.36747368,Dec,0,2018,in_season,12,2018-12-01
ภูเก็ต,Phuket,7.887342105,98.36747368,Jan,0,2019,in_season,1,2019-01-01
ภูเก็ต,Phuket,7.887342105,98.36747368,Feb,0,2019,in_season,2,2019-02-01
ภูเก็ต,Phuket,7.887342105,98.36747368,Mar,0,2019,in_season,3,2019-03-01
ภูเก็ต,Phuket,7.887342105,98.36747368,Apr,0,2019,in_season,4,2019-04-01
ภูเก็ต,Phuket,7.887342105,98.36747368,May,0,2019,in_season,5,2019-05-01
ภูเก็ต,Phuket,7.887342105,98.36747368,Jun,0,2019,in_season,6,2019-06-01
ภูเก็ต,Phuket,7.887342105,98.36747368,Jul,0,2019,in_season,7,2019-07-01
ภูเก็ต,Phuket,7.887342105,98.36747368,Aug,28,2019,in_season,8,2019-08-01
ภูเก็ต,Phuket,7.887342105,98.36747368,Sep,36,2019,in_season,9,2019-09-01
ภูเก็ต,Phuket,7.887342105,98.36747368,Oct,0,2019,in_season,10,2019-10-01
ภูเก็ต,Phuket,7.887342105,98.36747368,Nov,0,2019,in_season,11,2019-11-01
ภูเก็ต,Phuket,7.887342105,98.36747368,Dec,0,2019,in_season,12,2019-12-01
ภูเก็ต,Phuket,7.887342105,98.36747368,Jan,0,2015,off_season,1,2015-01-01
ภูเก็ต,Phuket,7.887342105,98.36747368,Feb,0,2015,off_season,2,2015-02-01
ภูเก็ต,Phuket,7.887342105,98.36747368,Mar,0,2015,off_season,3,2015-03-01
ภูเก็ต,Phuket,7.887342105,98.36747368,Apr,0,2015,off_season,4,2015-04-01
ภูเก็ต,Phuket,7.887342105,98.36747368,May,0,2015,off_season,5,2015-05-01
ภูเก็ต,Phuket,7.887342105,98.36747368,Jun,0,2015,off_season,6,2015-06-01
ภูเก็ต,Phuket,7.887342105,98.36747368,Jul,0,2015,off_season,7,2015-07-01
ภูเก็ต,Phuket,7.887342105,98.36747368,Aug,0,2015,off_season,8,2015-08-01
ภูเก็ต,Phuket,7.887342105,98.36747368,Sep,0,2015,off_season,9,2015-09-01
ภูเก็ต,Phuket,7.887342105,98.36747368,Oct,0,2015,off_season,10,2015-10-01
ภูเก็ต,Phuket,7.887342105,98.36747368,Nov,0,2015,off_season,11,2015-11-01
ภูเก็ต,Phuket,7.887342105,98.36747368,Dec,0,2015,off_season,12,2015-12-01
ภูเก็ต,Phuket,7.887342105,98.36747368,Jan,0,2016,off_season,1,2016-01-01
ภูเก็ต,Phuket,7.887342105,98.36747368,Feb,0,2016,off_season,2,2016-02-01
ภูเก็ต,Phuket,7.887342105,98.36747368,Mar,0,2016,off_season,3,2016-03-01
ภูเก็ต,Phuket,7.887342105,98.36747368,Apr,0,2016,off_season,4,2016-04-01
ภูเก็ต,Phuket,7.887342105,98.36747368,May,0,2016,off_season,5,2016-05-01
ภูเก็ต,Phuket,7.887342105,98.36747368,Jun,0,2016,off_season,6,2016-06-01
ภูเก็ต,Phuket,7.887342105,98.36747368,Jul,0,2016,off_season,7,2016-07-01
ภูเก็ต,Phuket,7.887342105,98.36747368,Aug,0,2016,off_season,8,2016-08-01
ภูเก็ต,Phuket,7.887342105,98.36747368,Sep,0,2016,off_season,9,2016-09-01
ภูเก็ต,Phuket,7.887342105,98.36747368,Oct,0,2016,off_season,10,2016-10-01
ภูเก็ต,Phuket,7.887342105,98.36747368,Nov,0,2016,off_season,11,2016-11-01
ภูเก็ต,Phuket,7.887342105,98.36747368,Dec,0,2016,off_season,12,2016-12-01
ภูเก็ต,Phuket,7.887342105,98.36747368,Jan,0,2017,off_season,1,2017-01-01
ภูเก็ต,Phuket,7.887342105,98.36747368,Feb,0,2017,off_season,2,2017-02-01
ภูเก็ต,Phuket,7.887342105,98.36747368,Mar,0,2017,off_season,3,2017-03-01
ภูเก็ต,Phuket,7.887342105,98.36747368,Apr,0,2017,off_season,4,2017-04-01
ภูเก็ต,Phuket,7.887342105,98.36747368,May,0,2017,off_season,5,2017-05-01
ภูเก็ต,Phuket,7.887342105,98.36747368,Jun,0,2017,off_season,6,2017-06-01
ภูเก็ต,Phuket,7.887342105,98.36747368,Jul,0,2017,off_season,7,2017-07-01
ภูเก็ต,Phuket,7.887342105,98.36747368,Aug,0,2017,off_season,8,2017-08-01
ภูเก็ต,Phuket,7.887342105,98.36747368,Sep,0,2017,off_season,9,2017-09-01
ภูเก็ต,Phuket,7.887342105,98.36747368,Oct,0,2017,off_season,10,2017-10-01
ภูเก็ต,Phuket,7.887342105,98.36747368,Nov,0,2017,off_season,11,2017-11-01
ภูเก็ต,Phuket,7.887342105,98.36747368,Dec,0,2017,off_season,12,2017-12-01
ภูเก็ต,Phuket,7.887342105,98.36747368,Jan,0,2018,off_season,1,2018-01-01
ภูเก็ต,Phuket,7.887342105,98.36747368,Feb,0,2018,off_season,2,2018-02-01
ภูเก็ต,Phuket,7.887342105,98.36747368,Mar,0,2018,off_season,3,2018-03-01
ภูเก็ต,Phuket,7.887342105,98.36747368,Apr,0,2018,off_season,4,2018-04-01
ภูเก็ต,Phuket,7.887342105,98.36747368,May,0,2018,off_season,5,2018-05-01
ภูเก็ต,Phuket,7.887342105,98.36747368,Jun,0,2018,off_season,6,2018-06-01
ภูเก็ต,Phuket,7.887342105,98.36747368,Jul,0,2018,off_season,7,2018-07-01
ภูเก็ต,Phuket,7.887342105,98.36747368,Aug,0,2018,off_season,8,2018-08-01
ภูเก็ต,Phuket,7.887342105,98.36747368,Sep,0,2018,off_season,9,2018-09-01
ภูเก็ต,Phuket,7.887342105,98.36747368,Oct,0,2018,off_season,10,2018-10-01
ภูเก็ต,Phuket,7.887342105,98.36747368,Nov,0,2018,off_season,11,2018-11-01
ภูเก็ต,Phuket,7.887342105,98.36747368,Dec,0,2018,off_season,12,2018-12-01
ภูเก็ต,Phuket,7.887342105,98.36747368,Jan,0,2019,off_season,1,2019-01-01
ภูเก็ต,Phuket,7.887342105,98.36747368,Feb,0,2019,off_season,2,2019-02-01
ภูเก็ต,Phuket,7.887342105,98.36747368,Mar,0,2019,off_season,3,2019-03-01
ภูเก็ต,Phuket,7.887342105,98.36747368,Apr,0,2019,off_season,4,2019-04-01
ภูเก็ต,Phuket,7.887342105,98.36747368,May,0,2019,off_season,5,2019-05-01
ภูเก็ต,Phuket,7.887342105,98.36747368,Jun,0,2019,off_season,6,2019-06-01
ภูเก็ต,Phuket,7.887342105,98.36747368,Jul,0,2019,off_season,7,2019-07-01
ภูเก็ต,Phuket,7.887342105,98.36747368,Aug,0,2019,off_season,8,2019-08-01
ภูเก็ต,Phuket,7.887342105,98.36747368,Sep,0,2019,off_season,9,2019-09-01
ภูเก็ต,Phuket,7.887342105,98.36747368,Oct,0,2019,off_season,10,2019-10-01
ภูเก็ต,Phuket,7.887342105,98.36747368,Nov,0,2019,off_season,11,2019-11-01
ภูเก็ต,Phuket,7.887342105,98.36747368,Dec,0,2019,off_season,12,2019-12-01
ปราจีนบุรี,Prachin Buri,13.99596825,101.5334444,Jan,0,2015,in_season,1,2015-01-01
ปราจีนบุรี,Prachin Buri,13.99596825,101.5334444,Feb,0,2015,in_season,2,2015-02-01
ปราจีนบุรี,Prachin Buri,13.99596825,101.5334444,Mar,0,2015,in_season,3,2015-03-01
ปราจีนบุรี,Prachin Buri,13.99596825,101.5334444,Apr,0,2015,in_season,4,2015-04-01
ปราจีนบุรี,Prachin Buri,13.99596825,101.5334444,May,82962,2015,in_season,5,2015-05-01
ปราจีนบุรี,Prachin Buri,13.99596825,101.5334444,Jun,184187,2015,in_season,6,2015-06-01
ปราจีนบุรี,Prachin Buri,13.99596825,101.5334444,Jul,96853,2015,in_season,7,2015-07-01
ปราจีนบุรี,Prachin Buri,13.99596825,101.5334444,Aug,8281,2015,in_season,8,2015-08-01
ปราจีนบุรี,Prachin Buri,13.99596825,101.5334444,Sep,193,2015,in_season,9,2015-09-01
ปราจีนบุรี,Prachin Buri,13.99596825,101.5334444,Oct,14472,2015,in_season,10,2015-10-01
ปราจีนบุรี,Prachin Buri,13.99596825,101.5334444,Nov,0,2015,in_season,11,2015-11-01
ปราจีนบุรี,Prachin Buri,13.99596825,101.5334444,Dec,0,2015,in_season,12,2015-12-01
ปราจีนบุรี,Prachin Buri,13.99596825,101.5334444,Jan,0,2016,in_season,1,2016-01-01
ปราจีนบุรี,Prachin Buri,13.99596825,101.5334444,Feb,0,2016,in_season,2,2016-02-01
ปราจีนบุรี,Prachin Buri,13.99596825,101.5334444,Mar,0,2016,in_season,3,2016-03-01
ปราจีนบุรี,Prachin Buri,13.99596825,101.5334444,Apr,0,2016,in_season,4,2016-04-01
ปราจีนบุรี,Prachin Buri,13.99596825,101.5334444,May,118676,2016,in_season,5,2016-05-01
ปราจีนบุรี,Prachin Buri,13.99596825,101.5334444,Jun,221071,2016,in_season,6,2016-06-01
ปราจีนบุรี,Prachin Buri,13.99596825,101.5334444,Jul,40052,2016,in_season,7,2016-07-01
ปราจีนบุรี,Prachin Buri,13.99596825,101.5334444,Aug,11334,2016,in_season,8,2016-08-01
ปราจีนบุรี,Prachin Buri,13.99596825,101.5334444,Sep,4317,2016,in_season,9,2016-09-01
ปราจีนบุรี,Prachin Buri,13.99596825,101.5334444,Oct,2573,2016,in_season,10,2016-10-01
ปราจีนบุรี,Prachin Buri,13.99596825,101.5334444,Nov,0,2016,in_season,11,2016-11-01
ปราจีนบุรี,Prachin Buri,13.99596825,101.5334444,Dec,0,2016,in_season,12,2016-12-01
ปราจีนบุรี,Prachin Buri,13.99596825,101.5334444,Jan,0,2017,in_season,1,2017-01-01
ปราจีนบุรี,Prachin Buri,13.99596825,101.5334444,Feb,0,2017,in_season,2,2017-02-01
ปราจีนบุรี,Prachin Buri,13.99596825,101.5334444,Mar,0,2017,in_season,3,2017-03-01
ปราจีนบุรี,Prachin Buri,13.99596825,101.5334444,Apr,0,2017,in_season,4,2017-04-01
ปราจีนบุรี,Prachin Buri,13.99596825,101.5334444,May,236892,2017,in_season,5,2017-05-01
ปราจีนบุรี,Prachin Buri,13.99596825,101.5334444,Jun,83625,2017,in_season,6,2017-06-01
ปราจีนบุรี,Prachin Buri,13.99596825,101.5334444,Jul,40139,2017,in_season,7,2017-07-01
ปราจีนบุรี,Prachin Buri,13.99596825,101.5334444,Aug,8698,2017,in_season,8,2017-08-01
ปราจีนบุรี,Prachin Buri,13.99596825,101.5334444,Sep,18950,2017,in_season,9,2017-09-01
ปราจีนบุรี,Prachin Buri,13.99596825,101.5334444,Oct,12952,2017,in_season,10,2017-10-01
ปราจีนบุรี,Prachin Buri,13.99596825,101.5334444,Nov,0,2017,in_season,11,2017-11-01
ปราจีนบุรี,Prachin Buri,13.99596825,101.5334444,Dec,0,2017,in_season,12,2017-12-01
ปราจีนบุรี,Prachin Buri,13.99596825,101.5334444,Jan,0,2018,in_season,1,2018-01-01
ปราจีนบุรี,Prachin Buri,13.99596825,101.5334444,Feb,0,2018,in_season,2,2018-02-01
ปราจีนบุรี,Prachin Buri,13.99596825,101.5334444,Mar,0,2018,in_season,3,2018-03-01
ปราจีนบุรี,Prachin Buri,13.99596825,101.5334444,Apr,0,2018,in_season,4,2018-04-01
ปราจีนบุรี,Prachin Buri,13.99596825,101.5334444,May,246666,2018,in_season,5,2018-05-01
ปราจีนบุรี,Prachin Buri,13.99596825,101.5334444,Jun,78868,2018,in_season,6,2018-06-01
ปราจีนบุรี,Prachin Buri,13.99596825,101.5334444,Jul,38055,2018,in_season,7,2018-07-01
ปราจีนบุรี,Prachin Buri,13.99596825,101.5334444,Aug,12861,2018,in_season,8,2018-08-01
ปราจีนบุรี,Prachin Buri,13.99596825,101.5334444,Sep,3009,2018,in_season,9,2018-09-01
ปราจีนบุรี,Prachin Buri,13.99596825,101.5334444,Oct,1556,2018,in_season,10,2018-10-01
ปราจีนบุรี,Prachin Buri,13.99596825,101.5334444,Nov,0,2018,in_season,11,2018-11-01
ปราจีนบุรี,Prachin Buri,13.99596825,101.5334444,Dec,0,2018,in_season,12,2018-12-01
ปราจีนบุรี,Prachin Buri,13.99596825,101.5334444,Jan,0,2019,in_season,1,2019-01-01
ปราจีนบุรี,Prachin Buri,13.99596825,101.5334444,Feb,0,2019,in_season,2,2019-02-01
ปราจีนบุรี,Prachin Buri,13.99596825,101.5334444,Mar,0,2019,in_season,3,2019-03-01
ปราจีนบุรี,Prachin Buri,13.99596825,101.5334444,Apr,0,2019,in_season,4,2019-04-01
ปราจีนบุรี,Prachin Buri,13.99596825,101.5334444,May,246666,2019,in_season,5,2019-05-01
ปราจีนบุรี,Prachin Buri,13.99596825,101.5334444,Jun,78868,2019,in_season,6,2019-06-01
ปราจีนบุรี,Prachin Buri,13.99596825,101.5334444,Jul,38055,2019,in_season,7,2019-07-01
ปราจีนบุรี,Prachin Buri,13.99596825,101.5334444,Aug,12861,2019,in_season,8,2019-08-01
ปราจีนบุรี,Prachin Buri,13.99596825,101.5334444,Sep,3009,2019,in_season,9,2019-09-01
ปราจีนบุรี,Prachin Buri,13.99596825,101.5334444,Oct,1556,2019,in_season,10,2019-10-01
ปราจีนบุรี,Prachin Buri,13.99596825,101.5334444,Nov,0,2019,in_season,11,2019-11-01
ปราจีนบุรี,Prachin Buri,13.99596825,101.5334444,Dec,0,2019,in_season,12,2019-12-01
ปราจีนบุรี,Prachin Buri,13.99596825,101.5334444,Jan,19958,2015,off_season,1,2015-01-01
ปราจีนบุรี,Prachin Buri,13.99596825,101.5334444,Feb,7791,2015,off_season,2,2015-02-01
ปราจีนบุรี,Prachin Buri,13.99596825,101.5334444,Mar,1798,2015,off_season,3,2015-03-01
ปราจีนบุรี,Prachin Buri,13.99596825,101.5334444,Apr,1439,2015,off_season,4,2015-04-01
ปราจีนบุรี,Prachin Buri,13.99596825,101.5334444,May,0,2015,off_season,5,2015-05-01
ปราจีนบุรี,Prachin Buri,13.99596825,101.5334444,Jun,0,2015,off_season,6,2015-06-01
ปราจีนบุรี,Prachin Buri,13.99596825,101.5334444,Jul,0,2015,off_season,7,2015-07-01
ปราจีนบุรี,Prachin Buri,13.99596825,101.5334444,Aug,0,2015,off_season,8,2015-08-01
ปราจีนบุรี,Prachin Buri,13.99596825,101.5334444,Sep,0,2015,off_season,9,2015-09-01
ปราจีนบุรี,Prachin Buri,13.99596825,101.5334444,Oct,0,2015,off_season,10,2015-10-01
ปราจีนบุรี,Prachin Buri,13.99596825,101.5334444,Nov,80588,2015,off_season,11,2015-11-01
ปราจีนบุรี,Prachin Buri,13.99596825,101.5334444,Dec,32196,2015,off_season,12,2015-12-01
ปราจีนบุรี,Prachin Buri,13.99596825,101.5334444,Jan,10393,2016,off_season,1,2016-01-01
ปราจีนบุรี,Prachin Buri,13.99596825,101.5334444,Feb,3477,2016,off_season,2,2016-02-01
ปราจีนบุรี,Prachin Buri,13.99596825,101.5334444,Mar,2283,2016,off_season,3,2016-03-01
ปราจีนบุรี,Prachin Buri,13.99596825,101.5334444,Apr,1198,2016,off_season,4,2016-04-01
ปราจีนบุรี,Prachin Buri,13.99596825,101.5334444,May,0,2016,off_season,5,2016-05-01
ปราจีนบุรี,Prachin Buri,13.99596825,101.5334444,Jun,0,2016,off_season,6,2016-06-01
ปราจีนบุรี,Prachin Buri,13.99596825,101.5334444,Jul,0,2016,off_season,7,2016-07-01
ปราจีนบุรี,Prachin Buri,13.99596825,101.5334444,Aug,0,2016,off_season,8,2016-08-01
ปราจีนบุรี,Prachin Buri,13.99596825,101.5334444,Sep,0,2016,off_season,9,2016-09-01
ปราจีนบุรี,Prachin Buri,13.99596825,101.5334444,Oct,0,2016,off_season,10,2016-10-01
ปราจีนบุรี,Prachin Buri,13.99596825,101.5334444,Nov,96069,2016,off_season,11,2016-11-01
ปราจีนบุรี,Prachin Buri,13.99596825,101.5334444,Dec,21586,2016,off_season,12,2016-12-01
ปราจีนบุรี,Prachin Buri,13.99596825,101.5334444,Jan,12269,2017,off_season,1,2017-01-01
ปราจีนบุรี,Prachin Buri,13.99596825,101.5334444,Feb,3902,2017,off_season,2,2017-02-01
ปราจีนบุรี,Prachin Buri,13.99596825,101.5334444,Mar,1172,2017,off_season,3,2017-03-01
ปราจีนบุรี,Prachin Buri,13.99596825,101.5334444,Apr,523,2017,off_season,4,2017-04-01
ปราจีนบุรี,Prachin Buri,13.99596825,101.5334444,May,0,2017,off_season,5,2017-05-01
ปราจีนบุรี,Prachin Buri,13.99596825,101.5334444,Jun,0,2017,off_season,6,2017-06-01
ปราจีนบุรี,Prachin Buri,13.99596825,101.5334444,Jul,0,2017,off_season,7,2017-07-01
ปราจีนบุรี,Prachin Buri,13.99596825,101.5334444,Aug,0,2017,off_season,8,2017-08-01
ปราจีนบุรี,Prachin Buri,13.99596825,101.5334444,Sep,0,2017,off_season,9,2017-09-01
ปราจีนบุรี,Prachin Buri,13.99596825,101.5334444,Oct,0,2017,off_season,10,2017-10-01
ปราจีนบุรี,Prachin Buri,13.99596825,101.5334444,Nov,104341,2017,off_season,11,2017-11-01
ปราจีนบุรี,Prachin Buri,13.99596825,101.5334444,Dec,16062,2017,off_season,12,2017-12-01
ปราจีนบุรี,Prachin Buri,13.99596825,101.5334444,Jan,11227,2018,off_season,1,2018-01-01
ปราจีนบุรี,Prachin Buri,13.99596825,101.5334444,Feb,2677,2018,off_season,2,2018-02-01
ปราจีนบุรี,Prachin Buri,13.99596825,101.5334444,Mar,1796,2018,off_season,3,2018-03-01
ปราจีนบุรี,Prachin Buri,13.99596825,101.5334444,Apr,1081,2018,off_season,4,2018-04-01
ปราจีนบุรี,Prachin Buri,13.99596825,101.5334444,May,0,2018,off_season,5,2018-05-01
ปราจีนบุรี,Prachin Buri,13.99596825,101.5334444,Jun,0,2018,off_season,6,2018-06-01
ปราจีนบุรี,Prachin Buri,13.99596825,101.5334444,Jul,0,2018,off_season,7,2018-07-01
ปราจีนบุรี,Prachin Buri,13.99596825,101.5334444,Aug,0,2018,off_season,8,2018-08-01
ปราจีนบุรี,Prachin Buri,13.99596825,101.5334444,Sep,0,2018,off_season,9,2018-09-01
ปราจีนบุรี,Prachin Buri,13.99596825,101.5334444,Oct,0,2018,off_season,10,2018-10-01
ปราจีนบุรี,Prachin Buri,13.99596825,101.5334444,Nov,96069,2018,off_season,11,2018-11-01
ปราจีนบุรี,Prachin Buri,13.99596825,101.5334444,Dec,20582,2018,off_season,12,2018-12-01
ปราจีนบุรี,Prachin Buri,13.99596825,101.5334444,Jan,9400,2019,off_season,1,2019-01-01
ปราจีนบุรี,Prachin Buri,13.99596825,101.5334444,Feb,1230,2019,off_season,2,2019-02-01
ปราจีนบุรี,Prachin Buri,13.99596825,101.5334444,Mar,1607,2019,off_season,3,2019-03-01
ปราจีนบุรี,Prachin Buri,13.99596825,101.5334444,Apr,858,2019,off_season,4,2019-04-01
ปราจีนบุรี,Prachin Buri,13.99596825,101.5334444,May,0,2019,off_season,5,2019-05-01
ปราจีนบุรี,Prachin Buri,13.99596825,101.5334444,Jun,0,2019,off_season,6,2019-06-01
ปราจีนบุรี,Prachin Buri,13.99596825,101.5334444,Jul,0,2019,off_season,7,2019-07-01
ปราจีนบุรี,Prachin Buri,13.99596825,101.5334444,Aug,0,2019,off_season,8,2019-08-01
ปราจีนบุรี,Prachin Buri,13.99596825,101.5334444,Sep,0,2019,off_season,9,2019-09-01
ปราจีนบุรี,Prachin Buri,13.99596825,101.5334444,Oct,0,2019,off_season,10,2019-10-01
ปราจีนบุรี,Prachin Buri,13.99596825,101.5334444,Nov,102586,2019,off_season,11,2019-11-01
ปราจีนบุรี,Prachin Buri,13.99596825,101.5334444,Dec,20421,2019,off_season,12,2019-12-01
ประจวบคีรีขันธ์,Prachuap Khiri Khan,11.87997872,99.66968085,Jan,0,2015,in_season,1,2015-01-01
ประจวบคีรีขันธ์,Prachuap Khiri Khan,11.87997872,99.66968085,Feb,0,2015,in_season,2,2015-02-01
ประจวบคีรีขันธ์,Prachuap Khiri Khan,11.87997872,99.66968085,Mar,0,2015,in_season,3,2015-03-01
ประจวบคีรีขันธ์,Prachuap Khiri Khan,11.87997872,99.66968085,Apr,0,2015,in_season,4,2015-04-01
ประจวบคีรีขันธ์,Prachuap Khiri Khan,11.87997872,99.66968085,May,1134,2015,in_season,5,2015-05-01
ประจวบคีรีขันธ์,Prachuap Khiri Khan,11.87997872,99.66968085,Jun,760,2015,in_season,6,2015-06-01
ประจวบคีรีขันธ์,Prachuap Khiri Khan,11.87997872,99.66968085,Jul,7556,2015,in_season,7,2015-07-01
ประจวบคีรีขันธ์,Prachuap Khiri Khan,11.87997872,99.66968085,Aug,7408,2015,in_season,8,2015-08-01
ประจวบคีรีขันธ์,Prachuap Khiri Khan,11.87997872,99.66968085,Sep,3521,2015,in_season,9,2015-09-01
ประจวบคีรีขันธ์,Prachuap Khiri Khan,11.87997872,99.66968085,Oct,971,2015,in_season,10,2015-10-01
ประจวบคีรีขันธ์,Prachuap Khiri Khan,11.87997872,99.66968085,Nov,0,2015,in_season,11,2015-11-01
ประจวบคีรีขันธ์,Prachuap Khiri Khan,11.87997872,99.66968085,Dec,0,2015,in_season,12,2015-12-01
ประจวบคีรีขันธ์,Prachuap Khiri Khan,11.87997872,99.66968085,Jan,0,2016,in_season,1,2016-01-01
ประจวบคีรีขันธ์,Prachuap Khiri Khan,11.87997872,99.66968085,Feb,0,2016,in_season,2,2016-02-01
ประจวบคีรีขันธ์,Prachuap Khiri Khan,11.87997872,99.66968085,Mar,0,2016,in_season,3,2016-03-01
ประจวบคีรีขันธ์,Prachuap Khiri Khan,11.87997872,99.66968085,Apr,0,2016,in_season,4,2016-04-01
ประจวบคีรีขันธ์,Prachuap Khiri Khan,11.87997872,99.66968085,May,264,2016,in_season,5,2016-05-01
ประจวบคีรีขันธ์,Prachuap Khiri Khan,11.87997872,99.66968085,Jun,324,2016,in_season,6,2016-06-01
ประจวบคีรีขันธ์,Prachuap Khiri Khan,11.87997872,99.66968085,Jul,1633,2016,in_season,7,2016-07-01
ประจวบคีรีขันธ์,Prachuap Khiri Khan,11.87997872,99.66968085,Aug,4070,2016,in_season,8,2016-08-01
ประจวบคีรีขันธ์,Prachuap Khiri Khan,11.87997872,99.66968085,Sep,1618,2016,in_season,9,2016-09-01
ประจวบคีรีขันธ์,Prachuap Khiri Khan,11.87997872,99.66968085,Oct,668,2016,in_season,10,2016-10-01
ประจวบคีรีขันธ์,Prachuap Khiri Khan,11.87997872,99.66968085,Nov,0,2016,in_season,11,2016-11-01
ประจวบคีรีขันธ์,Prachuap Khiri Khan,11.87997872,99.66968085,Dec,0,2016,in_season,12,2016-12-01
ประจวบคีรีขันธ์,Prachuap Khiri Khan,11.87997872,99.66968085,Jan,0,2017,in_season,1,2017-01-01
ประจวบคีรีขันธ์,Prachuap Khiri Khan,11.87997872,99.66968085,Feb,0,2017,in_season,2,2017-02-01
ประจวบคีรีขันธ์,Prachuap Khiri Khan,11.87997872,99.66968085,Mar,0,2017,in_season,3,2017-03-01
ประจวบคีรีขันธ์,Prachuap Khiri Khan,11.87997872,99.66968085,Apr,0,2017,in_season,4,2017-04-01
ประจวบคีรีขันธ์,Prachuap Khiri Khan,11.87997872,99.66968085,May,135,2017,in_season,5,2017-05-01
ประจวบคีรีขันธ์,Prachuap Khiri Khan,11.87997872,99.66968085,Jun,359,2017,in_season,6,2017-06-01
ประจวบคีรีขันธ์,Prachuap Khiri Khan,11.87997872,99.66968085,Jul,2057,2017,in_season,7,2017-07-01
ประจวบคีรีขันธ์,Prachuap Khiri Khan,11.87997872,99.66968085,Aug,4784,2017,in_season,8,2017-08-01
ประจวบคีรีขันธ์,Prachuap Khiri Khan,11.87997872,99.66968085,Sep,1386,2017,in_season,9,2017-09-01
ประจวบคีรีขันธ์,Prachuap Khiri Khan,11.87997872,99.66968085,Oct,299,2017,in_season,10,2017-10-01
ประจวบคีรีขันธ์,Prachuap Khiri Khan,11.87997872,99.66968085,Nov,0,2017,in_season,11,2017-11-01
ประจวบคีรีขันธ์,Prachuap Khiri Khan,11.87997872,99.66968085,Dec,0,2017,in_season,12,2017-12-01
ประจวบคีรีขันธ์,Prachuap Khiri Khan,11.87997872,99.66968085,Jan,0,2018,in_season,1,2018-01-01
ประจวบคีรีขันธ์,Prachuap Khiri Khan,11.87997872,99.66968085,Feb,0,2018,in_season,2,2018-02-01
ประจวบคีรีขันธ์,Prachuap Khiri Khan,11.87997872,99.66968085,Mar,0,2018,in_season,3,2018-03-01
ประจวบคีรีขันธ์,Prachuap Khiri Khan,11.87997872,99.66968085,Apr,0,2018,in_season,4,2018-04-01
ประจวบคีรีขันธ์,Prachuap Khiri Khan,11.87997872,99.66968085,May,143,2018,in_season,5,2018-05-01
ประจวบคีรีขันธ์,Prachuap Khiri Khan,11.87997872,99.66968085,Jun,529,2018,in_season,6,2018-06-01
ประจวบคีรีขันธ์,Prachuap Khiri Khan,11.87997872,99.66968085,Jul,4514,2018,in_season,7,2018-07-01
ประจวบคีรีขันธ์,Prachuap Khiri Khan,11.87997872,99.66968085,Aug,8460,2018,in_season,8,2018-08-01
ประจวบคีรีขันธ์,Prachuap Khiri Khan,11.87997872,99.66968085,Sep,3260,2018,in_season,9,2018-09-01
ประจวบคีรีขันธ์,Prachuap Khiri Khan,11.87997872,99.66968085,Oct,1583,2018,in_season,10,2018-10-01
ประจวบคีรีขันธ์,Prachuap Khiri Khan,11.87997872,99.66968085,Nov,0,2018,in_season,11,2018-11-01
ประจวบคีรีขันธ์,Prachuap Khiri Khan,11.87997872,99.66968085,Dec,0,2018,in_season,12,2018-12-01
ประจวบคีรีขันธ์,Prachuap Khiri Khan,11.87997872,99.66968085,Jan,0,2019,in_season,1,2019-01-01
ประจวบคีรีขันธ์,Prachuap Khiri Khan,11.87997872,99.66968085,Feb,0,2019,in_season,2,2019-02-01
ประจวบคีรีขันธ์,Prachuap Khiri Khan,11.87997872,99.66968085,Mar,0,2019,in_season,3,2019-03-01
ประจวบคีรีขันธ์,Prachuap Khiri Khan,11.87997872,99.66968085,Apr,0,2019,in_season,4,2019-04-01
ประจวบคีรีขันธ์,Prachuap Khiri Khan,11.87997872,99.66968085,May,143,2019,in_season,5,2019-05-01
ประจวบคีรีขันธ์,Prachuap Khiri Khan,11.87997872,99.66968085,Jun,529,2019,in_season,6,2019-06-01
ประจวบคีรีขันธ์,Prachuap Khiri Khan,11.87997872,99.66968085,Jul,4514,2019,in_season,7,2019-07-01
ประจวบคีรีขันธ์,Prachuap Khiri Khan,11.87997872,99.66968085,Aug,8460,2019,in_season,8,2019-08-01
ประจวบคีรีขันธ์,Prachuap Khiri Khan,11.87997872,99.66968085,Sep,3260,2019,in_season,9,2019-09-01
ประจวบคีรีขันธ์,Prachuap Khiri Khan,11.87997872,99.66968085,Oct,1583,2019,in_season,10,2019-10-01
ประจวบคีรีขันธ์,Prachuap Khiri Khan,11.87997872,99.66968085,Nov,0,2019,in_season,11,2019-11-01
ประจวบคีรีขันธ์,Prachuap Khiri Khan,11.87997872,99.66968085,Dec,0,2019,in_season,12,2019-12-01
ประจวบคีรีขันธ์,Prachuap Khiri Khan,11.87997872,99.66968085,Jan,1782,2015,off_season,1,2015-01-01
ประจวบคีรีขันธ์,Prachuap Khiri Khan,11.87997872,99.66968085,Feb,25430,2015,off_season,2,2015-02-01
ประจวบคีรีขันธ์,Prachuap Khiri Khan,11.87997872,99.66968085,Mar,2912,2015,off_season,3,2015-03-01
ประจวบคีรีขันธ์,Prachuap Khiri Khan,11.87997872,99.66968085,Apr,498,2015,off_season,4,2015-04-01
ประจวบคีรีขันธ์,Prachuap Khiri Khan,11.87997872,99.66968085,May,0,2015,off_season,5,2015-05-01
ประจวบคีรีขันธ์,Prachuap Khiri Khan,11.87997872,99.66968085,Jun,0,2015,off_season,6,2015-06-01
ประจวบคีรีขันธ์,Prachuap Khiri Khan,11.87997872,99.66968085,Jul,0,2015,off_season,7,2015-07-01
ประจวบคีรีขันธ์,Prachuap Khiri Khan,11.87997872,99.66968085,Aug,0,2015,off_season,8,2015-08-01
ประจวบคีรีขันธ์,Prachuap Khiri Khan,11.87997872,99.66968085,Sep,0,2015,off_season,9,2015-09-01
ประจวบคีรีขันธ์,Prachuap Khiri Khan,11.87997872,99.66968085,Oct,0,2015,off_season,10,2015-10-01
ประจวบคีรีขันธ์,Prachuap Khiri Khan,11.87997872,99.66968085,Nov,109,2015,off_season,11,2015-11-01
ประจวบคีรีขันธ์,Prachuap Khiri Khan,11.87997872,99.66968085,Dec,282,2015,off_season,12,2015-12-01
ประจวบคีรีขันธ์,Prachuap Khiri Khan,11.87997872,99.66968085,Jan,1071,2016,off_season,1,2016-01-01
ประจวบคีรีขันธ์,Prachuap Khiri Khan,11.87997872,99.66968085,Feb,563,2016,off_season,2,2016-02-01
ประจวบคีรีขันธ์,Prachuap Khiri Khan,11.87997872,99.66968085,Mar,156,2016,off_season,3,2016-03-01
ประจวบคีรีขันธ์,Prachuap Khiri Khan,11.87997872,99.66968085,Apr,0,2016,off_season,4,2016-04-01
ประจวบคีรีขันธ์,Prachuap Khiri Khan,11.87997872,99.66968085,May,0,2016,off_season,5,2016-05-01
ประจวบคีรีขันธ์,Prachuap Khiri Khan,11.87997872,99.66968085,Jun,0,2016,off_season,6,2016-06-01
ประจวบคีรีขันธ์,Prachuap Khiri Khan,11.87997872,99.66968085,Jul,0,2016,off_season,7,2016-07-01
ประจวบคีรีขันธ์,Prachuap Khiri Khan,11.87997872,99.66968085,Aug,0,2016,off_season,8,2016-08-01
ประจวบคีรีขันธ์,Prachuap Khiri Khan,11.87997872,99.66968085,Sep,0,2016,off_season,9,2016-09-01
ประจวบคีรีขันธ์,Prachuap Khiri Khan,11.87997872,99.66968085,Oct,0,2016,off_season,10,2016-10-01
ประจวบคีรีขันธ์,Prachuap Khiri Khan,11.87997872,99.66968085,Nov,71,2016,off_season,11,2016-11-01
ประจวบคีรีขันธ์,Prachuap Khiri Khan,11.87997872,99.66968085,Dec,329,2016,off_season,12,2016-12-01
ประจวบคีรีขันธ์,Prachuap Khiri Khan,11.87997872,99.66968085,Jan,298,2017,off_season,1,2017-01-01
ประจวบคีรีขันธ์,Prachuap Khiri Khan,11.87997872,99.66968085,Feb,859,2017,off_season,2,2017-02-01
ประจวบคีรีขันธ์,Prachuap Khiri Khan,11.87997872,99.66968085,Mar,134,2017,off_season,3,2017-03-01
ประจวบคีรีขันธ์,Prachuap Khiri Khan,11.87997872,99.66968085,Apr,0,2017,off_season,4,2017-04-01
ประจวบคีรีขันธ์,Prachuap Khiri Khan,11.87997872,99.66968085,May,0,2017,off_season,5,2017-05-01
ประจวบคีรีขันธ์,Prachuap Khiri Khan,11.87997872,99.66968085,Jun,0,2017,off_season,6,2017-06-01
ประจวบคีรีขันธ์,Prachuap Khiri Khan,11.87997872,99.66968085,Jul,0,2017,off_season,7,2017-07-01
ประจวบคีรีขันธ์,Prachuap Khiri Khan,11.87997872,99.66968085,Aug,0,2017,off_season,8,2017-08-01
ประจวบคีรีขันธ์,Prachuap Khiri Khan,11.87997872,99.66968085,Sep,0,2017,off_season,9,2017-09-01
ประจวบคีรีขันธ์,Prachuap Khiri Khan,11.87997872,99.66968085,Oct,0,2017,off_season,10,2017-10-01
ประจวบคีรีขันธ์,Prachuap Khiri Khan,11.87997872,99.66968085,Nov,20,2017,off_season,11,2017-11-01
ประจวบคีรีขันธ์,Prachuap Khiri Khan,11.87997872,99.66968085,Dec,168,2017,off_season,12,2017-12-01
ประจวบคีรีขันธ์,Prachuap Khiri Khan,11.87997872,99.66968085,Jan,995,2018,off_season,1,2018-01-01
ประจวบคีรีขันธ์,Prachuap Khiri Khan,11.87997872,99.66968085,Feb,3737,2018,off_season,2,2018-02-01
ประจวบคีรีขันธ์,Prachuap Khiri Khan,11.87997872,99.66968085,Mar,1659,2018,off_season,3,2018-03-01
ประจวบคีรีขันธ์,Prachuap Khiri Khan,11.87997872,99.66968085,Apr,243,2018,off_season,4,2018-04-01
ประจวบคีรีขันธ์,Prachuap Khiri Khan,11.87997872,99.66968085,May,0,2018,off_season,5,2018-05-01
ประจวบคีรีขันธ์,Prachuap Khiri Khan,11.87997872,99.66968085,Jun,0,2018,off_season,6,2018-06-01
ประจวบคีรีขันธ์,Prachuap Khiri Khan,11.87997872,99.66968085,Jul,0,2018,off_season,7,2018-07-01
ประจวบคีรีขันธ์,Prachuap Khiri Khan,11.87997872,99.66968085,Aug,0,2018,off_season,8,2018-08-01
ประจวบคีรีขันธ์,Prachuap Khiri Khan,11.87997872,99.66968085,Sep,0,2018,off_season,9,2018-09-01
ประจวบคีรีขันธ์,Prachuap Khiri Khan,11.87997872,99.66968085,Oct,0,2018,off_season,10,2018-10-01
ประจวบคีรีขันธ์,Prachuap Khiri Khan,11.87997872,99.66968085,Nov,48,2018,off_season,11,2018-11-01
ประจวบคีรีขันธ์,Prachuap Khiri Khan,11.87997872,99.66968085,Dec,278,2018,off_season,12,2018-12-01
ประจวบคีรีขันธ์,Prachuap Khiri Khan,11.87997872,99.66968085,Jan,1740,2019,off_season,1,2019-01-01
ประจวบคีรีขันธ์,Prachuap Khiri Khan,11.87997872,99.66968085,Feb,6540,2019,off_season,2,2019-02-01
ประจวบคีรีขันธ์,Prachuap Khiri Khan,11.87997872,99.66968085,Mar,1431,2019,off_season,3,2019-03-01
ประจวบคีรีขันธ์,Prachuap Khiri Khan,11.87997872,99.66968085,Apr,290,2019,off_season,4,2019-04-01
ประจวบคีรีขันธ์,Prachuap Khiri Khan,11.87997872,99.66968085,May,0,2019,off_season,5,2019-05-01
ประจวบคีรีขันธ์,Prachuap Khiri Khan,11.87997872,99.66968085,Jun,0,2019,off_season,6,2019-06-01
ประจวบคีรีขันธ์,Prachuap Khiri Khan,11.87997872,99.66968085,Jul,0,2019,off_season,7,2019-07-01
ประจวบคีรีขันธ์,Prachuap Khiri Khan,11.87997872,99.66968085,Aug,0,2019,off_season,8,2019-08-01
ประจวบคีรีขันธ์,Prachuap Khiri Khan,11.87997872,99.66968085,Sep,0,2019,off_season,9,2019-09-01
ประจวบคีรีขันธ์,Prachuap Khiri Khan,11.87997872,99.66968085,Oct,0,2019,off_season,10,2019-10-01
ประจวบคีรีขันธ์,Prachuap Khiri Khan,11.87997872,99.66968085,Nov,68,2019,off_season,11,2019-11-01
ประจวบคีรีขันธ์,Prachuap Khiri Khan,11.87997872,99.66968085,Dec,685,2019,off_season,12,2019-12-01
ระนอง,Ranong,9.84295,98.57283333,Jan,0,2015,in_season,1,2015-01-01
ระนอง,Ranong,9.84295,98.57283333,Feb,0,2015,in_season,2,2015-02-01
ระนอง,Ranong,9.84295,98.57283333,Mar,0,2015,in_season,3,2015-03-01
ระนอง,Ranong,9.84295,98.57283333,Apr,0,2015,in_season,4,2015-04-01
ระนอง,Ranong,9.84295,98.57283333,May,0,2015,in_season,5,2015-05-01
ระนอง,Ranong,9.84295,98.57283333,Jun,284,2015,in_season,6,2015-06-01
ระนอง,Ranong,9.84295,98.57283333,Jul,348,2015,in_season,7,2015-07-01
ระนอง,Ranong,9.84295,98.57283333,Aug,19,2015,in_season,8,2015-08-01
ระนอง,Ranong,9.84295,98.57283333,Sep,402,2015,in_season,9,2015-09-01
ระนอง,Ranong,9.84295,98.57283333,Oct,47,2015,in_season,10,2015-10-01
ระนอง,Ranong,9.84295,98.57283333,Nov,0,2015,in_season,11,2015-11-01
ระนอง,Ranong,9.84295,98.57283333,Dec,0,2015,in_season,12,2015-12-01
ระนอง,Ranong,9.84295,98.57283333,Jan,0,2016,in_season,1,2016-01-01
ระนอง,Ranong,9.84295,98.57283333,Feb,0,2016,in_season,2,2016-02-01
ระนอง,Ranong,9.84295,98.57283333,Mar,0,2016,in_season,3,2016-03-01
ระนอง,Ranong,9.84295,98.57283333,Apr,0,2016,in_season,4,2016-04-01
ระนอง,Ranong,9.84295,98.57283333,May,0,2016,in_season,5,2016-05-01
ระนอง,Ranong,9.84295,98.57283333,Jun,56,2016,in_season,6,2016-06-01
ระนอง,Ranong,9.84295,98.57283333,Jul,32,2016,in_season,7,2016-07-01
ระนอง,Ranong,9.84295,98.57283333,Aug,285,2016,in_season,8,2016-08-01
ระนอง,Ranong,9.84295,98.57283333,Sep,276,2016,in_season,9,2016-09-01
ระนอง,Ranong,9.84295,98.57283333,Oct,15,2016,in_season,10,2016-10-01
ระนอง,Ranong,9.84295,98.57283333,Nov,0,2016,in_season,11,2016-11-01
ระนอง,Ranong,9.84295,98.57283333,Dec,0,2016,in_season,12,2016-12-01
ระนอง,Ranong,9.84295,98.57283333,Jan,0,2017,in_season,1,2017-01-01
ระนอง,Ranong,9.84295,98.57283333,Feb,0,2017,in_season,2,2017-02-01
ระนอง,Ranong,9.84295,98.57283333,Mar,0,2017,in_season,3,2017-03-01
ระนอง,Ranong,9.84295,98.57283333,Apr,0,2017,in_season,4,2017-04-01
ระนอง,Ranong,9.84295,98.57283333,May,0,2017,in_season,5,2017-05-01
ระนอง,Ranong,9.84295,98.57283333,Jun,47,2017,in_season,6,2017-06-01
ระนอง,Ranong,9.84295,98.57283333,Jul,152,2017,in_season,7,2017-07-01
ระนอง,Ranong,9.84295,98.57283333,Aug,281,2017,in_season,8,2017-08-01
ระนอง,Ranong,9.84295,98.57283333,Sep,89,2017,in_season,9,2017-09-01
ระนอง,Ranong,9.84295,98.57283333,Oct,48,2017,in_season,10,2017-10-01
ระนอง,Ranong,9.84295,98.57283333,Nov,0,2017,in_season,11,2017-11-01
ระนอง,Ranong,9.84295,98.57283333,Dec,0,2017,in_season,12,2017-12-01
ระนอง,Ranong,9.84295,98.57283333,Jan,0,2018,in_season,1,2018-01-01
ระนอง,Ranong,9.84295,98.57283333,Feb,0,2018,in_season,2,2018-02-01
ระนอง,Ranong,9.84295,98.57283333,Mar,0,2018,in_season,3,2018-03-01
ระนอง,Ranong,9.84295,98.57283333,Apr,0,2018,in_season,4,2018-04-01
ระนอง,Ranong,9.84295,98.57283333,May,0,2018,in_season,5,2018-05-01
ระนอง,Ranong,9.84295,98.57283333,Jun,18,2018,in_season,6,2018-06-01
ระนอง,Ranong,9.84295,98.57283333,Jul,215,2018,in_season,7,2018-07-01
ระนอง,Ranong,9.84295,98.57283333,Aug,231,2018,in_season,8,2018-08-01
ระนอง,Ranong,9.84295,98.57283333,Sep,56,2018,in_season,9,2018-09-01
ระนอง,Ranong,9.84295,98.57283333,Oct,146,2018,in_season,10,2018-10-01
ระนอง,Ranong,9.84295,98.57283333,Nov,0,2018,in_season,11,2018-11-01
ระนอง,Ranong,9.84295,98.57283333,Dec,0,2018,in_season,12,2018-12-01
ระนอง,Ranong,9.84295,98.57283333,Jan,0,2019,in_season,1,2019-01-01
ระนอง,Ranong,9.84295,98.57283333,Feb,0,2019,in_season,2,2019-02-01
ระนอง,Ranong,9.84295,98.57283333,Mar,0,2019,in_season,3,2019-03-01
ระนอง,Ranong,9.84295,98.57283333,Apr,0,2019,in_season,4,2019-04-01
ระนอง,Ranong,9.84295,98.57283333,May,0,2019,in_season,5,2019-05-01
ระนอง,Ranong,9.84295,98.57283333,Jun,18,2019,in_season,6,2019-06-01
ระนอง,Ranong,9.84295,98.57283333,Jul,215,2019,in_season,7,2019-07-01
ระนอง,Ranong,9.84295,98.57283333,Aug,231,2019,in_season,8,2019-08-01
ระนอง,Ranong,9.84295,98.57283333,Sep,56,2019,in_season,9,2019-09-01
ระนอง,Ranong,9.84295,98.57283333,Oct,146,2019,in_season,10,2019-10-01
ระนอง,Ranong,9.84295,98.57283333,Nov,0,2019,in_season,11,2019-11-01
ระนอง,Ranong,9.84295,98.57283333,Dec,0,2019,in_season,12,2019-12-01
ระนอง,Ranong,9.84295,98.57283333,Jan,0,2015,off_season,1,2015-01-01
ระนอง,Ranong,9.84295,98.57283333,Feb,0,2015,off_season,2,2015-02-01
ระนอง,Ranong,9.84295,98.57283333,Mar,0,2015,off_season,3,2015-03-01
ระนอง,Ranong,9.84295,98.57283333,Apr,0,2015,off_season,4,2015-04-01
ระนอง,Ranong,9.84295,98.57283333,May,0,2015,off_season,5,2015-05-01
ระนอง,Ranong,9.84295,98.57283333,Jun,0,2015,off_season,6,2015-06-01
ระนอง,Ranong,9.84295,98.57283333,Jul,0,2015,off_season,7,2015-07-01
ระนอง,Ranong,9.84295,98.57283333,Aug,0,2015,off_season,8,2015-08-01
ระนอง,Ranong,9.84295,98.57283333,Sep,0,2015,off_season,9,2015-09-01
ระนอง,Ranong,9.84295,98.57283333,Oct,0,2015,off_season,10,2015-10-01
ระนอง,Ranong,9.84295,98.57283333,Nov,0,2015,off_season,11,2015-11-01
ระนอง,Ranong,9.84295,98.57283333,Dec,0,2015,off_season,12,2015-12-01
ระนอง,Ranong,9.84295,98.57283333,Jan,0,2016,off_season,1,2016-01-01
ระนอง,Ranong,9.84295,98.57283333,Feb,0,2016,off_season,2,2016-02-01
ระนอง,Ranong,9.84295,98.57283333,Mar,0,2016,off_season,3,2016-03-01
ระนอง,Ranong,9.84295,98.57283333,Apr,0,2016,off_season,4,2016-04-01
ระนอง,Ranong,9.84295,98.57283333,May,0,2016,off_season,5,2016-05-01
ระนอง,Ranong,9.84295,98.57283333,Jun,0,2016,off_season,6,2016-06-01
ระนอง,Ranong,9.84295,98.57283333,Jul,0,2016,off_season,7,2016-07-01
ระนอง,Ranong,9.84295,98.57283333,Aug,0,2016,off_season,8,2016-08-01
ระนอง,Ranong,9.84295,98.57283333,Sep,0,2016,off_season,9,2016-09-01
ระนอง,Ranong,9.84295,98.57283333,Oct,0,2016,off_season,10,2016-10-01
ระนอง,Ranong,9.84295,98.57283333,Nov,0,2016,off_season,11,2016-11-01
ระนอง,Ranong,9.84295,98.57283333,Dec,0,2016,off_season,12,2016-12-01
ระนอง,Ranong,9.84295,98.57283333,Jan,0,2017,off_season,1,2017-01-01
ระนอง,Ranong,9.84295,98.57283333,Feb,0,2017,off_season,2,2017-02-01
ระนอง,Ranong,9.84295,98.57283333,Mar,0,2017,off_season,3,2017-03-01
ระนอง,Ranong,9.84295,98.57283333,Apr,0,2017,off_season,4,2017-04-01
ระนอง,Ranong,9.84295,98.57283333,May,0,2017,off_season,5,2017-05-01
ระนอง,Ranong,9.84295,98.57283333,Jun,0,2017,off_season,6,2017-06-01
ระนอง,Ranong,9.84295,98.57283333,Jul,0,2017,off_season,7,2017-07-01
ระนอง,Ranong,9.84295,98.57283333,Aug,0,2017,off_season,8,2017-08-01
ระนอง,Ranong,9.84295,98.57283333,Sep,0,2017,off_season,9,2017-09-01
ระนอง,Ranong,9.84295,98.57283333,Oct,0,2017,off_season,10,2017-10-01
ระนอง,Ranong,9.84295,98.57283333,Nov,0,2017,off_season,11,2017-11-01
ระนอง,Ranong,9.84295,98.57283333,Dec,0,2017,off_season,12,2017-12-01
ระนอง,Ranong,9.84295,98.57283333,Jan,0,2018,off_season,1,2018-01-01
ระนอง,Ranong,9.84295,98.57283333,Feb,0,2018,off_season,2,2018-02-01
ระนอง,Ranong,9.84295,98.57283333,Mar,0,2018,off_season,3,2018-03-01
ระนอง,Ranong,9.84295,98.57283333,Apr,0,2018,off_season,4,2018-04-01
ระนอง,Ranong,9.84295,98.57283333,May,0,2018,off_season,5,2018-05-01
ระนอง,Ranong,9.84295,98.57283333,Jun,0,2018,off_season,6,2018-06-01
ระนอง,Ranong,9.84295,98.57283333,Jul,0,2018,off_season,7,2018-07-01
ระนอง,Ranong,9.84295,98.57283333,Aug,0,2018,off_season,8,2018-08-01
ระนอง,Ranong,9.84295,98.57283333,Sep,0,2018,off_season,9,2018-09-01
ระนอง,Ranong,9.84295,98.57283333,Oct,0,2018,off_season,10,2018-10-01
ระนอง,Ranong,9.84295,98.57283333,Nov,0,2018,off_season,11,2018-11-01
ระนอง,Ranong,9.84295,98.57283333,Dec,0,2018,off_season,12,2018-12-01
ระนอง,Ranong,9.84295,98.57283333,Jan,0,2019,off_season,1,2019-01-01
ระนอง,Ranong,9.84295,98.57283333,Feb,0,2019,off_season,2,2019-02-01
ระนอง,Ranong,9.84295,98.57283333,Mar,0,2019,off_season,3,2019-03-01
ระนอง,Ranong,9.84295,98.57283333,Apr,0,2019,off_season,4,2019-04-01
ระนอง,Ranong,9.84295,98.57283333,May,0,2019,off_season,5,2019-05-01
ระนอง,Ranong,9.84295,98.57283333,Jun,0,2019,off_season,6,2019-06-01
ระนอง,Ranong,9.84295,98.57283333,Jul,0,2019,off_season,7,2019-07-01
ระนอง,Ranong,9.84295,98.57283333,Aug,0,2019,off_season,8,2019-08-01
ระนอง,Ranong,9.84295,98.57283333,Sep,0,2019,off_season,9,2019-09-01
ระนอง,Ranong,9.84295,98.57283333,Oct,0,2019,off_season,10,2019-10-01
ระนอง,Ranong,9.84295,98.57283333,Nov,0,2019,off_season,11,2019-11-01
ระนอง,Ranong,9.84295,98.57283333,Dec,0,2019,off_season,12,2019-12-01
ราชบุรี,Ratchaburi,13.60378641,99.80105825,Jan,0,2015,in_season,1,2015-01-01
ราชบุรี,Ratchaburi,13.60378641,99.80105825,Feb,0,2015,in_season,2,2015-02-01
ราชบุรี,Ratchaburi,13.60378641,99.80105825,Mar,0,2015,in_season,3,2015-03-01
ราชบุรี,Ratchaburi,13.60378641,99.80105825,Apr,0,2015,in_season,4,2015-04-01
ราชบุรี,Ratchaburi,13.60378641,99.80105825,May,2384,2015,in_season,5,2015-05-01
ราชบุรี,Ratchaburi,13.60378641,99.80105825,Jun,2526,2015,in_season,6,2015-06-01
ราชบุรี,Ratchaburi,13.60378641,99.80105825,Jul,13140,2015,in_season,7,2015-07-01
ราชบุรี,Ratchaburi,13.60378641,99.80105825,Aug,255030,2015,in_season,8,2015-08-01
ราชบุรี,Ratchaburi,13.60378641,99.80105825,Sep,5165,2015,in_season,9,2015-09-01
ราชบุรี,Ratchaburi,13.60378641,99.80105825,Oct,5563,2015,in_season,10,2015-10-01
ราชบุรี,Ratchaburi,13.60378641,99.80105825,Nov,0,2015,in_season,11,2015-11-01
ราชบุรี,Ratchaburi,13.60378641,99.80105825,Dec,0,2015,in_season,12,2015-12-01
ราชบุรี,Ratchaburi,13.60378641,99.80105825,Jan,0,2016,in_season,1,2016-01-01
ราชบุรี,Ratchaburi,13.60378641,99.80105825,Feb,0,2016,in_season,2,2016-02-01
ราชบุรี,Ratchaburi,13.60378641,99.80105825,Mar,0,2016,in_season,3,2016-03-01
ราชบุรี,Ratchaburi,13.60378641,99.80105825,Apr,0,2016,in_season,4,2016-04-01
ราชบุรี,Ratchaburi,13.60378641,99.80105825,May,972,2016,in_season,5,2016-05-01
ราชบุรี,Ratchaburi,13.60378641,99.80105825,Jun,6993,2016,in_season,6,2016-06-01
ราชบุรี,Ratchaburi,13.60378641,99.80105825,Jul,76422,2016,in_season,7,2016-07-01
ราชบุรี,Ratchaburi,13.60378641,99.80105825,Aug,167009,2016,in_season,8,2016-08-01
ราชบุรี,Ratchaburi,13.60378641,99.80105825,Sep,2023,2016,in_season,9,2016-09-01
ราชบุรี,Ratchaburi,13.60378641,99.80105825,Oct,1806,2016,in_season,10,2016-10-01
ราชบุรี,Ratchaburi,13.60378641,99.80105825,Nov,0,2016,in_season,11,2016-11-01
ราชบุรี,Ratchaburi,13.60378641,99.80105825,Dec,0,2016,in_season,12,2016-12-01
ราชบุรี,Ratchaburi,13.60378641,99.80105825,Jan,0,2017,in_season,1,2017-01-01
ราชบุรี,Ratchaburi,13.60378641,99.80105825,Feb,0,2017,in_season,2,2017-02-01
ราชบุรี,Ratchaburi,13.60378641,99.80105825,Mar,0,2017,in_season,3,2017-03-01
ราชบุรี,Ratchaburi,13.60378641,99.80105825,Apr,0,2017,in_season,4,2017-04-01
ราชบุรี,Ratchaburi,13.60378641,99.80105825,May,1557,2017,in_season,5,2017-05-01
ราชบุรี,Ratchaburi,13.60378641,99.80105825,Jun,7159,2017,in_season,6,2017-06-01
ราชบุรี,Ratchaburi,13.60378641,99.80105825,Jul,34633,2017,in_season,7,2017-07-01
ราชบุรี,Ratchaburi,13.60378641,99.80105825,Aug,192837,2017,in_season,8,2017-08-01
ราชบุรี,Ratchaburi,13.60378641,99.80105825,Sep,6091,2017,in_season,9,2017-09-01
ราชบุรี,Ratchaburi,13.60378641,99.80105825,Oct,2063,2017,in_season,10,2017-10-01
ราชบุรี,Ratchaburi,13.60378641,99.80105825,Nov,0,2017,in_season,11,2017-11-01
ราชบุรี,Ratchaburi,13.60378641,99.80105825,Dec,0,2017,in_season,12,2017-12-01
ราชบุรี,Ratchaburi,13.60378641,99.80105825,Jan,0,2018,in_season,1,2018-01-01
ราชบุรี,Ratchaburi,13.60378641,99.80105825,Feb,0,2018,in_season,2,2018-02-01
ราชบุรี,Ratchaburi,13.60378641,99.80105825,Mar,0,2018,in_season,3,2018-03-01
ราชบุรี,Ratchaburi,13.60378641,99.80105825,Apr,0,2018,in_season,4,2018-04-01
ราชบุรี,Ratchaburi,13.60378641,99.80105825,May,791,2018,in_season,5,2018-05-01
ราชบุรี,Ratchaburi,13.60378641,99.80105825,Jun,8373,2018,in_season,6,2018-06-01
ราชบุรี,Ratchaburi,13.60378641,99.80105825,Jul,29460,2018,in_season,7,2018-07-01
ราชบุรี,Ratchaburi,13.60378641,99.80105825,Aug,192480,2018,in_season,8,2018-08-01
ราชบุรี,Ratchaburi,13.60378641,99.80105825,Sep,3479,2018,in_season,9,2018-09-01
ราชบุรี,Ratchaburi,13.60378641,99.80105825,Oct,1668,2018,in_season,10,2018-10-01
ราชบุรี,Ratchaburi,13.60378641,99.80105825,Nov,0,2018,in_season,11,2018-11-01
ราชบุรี,Ratchaburi,13.60378641,99.80105825,Dec,0,2018,in_season,12,2018-12-01
ราชบุรี,Ratchaburi,13.60378641,99.80105825,Jan,0,2019,in_season,1,2019-01-01
ราชบุรี,Ratchaburi,13.60378641,99.80105825,Feb,0,2019,in_season,2,2019-02-01
ราชบุรี,Ratchaburi,13.60378641,99.80105825,Mar,0,2019,in_season,3,2019-03-01
ราชบุรี,Ratchaburi,13.60378641,99.80105825,Apr,0,2019,in_season,4,2019-04-01
ราชบุรี,Ratchaburi,13.60378641,99.80105825,May,791,2019,in_season,5,2019-05-01
ราชบุรี,Ratchaburi,13.60378641,99.80105825,Jun,8373,2019,in_season,6,2019-06-01
ราชบุรี,Ratchaburi,13.60378641,99.80105825,Jul,29460,2019,in_season,7,2019-07-01
ราชบุรี,Ratchaburi,13.60378641,99.80105825,Aug,192480,2019,in_season,8,2019-08-01
ราชบุรี,Ratchaburi,13.60378641,99.80105825,Sep,3479,2019,in_season,9,2019-09-01
ราชบุรี,Ratchaburi,13.60378641,99.80105825,Oct,1668,2019,in_season,10,2019-10-01
ราชบุรี,Ratchaburi,13.60378641,99.80105825,Nov,0,2019,in_season,11,2019-11-01
ราชบุรี,Ratchaburi,13.60378641,99.80105825,Dec,0,2019,in_season,12,2019-12-01
ราชบุรี,Ratchaburi,13.60378641,99.80105825,Jan,3211,2015,off_season,1,2015-01-01
ราชบุรี,Ratchaburi,13.60378641,99.80105825,Feb,2702,2015,off_season,2,2015-02-01
ราชบุรี,Ratchaburi,13.60378641,99.80105825,Mar,1596,2015,off_season,3,2015-03-01
ราชบุรี,Ratchaburi,13.60378641,99.80105825,Apr,713,2015,off_season,4,2015-04-01
ราชบุรี,Ratchaburi,13.60378641,99.80105825,May,0,2015,off_season,5,2015-05-01
ราชบุรี,Ratchaburi,13.60378641,99.80105825,Jun,0,2015,off_season,6,2015-06-01
ราชบุรี,Ratchaburi,13.60378641,99.80105825,Jul,0,2015,off_season,7,2015-07-01
ราชบุรี,Ratchaburi,13.60378641,99.80105825,Aug,0,2015,off_season,8,2015-08-01
ราชบุรี,Ratchaburi,13.60378641,99.80105825,Sep,0,2015,off_season,9,2015-09-01
ราชบุรี,Ratchaburi,13.60378641,99.80105825,Oct,0,2015,off_season,10,2015-10-01
ราชบุรี,Ratchaburi,13.60378641,99.80105825,Nov,2827,2015,off_season,11,2015-11-01
ราชบุรี,Ratchaburi,13.60378641,99.80105825,Dec,3789,2015,off_season,12,2015-12-01
ราชบุรี,Ratchaburi,13.60378641,99.80105825,Jan,1124,2016,off_season,1,2016-01-01
ราชบุรี,Ratchaburi,13.60378641,99.80105825,Feb,899,2016,off_season,2,2016-02-01
ราชบุรี,Ratchaburi,13.60378641,99.80105825,Mar,709,2016,off_season,3,2016-03-01
ราชบุรี,Ratchaburi,13.60378641,99.80105825,Apr,132,2016,off_season,4,2016-04-01
ราชบุรี,Ratchaburi,13.60378641,99.80105825,May,0,2016,off_season,5,2016-05-01
ราชบุรี,Ratchaburi,13.60378641,99.80105825,Jun,0,2016,off_season,6,2016-06-01
ราชบุรี,Ratchaburi,13.60378641,99.80105825,Jul,0,2016,off_season,7,2016-07-01
ราชบุรี,Ratchaburi,13.60378641,99.80105825,Aug,0,2016,off_season,8,2016-08-01
ราชบุรี,Ratchaburi,13.60378641,99.80105825,Sep,0,2016,off_season,9,2016-09-01
ราชบุรี,Ratchaburi,13.60378641,99.80105825,Oct,0,2016,off_season,10,2016-10-01
ราชบุรี,Ratchaburi,13.60378641,99.80105825,Nov,6226,2016,off_season,11,2016-11-01
ราชบุรี,Ratchaburi,13.60378641,99.80105825,Dec,2282,2016,off_season,12,2016-12-01
ราชบุรี,Ratchaburi,13.60378641,99.80105825,Jan,1438,2017,off_season,1,2017-01-01
ราชบุรี,Ratchaburi,13.60378641,99.80105825,Feb,3530,2017,off_season,2,2017-02-01
ราชบุรี,Ratchaburi,13.60378641,99.80105825,Mar,2961,2017,off_season,3,2017-03-01
ราชบุรี,Ratchaburi,13.60378641,99.80105825,Apr,862,2017,off_season,4,2017-04-01
ราชบุรี,Ratchaburi,13.60378641,99.80105825,May,0,2017,off_season,5,2017-05-01
ราชบุรี,Ratchaburi,13.60378641,99.80105825,Jun,0,2017,off_season,6,2017-06-01
ราชบุรี,Ratchaburi,13.60378641,99.80105825,Jul,0,2017,off_season,7,2017-07-01
ราชบุรี,Ratchaburi,13.60378641,99.80105825,Aug,0,2017,off_season,8,2017-08-01
ราชบุรี,Ratchaburi,13.60378641,99.80105825,Sep,0,2017,off_season,9,2017-09-01
ราชบุรี,Ratchaburi,13.60378641,99.80105825,Oct,0,2017,off_season,10,2017-10-01
ราชบุรี,Ratchaburi,13.60378641,99.80105825,Nov,2049,2017,off_season,11,2017-11-01
ราชบุรี,Ratchaburi,13.60378641,99.80105825,Dec,2561,2017,off_season,12,2017-12-01
ราชบุรี,Ratchaburi,13.60378641,99.80105825,Jan,11353,2018,off_season,1,2018-01-01
ราชบุรี,Ratchaburi,13.60378641,99.80105825,Feb,25783,2018,off_season,2,2018-02-01
ราชบุรี,Ratchaburi,13.60378641,99.80105825,Mar,123846,2018,off_season,3,2018-03-01
ราชบุรี,Ratchaburi,13.60378641,99.80105825,Apr,7359,2018,off_season,4,2018-04-01
ราชบุรี,Ratchaburi,13.60378641,99.80105825,May,0,2018,off_season,5,2018-05-01
ราชบุรี,Ratchaburi,13.60378641,99.80105825,Jun,0,2018,off_season,6,2018-06-01
ราชบุรี,Ratchaburi,13.60378641,99.80105825,Jul,0,2018,off_season,7,2018-07-01
ราชบุรี,Ratchaburi,13.60378641,99.80105825,Aug,0,2018,off_season,8,2018-08-01
ราชบุรี,Ratchaburi,13.60378641,99.80105825,Sep,0,2018,off_season,9,2018-09-01
ราชบุรี,Ratchaburi,13.60378641,99.80105825,Oct,0,2018,off_season,10,2018-10-01
ราชบุรี,Ratchaburi,13.60378641,99.80105825,Nov,1983,2018,off_season,11,2018-11-01
ราชบุรี,Ratchaburi,13.60378641,99.80105825,Dec,3128,2018,off_season,12,2018-12-01
ราชบุรี,Ratchaburi,13.60378641,99.80105825,Jan,7334,2019,off_season,1,2019-01-01
ราชบุรี,Ratchaburi,13.60378641,99.80105825,Feb,28844,2019,off_season,2,2019-02-01
ราชบุรี,Ratchaburi,13.60378641,99.80105825,Mar,126543,2019,off_season,3,2019-03-01
ราชบุรี,Ratchaburi,13.60378641,99.80105825,Apr,3750,2019,off_season,4,2019-04-01
ราชบุรี,Ratchaburi,13.60378641,99.80105825,May,0,2019,off_season,5,2019-05-01
ราชบุรี,Ratchaburi,13.60378641,99.80105825,Jun,0,2019,off_season,6,2019-06-01
ราชบุรี,Ratchaburi,13.60378641,99.80105825,Jul,0,2019,off_season,7,2019-07-01
ราชบุรี,Ratchaburi,13.60378641,99.80105825,Aug,0,2019,off_season,8,2019-08-01
ราชบุรี,Ratchaburi,13.60378641,99.80105825,Sep,0,2019,off_season,9,2019-09-01
ราชบุรี,Ratchaburi,13.60378641,99.80105825,Oct,0,2019,off_season,10,2019-10-01
ราชบุรี,Ratchaburi,13.60378641,99.80105825,Nov,3097,2019,off_season,11,2019-11-01
ราชบุรี,Ratchaburi,13.60378641,99.80105825,Dec,4609,2019,off_season,12,2019-12-01
ระยอง,Rayong,12.77290909,101.4139394,Jan,0,2015,in_season,1,2015-01-01
ระยอง,Rayong,12.77290909,101.4139394,Feb,0,2015,in_season,2,2015-02-01
ระยอง,Rayong,12.77290909,101.4139394,Mar,0,2015,in_season,3,2015-03-01
ระยอง,Rayong,12.77290909,101.4139394,Apr,0,2015,in_season,4,2015-04-01
ระยอง,Rayong,12.77290909,101.4139394,May,3338,2015,in_season,5,2015-05-01
ระยอง,Rayong,12.77290909,101.4139394,Jun,1661,2015,in_season,6,2015-06-01
ระยอง,Rayong,12.77290909,101.4139394,Jul,4435,2015,in_season,7,2015-07-01
ระยอง,Rayong,12.77290909,101.4139394,Aug,7189,2015,in_season,8,2015-08-01
ระยอง,Rayong,12.77290909,101.4139394,Sep,104,2015,in_season,9,2015-09-01
ระยอง,Rayong,12.77290909,101.4139394,Oct,832,2015,in_season,10,2015-10-01
ระยอง,Rayong,12.77290909,101.4139394,Nov,0,2015,in_season,11,2015-11-01
ระยอง,Rayong,12.77290909,101.4139394,Dec,0,2015,in_season,12,2015-12-01
ระยอง,Rayong,12.77290909,101.4139394,Jan,0,2016,in_season,1,2016-01-01
ระยอง,Rayong,12.77290909,101.4139394,Feb,0,2016,in_season,2,2016-02-01
ระยอง,Rayong,12.77290909,101.4139394,Mar,0,2016,in_season,3,2016-03-01
ระยอง,Rayong,12.77290909,101.4139394,Apr,0,2016,in_season,4,2016-04-01
ระยอง,Rayong,12.77290909,101.4139394,May,1570,2016,in_season,5,2016-05-01
ระยอง,Rayong,12.77290909,101.4139394,Jun,2681,2016,in_season,6,2016-06-01
ระยอง,Rayong,12.77290909,101.4139394,Jul,5623,2016,in_season,7,2016-07-01
ระยอง,Rayong,12.77290909,101.4139394,Aug,4816,2016,in_season,8,2016-08-01
ระยอง,Rayong,12.77290909,101.4139394,Sep,452,2016,in_season,9,2016-09-01
ระยอง,Rayong,12.77290909,101.4139394,Oct,524,2016,in_season,10,2016-10-01
ระยอง,Rayong,12.77290909,101.4139394,Nov,0,2016,in_season,11,2016-11-01
ระยอง,Rayong,12.77290909,101.4139394,Dec,0,2016,in_season,12,2016-12-01
ระยอง,Rayong,12.77290909,101.4139394,Jan,0,2017,in_season,1,2017-01-01
ระยอง,Rayong,12.77290909,101.4139394,Feb,0,2017,in_season,2,2017-02-01
ระยอง,Rayong,12.77290909,101.4139394,Mar,0,2017,in_season,3,2017-03-01
ระยอง,Rayong,12.77290909,101.4139394,Apr,0,2017,in_season,4,2017-04-01
ระยอง,Rayong,12.77290909,101.4139394,May,1583,2017,in_season,5,2017-05-01
ระยอง,Rayong,12.77290909,101.4139394,Jun,2221,2017,in_season,6,2017-06-01
ระยอง,Rayong,12.77290909,101.4139394,Jul,3232,2017,in_season,7,2017-07-01
ระยอง,Rayong,12.77290909,101.4139394,Aug,3313,2017,in_season,8,2017-08-01
ระยอง,Rayong,12.77290909,101.4139394,Sep,684,2017,in_season,9,2017-09-01
ระยอง,Rayong,12.77290909,101.4139394,Oct,268,2017,in_season,10,2017-10-01
ระยอง,Rayong,12.77290909,101.4139394,Nov,0,2017,in_season,11,2017-11-01
ระยอง,Rayong,12.77290909,101.4139394,Dec,0,2017,in_season,12,2017-12-01
ระยอง,Rayong,12.77290909,101.4139394,Jan,0,2018,in_season,1,2018-01-01
ระยอง,Rayong,12.77290909,101.4139394,Feb,0,2018,in_season,2,2018-02-01
ระยอง,Rayong,12.77290909,101.4139394,Mar,0,2018,in_season,3,2018-03-01
ระยอง,Rayong,12.77290909,101.4139394,Apr,0,2018,in_season,4,2018-04-01
ระยอง,Rayong,12.77290909,101.4139394,May,1860,2018,in_season,5,2018-05-01
ระยอง,Rayong,12.77290909,101.4139394,Jun,1353,2018,in_season,6,2018-06-01
ระยอง,Rayong,12.77290909,101.4139394,Jul,4142,2018,in_season,7,2018-07-01
ระยอง,Rayong,12.77290909,101.4139394,Aug,1836,2018,in_season,8,2018-08-01
ระยอง,Rayong,12.77290909,101.4139394,Sep,1494,2018,in_season,9,2018-09-01
ระยอง,Rayong,12.77290909,101.4139394,Oct,208,2018,in_season,10,2018-10-01
ระยอง,Rayong,12.77290909,101.4139394,Nov,0,2018,in_season,11,2018-11-01
ระยอง,Rayong,12.77290909,101.4139394,Dec,0,2018,in_season,12,2018-12-01
ระยอง,Rayong,12.77290909,101.4139394,Jan,0,2019,in_season,1,2019-01-01
ระยอง,Rayong,12.77290909,101.4139394,Feb,0,2019,in_season,2,2019-02-01
ระยอง,Rayong,12.77290909,101.4139394,Mar,0,2019,in_season,3,2019-03-01
ระยอง,Rayong,12.77290909,101.4139394,Apr,0,2019,in_season,4,2019-04-01
ระยอง,Rayong,12.77290909,101.4139394,May,1860,2019,in_season,5,2019-05-01
ระยอง,Rayong,12.77290909,101.4139394,Jun,1353,2019,in_season,6,2019-06-01
ระยอง,Rayong,12.77290909,101.4139394,Jul,4142,2019,in_season,7,2019-07-01
ระยอง,Rayong,12.77290909,101.4139394,Aug,1836,2019,in_season,8,2019-08-01
ระยอง,Rayong,12.77290909,101.4139394,Sep,1494,2019,in_season,9,2019-09-01
ระยอง,Rayong,12.77290909,101.4139394,Oct,208,2019,in_season,10,2019-10-01
ระยอง,Rayong,12.77290909,101.4139394,Nov,0,2019,in_season,11,2019-11-01
ระยอง,Rayong,12.77290909,101.4139394,Dec,0,2019,in_season,12,2019-12-01
ระยอง,Rayong,12.77290909,101.4139394,Jan,688,2015,off_season,1,2015-01-01
ระยอง,Rayong,12.77290909,101.4139394,Feb,1583,2015,off_season,2,2015-02-01
ระยอง,Rayong,12.77290909,101.4139394,Mar,524,2015,off_season,3,2015-03-01
ระยอง,Rayong,12.77290909,101.4139394,Apr,125,2015,off_season,4,2015-04-01
ระยอง,Rayong,12.77290909,101.4139394,May,0,2015,off_season,5,2015-05-01
ระยอง,Rayong,12.77290909,101.4139394,Jun,0,2015,off_season,6,2015-06-01
ระยอง,Rayong,12.77290909,101.4139394,Jul,0,2015,off_season,7,2015-07-01
ระยอง,Rayong,12.77290909,101.4139394,Aug,0,2015,off_season,8,2015-08-01
ระยอง,Rayong,12.77290909,101.4139394,Sep,0,2015,off_season,9,2015-09-01
ระยอง,Rayong,12.77290909,101.4139394,Oct,0,2015,off_season,10,2015-10-01
ระยอง,Rayong,12.77290909,101.4139394,Nov,153,2015,off_season,11,2015-11-01
ระยอง,Rayong,12.77290909,101.4139394,Dec,304,2015,off_season,12,2015-12-01
ระยอง,Rayong,12.77290909,101.4139394,Jan,789,2016,off_season,1,2016-01-01
ระยอง,Rayong,12.77290909,101.4139394,Feb,614,2016,off_season,2,2016-02-01
ระยอง,Rayong,12.77290909,101.4139394,Mar,505,2016,off_season,3,2016-03-01
ระยอง,Rayong,12.77290909,101.4139394,Apr,289,2016,off_season,4,2016-04-01
ระยอง,Rayong,12.77290909,101.4139394,May,0,2016,off_season,5,2016-05-01
ระยอง,Rayong,12.77290909,101.4139394,Jun,0,2016,off_season,6,2016-06-01
ระยอง,Rayong,12.77290909,101.4139394,Jul,0,2016,off_season,7,2016-07-01
ระยอง,Rayong,12.77290909,101.4139394,Aug,0,2016,off_season,8,2016-08-01
ระยอง,Rayong,12.77290909,101.4139394,Sep,0,2016,off_season,9,2016-09-01
ระยอง,Rayong,12.77290909,101.4139394,Oct,0,2016,off_season,10,2016-10-01
ระยอง,Rayong,12.77290909,101.4139394,Nov,383,2016,off_season,11,2016-11-01
ระยอง,Rayong,12.77290909,101.4139394,Dec,408,2016,off_season,12,2016-12-01
ระยอง,Rayong,12.77290909,101.4139394,Jan,733,2017,off_season,1,2017-01-01
ระยอง,Rayong,12.77290909,101.4139394,Feb,1334,2017,off_season,2,2017-02-01
ระยอง,Rayong,12.77290909,101.4139394,Mar,563,2017,off_season,3,2017-03-01
ระยอง,Rayong,12.77290909,101.4139394,Apr,139,2017,off_season,4,2017-04-01
ระยอง,Rayong,12.77290909,101.4139394,May,0,2017,off_season,5,2017-05-01
ระยอง,Rayong,12.77290909,101.4139394,Jun,0,2017,off_season,6,2017-06-01
ระยอง,Rayong,12.77290909,101.4139394,Jul,0,2017,off_season,7,2017-07-01
ระยอง,Rayong,12.77290909,101.4139394,Aug,0,2017,off_season,8,2017-08-01
ระยอง,Rayong,12.77290909,101.4139394,Sep,0,2017,off_season,9,2017-09-01
ระยอง,Rayong,12.77290909,101.4139394,Oct,0,2017,off_season,10,2017-10-01
ระยอง,Rayong,12.77290909,101.4139394,Nov,468,2017,off_season,11,2017-11-01
ระยอง,Rayong,12.77290909,101.4139394,Dec,372,2017,off_season,12,2017-12-01
ระยอง,Rayong,12.77290909,101.4139394,Jan,394,2018,off_season,1,2018-01-01
ระยอง,Rayong,12.77290909,101.4139394,Feb,1471,2018,off_season,2,2018-02-01
ระยอง,Rayong,12.77290909,101.4139394,Mar,981,2018,off_season,3,2018-03-01
ระยอง,Rayong,12.77290909,101.4139394,Apr,0,2018,off_season,4,2018-04-01
ระยอง,Rayong,12.77290909,101.4139394,May,0,2018,off_season,5,2018-05-01
ระยอง,Rayong,12.77290909,101.4139394,Jun,0,2018,off_season,6,2018-06-01
ระยอง,Rayong,12.77290909,101.4139394,Jul,0,2018,off_season,7,2018-07-01
ระยอง,Rayong,12.77290909,101.4139394,Aug,0,2018,off_season,8,2018-08-01
ระยอง,Rayong,12.77290909,101.4139394,Sep,0,2018,off_season,9,2018-09-01
ระยอง,Rayong,12.77290909,101.4139394,Oct,0,2018,off_season,10,2018-10-01
ระยอง,Rayong,12.77290909,101.4139394,Nov,263,2018,off_season,11,2018-11-01
ระยอง,Rayong,12.77290909,101.4139394,Dec,529,2018,off_season,12,2018-12-01
ระยอง,Rayong,12.77290909,101.4139394,Jan,841,2019,off_season,1,2019-01-01
ระยอง,Rayong,12.77290909,101.4139394,Feb,1323,2019,off_season,2,2019-02-01
ระยอง,Rayong,12.77290909,101.4139394,Mar,909,2019,off_season,3,2019-03-01
ระยอง,Rayong,12.77290909,101.4139394,Apr,0,2019,off_season,4,2019-04-01
ระยอง,Rayong,12.77290909,101.4139394,May,0,2019,off_season,5,2019-05-01
ระยอง,Rayong,12.77290909,101.4139394,Jun,0,2019,off_season,6,2019-06-01
ระยอง,Rayong,12.77290909,101.4139394,Jul,0,2019,off_season,7,2019-07-01
ระยอง,Rayong,12.77290909,101.4139394,Aug,0,2019,off_season,8,2019-08-01
ระยอง,Rayong,12.77290909,101.4139394,Sep,0,2019,off_season,9,2019-09-01
ระยอง,Rayong,12.77290909,101.4139394,Oct,0,2019,off_season,10,2019-10-01
ระยอง,Rayong,12.77290909,101.4139394,Nov,246,2019,off_season,11,2019-11-01
ระยอง,Rayong,12.77290909,101.4139394,Dec,388,2019,off_season,12,2019-12-01
ร้อยเอ็ด,Roi Et,15.94159686,103.8014241,Jan,0,2015,in_season,1,2015-01-01
ร้อยเอ็ด,Roi Et,15.94159686,103.8014241,Feb,0,2015,in_season,2,2015-02-01
ร้อยเอ็ด,Roi Et,15.94159686,103.8014241,Mar,0,2015,in_season,3,2015-03-01
ร้อยเอ็ด,Roi Et,15.94159686,103.8014241,Apr,0,2015,in_season,4,2015-04-01
ร้อยเอ็ด,Roi Et,15.94159686,103.8014241,May,1207938,2015,in_season,5,2015-05-01
ร้อยเอ็ด,Roi Et,15.94159686,103.8014241,Jun,1255903,2015,in_season,6,2015-06-01
ร้อยเอ็ด,Roi Et,15.94159686,103.8014241,Jul,490582,2015,in_season,7,2015-07-01
ร้อยเอ็ด,Roi Et,15.94159686,103.8014241,Aug,64055,2015,in_season,8,2015-08-01
ร้อยเอ็ด,Roi Et,15.94159686,103.8014241,Sep,17304,2015,in_season,9,2015-09-01
ร้อยเอ็ด,Roi Et,15.94159686,103.8014241,Oct,0,2015,in_season,10,2015-10-01
ร้อยเอ็ด,Roi Et,15.94159686,103.8014241,Nov,0,2015,in_season,11,2015-11-01
ร้อยเอ็ด,Roi Et,15.94159686,103.8014241,Dec,0,2015,in_season,12,2015-12-01
ร้อยเอ็ด,Roi Et,15.94159686,103.8014241,Jan,0,2016,in_season,1,2016-01-01
ร้อยเอ็ด,Roi Et,15.94159686,103.8014241,Feb,0,2016,in_season,2,2016-02-01
ร้อยเอ็ด,Roi Et,15.94159686,103.8014241,Mar,0,2016,in_season,3,2016-03-01
ร้อยเอ็ด,Roi Et,15.94159686,103.8014241,Apr,0,2016,in_season,4,2016-04-01
ร้อยเอ็ด,Roi Et,15.94159686,103.8014241,May,982938,2016,in_season,5,2016-05-01
ร้อยเอ็ด,Roi Et,15.94159686,103.8014241,Jun,1515952,2016,in_season,6,2016-06-01
ร้อยเอ็ด,Roi Et,15.94159686,103.8014241,Jul,455295,2016,in_season,7,2016-07-01
ร้อยเอ็ด,Roi Et,15.94159686,103.8014241,Aug,98647,2016,in_season,8,2016-08-01
ร้อยเอ็ด,Roi Et,15.94159686,103.8014241,Sep,7856,2016,in_season,9,2016-09-01
ร้อยเอ็ด,Roi Et,15.94159686,103.8014241,Oct,0,2016,in_season,10,2016-10-01
ร้อยเอ็ด,Roi Et,15.94159686,103.8014241,Nov,0,2016,in_season,11,2016-11-01
ร้อยเอ็ด,Roi Et,15.94159686,103.8014241,Dec,0,2016,in_season,12,2016-12-01
ร้อยเอ็ด,Roi Et,15.94159686,103.8014241,Jan,0,2017,in_season,1,2017-01-01
ร้อยเอ็ด,Roi Et,15.94159686,103.8014241,Feb,0,2017,in_season,2,2017-02-01
ร้อยเอ็ด,Roi Et,15.94159686,103.8014241,Mar,0,2017,in_season,3,2017-03-01
ร้อยเอ็ด,Roi Et,15.94159686,103.8014241,Apr,0,2017,in_season,4,2017-04-01
ร้อยเอ็ด,Roi Et,15.94159686,103.8014241,May,1023987,2017,in_season,5,2017-05-01
ร้อยเอ็ด,Roi Et,15.94159686,103.8014241,Jun,1531715,2017,in_season,6,2017-06-01
ร้อยเอ็ด,Roi Et,15.94159686,103.8014241,Jul,475089,2017,in_season,7,2017-07-01
ร้อยเอ็ด,Roi Et,15.94159686,103.8014241,Aug,41657,2017,in_season,8,2017-08-01
ร้อยเอ็ด,Roi Et,15.94159686,103.8014241,Sep,2717,2017,in_season,9,2017-09-01
ร้อยเอ็ด,Roi Et,15.94159686,103.8014241,Oct,0,2017,in_season,10,2017-10-01
ร้อยเอ็ด,Roi Et,15.94159686,103.8014241,Nov,0,2017,in_season,11,2017-11-01
ร้อยเอ็ด,Roi Et,15.94159686,103.8014241,Dec,0,2017,in_season,12,2017-12-01
ร้อยเอ็ด,Roi Et,15.94159686,103.8014241,Jan,0,2018,in_season,1,2018-01-01
ร้อยเอ็ด,Roi Et,15.94159686,103.8014241,Feb,0,2018,in_season,2,2018-02-01
ร้อยเอ็ด,Roi Et,15.94159686,103.8014241,Mar,0,2018,in_season,3,2018-03-01
ร้อยเอ็ด,Roi Et,15.94159686,103.8014241,Apr,0,2018,in_season,4,2018-04-01
ร้อยเอ็ด,Roi Et,15.94159686,103.8014241,May,1663989,2018,in_season,5,2018-05-01
ร้อยเอ็ด,Roi Et,15.94159686,103.8014241,Jun,1119604,2018,in_season,6,2018-06-01
ร้อยเอ็ด,Roi Et,15.94159686,103.8014241,Jul,237966,2018,in_season,7,2018-07-01
ร้อยเอ็ด,Roi Et,15.94159686,103.8014241,Aug,34577,2018,in_season,8,2018-08-01
ร้อยเอ็ด,Roi Et,15.94159686,103.8014241,Sep,3573,2018,in_season,9,2018-09-01
ร้อยเอ็ด,Roi Et,15.94159686,103.8014241,Oct,0,2018,in_season,10,2018-10-01
ร้อยเอ็ด,Roi Et,15.94159686,103.8014241,Nov,0,2018,in_season,11,2018-11-01
ร้อยเอ็ด,Roi Et,15.94159686,103.8014241,Dec,0,2018,in_season,12,2018-12-01
ร้อยเอ็ด,Roi Et,15.94159686,103.8014241,Jan,0,2019,in_season,1,2019-01-01
ร้อยเอ็ด,Roi Et,15.94159686,103.8014241,Feb,0,2019,in_season,2,2019-02-01
ร้อยเอ็ด,Roi Et,15.94159686,103.8014241,Mar,0,2019,in_season,3,2019-03-01
ร้อยเอ็ด,Roi Et,15.94159686,103.8014241,Apr,0,2019,in_season,4,2019-04-01
ร้อยเอ็ด,Roi Et,15.94159686,103.8014241,May,1663989,2019,in_season,5,2019-05-01
ร้อยเอ็ด,Roi Et,15.94159686,103.8014241,Jun,1119604,2019,in_season,6,2019-06-01
ร้อยเอ็ด,Roi Et,15.94159686,103.8014241,Jul,237966,2019,in_season,7,2019-07-01
ร้อยเอ็ด,Roi Et,15.94159686,103.8014241,Aug,34577,2019,in_season,8,2019-08-01
ร้อยเอ็ด,Roi Et,15.94159686,103.8014241,Sep,3573,2019,in_season,9,2019-09-01
ร้อยเอ็ด,Roi Et,15.94159686,103.8014241,Oct,0,2019,in_season,10,2019-10-01
ร้อยเอ็ด,Roi Et,15.94159686,103.8014241,Nov,0,2019,in_season,11,2019-11-01
ร้อยเอ็ด,Roi Et,15.94159686,103.8014241,Dec,0,2019,in_season,12,2019-12-01
ร้อยเอ็ด,Roi Et,15.94159686,103.8014241,Jan,80867,2015,off_season,1,2015-01-01
ร้อยเอ็ด,Roi Et,15.94159686,103.8014241,Feb,21502,2015,off_season,2,2015-02-01
ร้อยเอ็ด,Roi Et,15.94159686,103.8014241,Mar,1445,2015,off_season,3,2015-03-01
ร้อยเอ็ด,Roi Et,15.94159686,103.8014241,Apr,0,2015,off_season,4,2015-04-01
ร้อยเอ็ด,Roi Et,15.94159686,103.8014241,May,0,2015,off_season,5,2015-05-01
ร้อยเอ็ด,Roi Et,15.94159686,103.8014241,Jun,0,2015,off_season,6,2015-06-01
ร้อยเอ็ด,Roi Et,15.94159686,103.8014241,Jul,0,2015,off_season,7,2015-07-01
ร้อยเอ็ด,Roi Et,15.94159686,103.8014241,Aug,0,2015,off_season,8,2015-08-01
ร้อยเอ็ด,Roi Et,15.94159686,103.8014241,Sep,0,2015,off_season,9,2015-09-01
ร้อยเอ็ด,Roi Et,15.94159686,103.8014241,Oct,0,2015,off_season,10,2015-10-01
ร้อยเอ็ด,Roi Et,15.94159686,103.8014241,Nov,603,2015,off_season,11,2015-11-01
ร้อยเอ็ด,Roi Et,15.94159686,103.8014241,Dec,23608,2015,off_season,12,2015-12-01
ร้อยเอ็ด,Roi Et,15.94159686,103.8014241,Jan,32573,2016,off_season,1,2016-01-01
ร้อยเอ็ด,Roi Et,15.94159686,103.8014241,Feb,11416,2016,off_season,2,2016-02-01
ร้อยเอ็ด,Roi Et,15.94159686,103.8014241,Mar,312,2016,off_season,3,2016-03-01
ร้อยเอ็ด,Roi Et,15.94159686,103.8014241,Apr,0,2016,off_season,4,2016-04-01
ร้อยเอ็ด,Roi Et,15.94159686,103.8014241,May,0,2016,off_season,5,2016-05-01
ร้อยเอ็ด,Roi Et,15.94159686,103.8014241,Jun,0,2016,off_season,6,2016-06-01
ร้อยเอ็ด,Roi Et,15.94159686,103.8014241,Jul,0,2016,off_season,7,2016-07-01
ร้อยเอ็ด,Roi Et,15.94159686,103.8014241,Aug,0,2016,off_season,8,2016-08-01
ร้อยเอ็ด,Roi Et,15.94159686,103.8014241,Sep,0,2016,off_season,9,2016-09-01
ร้อยเอ็ด,Roi Et,15.94159686,103.8014241,Oct,0,2016,off_season,10,2016-10-01
ร้อยเอ็ด,Roi Et,15.94159686,103.8014241,Nov,138,2016,off_season,11,2016-11-01
ร้อยเอ็ด,Roi Et,15.94159686,103.8014241,Dec,16516,2016,off_season,12,2016-12-01
ร้อยเอ็ด,Roi Et,15.94159686,103.8014241,Jan,127897,2017,off_season,1,2017-01-01
ร้อยเอ็ด,Roi Et,15.94159686,103.8014241,Feb,35955,2017,off_season,2,2017-02-01
ร้อยเอ็ด,Roi Et,15.94159686,103.8014241,Mar,4559,2017,off_season,3,2017-03-01
ร้อยเอ็ด,Roi Et,15.94159686,103.8014241,Apr,0,2017,off_season,4,2017-04-01
ร้อยเอ็ด,Roi Et,15.94159686,103.8014241,May,0,2017,off_season,5,2017-05-01
ร้อยเอ็ด,Roi Et,15.94159686,103.8014241,Jun,0,2017,off_season,6,2017-06-01
ร้อยเอ็ด,Roi Et,15.94159686,103.8014241,Jul,0,2017,off_season,7,2017-07-01
ร้อยเอ็ด,Roi Et,15.94159686,103.8014241,Aug,0,2017,off_season,8,2017-08-01
ร้อยเอ็ด,Roi Et,15.94159686,103.8014241,Sep,0,2017,off_season,9,2017-09-01
ร้อยเอ็ด,Roi Et,15.94159686,103.8014241,Oct,0,2017,off_season,10,2017-10-01
ร้อยเอ็ด,Roi Et,15.94159686,103.8014241,Nov,887,2017,off_season,11,2017-11-01
ร้อยเอ็ด,Roi Et,15.94159686,103.8014241,Dec,32538,2017,off_season,12,2017-12-01
ร้อยเอ็ด,Roi Et,15.94159686,103.8014241,Jan,139177,2018,off_season,1,2018-01-01
ร้อยเอ็ด,Roi Et,15.94159686,103.8014241,Feb,46199,2018,off_season,2,2018-02-01
ร้อยเอ็ด,Roi Et,15.94159686,103.8014241,Mar,4499,2018,off_season,3,2018-03-01
ร้อยเอ็ด,Roi Et,15.94159686,103.8014241,Apr,1655,2018,off_season,4,2018-04-01
ร้อยเอ็ด,Roi Et,15.94159686,103.8014241,May,0,2018,off_season,5,2018-05-01
ร้อยเอ็ด,Roi Et,15.94159686,103.8014241,Jun,0,2018,off_season,6,2018-06-01
ร้อยเอ็ด,Roi Et,15.94159686,103.8014241,Jul,0,2018,off_season,7,2018-07-01
ร้อยเอ็ด,Roi Et,15.94159686,103.8014241,Aug,0,2018,off_season,8,2018-08-01
ร้อยเอ็ด,Roi Et,15.94159686,103.8014241,Sep,0,2018,off_season,9,2018-09-01
ร้อยเอ็ด,Roi Et,15.94159686,103.8014241,Oct,0,2018,off_season,10,2018-10-01
ร้อยเอ็ด,Roi Et,15.94159686,103.8014241,Nov,1105,2018,off_season,11,2018-11-01
ร้อยเอ็ด,Roi Et,15.94159686,103.8014241,Dec,43159,2018,off_season,12,2018-12-01
ร้อยเอ็ด,Roi Et,15.94159686,103.8014241,Jan,92681,2019,off_season,1,2019-01-01
ร้อยเอ็ด,Roi Et,15.94159686,103.8014241,Feb,33858,2019,off_season,2,2019-02-01
ร้อยเอ็ด,Roi Et,15.94159686,103.8014241,Mar,4582,2019,off_season,3,2019-03-01
ร้อยเอ็ด,Roi Et,15.94159686,103.8014241,Apr,432,2019,off_season,4,2019-04-01
ร้อยเอ็ด,Roi Et,15.94159686,103.8014241,May,0,2019,off_season,5,2019-05-01
ร้อยเอ็ด,Roi Et,15.94159686,103.8014241,Jun,0,2019,off_season,6,2019-06-01
ร้อยเอ็ด,Roi Et,15.94159686,103.8014241,Jul,0,2019,off_season,7,2019-07-01
ร้อยเอ็ด,Roi Et,15.94159686,103.8014241,Aug,0,2019,off_season,8,2019-08-01
ร้อยเอ็ด,Roi Et,15.94159686,103.8014241,Sep,0,2019,off_season,9,2019-09-01
ร้อยเอ็ด,Roi Et,15.94159686,103.8014241,Oct,0,2019,off_season,10,2019-10-01
ร้อยเอ็ด,Roi Et,15.94159686,103.8014241,Nov,366,2019,off_season,11,2019-11-01
ร้อยเอ็ด,Roi Et,15.94159686,103.8014241,Dec,41847,2019,off_season,12,2019-12-01
สระแก้ว,Sa kaeo,13.72012069,102.3403103,Jan,0,2015,in_season,1,2015-01-01
สระแก้ว,Sa kaeo,13.72012069,102.3403103,Feb,0,2015,in_season,2,2015-02-01
สระแก้ว,Sa kaeo,13.72012069,102.3403103,Mar,0,2015,in_season,3,2015-03-01
สระแก้ว,Sa kaeo,13.72012069,102.3403103,Apr,0,2015,in_season,4,2015-04-01
สระแก้ว,Sa kaeo,13.72012069,102.3403103,May,91358,2015,in_season,5,2015-05-01
สระแก้ว,Sa kaeo,13.72012069,102.3403103,Jun,444202,2015,in_season,6,2015-06-01
สระแก้ว,Sa kaeo,13.72012069,102.3403103,Jul,190372,2015,in_season,7,2015-07-01
สระแก้ว,Sa kaeo,13.72012069,102.3403103,Aug,9791,2015,in_season,8,2015-08-01
สระแก้ว,Sa kaeo,13.72012069,102.3403103,Sep,442,2015,in_season,9,2015-09-01
สระแก้ว,Sa kaeo,13.72012069,102.3403103,Oct,0,2015,in_season,10,2015-10-01
สระแก้ว,Sa kaeo,13.72012069,102.3403103,Nov,0,2015,in_season,11,2015-11-01
สระแก้ว,Sa kaeo,13.72012069,102.3403103,Dec,0,2015,in_season,12,2015-12-01
สระแก้ว,Sa kaeo,13.72012069,102.3403103,Jan,0,2016,in_season,1,2016-01-01
สระแก้ว,Sa kaeo,13.72012069,102.3403103,Feb,0,2016,in_season,2,2016-02-01
สระแก้ว,Sa kaeo,13.72012069,102.3403103,Mar,0,2016,in_season,3,2016-03-01
สระแก้ว,Sa kaeo,13.72012069,102.3403103,Apr,0,2016,in_season,4,2016-04-01
สระแก้ว,Sa kaeo,13.72012069,102.3403103,May,66017,2016,in_season,5,2016-05-01
สระแก้ว,Sa kaeo,13.72012069,102.3403103,Jun,417573,2016,in_season,6,2016-06-01
สระแก้ว,Sa kaeo,13.72012069,102.3403103,Jul,206184,2016,in_season,7,2016-07-01
สระแก้ว,Sa kaeo,13.72012069,102.3403103,Aug,29355,2016,in_season,8,2016-08-01
สระแก้ว,Sa kaeo,13.72012069,102.3403103,Sep,1769,2016,in_season,9,2016-09-01
สระแก้ว,Sa kaeo,13.72012069,102.3403103,Oct,0,2016,in_season,10,2016-10-01
สระแก้ว,Sa kaeo,13.72012069,102.3403103,Nov,0,2016,in_season,11,2016-11-01
สระแก้ว,Sa kaeo,13.72012069,102.3403103,Dec,0,2016,in_season,12,2016-12-01
สระแก้ว,Sa kaeo,13.72012069,102.3403103,Jan,0,2017,in_season,1,2017-01-01
สระแก้ว,Sa kaeo,13.72012069,102.3403103,Feb,0,2017,in_season,2,2017-02-01
สระแก้ว,Sa kaeo,13.72012069,102.3403103,Mar,0,2017,in_season,3,2017-03-01
สระแก้ว,Sa kaeo,13.72012069,102.3403103,Apr,0,2017,in_season,4,2017-04-01
สระแก้ว,Sa kaeo,13.72012069,102.3403103,May,125590,2017,in_season,5,2017-05-01
สระแก้ว,Sa kaeo,13.72012069,102.3403103,Jun,445730,2017,in_season,6,2017-06-01
สระแก้ว,Sa kaeo,13.72012069,102.3403103,Jul,126116,2017,in_season,7,2017-07-01
สระแก้ว,Sa kaeo,13.72012069,102.3403103,Aug,19799,2017,in_season,8,2017-08-01
สระแก้ว,Sa kaeo,13.72012069,102.3403103,Sep,733,2017,in_season,9,2017-09-01
สระแก้ว,Sa kaeo,13.72012069,102.3403103,Oct,0,2017,in_season,10,2017-10-01
สระแก้ว,Sa kaeo,13.72012069,102.3403103,Nov,0,2017,in_season,11,2017-11-01
สระแก้ว,Sa kaeo,13.72012069,102.3403103,Dec,0,2017,in_season,12,2017-12-01
สระแก้ว,Sa kaeo,13.72012069,102.3403103,Jan,0,2018,in_season,1,2018-01-01
สระแก้ว,Sa kaeo,13.72012069,102.3403103,Feb,0,2018,in_season,2,2018-02-01
สระแก้ว,Sa kaeo,13.72012069,102.3403103,Mar,0,2018,in_season,3,2018-03-01
สระแก้ว,Sa kaeo,13.72012069,102.3403103,Apr,0,2018,in_season,4,2018-04-01
สระแก้ว,Sa kaeo,13.72012069,102.3403103,May,205661,2018,in_season,5,2018-05-01
สระแก้ว,Sa kaeo,13.72012069,102.3403103,Jun,321640,2018,in_season,6,2018-06-01
สระแก้ว,Sa kaeo,13.72012069,102.3403103,Jul,167858,2018,in_season,7,2018-07-01
สระแก้ว,Sa kaeo,13.72012069,102.3403103,Aug,14133,2018,in_season,8,2018-08-01
สระแก้ว,Sa kaeo,13.72012069,102.3403103,Sep,7210,2018,in_season,9,2018-09-01
สระแก้ว,Sa kaeo,13.72012069,102.3403103,Oct,0,2018,in_season,10,2018-10-01
สระแก้ว,Sa kaeo,13.72012069,102.3403103,Nov,0,2018,in_season,11,2018-11-01
สระแก้ว,Sa kaeo,13.72012069,102.3403103,Dec,0,2018,in_season,12,2018-12-01
สระแก้ว,Sa kaeo,13.72012069,102.3403103,Jan,0,2019,in_season,1,2019-01-01
สระแก้ว,Sa kaeo,13.72012069,102.3403103,Feb,0,2019,in_season,2,2019-02-01
สระแก้ว,Sa kaeo,13.72012069,102.3403103,Mar,0,2019,in_season,3,2019-03-01
สระแก้ว,Sa kaeo,13.72012069,102.3403103,Apr,0,2019,in_season,4,2019-04-01
สระแก้ว,Sa kaeo,13.72012069,102.3403103,May,205661,2019,in_season,5,2019-05-01
สระแก้ว,Sa kaeo,13.72012069,102.3403103,Jun,321640,2019,in_season,6,2019-06-01
สระแก้ว,Sa kaeo,13.72012069,102.3403103,Jul,167858,2019,in_season,7,2019-07-01
สระแก้ว,Sa kaeo,13.72012069,102.3403103,Aug,14133,2019,in_season,8,2019-08-01
สระแก้ว,Sa kaeo,13.72012069,102.3403103,Sep,7210,2019,in_season,9,2019-09-01
สระแก้ว,Sa kaeo,13.72012069,102.3403103,Oct,0,2019,in_season,10,2019-10-01
สระแก้ว,Sa kaeo,13.72012069,102.3403103,Nov,0,2019,in_season,11,2019-11-01
สระแก้ว,Sa kaeo,13.72012069,102.3403103,Dec,0,2019,in_season,12,2019-12-01
สระแก้ว,Sa kaeo,13.72012069,102.3403103,Jan,10338,2015,off_season,1,2015-01-01
สระแก้ว,Sa kaeo,13.72012069,102.3403103,Feb,1943,2015,off_season,2,2015-02-01
สระแก้ว,Sa kaeo,13.72012069,102.3403103,Mar,22,2015,off_season,3,2015-03-01
สระแก้ว,Sa kaeo,13.72012069,102.3403103,Apr,0,2015,off_season,4,2015-04-01
สระแก้ว,Sa kaeo,13.72012069,102.3403103,May,0,2015,off_season,5,2015-05-01
สระแก้ว,Sa kaeo,13.72012069,102.3403103,Jun,0,2015,off_season,6,2015-06-01
สระแก้ว,Sa kaeo,13.72012069,102.3403103,Jul,0,2015,off_season,7,2015-07-01
สระแก้ว,Sa kaeo,13.72012069,102.3403103,Aug,0,2015,off_season,8,2015-08-01
สระแก้ว,Sa kaeo,13.72012069,102.3403103,Sep,0,2015,off_season,9,2015-09-01
สระแก้ว,Sa kaeo,13.72012069,102.3403103,Oct,0,2015,off_season,10,2015-10-01
สระแก้ว,Sa kaeo,13.72012069,102.3403103,Nov,212,2015,off_season,11,2015-11-01
สระแก้ว,Sa kaeo,13.72012069,102.3403103,Dec,1642,2015,off_season,12,2015-12-01
สระแก้ว,Sa kaeo,13.72012069,102.3403103,Jan,540,2016,off_season,1,2016-01-01
สระแก้ว,Sa kaeo,13.72012069,102.3403103,Feb,42,2016,off_season,2,2016-02-01
สระแก้ว,Sa kaeo,13.72012069,102.3403103,Mar,0,2016,off_season,3,2016-03-01
สระแก้ว,Sa kaeo,13.72012069,102.3403103,Apr,0,2016,off_season,4,2016-04-01
สระแก้ว,Sa kaeo,13.72012069,102.3403103,May,0,2016,off_season,5,2016-05-01
สระแก้ว,Sa kaeo,13.72012069,102.3403103,Jun,0,2016,off_season,6,2016-06-01
สระแก้ว,Sa kaeo,13.72012069,102.3403103,Jul,0,2016,off_season,7,2016-07-01
สระแก้ว,Sa kaeo,13.72012069,102.3403103,Aug,0,2016,off_season,8,2016-08-01
สระแก้ว,Sa kaeo,13.72012069,102.3403103,Sep,0,2016,off_season,9,2016-09-01
สระแก้ว,Sa kaeo,13.72012069,102.3403103,Oct,0,2016,off_season,10,2016-10-01
สระแก้ว,Sa kaeo,13.72012069,102.3403103,Nov,11,2016,off_season,11,2016-11-01
สระแก้ว,Sa kaeo,13.72012069,102.3403103,Dec,84,2016,off_season,12,2016-12-01
สระแก้ว,Sa kaeo,13.72012069,102.3403103,Jan,5409,2017,off_season,1,2017-01-01
สระแก้ว,Sa kaeo,13.72012069,102.3403103,Feb,2358,2017,off_season,2,2017-02-01
สระแก้ว,Sa kaeo,13.72012069,102.3403103,Mar,30,2017,off_season,3,2017-03-01
สระแก้ว,Sa kaeo,13.72012069,102.3403103,Apr,0,2017,off_season,4,2017-04-01
สระแก้ว,Sa kaeo,13.72012069,102.3403103,May,0,2017,off_season,5,2017-05-01
สระแก้ว,Sa kaeo,13.72012069,102.3403103,Jun,0,2017,off_season,6,2017-06-01
สระแก้ว,Sa kaeo,13.72012069,102.3403103,Jul,0,2017,off_season,7,2017-07-01
สระแก้ว,Sa kaeo,13.72012069,102.3403103,Aug,0,2017,off_season,8,2017-08-01
สระแก้ว,Sa kaeo,13.72012069,102.3403103,Sep,0,2017,off_season,9,2017-09-01
สระแก้ว,Sa kaeo,13.72012069,102.3403103,Oct,0,2017,off_season,10,2017-10-01
สระแก้ว,Sa kaeo,13.72012069,102.3403103,Nov,63,2017,off_season,11,2017-11-01
สระแก้ว,Sa kaeo,13.72012069,102.3403103,Dec,978,2017,off_season,12,2017-12-01
สระแก้ว,Sa kaeo,13.72012069,102.3403103,Jan,18408,2018,off_season,1,2018-01-01
สระแก้ว,Sa kaeo,13.72012069,102.3403103,Feb,1018,2018,off_season,2,2018-02-01
สระแก้ว,Sa kaeo,13.72012069,102.3403103,Mar,0,2018,off_season,3,2018-03-01
สระแก้ว,Sa kaeo,13.72012069,102.3403103,Apr,0,2018,off_season,4,2018-04-01
สระแก้ว,Sa kaeo,13.72012069,102.3403103,May,0,2018,off_season,5,2018-05-01
สระแก้ว,Sa kaeo,13.72012069,102.3403103,Jun,0,2018,off_season,6,2018-06-01
สระแก้ว,Sa kaeo,13.72012069,102.3403103,Jul,0,2018,off_season,7,2018-07-01
สระแก้ว,Sa kaeo,13.72012069,102.3403103,Aug,0,2018,off_season,8,2018-08-01
สระแก้ว,Sa kaeo,13.72012069,102.3403103,Sep,0,2018,off_season,9,2018-09-01
สระแก้ว,Sa kaeo,13.72012069,102.3403103,Oct,0,2018,off_season,10,2018-10-01
สระแก้ว,Sa kaeo,13.72012069,102.3403103,Nov,0,2018,off_season,11,2018-11-01
สระแก้ว,Sa kaeo,13.72012069,102.3403103,Dec,3065,2018,off_season,12,2018-12-01
สระแก้ว,Sa kaeo,13.72012069,102.3403103,Jan,7540,2019,off_season,1,2019-01-01
สระแก้ว,Sa kaeo,13.72012069,102.3403103,Feb,439,2019,off_season,2,2019-02-01
สระแก้ว,Sa kaeo,13.72012069,102.3403103,Mar,0,2019,off_season,3,2019-03-01
สระแก้ว,Sa kaeo,13.72012069,102.3403103,Apr,0,2019,off_season,4,2019-04-01
สระแก้ว,Sa kaeo,13.72012069,102.3403103,May,0,2019,off_season,5,2019-05-01
สระแก้ว,Sa kaeo,13.72012069,102.3403103,Jun,0,2019,off_season,6,2019-06-01
สระแก้ว,Sa kaeo,13.72012069,102.3403103,Jul,0,2019,off_season,7,2019-07-01
สระแก้ว,Sa kaeo,13.72012069,102.3403103,Aug,0,2019,off_season,8,2019-08-01
สระแก้ว,Sa kaeo,13.72012069,102.3403103,Sep,0,2019,off_season,9,2019-09-01
สระแก้ว,Sa kaeo,13.72012069,102.3403103,Oct,0,2019,off_season,10,2019-10-01
สระแก้ว,Sa kaeo,13.72012069,102.3403103,Nov,0,2019,off_season,11,2019-11-01
สระแก้ว,Sa kaeo,13.72012069,102.3403103,Dec,137,2019,off_season,12,2019-12-01
สกลนคร,Sakon Nakhon,17.40146774,103.8297419,Jan,0,2015,in_season,1,2015-01-01
สกลนคร,Sakon Nakhon,17.40146774,103.8297419,Feb,0,2015,in_season,2,2015-02-01
สกลนคร,Sakon Nakhon,17.40146774,103.8297419,Mar,0,2015,in_season,3,2015-03-01
สกลนคร,Sakon Nakhon,17.40146774,103.8297419,Apr,0,2015,in_season,4,2015-04-01
สกลนคร,Sakon Nakhon,17.40146774,103.8297419,May,281309,2015,in_season,5,2015-05-01
สกลนคร,Sakon Nakhon,17.40146774,103.8297419,Jun,957052,2015,in_season,6,2015-06-01
สกลนคร,Sakon Nakhon,17.40146774,103.8297419,Jul,631494,2015,in_season,7,2015-07-01
สกลนคร,Sakon Nakhon,17.40146774,103.8297419,Aug,132345,2015,in_season,8,2015-08-01
สกลนคร,Sakon Nakhon,17.40146774,103.8297419,Sep,0,2015,in_season,9,2015-09-01
สกลนคร,Sakon Nakhon,17.40146774,103.8297419,Oct,0,2015,in_season,10,2015-10-01
สกลนคร,Sakon Nakhon,17.40146774,103.8297419,Nov,0,2015,in_season,11,2015-11-01
สกลนคร,Sakon Nakhon,17.40146774,103.8297419,Dec,0,2015,in_season,12,2015-12-01
สกลนคร,Sakon Nakhon,17.40146774,103.8297419,Jan,0,2016,in_season,1,2016-01-01
สกลนคร,Sakon Nakhon,17.40146774,103.8297419,Feb,0,2016,in_season,2,2016-02-01
สกลนคร,Sakon Nakhon,17.40146774,103.8297419,Mar,0,2016,in_season,3,2016-03-01
สกลนคร,Sakon Nakhon,17.40146774,103.8297419,Apr,0,2016,in_season,4,2016-04-01
สกลนคร,Sakon Nakhon,17.40146774,103.8297419,May,367908,2016,in_season,5,2016-05-01
สกลนคร,Sakon Nakhon,17.40146774,103.8297419,Jun,972151,2016,in_season,6,2016-06-01
สกลนคร,Sakon Nakhon,17.40146774,103.8297419,Jul,650459,2016,in_season,7,2016-07-01
สกลนคร,Sakon Nakhon,17.40146774,103.8297419,Aug,102417,2016,in_season,8,2016-08-01
สกลนคร,Sakon Nakhon,17.40146774,103.8297419,Sep,0,2016,in_season,9,2016-09-01
สกลนคร,Sakon Nakhon,17.40146774,103.8297419,Oct,0,2016,in_season,10,2016-10-01
สกลนคร,Sakon Nakhon,17.40146774,103.8297419,Nov,0,2016,in_season,11,2016-11-01
สกลนคร,Sakon Nakhon,17.40146774,103.8297419,Dec,0,2016,in_season,12,2016-12-01
สกลนคร,Sakon Nakhon,17.40146774,103.8297419,Jan,0,2017,in_season,1,2017-01-01
สกลนคร,Sakon Nakhon,17.40146774,103.8297419,Feb,0,2017,in_season,2,2017-02-01
สกลนคร,Sakon Nakhon,17.40146774,103.8297419,Mar,0,2017,in_season,3,2017-03-01
สกลนคร,Sakon Nakhon,17.40146774,103.8297419,Apr,0,2017,in_season,4,2017-04-01
สกลนคร,Sakon Nakhon,17.40146774,103.8297419,May,597337,2017,in_season,5,2017-05-01
สกลนคร,Sakon Nakhon,17.40146774,103.8297419,Jun,844300,2017,in_season,6,2017-06-01
สกลนคร,Sakon Nakhon,17.40146774,103.8297419,Jul,612325,2017,in_season,7,2017-07-01
สกลนคร,Sakon Nakhon,17.40146774,103.8297419,Aug,67013,2017,in_season,8,2017-08-01
สกลนคร,Sakon Nakhon,17.40146774,103.8297419,Sep,0,2017,in_season,9,2017-09-01
สกลนคร,Sakon Nakhon,17.40146774,103.8297419,Oct,0,2017,in_season,10,2017-10-01
สกลนคร,Sakon Nakhon,17.40146774,103.8297419,Nov,0,2017,in_season,11,2017-11-01
สกลนคร,Sakon Nakhon,17.40146774,103.8297419,Dec,0,2017,in_season,12,2017-12-01
สกลนคร,Sakon Nakhon,17.40146774,103.8297419,Jan,0,2018,in_season,1,2018-01-01
สกลนคร,Sakon Nakhon,17.40146774,103.8297419,Feb,0,2018,in_season,2,2018-02-01
สกลนคร,Sakon Nakhon,17.40146774,103.8297419,Mar,0,2018,in_season,3,2018-03-01
สกลนคร,Sakon Nakhon,17.40146774,103.8297419,Apr,0,2018,in_season,4,2018-04-01
สกลนคร,Sakon Nakhon,17.40146774,103.8297419,May,679781,2018,in_season,5,2018-05-01
สกลนคร,Sakon Nakhon,17.40146774,103.8297419,Jun,677115,2018,in_season,6,2018-06-01
สกลนคร,Sakon Nakhon,17.40146774,103.8297419,Jul,638455,2018,in_season,7,2018-07-01
สกลนคร,Sakon Nakhon,17.40146774,103.8297419,Aug,155474,2018,in_season,8,2018-08-01
สกลนคร,Sakon Nakhon,17.40146774,103.8297419,Sep,0,2018,in_season,9,2018-09-01
สกลนคร,Sakon Nakhon,17.40146774,103.8297419,Oct,0,2018,in_season,10,2018-10-01
สกลนคร,Sakon Nakhon,17.40146774,103.8297419,Nov,0,2018,in_season,11,2018-11-01
สกลนคร,Sakon Nakhon,17.40146774,103.8297419,Dec,0,2018,in_season,12,2018-12-01
สกลนคร,Sakon Nakhon,17.40146774,103.8297419,Jan,0,2019,in_season,1,2019-01-01
สกลนคร,Sakon Nakhon,17.40146774,103.8297419,Feb,0,2019,in_season,2,2019-02-01
สกลนคร,Sakon Nakhon,17.40146774,103.8297419,Mar,0,2019,in_season,3,2019-03-01
สกลนคร,Sakon Nakhon,17.40146774,103.8297419,Apr,0,2019,in_season,4,2019-04-01
สกลนคร,Sakon Nakhon,17.40146774,103.8297419,May,679781,2019,in_season,5,2019-05-01
สกลนคร,Sakon Nakhon,17.40146774,103.8297419,Jun,677115,2019,in_season,6,2019-06-01
สกลนคร,Sakon Nakhon,17.40146774,103.8297419,Jul,638455,2019,in_season,7,2019-07-01
สกลนคร,Sakon Nakhon,17.40146774,103.8297419,Aug,155474,2019,in_season,8,2019-08-01
สกลนคร,Sakon Nakhon,17.40146774,103.8297419,Sep,0,2019,in_season,9,2019-09-01
สกลนคร,Sakon Nakhon,17.40146774,103.8297419,Oct,0,2019,in_season,10,2019-10-01
สกลนคร,Sakon Nakhon,17.40146774,103.8297419,Nov,0,2019,in_season,11,2019-11-01
สกลนคร,Sakon Nakhon,17.40146774,103.8297419,Dec,0,2019,in_season,12,2019-12-01
สกลนคร,Sakon Nakhon,17.40146774,103.8297419,Jan,20155,2015,off_season,1,2015-01-01
สกลนคร,Sakon Nakhon,17.40146774,103.8297419,Feb,4749,2015,off_season,2,2015-02-01
สกลนคร,Sakon Nakhon,17.40146774,103.8297419,Mar,0,2015,off_season,3,2015-03-01
สกลนคร,Sakon Nakhon,17.40146774,103.8297419,Apr,0,2015,off_season,4,2015-04-01
สกลนคร,Sakon Nakhon,17.40146774,103.8297419,May,0,2015,off_season,5,2015-05-01
สกลนคร,Sakon Nakhon,17.40146774,103.8297419,Jun,0,2015,off_season,6,2015-06-01
สกลนคร,Sakon Nakhon,17.40146774,103.8297419,Jul,0,2015,off_season,7,2015-07-01
สกลนคร,Sakon Nakhon,17.40146774,103.8297419,Aug,0,2015,off_season,8,2015-08-01
สกลนคร,Sakon Nakhon,17.40146774,103.8297419,Sep,0,2015,off_season,9,2015-09-01
สกลนคร,Sakon Nakhon,17.40146774,103.8297419,Oct,0,2015,off_season,10,2015-10-01
สกลนคร,Sakon Nakhon,17.40146774,103.8297419,Nov,4274,2015,off_season,11,2015-11-01
สกลนคร,Sakon Nakhon,17.40146774,103.8297419,Dec,29484,2015,off_season,12,2015-12-01
สกลนคร,Sakon Nakhon,17.40146774,103.8297419,Jan,5077,2016,off_season,1,2016-01-01
สกลนคร,Sakon Nakhon,17.40146774,103.8297419,Feb,771,2016,off_season,2,2016-02-01
สกลนคร,Sakon Nakhon,17.40146774,103.8297419,Mar,0,2016,off_season,3,2016-03-01
สกลนคร,Sakon Nakhon,17.40146774,103.8297419,Apr,0,2016,off_season,4,2016-04-01
สกลนคร,Sakon Nakhon,17.40146774,103.8297419,May,0,2016,off_season,5,2016-05-01
สกลนคร,Sakon Nakhon,17.40146774,103.8297419,Jun,0,2016,off_season,6,2016-06-01
สกลนคร,Sakon Nakhon,17.40146774,103.8297419,Jul,0,2016,off_season,7,2016-07-01
สกลนคร,Sakon Nakhon,17.40146774,103.8297419,Aug,0,2016,off_season,8,2016-08-01
สกลนคร,Sakon Nakhon,17.40146774,103.8297419,Sep,0,2016,off_season,9,2016-09-01
สกลนคร,Sakon Nakhon,17.40146774,103.8297419,Oct,0,2016,off_season,10,2016-10-01
สกลนคร,Sakon Nakhon,17.40146774,103.8297419,Nov,1641,2016,off_season,11,2016-11-01
สกลนคร,Sakon Nakhon,17.40146774,103.8297419,Dec,15845,2016,off_season,12,2016-12-01
สกลนคร,Sakon Nakhon,17.40146774,103.8297419,Jan,14122,2017,off_season,1,2017-01-01
สกลนคร,Sakon Nakhon,17.40146774,103.8297419,Feb,1341,2017,off_season,2,2017-02-01
สกลนคร,Sakon Nakhon,17.40146774,103.8297419,Mar,0,2017,off_season,3,2017-03-01
สกลนคร,Sakon Nakhon,17.40146774,103.8297419,Apr,0,2017,off_season,4,2017-04-01
สกลนคร,Sakon Nakhon,17.40146774,103.8297419,May,0,2017,off_season,5,2017-05-01
สกลนคร,Sakon Nakhon,17.40146774,103.8297419,Jun,0,2017,off_season,6,2017-06-01
สกลนคร,Sakon Nakhon,17.40146774,103.8297419,Jul,0,2017,off_season,7,2017-07-01
สกลนคร,Sakon Nakhon,17.40146774,103.8297419,Aug,0,2017,off_season,8,2017-08-01
สกลนคร,Sakon Nakhon,17.40146774,103.8297419,Sep,0,2017,off_season,9,2017-09-01
สกลนคร,Sakon Nakhon,17.40146774,103.8297419,Oct,0,2017,off_season,10,2017-10-01
สกลนคร,Sakon Nakhon,17.40146774,103.8297419,Nov,1230,2017,off_season,11,2017-11-01
สกลนคร,Sakon Nakhon,17.40146774,103.8297419,Dec,34373,2017,off_season,12,2017-12-01
สกลนคร,Sakon Nakhon,17.40146774,103.8297419,Jan,25208,2018,off_season,1,2018-01-01
สกลนคร,Sakon Nakhon,17.40146774,103.8297419,Feb,2965,2018,off_season,2,2018-02-01
สกลนคร,Sakon Nakhon,17.40146774,103.8297419,Mar,0,2018,off_season,3,2018-03-01
สกลนคร,Sakon Nakhon,17.40146774,103.8297419,Apr,0,2018,off_season,4,2018-04-01
สกลนคร,Sakon Nakhon,17.40146774,103.8297419,May,0,2018,off_season,5,2018-05-01
สกลนคร,Sakon Nakhon,17.40146774,103.8297419,Jun,0,2018,off_season,6,2018-06-01
สกลนคร,Sakon Nakhon,17.40146774,103.8297419,Jul,0,2018,off_season,7,2018-07-01
สกลนคร,Sakon Nakhon,17.40146774,103.8297419,Aug,0,2018,off_season,8,2018-08-01
สกลนคร,Sakon Nakhon,17.40146774,103.8297419,Sep,0,2018,off_season,9,2018-09-01
สกลนคร,Sakon Nakhon,17.40146774,103.8297419,Oct,0,2018,off_season,10,2018-10-01
สกลนคร,Sakon Nakhon,17.40146774,103.8297419,Nov,5310,2018,off_season,11,2018-11-01
สกลนคร,Sakon Nakhon,17.40146774,103.8297419,Dec,58708,2018,off_season,12,2018-12-01
สกลนคร,Sakon Nakhon,17.40146774,103.8297419,Jan,26266,2019,off_season,1,2019-01-01
สกลนคร,Sakon Nakhon,17.40146774,103.8297419,Feb,0,2019,off_season,2,2019-02-01
สกลนคร,Sakon Nakhon,17.40146774,103.8297419,Mar,0,2019,off_season,3,2019-03-01
สกลนคร,Sakon Nakhon,17.40146774,103.8297419,Apr,0,2019,off_season,4,2019-04-01
สกลนคร,Sakon Nakhon,17.40146774,103.8297419,May,0,2019,off_season,5,2019-05-01
สกลนคร,Sakon Nakhon,17.40146774,103.8297419,Jun,0,2019,off_season,6,2019-06-01
สกลนคร,Sakon Nakhon,17.40146774,103.8297419,Jul,0,2019,off_season,7,2019-07-01
สกลนคร,Sakon Nakhon,17.40146774,103.8297419,Aug,0,2019,off_season,8,2019-08-01
สกลนคร,Sakon Nakhon,17.40146774,103.8297419,Sep,0,2019,off_season,9,2019-09-01
สกลนคร,Sakon Nakhon,17.40146774,103.8297419,Oct,0,2019,off_season,10,2019-10-01
สกลนคร,Sakon Nakhon,17.40146774,103.8297419,Nov,1654,2019,off_season,11,2019-11-01
สกลนคร,Sakon Nakhon,17.40146774,103.8297419,Dec,64428,2019,off_season,12,2019-12-01
สมุทรปราการ,Samut Prakarn,13.61855102,100.655449,Jan,0,2015,in_season,1,2015-01-01
สมุทรปราการ,Samut Prakarn,13.61855102,100.655449,Feb,0,2015,in_season,2,2015-02-01
สมุทรปราการ,Samut Prakarn,13.61855102,100.655449,Mar,0,2015,in_season,3,2015-03-01
สมุทรปราการ,Samut Prakarn,13.61855102,100.655449,Apr,0,2015,in_season,4,2015-04-01
สมุทรปราการ,Samut Prakarn,13.61855102,100.655449,May,6585,2015,in_season,5,2015-05-01
สมุทรปราการ,Samut Prakarn,13.61855102,100.655449,Jun,3542,2015,in_season,6,2015-06-01
สมุทรปราการ,Samut Prakarn,13.61855102,100.655449,Jul,1307,2015,in_season,7,2015-07-01
สมุทรปราการ,Samut Prakarn,13.61855102,100.655449,Aug,7053,2015,in_season,8,2015-08-01
สมุทรปราการ,Samut Prakarn,13.61855102,100.655449,Sep,2643,2015,in_season,9,2015-09-01
สมุทรปราการ,Samut Prakarn,13.61855102,100.655449,Oct,360,2015,in_season,10,2015-10-01
สมุทรปราการ,Samut Prakarn,13.61855102,100.655449,Nov,0,2015,in_season,11,2015-11-01
สมุทรปราการ,Samut Prakarn,13.61855102,100.655449,Dec,0,2015,in_season,12,2015-12-01
สมุทรปราการ,Samut Prakarn,13.61855102,100.655449,Jan,0,2016,in_season,1,2016-01-01
สมุทรปราการ,Samut Prakarn,13.61855102,100.655449,Feb,0,2016,in_season,2,2016-02-01
สมุทรปราการ,Samut Prakarn,13.61855102,100.655449,Mar,0,2016,in_season,3,2016-03-01
สมุทรปราการ,Samut Prakarn,13.61855102,100.655449,Apr,0,2016,in_season,4,2016-04-01
สมุทรปราการ,Samut Prakarn,13.61855102,100.655449,May,1566,2016,in_season,5,2016-05-01
สมุทรปราการ,Samut Prakarn,13.61855102,100.655449,Jun,9781,2016,in_season,6,2016-06-01
สมุทรปราการ,Samut Prakarn,13.61855102,100.655449,Jul,3814,2016,in_season,7,2016-07-01
สมุทรปราการ,Samut Prakarn,13.61855102,100.655449,Aug,2763,2016,in_season,8,2016-08-01
สมุทรปราการ,Samut Prakarn,13.61855102,100.655449,Sep,529,2016,in_season,9,2016-09-01
สมุทรปราการ,Samut Prakarn,13.61855102,100.655449,Oct,315,2016,in_season,10,2016-10-01
สมุทรปราการ,Samut Prakarn,13.61855102,100.655449,Nov,0,2016,in_season,11,2016-11-01
สมุทรปราการ,Samut Prakarn,13.61855102,100.655449,Dec,0,2016,in_season,12,2016-12-01
สมุทรปราการ,Samut Prakarn,13.61855102,100.655449,Jan,0,2017,in_season,1,2017-01-01
สมุทรปราการ,Samut Prakarn,13.61855102,100.655449,Feb,0,2017,in_season,2,2017-02-01
สมุทรปราการ,Samut Prakarn,13.61855102,100.655449,Mar,0,2017,in_season,3,2017-03-01
สมุทรปราการ,Samut Prakarn,13.61855102,100.655449,Apr,0,2017,in_season,4,2017-04-01
สมุทรปราการ,Samut Prakarn,13.61855102,100.655449,May,11294,2017,in_season,5,2017-05-01
สมุทรปราการ,Samut Prakarn,13.61855102,100.655449,Jun,5333,2017,in_season,6,2017-06-01
สมุทรปราการ,Samut Prakarn,13.61855102,100.655449,Jul,2262,2017,in_season,7,2017-07-01
สมุทรปราการ,Samut Prakarn,13.61855102,100.655449,Aug,1084,2017,in_season,8,2017-08-01
สมุทรปราการ,Samut Prakarn,13.61855102,100.655449,Sep,350,2017,in_season,9,2017-09-01
สมุทรปราการ,Samut Prakarn,13.61855102,100.655449,Oct,0,2017,in_season,10,2017-10-01
สมุทรปราการ,Samut Prakarn,13.61855102,100.655449,Nov,0,2017,in_season,11,2017-11-01
สมุทรปราการ,Samut Prakarn,13.61855102,100.655449,Dec,0,2017,in_season,12,2017-12-01
สมุทรปราการ,Samut Prakarn,13.61855102,100.655449,Jan,0,2018,in_season,1,2018-01-01
สมุทรปราการ,Samut Prakarn,13.61855102,100.655449,Feb,0,2018,in_season,2,2018-02-01
สมุทรปราการ,Samut Prakarn,13.61855102,100.655449,Mar,0,2018,in_season,3,2018-03-01
สมุทรปราการ,Samut Prakarn,13.61855102,100.655449,Apr,0,2018,in_season,4,2018-04-01
สมุทรปราการ,Samut Prakarn,13.61855102,100.655449,May,10790,2018,in_season,5,2018-05-01
สมุทรปราการ,Samut Prakarn,13.61855102,100.655449,Jun,3776,2018,in_season,6,2018-06-01
สมุทรปราการ,Samut Prakarn,13.61855102,100.655449,Jul,2540,2018,in_season,7,2018-07-01
สมุทรปราการ,Samut Prakarn,13.61855102,100.655449,Aug,724,2018,in_season,8,2018-08-01
สมุทรปราการ,Samut Prakarn,13.61855102,100.655449,Sep,288,2018,in_season,9,2018-09-01
สมุทรปราการ,Samut Prakarn,13.61855102,100.655449,Oct,383,2018,in_season,10,2018-10-01
สมุทรปราการ,Samut Prakarn,13.61855102,100.655449,Nov,0,2018,in_season,11,2018-11-01
สมุทรปราการ,Samut Prakarn,13.61855102,100.655449,Dec,0,2018,in_season,12,2018-12-01
สมุทรปราการ,Samut Prakarn,13.61855102,100.655449,Jan,0,2019,in_season,1,2019-01-01
สมุทรปราการ,Samut Prakarn,13.61855102,100.655449,Feb,0,2019,in_season,2,2019-02-01
สมุทรปราการ,Samut Prakarn,13.61855102,100.655449,Mar,0,2019,in_season,3,2019-03-01
สมุทรปราการ,Samut Prakarn,13.61855102,100.655449,Apr,0,2019,in_season,4,2019-04-01
สมุทรปราการ,Samut Prakarn,13.61855102,100.655449,May,10790,2019,in_season,5,2019-05-01
สมุทรปราการ,Samut Prakarn,13.61855102,100.655449,Jun,3776,2019,in_season,6,2019-06-01
สมุทรปราการ,Samut Prakarn,13.61855102,100.655449,Jul,2540,2019,in_season,7,2019-07-01
สมุทรปราการ,Samut Prakarn,13.61855102,100.655449,Aug,724,2019,in_season,8,2019-08-01
สมุทรปราการ,Samut Prakarn,13.61855102,100.655449,Sep,288,2019,in_season,9,2019-09-01
สมุทรปราการ,Samut Prakarn,13.61855102,100.655449,Oct,383,2019,in_season,10,2019-10-01
สมุทรปราการ,Samut Prakarn,13.61855102,100.655449,Nov,0,2019,in_season,11,2019-11-01
สมุทรปราการ,Samut Prakarn,13.61855102,100.655449,Dec,0,2019,in_season,12,2019-12-01
สมุทรปราการ,Samut Prakarn,13.61855102,100.655449,Jan,974,2015,off_season,1,2015-01-01
สมุทรปราการ,Samut Prakarn,13.61855102,100.655449,Feb,656,2015,off_season,2,2015-02-01
สมุทรปราการ,Samut Prakarn,13.61855102,100.655449,Mar,682,2015,off_season,3,2015-03-01
สมุทรปราการ,Samut Prakarn,13.61855102,100.655449,Apr,1011,2015,off_season,4,2015-04-01
สมุทรปราการ,Samut Prakarn,13.61855102,100.655449,May,0,2015,off_season,5,2015-05-01
สมุทรปราการ,Samut Prakarn,13.61855102,100.655449,Jun,0,2015,off_season,6,2015-06-01
สมุทรปราการ,Samut Prakarn,13.61855102,100.655449,Jul,0,2015,off_season,7,2015-07-01
สมุทรปราการ,Samut Prakarn,13.61855102,100.655449,Aug,0,2015,off_season,8,2015-08-01
สมุทรปราการ,Samut Prakarn,13.61855102,100.655449,Sep,0,2015,off_season,9,2015-09-01
สมุทรปราการ,Samut Prakarn,13.61855102,100.655449,Oct,0,2015,off_season,10,2015-10-01
สมุทรปราการ,Samut Prakarn,13.61855102,100.655449,Nov,12771,2015,off_season,11,2015-11-01
สมุทรปราการ,Samut Prakarn,13.61855102,100.655449,Dec,4113,2015,off_season,12,2015-12-01
สมุทรปราการ,Samut Prakarn,13.61855102,100.655449,Jan,1510,2016,off_season,1,2016-01-01
สมุทรปราการ,Samut Prakarn,13.61855102,100.655449,Feb,812,2016,off_season,2,2016-02-01
สมุทรปราการ,Samut Prakarn,13.61855102,100.655449,Mar,167,2016,off_season,3,2016-03-01
สมุทรปราการ,Samut Prakarn,13.61855102,100.655449,Apr,0,2016,off_season,4,2016-04-01
สมุทรปราการ,Samut Prakarn,13.61855102,100.655449,May,0,2016,off_season,5,2016-05-01
สมุทรปราการ,Samut Prakarn,13.61855102,100.655449,Jun,0,2016,off_season,6,2016-06-01
สมุทรปราการ,Samut Prakarn,13.61855102,100.655449,Jul,0,2016,off_season,7,2016-07-01
สมุทรปราการ,Samut Prakarn,13.61855102,100.655449,Aug,0,2016,off_season,8,2016-08-01
สมุทรปราการ,Samut Prakarn,13.61855102,100.655449,Sep,0,2016,off_season,9,2016-09-01
สมุทรปราการ,Samut Prakarn,13.61855102,100.655449,Oct,0,2016,off_season,10,2016-10-01
สมุทรปราการ,Samut Prakarn,13.61855102,100.655449,Nov,10023,2016,off_season,11,2016-11-01
สมุทรปราการ,Samut Prakarn,13.61855102,100.655449,Dec,4748,2016,off_season,12,2016-12-01
สมุทรปราการ,Samut Prakarn,13.61855102,100.655449,Jan,1213,2017,off_season,1,2017-01-01
สมุทรปราการ,Samut Prakarn,13.61855102,100.655449,Feb,824,2017,off_season,2,2017-02-01
สมุทรปราการ,Samut Prakarn,13.61855102,100.655449,Mar,510,2017,off_season,3,2017-03-01
สมุทรปราการ,Samut Prakarn,13.61855102,100.655449,Apr,462,2017,off_season,4,2017-04-01
สมุทรปราการ,Samut Prakarn,13.61855102,100.655449,May,0,2017,off_season,5,2017-05-01
สมุทรปราการ,Samut Prakarn,13.61855102,100.655449,Jun,0,2017,off_season,6,2017-06-01
สมุทรปราการ,Samut Prakarn,13.61855102,100.655449,Jul,0,2017,off_season,7,2017-07-01
สมุทรปราการ,Samut Prakarn,13.61855102,100.655449,Aug,0,2017,off_season,8,2017-08-01
สมุทรปราการ,Samut Prakarn,13.61855102,100.655449,Sep,0,2017,off_season,9,2017-09-01
สมุทรปราการ,Samut Prakarn,13.61855102,100.655449,Oct,0,2017,off_season,10,2017-10-01
สมุทรปราการ,Samut Prakarn,13.61855102,100.655449,Nov,13110,2017,off_season,11,2017-11-01
สมุทรปราการ,Samut Prakarn,13.61855102,100.655449,Dec,3446,2017,off_season,12,2017-12-01
สมุทรปราการ,Samut Prakarn,13.61855102,100.655449,Jan,871,2018,off_season,1,2018-01-01
สมุทรปราการ,Samut Prakarn,13.61855102,100.655449,Feb,686,2018,off_season,2,2018-02-01
สมุทรปราการ,Samut Prakarn,13.61855102,100.655449,Mar,577,2018,off_season,3,2018-03-01
สมุทรปราการ,Samut Prakarn,13.61855102,100.655449,Apr,132,2018,off_season,4,2018-04-01
สมุทรปราการ,Samut Prakarn,13.61855102,100.655449,May,0,2018,off_season,5,2018-05-01
สมุทรปราการ,Samut Prakarn,13.61855102,100.655449,Jun,0,2018,off_season,6,2018-06-01
สมุทรปราการ,Samut Prakarn,13.61855102,100.655449,Jul,0,2018,off_season,7,2018-07-01
สมุทรปราการ,Samut Prakarn,13.61855102,100.655449,Aug,0,2018,off_season,8,2018-08-01
สมุทรปราการ,Samut Prakarn,13.61855102,100.655449,Sep,0,2018,off_season,9,2018-09-01
สมุทรปราการ,Samut Prakarn,13.61855102,100.655449,Oct,0,2018,off_season,10,2018-10-01
สมุทรปราการ,Samut Prakarn,13.61855102,100.655449,Nov,18577,2018,off_season,11,2018-11-01
สมุทรปราการ,Samut Prakarn,13.61855102,100.655449,Dec,1701,2018,off_season,12,2018-12-01
สมุทรปราการ,Samut Prakarn,13.61855102,100.655449,Jan,567,2019,off_season,1,2019-01-01
สมุทรปราการ,Samut Prakarn,13.61855102,100.655449,Feb,343,2019,off_season,2,2019-02-01
สมุทรปราการ,Samut Prakarn,13.61855102,100.655449,Mar,426,2019,off_season,3,2019-03-01
สมุทรปราการ,Samut Prakarn,13.61855102,100.655449,Apr,261,2019,off_season,4,2019-04-01
สมุทรปราการ,Samut Prakarn,13.61855102,100.655449,May,0,2019,off_season,5,2019-05-01
สมุทรปราการ,Samut Prakarn,13.61855102,100.655449,Jun,0,2019,off_season,6,2019-06-01
สมุทรปราการ,Samut Prakarn,13.61855102,100.655449,Jul,0,2019,off_season,7,2019-07-01
สมุทรปราการ,Samut Prakarn,13.61855102,100.655449,Aug,0,2019,off_season,8,2019-08-01
สมุทรปราการ,Samut Prakarn,13.61855102,100.655449,Sep,0,2019,off_season,9,2019-09-01
สมุทรปราการ,Samut Prakarn,13.61855102,100.655449,Oct,0,2019,off_season,10,2019-10-01
สมุทรปราการ,Samut Prakarn,13.61855102,100.655449,Nov,14273,2019,off_season,11,2019-11-01
สมุทรปราการ,Samut Prakarn,13.61855102,100.655449,Dec,1913,2019,off_season,12,2019-12-01
สมุทรสาคร,Samut Sakhon,13.58789744,100.2134103,Jan,0,2015,in_season,1,2015-01-01
สมุทรสาคร,Samut Sakhon,13.58789744,100.2134103,Feb,0,2015,in_season,2,2015-02-01
สมุทรสาคร,Samut Sakhon,13.58789744,100.2134103,Mar,0,2015,in_season,3,2015-03-01
สมุทรสาคร,Samut Sakhon,13.58789744,100.2134103,Apr,0,2015,in_season,4,2015-04-01
สมุทรสาคร,Samut Sakhon,13.58789744,100.2134103,May,569,2015,in_season,5,2015-05-01
สมุทรสาคร,Samut Sakhon,13.58789744,100.2134103,Jun,1452,2015,in_season,6,2015-06-01
สมุทรสาคร,Samut Sakhon,13.58789744,100.2134103,Jul,1733,2015,in_season,7,2015-07-01
สมุทรสาคร,Samut Sakhon,13.58789744,100.2134103,Aug,3219,2015,in_season,8,2015-08-01
สมุทรสาคร,Samut Sakhon,13.58789744,100.2134103,Sep,414,2015,in_season,9,2015-09-01
สมุทรสาคร,Samut Sakhon,13.58789744,100.2134103,Oct,606,2015,in_season,10,2015-10-01
สมุทรสาคร,Samut Sakhon,13.58789744,100.2134103,Nov,0,2015,in_season,11,2015-11-01
สมุทรสาคร,Samut Sakhon,13.58789744,100.2134103,Dec,0,2015,in_season,12,2015-12-01
สมุทรสาคร,Samut Sakhon,13.58789744,100.2134103,Jan,0,2016,in_season,1,2016-01-01
สมุทรสาคร,Samut Sakhon,13.58789744,100.2134103,Feb,0,2016,in_season,2,2016-02-01
สมุทรสาคร,Samut Sakhon,13.58789744,100.2134103,Mar,0,2016,in_season,3,2016-03-01
สมุทรสาคร,Samut Sakhon,13.58789744,100.2134103,Apr,0,2016,in_season,4,2016-04-01
สมุทรสาคร,Samut Sakhon,13.58789744,100.2134103,May,215,2016,in_season,5,2016-05-01
สมุทรสาคร,Samut Sakhon,13.58789744,100.2134103,Jun,1170,2016,in_season,6,2016-06-01
สมุทรสาคร,Samut Sakhon,13.58789744,100.2134103,Jul,1449,2016,in_season,7,2016-07-01
สมุทรสาคร,Samut Sakhon,13.58789744,100.2134103,Aug,2424,2016,in_season,8,2016-08-01
สมุทรสาคร,Samut Sakhon,13.58789744,100.2134103,Sep,429,2016,in_season,9,2016-09-01
สมุทรสาคร,Samut Sakhon,13.58789744,100.2134103,Oct,361,2016,in_season,10,2016-10-01
สมุทรสาคร,Samut Sakhon,13.58789744,100.2134103,Nov,0,2016,in_season,11,2016-11-01
สมุทรสาคร,Samut Sakhon,13.58789744,100.2134103,Dec,0,2016,in_season,12,2016-12-01
สมุทรสาคร,Samut Sakhon,13.58789744,100.2134103,Jan,0,2017,in_season,1,2017-01-01
สมุทรสาคร,Samut Sakhon,13.58789744,100.2134103,Feb,0,2017,in_season,2,2017-02-01
สมุทรสาคร,Samut Sakhon,13.58789744,100.2134103,Mar,0,2017,in_season,3,2017-03-01
สมุทรสาคร,Samut Sakhon,13.58789744,100.2134103,Apr,0,2017,in_season,4,2017-04-01
สมุทรสาคร,Samut Sakhon,13.58789744,100.2134103,May,628,2017,in_season,5,2017-05-01
สมุทรสาคร,Samut Sakhon,13.58789744,100.2134103,Jun,1352,2017,in_season,6,2017-06-01
สมุทรสาคร,Samut Sakhon,13.58789744,100.2134103,Jul,619,2017,in_season,7,2017-07-01
สมุทรสาคร,Samut Sakhon,13.58789744,100.2134103,Aug,1581,2017,in_season,8,2017-08-01
สมุทรสาคร,Samut Sakhon,13.58789744,100.2134103,Sep,717,2017,in_season,9,2017-09-01
สมุทรสาคร,Samut Sakhon,13.58789744,100.2134103,Oct,325,2017,in_season,10,2017-10-01
สมุทรสาคร,Samut Sakhon,13.58789744,100.2134103,Nov,0,2017,in_season,11,2017-11-01
สมุทรสาคร,Samut Sakhon,13.58789744,100.2134103,Dec,0,2017,in_season,12,2017-12-01
สมุทรสาคร,Samut Sakhon,13.58789744,100.2134103,Jan,0,2018,in_season,1,2018-01-01
สมุทรสาคร,Samut Sakhon,13.58789744,100.2134103,Feb,0,2018,in_season,2,2018-02-01
สมุทรสาคร,Samut Sakhon,13.58789744,100.2134103,Mar,0,2018,in_season,3,2018-03-01
สมุทรสาคร,Samut Sakhon,13.58789744,100.2134103,Apr,0,2018,in_season,4,2018-04-01
สมุทรสาคร,Samut Sakhon,13.58789744,100.2134103,May,779,2018,in_season,5,2018-05-01
สมุทรสาคร,Samut Sakhon,13.58789744,100.2134103,Jun,551,2018,in_season,6,2018-06-01
สมุทรสาคร,Samut Sakhon,13.58789744,100.2134103,Jul,506,2018,in_season,7,2018-07-01
สมุทรสาคร,Samut Sakhon,13.58789744,100.2134103,Aug,1268,2018,in_season,8,2018-08-01
สมุทรสาคร,Samut Sakhon,13.58789744,100.2134103,Sep,1069,2018,in_season,9,2018-09-01
สมุทรสาคร,Samut Sakhon,13.58789744,100.2134103,Oct,468,2018,in_season,10,2018-10-01
สมุทรสาคร,Samut Sakhon,13.58789744,100.2134103,Nov,0,2018,in_season,11,2018-11-01
สมุทรสาคร,Samut Sakhon,13.58789744,100.2134103,Dec,0,2018,in_season,12,2018-12-01
สมุทรสาคร,Samut Sakhon,13.58789744,100.2134103,Jan,0,2019,in_season,1,2019-01-01
สมุทรสาคร,Samut Sakhon,13.58789744,100.2134103,Feb,0,2019,in_season,2,2019-02-01
สมุทรสาคร,Samut Sakhon,13.58789744,100.2134103,Mar,0,2019,in_season,3,2019-03-01
สมุทรสาคร,Samut Sakhon,13.58789744,100.2134103,Apr,0,2019,in_season,4,2019-04-01
สมุทรสาคร,Samut Sakhon,13.58789744,100.2134103,May,779,2019,in_season,5,2019-05-01
สมุทรสาคร,Samut Sakhon,13.58789744,100.2134103,Jun,551,2019,in_season,6,2019-06-01
สมุทรสาคร,Samut Sakhon,13.58789744,100.2134103,Jul,506,2019,in_season,7,2019-07-01
สมุทรสาคร,Samut Sakhon,13.58789744,100.2134103,Aug,1268,2019,in_season,8,2019-08-01
สมุทรสาคร,Samut Sakhon,13.58789744,100.2134103,Sep,1069,2019,in_season,9,2019-09-01
สมุทรสาคร,Samut Sakhon,13.58789744,100.2134103,Oct,468,2019,in_season,10,2019-10-01
สมุทรสาคร,Samut Sakhon,13.58789744,100.2134103,Nov,0,2019,in_season,11,2019-11-01
สมุทรสาคร,Samut Sakhon,13.58789744,100.2134103,Dec,0,2019,in_season,12,2019-12-01
สมุทรสาคร,Samut Sakhon,13.58789744,100.2134103,Jan,925,2015,off_season,1,2015-01-01
สมุทรสาคร,Samut Sakhon,13.58789744,100.2134103,Feb,622,2015,off_season,2,2015-02-01
สมุทรสาคร,Samut Sakhon,13.58789744,100.2134103,Mar,357,2015,off_season,3,2015-03-01
สมุทรสาคร,Samut Sakhon,13.58789744,100.2134103,Apr,504,2015,off_season,4,2015-04-01
สมุทรสาคร,Samut Sakhon,13.58789744,100.2134103,May,0,2015,off_season,5,2015-05-01
สมุทรสาคร,Samut Sakhon,13.58789744,100.2134103,Jun,0,2015,off_season,6,2015-06-01
สมุทรสาคร,Samut Sakhon,13.58789744,100.2134103,Jul,0,2015,off_season,7,2015-07-01
สมุทรสาคร,Samut Sakhon,13.58789744,100.2134103,Aug,0,2015,off_season,8,2015-08-01
สมุทรสาคร,Samut Sakhon,13.58789744,100.2134103,Sep,0,2015,off_season,9,2015-09-01
สมุทรสาคร,Samut Sakhon,13.58789744,100.2134103,Oct,0,2015,off_season,10,2015-10-01
สมุทรสาคร,Samut Sakhon,13.58789744,100.2134103,Nov,1051,2015,off_season,11,2015-11-01
สมุทรสาคร,Samut Sakhon,13.58789744,100.2134103,Dec,1078,2015,off_season,12,2015-12-01
สมุทรสาคร,Samut Sakhon,13.58789744,100.2134103,Jan,1070,2016,off_season,1,2016-01-01
สมุทรสาคร,Samut Sakhon,13.58789744,100.2134103,Feb,532,2016,off_season,2,2016-02-01
สมุทรสาคร,Samut Sakhon,13.58789744,100.2134103,Mar,290,2016,off_season,3,2016-03-01
สมุทรสาคร,Samut Sakhon,13.58789744,100.2134103,Apr,85,2016,off_season,4,2016-04-01
สมุทรสาคร,Samut Sakhon,13.58789744,100.2134103,May,0,2016,off_season,5,2016-05-01
สมุทรสาคร,Samut Sakhon,13.58789744,100.2134103,Jun,0,2016,off_season,6,2016-06-01
สมุทรสาคร,Samut Sakhon,13.58789744,100.2134103,Jul,0,2016,off_season,7,2016-07-01
สมุทรสาคร,Samut Sakhon,13.58789744,100.2134103,Aug,0,2016,off_season,8,2016-08-01
สมุทรสาคร,Samut Sakhon,13.58789744,100.2134103,Sep,0,2016,off_season,9,2016-09-01
สมุทรสาคร,Samut Sakhon,13.58789744,100.2134103,Oct,0,2016,off_season,10,2016-10-01
สมุทรสาคร,Samut Sakhon,13.58789744,100.2134103,Nov,571,2016,off_season,11,2016-11-01
สมุทรสาคร,Samut Sakhon,13.58789744,100.2134103,Dec,1002,2016,off_season,12,2016-12-01
สมุทรสาคร,Samut Sakhon,13.58789744,100.2134103,Jan,974,2017,off_season,1,2017-01-01
สมุทรสาคร,Samut Sakhon,13.58789744,100.2134103,Feb,388,2017,off_season,2,2017-02-01
สมุทรสาคร,Samut Sakhon,13.58789744,100.2134103,Mar,272,2017,off_season,3,2017-03-01
สมุทรสาคร,Samut Sakhon,13.58789744,100.2134103,Apr,109,2017,off_season,4,2017-04-01
สมุทรสาคร,Samut Sakhon,13.58789744,100.2134103,May,0,2017,off_season,5,2017-05-01
สมุทรสาคร,Samut Sakhon,13.58789744,100.2134103,Jun,0,2017,off_season,6,2017-06-01
สมุทรสาคร,Samut Sakhon,13.58789744,100.2134103,Jul,0,2017,off_season,7,2017-07-01
สมุทรสาคร,Samut Sakhon,13.58789744,100.2134103,Aug,0,2017,off_season,8,2017-08-01
สมุทรสาคร,Samut Sakhon,13.58789744,100.2134103,Sep,0,2017,off_season,9,2017-09-01
สมุทรสาคร,Samut Sakhon,13.58789744,100.2134103,Oct,0,2017,off_season,10,2017-10-01
สมุทรสาคร,Samut Sakhon,13.58789744,100.2134103,Nov,1219,2017,off_season,11,2017-11-01
สมุทรสาคร,Samut Sakhon,13.58789744,100.2134103,Dec,1172,2017,off_season,12,2017-12-01
สมุทรสาคร,Samut Sakhon,13.58789744,100.2134103,Jan,1291,2018,off_season,1,2018-01-01
สมุทรสาคร,Samut Sakhon,13.58789744,100.2134103,Feb,375,2018,off_season,2,2018-02-01
สมุทรสาคร,Samut Sakhon,13.58789744,100.2134103,Mar,294,2018,off_season,3,2018-03-01
สมุทรสาคร,Samut Sakhon,13.58789744,100.2134103,Apr,151,2018,off_season,4,2018-04-01
สมุทรสาคร,Samut Sakhon,13.58789744,100.2134103,May,0,2018,off_season,5,2018-05-01
สมุทรสาคร,Samut Sakhon,13.58789744,100.2134103,Jun,0,2018,off_season,6,2018-06-01
สมุทรสาคร,Samut Sakhon,13.58789744,100.2134103,Jul,0,2018,off_season,7,2018-07-01
สมุทรสาคร,Samut Sakhon,13.58789744,100.2134103,Aug,0,2018,off_season,8,2018-08-01
สมุทรสาคร,Samut Sakhon,13.58789744,100.2134103,Sep,0,2018,off_season,9,2018-09-01
สมุทรสาคร,Samut Sakhon,13.58789744,100.2134103,Oct,0,2018,off_season,10,2018-10-01
สมุทรสาคร,Samut Sakhon,13.58789744,100.2134103,Nov,912,2018,off_season,11,2018-11-01
สมุทรสาคร,Samut Sakhon,13.58789744,100.2134103,Dec,1044,2018,off_season,12,2018-12-01
สมุทรสาคร,Samut Sakhon,13.58789744,100.2134103,Jan,949,2019,off_season,1,2019-01-01
สมุทรสาคร,Samut Sakhon,13.58789744,100.2134103,Feb,402,2019,off_season,2,2019-02-01
สมุทรสาคร,Samut Sakhon,13.58789744,100.2134103,Mar,201,2019,off_season,3,2019-03-01
สมุทรสาคร,Samut Sakhon,13.58789744,100.2134103,Apr,139,2019,off_season,4,2019-04-01
สมุทรสาคร,Samut Sakhon,13.58789744,100.2134103,May,0,2019,off_season,5,2019-05-01
สมุทรสาคร,Samut Sakhon,13.58789744,100.2134103,Jun,0,2019,off_season,6,2019-06-01
สมุทรสาคร,Samut Sakhon,13.58789744,100.2134103,Jul,0,2019,off_season,7,2019-07-01
สมุทรสาคร,Samut Sakhon,13.58789744,100.2134103,Aug,0,2019,off_season,8,2019-08-01
สมุทรสาคร,Samut Sakhon,13.58789744,100.2134103,Sep,0,2019,off_season,9,2019-09-01
สมุทรสาคร,Samut Sakhon,13.58789744,100.2134103,Oct,0,2019,off_season,10,2019-10-01
สมุทรสาคร,Samut Sakhon,13.58789744,100.2134103,Nov,635,2019,off_season,11,2019-11-01
สมุทรสาคร,Samut Sakhon,13.58789744,100.2134103,Dec,540,2019,off_season,12,2019-12-01
สมุทรสงคราม,Samut Songkhram,13.43411429,99.95694286,Jan,0,2015,in_season,1,2015-01-01
สมุทรสงคราม,Samut Songkhram,13.43411429,99.95694286,Feb,0,2015,in_season,2,2015-02-01
สมุทรสงคราม,Samut Songkhram,13.43411429,99.95694286,Mar,0,2015,in_season,3,2015-03-01
สมุทรสงคราม,Samut Songkhram,13.43411429,99.95694286,Apr,0,2015,in_season,4,2015-04-01
สมุทรสงคราม,Samut Songkhram,13.43411429,99.95694286,May,0,2015,in_season,5,2015-05-01
สมุทรสงคราม,Samut Songkhram,13.43411429,99.95694286,Jun,445,2015,in_season,6,2015-06-01
สมุทรสงคราม,Samut Songkhram,13.43411429,99.95694286,Jul,2889,2015,in_season,7,2015-07-01
สมุทรสงคราม,Samut Songkhram,13.43411429,99.95694286,Aug,228,2015,in_season,8,2015-08-01
สมุทรสงคราม,Samut Songkhram,13.43411429,99.95694286,Sep,0,2015,in_season,9,2015-09-01
สมุทรสงคราม,Samut Songkhram,13.43411429,99.95694286,Oct,0,2015,in_season,10,2015-10-01
สมุทรสงคราม,Samut Songkhram,13.43411429,99.95694286,Nov,0,2015,in_season,11,2015-11-01
สมุทรสงคราม,Samut Songkhram,13.43411429,99.95694286,Dec,0,2015,in_season,12,2015-12-01
สมุทรสงคราม,Samut Songkhram,13.43411429,99.95694286,Jan,0,2016,in_season,1,2016-01-01
สมุทรสงคราม,Samut Songkhram,13.43411429,99.95694286,Feb,0,2016,in_season,2,2016-02-01
สมุทรสงคราม,Samut Songkhram,13.43411429,99.95694286,Mar,0,2016,in_season,3,2016-03-01
สมุทรสงคราม,Samut Songkhram,13.43411429,99.95694286,Apr,0,2016,in_season,4,2016-04-01
สมุทรสงคราม,Samut Songkhram,13.43411429,99.95694286,May,0,2016,in_season,5,2016-05-01
สมุทรสงคราม,Samut Songkhram,13.43411429,99.95694286,Jun,0,2016,in_season,6,2016-06-01
สมุทรสงคราม,Samut Songkhram,13.43411429,99.95694286,Jul,212,2016,in_season,7,2016-07-01
สมุทรสงคราม,Samut Songkhram,13.43411429,99.95694286,Aug,1911,2016,in_season,8,2016-08-01
สมุทรสงคราม,Samut Songkhram,13.43411429,99.95694286,Sep,516,2016,in_season,9,2016-09-01
สมุทรสงคราม,Samut Songkhram,13.43411429,99.95694286,Oct,0,2016,in_season,10,2016-10-01
สมุทรสงคราม,Samut Songkhram,13.43411429,99.95694286,Nov,0,2016,in_season,11,2016-11-01
สมุทรสงคราม,Samut Songkhram,13.43411429,99.95694286,Dec,0,2016,in_season,12,2016-12-01
สมุทรสงคราม,Samut Songkhram,13.43411429,99.95694286,Jan,0,2017,in_season,1,2017-01-01
สมุทรสงคราม,Samut Songkhram,13.43411429,99.95694286,Feb,0,2017,in_season,2,2017-02-01
สมุทรสงคราม,Samut Songkhram,13.43411429,99.95694286,Mar,0,2017,in_season,3,2017-03-01
สมุทรสงคราม,Samut Songkhram,13.43411429,99.95694286,Apr,0,2017,in_season,4,2017-04-01
สมุทรสงคราม,Samut Songkhram,13.43411429,99.95694286,May,0,2017,in_season,5,2017-05-01
สมุทรสงคราม,Samut Songkhram,13.43411429,99.95694286,Jun,0,2017,in_season,6,2017-06-01
สมุทรสงคราม,Samut Songkhram,13.43411429,99.95694286,Jul,178,2017,in_season,7,2017-07-01
สมุทรสงคราม,Samut Songkhram,13.43411429,99.95694286,Aug,1447,2017,in_season,8,2017-08-01
สมุทรสงคราม,Samut Songkhram,13.43411429,99.95694286,Sep,415,2017,in_season,9,2017-09-01
สมุทรสงคราม,Samut Songkhram,13.43411429,99.95694286,Oct,0,2017,in_season,10,2017-10-01
สมุทรสงคราม,Samut Songkhram,13.43411429,99.95694286,Nov,0,2017,in_season,11,2017-11-01
สมุทรสงคราม,Samut Songkhram,13.43411429,99.95694286,Dec,0,2017,in_season,12,2017-12-01
สมุทรสงคราม,Samut Songkhram,13.43411429,99.95694286,Jan,0,2018,in_season,1,2018-01-01
สมุทรสงคราม,Samut Songkhram,13.43411429,99.95694286,Feb,0,2018,in_season,2,2018-02-01
สมุทรสงคราม,Samut Songkhram,13.43411429,99.95694286,Mar,0,2018,in_season,3,2018-03-01
สมุทรสงคราม,Samut Songkhram,13.43411429,99.95694286,Apr,0,2018,in_season,4,2018-04-01
สมุทรสงคราม,Samut Songkhram,13.43411429,99.95694286,May,0,2018,in_season,5,2018-05-01
สมุทรสงคราม,Samut Songkhram,13.43411429,99.95694286,Jun,0,2018,in_season,6,2018-06-01
สมุทรสงคราม,Samut Songkhram,13.43411429,99.95694286,Jul,187,2018,in_season,7,2018-07-01
สมุทรสงคราม,Samut Songkhram,13.43411429,99.95694286,Aug,1278,2018,in_season,8,2018-08-01
สมุทรสงคราม,Samut Songkhram,13.43411429,99.95694286,Sep,745,2018,in_season,9,2018-09-01
สมุทรสงคราม,Samut Songkhram,13.43411429,99.95694286,Oct,0,2018,in_season,10,2018-10-01
สมุทรสงคราม,Samut Songkhram,13.43411429,99.95694286,Nov,0,2018,in_season,11,2018-11-01
สมุทรสงคราม,Samut Songkhram,13.43411429,99.95694286,Dec,0,2018,in_season,12,2018-12-01
สมุทรสงคราม,Samut Songkhram,13.43411429,99.95694286,Jan,0,2019,in_season,1,2019-01-01
สมุทรสงคราม,Samut Songkhram,13.43411429,99.95694286,Feb,0,2019,in_season,2,2019-02-01
สมุทรสงคราม,Samut Songkhram,13.43411429,99.95694286,Mar,0,2019,in_season,3,2019-03-01
สมุทรสงคราม,Samut Songkhram,13.43411429,99.95694286,Apr,0,2019,in_season,4,2019-04-01
สมุทรสงคราม,Samut Songkhram,13.43411429,99.95694286,May,0,2019,in_season,5,2019-05-01
สมุทรสงคราม,Samut Songkhram,13.43411429,99.95694286,Jun,0,2019,in_season,6,2019-06-01
สมุทรสงคราม,Samut Songkhram,13.43411429,99.95694286,Jul,187,2019,in_season,7,2019-07-01
สมุทรสงคราม,Samut Songkhram,13.43411429,99.95694286,Aug,1278,2019,in_season,8,2019-08-01
สมุทรสงคราม,Samut Songkhram,13.43411429,99.95694286,Sep,745,2019,in_season,9,2019-09-01
สมุทรสงคราม,Samut Songkhram,13.43411429,99.95694286,Oct,0,2019,in_season,10,2019-10-01
สมุทรสงคราม,Samut Songkhram,13.43411429,99.95694286,Nov,0,2019,in_season,11,2019-11-01
สมุทรสงคราม,Samut Songkhram,13.43411429,99.95694286,Dec,0,2019,in_season,12,2019-12-01
สมุทรสงคราม,Samut Songkhram,13.43411429,99.95694286,Jan,0,2015,off_season,1,2015-01-01
สมุทรสงคราม,Samut Songkhram,13.43411429,99.95694286,Feb,242,2015,off_season,2,2015-02-01
สมุทรสงคราม,Samut Songkhram,13.43411429,99.95694286,Mar,188,2015,off_season,3,2015-03-01
สมุทรสงคราม,Samut Songkhram,13.43411429,99.95694286,Apr,21,2015,off_season,4,2015-04-01
สมุทรสงคราม,Samut Songkhram,13.43411429,99.95694286,May,0,2015,off_season,5,2015-05-01
สมุทรสงคราม,Samut Songkhram,13.43411429,99.95694286,Jun,0,2015,off_season,6,2015-06-01
สมุทรสงคราม,Samut Songkhram,13.43411429,99.95694286,Jul,0,2015,off_season,7,2015-07-01
สมุทรสงคราม,Samut Songkhram,13.43411429,99.95694286,Aug,0,2015,off_season,8,2015-08-01
สมุทรสงคราม,Samut Songkhram,13.43411429,99.95694286,Sep,0,2015,off_season,9,2015-09-01
สมุทรสงคราม,Samut Songkhram,13.43411429,99.95694286,Oct,0,2015,off_season,10,2015-10-01
สมุทรสงคราม,Samut Songkhram,13.43411429,99.95694286,Nov,0,2015,off_season,11,2015-11-01
สมุทรสงคราม,Samut Songkhram,13.43411429,99.95694286,Dec,0,2015,off_season,12,2015-12-01
สมุทรสงคราม,Samut Songkhram,13.43411429,99.95694286,Jan,0,2016,off_season,1,2016-01-01
สมุทรสงคราม,Samut Songkhram,13.43411429,99.95694286,Feb,22,2016,off_season,2,2016-02-01
สมุทรสงคราม,Samut Songkhram,13.43411429,99.95694286,Mar,134,2016,off_season,3,2016-03-01
สมุทรสงคราม,Samut Songkhram,13.43411429,99.95694286,Apr,0,2016,off_season,4,2016-04-01
สมุทรสงคราม,Samut Songkhram,13.43411429,99.95694286,May,0,2016,off_season,5,2016-05-01
สมุทรสงคราม,Samut Songkhram,13.43411429,99.95694286,Jun,0,2016,off_season,6,2016-06-01
สมุทรสงคราม,Samut Songkhram,13.43411429,99.95694286,Jul,0,2016,off_season,7,2016-07-01
สมุทรสงคราม,Samut Songkhram,13.43411429,99.95694286,Aug,0,2016,off_season,8,2016-08-01
สมุทรสงคราม,Samut Songkhram,13.43411429,99.95694286,Sep,0,2016,off_season,9,2016-09-01
สมุทรสงคราม,Samut Songkhram,13.43411429,99.95694286,Oct,0,2016,off_season,10,2016-10-01
สมุทรสงคราม,Samut Songkhram,13.43411429,99.95694286,Nov,0,2016,off_season,11,2016-11-01
สมุทรสงคราม,Samut Songkhram,13.43411429,99.95694286,Dec,0,2016,off_season,12,2016-12-01
สมุทรสงคราม,Samut Songkhram,13.43411429,99.95694286,Jan,0,2017,off_season,1,2017-01-01
สมุทรสงคราม,Samut Songkhram,13.43411429,99.95694286,Feb,221,2017,off_season,2,2017-02-01
สมุทรสงคราม,Samut Songkhram,13.43411429,99.95694286,Mar,1015,2017,off_season,3,2017-03-01
สมุทรสงคราม,Samut Songkhram,13.43411429,99.95694286,Apr,0,2017,off_season,4,2017-04-01
สมุทรสงคราม,Samut Songkhram,13.43411429,99.95694286,May,0,2017,off_season,5,2017-05-01
สมุทรสงคราม,Samut Songkhram,13.43411429,99.95694286,Jun,0,2017,off_season,6,2017-06-01
สมุทรสงคราม,Samut Songkhram,13.43411429,99.95694286,Jul,0,2017,off_season,7,2017-07-01
สมุทรสงคราม,Samut Songkhram,13.43411429,99.95694286,Aug,0,2017,off_season,8,2017-08-01
สมุทรสงคราม,Samut Songkhram,13.43411429,99.95694286,Sep,0,2017,off_season,9,2017-09-01
สมุทรสงคราม,Samut Songkhram,13.43411429,99.95694286,Oct,0,2017,off_season,10,2017-10-01
สมุทรสงคราม,Samut Songkhram,13.43411429,99.95694286,Nov,0,2017,off_season,11,2017-11-01
สมุทรสงคราม,Samut Songkhram,13.43411429,99.95694286,Dec,0,2017,off_season,12,2017-12-01
สมุทรสงคราม,Samut Songkhram,13.43411429,99.95694286,Jan,0,2018,off_season,1,2018-01-01
สมุทรสงคราม,Samut Songkhram,13.43411429,99.95694286,Feb,346,2018,off_season,2,2018-02-01
สมุทรสงคราม,Samut Songkhram,13.43411429,99.95694286,Mar,1319,2018,off_season,3,2018-03-01
สมุทรสงคราม,Samut Songkhram,13.43411429,99.95694286,Apr,228,2018,off_season,4,2018-04-01
สมุทรสงคราม,Samut Songkhram,13.43411429,99.95694286,May,0,2018,off_season,5,2018-05-01
สมุทรสงคราม,Samut Songkhram,13.43411429,99.95694286,Jun,0,2018,off_season,6,2018-06-01
สมุทรสงคราม,Samut Songkhram,13.43411429,99.95694286,Jul,0,2018,off_season,7,2018-07-01
สมุทรสงคราม,Samut Songkhram,13.43411429,99.95694286,Aug,0,2018,off_season,8,2018-08-01
สมุทรสงคราม,Samut Songkhram,13.43411429,99.95694286,Sep,0,2018,off_season,9,2018-09-01
สมุทรสงคราม,Samut Songkhram,13.43411429,99.95694286,Oct,0,2018,off_season,10,2018-10-01
สมุทรสงคราม,Samut Songkhram,13.43411429,99.95694286,Nov,0,2018,off_season,11,2018-11-01
สมุทรสงคราม,Samut Songkhram,13.43411429,99.95694286,Dec,0,2018,off_season,12,2018-12-01
สมุทรสงคราม,Samut Songkhram,13.43411429,99.95694286,Jan,0,2019,off_season,1,2019-01-01
สมุทรสงคราม,Samut Songkhram,13.43411429,99.95694286,Feb,523,2019,off_season,2,2019-02-01
สมุทรสงคราม,Samut Songkhram,13.43411429,99.95694286,Mar,897,2019,off_season,3,2019-03-01
สมุทรสงคราม,Samut Songkhram,13.43411429,99.95694286,Apr,149,2019,off_season,4,2019-04-01
สมุทรสงคราม,Samut Songkhram,13.43411429,99.95694286,May,0,2019,off_season,5,2019-05-01
สมุทรสงคราม,Samut Songkhram,13.43411429,99.95694286,Jun,0,2019,off_season,6,2019-06-01
สมุทรสงคราม,Samut Songkhram,13.43411429,99.95694286,Jul,0,2019,off_season,7,2019-07-01
สมุทรสงคราม,Samut Songkhram,13.43411429,99.95694286,Aug,0,2019,off_season,8,2019-08-01
สมุทรสงคราม,Samut Songkhram,13.43411429,99.95694286,Sep,0,2019,off_season,9,2019-09-01
สมุทรสงคราม,Samut Songkhram,13.43411429,99.95694286,Oct,0,2019,off_season,10,2019-10-01
สมุทรสงคราม,Samut Songkhram,13.43411429,99.95694286,Nov,0,2019,off_season,11,2019-11-01
สมุทรสงคราม,Samut Songkhram,13.43411429,99.95694286,Dec,0,2019,off_season,12,2019-12-01
สระบุรี,Saraburi,14.55531481,100.8865463,Jan,0,2015,in_season,1,2015-01-01
สระบุรี,Saraburi,14.55531481,100.8865463,Feb,0,2015,in_season,2,2015-02-01
สระบุรี,Saraburi,14.55531481,100.8865463,Mar,0,2015,in_season,3,2015-03-01
สระบุรี,Saraburi,14.55531481,100.8865463,Apr,0,2015,in_season,4,2015-04-01
สระบุรี,Saraburi,14.55531481,100.8865463,May,37886,2015,in_season,5,2015-05-01
สระบุรี,Saraburi,14.55531481,100.8865463,Jun,38188,2015,in_season,6,2015-06-01
สระบุรี,Saraburi,14.55531481,100.8865463,Jul,108993,2015,in_season,7,2015-07-01
สระบุรี,Saraburi,14.55531481,100.8865463,Aug,87824,2015,in_season,8,2015-08-01
สระบุรี,Saraburi,14.55531481,100.8865463,Sep,20593,2015,in_season,9,2015-09-01
สระบุรี,Saraburi,14.55531481,100.8865463,Oct,9358,2015,in_season,10,2015-10-01
สระบุรี,Saraburi,14.55531481,100.8865463,Nov,0,2015,in_season,11,2015-11-01
สระบุรี,Saraburi,14.55531481,100.8865463,Dec,0,2015,in_season,12,2015-12-01
สระบุรี,Saraburi,14.55531481,100.8865463,Jan,0,2016,in_season,1,2016-01-01
สระบุรี,Saraburi,14.55531481,100.8865463,Feb,0,2016,in_season,2,2016-02-01
สระบุรี,Saraburi,14.55531481,100.8865463,Mar,0,2016,in_season,3,2016-03-01
สระบุรี,Saraburi,14.55531481,100.8865463,Apr,0,2016,in_season,4,2016-04-01
สระบุรี,Saraburi,14.55531481,100.8865463,May,15810,2016,in_season,5,2016-05-01
สระบุรี,Saraburi,14.55531481,100.8865463,Jun,29633,2016,in_season,6,2016-06-01
สระบุรี,Saraburi,14.55531481,100.8865463,Jul,160467,2016,in_season,7,2016-07-01
สระบุรี,Saraburi,14.55531481,100.8865463,Aug,80541,2016,in_season,8,2016-08-01
สระบุรี,Saraburi,14.55531481,100.8865463,Sep,30148,2016,in_season,9,2016-09-01
สระบุรี,Saraburi,14.55531481,100.8865463,Oct,10997,2016,in_season,10,2016-10-01
สระบุรี,Saraburi,14.55531481,100.8865463,Nov,0,2016,in_season,11,2016-11-01
สระบุรี,Saraburi,14.55531481,100.8865463,Dec,0,2016,in_season,12,2016-12-01
สระบุรี,Saraburi,14.55531481,100.8865463,Jan,0,2017,in_season,1,2017-01-01
สระบุรี,Saraburi,14.55531481,100.8865463,Feb,0,2017,in_season,2,2017-02-01
สระบุรี,Saraburi,14.55531481,100.8865463,Mar,0,2017,in_season,3,2017-03-01
สระบุรี,Saraburi,14.55531481,100.8865463,Apr,0,2017,in_season,4,2017-04-01
สระบุรี,Saraburi,14.55531481,100.8865463,May,52912,2017,in_season,5,2017-05-01
สระบุรี,Saraburi,14.55531481,100.8865463,Jun,57306,2017,in_season,6,2017-06-01
สระบุรี,Saraburi,14.55531481,100.8865463,Jul,112684,2017,in_season,7,2017-07-01
สระบุรี,Saraburi,14.55531481,100.8865463,Aug,58323,2017,in_season,8,2017-08-01
สระบุรี,Saraburi,14.55531481,100.8865463,Sep,28927,2017,in_season,9,2017-09-01
สระบุรี,Saraburi,14.55531481,100.8865463,Oct,13899,2017,in_season,10,2017-10-01
สระบุรี,Saraburi,14.55531481,100.8865463,Nov,0,2017,in_season,11,2017-11-01
สระบุรี,Saraburi,14.55531481,100.8865463,Dec,0,2017,in_season,12,2017-12-01
สระบุรี,Saraburi,14.55531481,100.8865463,Jan,0,2018,in_season,1,2018-01-01
สระบุรี,Saraburi,14.55531481,100.8865463,Feb,0,2018,in_season,2,2018-02-01
สระบุรี,Saraburi,14.55531481,100.8865463,Mar,0,2018,in_season,3,2018-03-01
สระบุรี,Saraburi,14.55531481,100.8865463,Apr,0,2018,in_season,4,2018-04-01
สระบุรี,Saraburi,14.55531481,100.8865463,May,50691,2018,in_season,5,2018-05-01
สระบุรี,Saraburi,14.55531481,100.8865463,Jun,46928,2018,in_season,6,2018-06-01
สระบุรี,Saraburi,14.55531481,100.8865463,Jul,136579,2018,in_season,7,2018-07-01
สระบุรี,Saraburi,14.55531481,100.8865463,Aug,49420,2018,in_season,8,2018-08-01
สระบุรี,Saraburi,14.55531481,100.8865463,Sep,30583,2018,in_season,9,2018-09-01
สระบุรี,Saraburi,14.55531481,100.8865463,Oct,11958,2018,in_season,10,2018-10-01
สระบุรี,Saraburi,14.55531481,100.8865463,Nov,0,2018,in_season,11,2018-11-01
สระบุรี,Saraburi,14.55531481,100.8865463,Dec,0,2018,in_season,12,2018-12-01
สระบุรี,Saraburi,14.55531481,100.8865463,Jan,0,2019,in_season,1,2019-01-01
สระบุรี,Saraburi,14.55531481,100.8865463,Feb,0,2019,in_season,2,2019-02-01
สระบุรี,Saraburi,14.55531481,100.8865463,Mar,0,2019,in_season,3,2019-03-01
สระบุรี,Saraburi,14.55531481,100.8865463,Apr,0,2019,in_season,4,2019-04-01
สระบุรี,Saraburi,14.55531481,100.8865463,May,50691,2019,in_season,5,2019-05-01
สระบุรี,Saraburi,14.55531481,100.8865463,Jun,46928,2019,in_season,6,2019-06-01
สระบุรี,Saraburi,14.55531481,100.8865463,Jul,136579,2019,in_season,7,2019-07-01
สระบุรี,Saraburi,14.55531481,100.8865463,Aug,49420,2019,in_season,8,2019-08-01
สระบุรี,Saraburi,14.55531481,100.8865463,Sep,30583,2019,in_season,9,2019-09-01
สระบุรี,Saraburi,14.55531481,100.8865463,Oct,11958,2019,in_season,10,2019-10-01
สระบุรี,Saraburi,14.55531481,100.8865463,Nov,0,2019,in_season,11,2019-11-01
สระบุรี,Saraburi,14.55531481,100.8865463,Dec,0,2019,in_season,12,2019-12-01
สระบุรี,Saraburi,14.55531481,100.8865463,Jan,9081,2015,off_season,1,2015-01-01
สระบุรี,Saraburi,14.55531481,100.8865463,Feb,2057,2015,off_season,2,2015-02-01
สระบุรี,Saraburi,14.55531481,100.8865463,Mar,6644,2015,off_season,3,2015-03-01
สระบุรี,Saraburi,14.55531481,100.8865463,Apr,1966,2015,off_season,4,2015-04-01
สระบุรี,Saraburi,14.55531481,100.8865463,May,0,2015,off_season,5,2015-05-01
สระบุรี,Saraburi,14.55531481,100.8865463,Jun,0,2015,off_season,6,2015-06-01
สระบุรี,Saraburi,14.55531481,100.8865463,Jul,0,2015,off_season,7,2015-07-01
สระบุรี,Saraburi,14.55531481,100.8865463,Aug,0,2015,off_season,8,2015-08-01
สระบุรี,Saraburi,14.55531481,100.8865463,Sep,0,2015,off_season,9,2015-09-01
สระบุรี,Saraburi,14.55531481,100.8865463,Oct,0,2015,off_season,10,2015-10-01
สระบุรี,Saraburi,14.55531481,100.8865463,Nov,30640,2015,off_season,11,2015-11-01
สระบุรี,Saraburi,14.55531481,100.8865463,Dec,14746,2015,off_season,12,2015-12-01
สระบุรี,Saraburi,14.55531481,100.8865463,Jan,4731,2016,off_season,1,2016-01-01
สระบุรี,Saraburi,14.55531481,100.8865463,Feb,2337,2016,off_season,2,2016-02-01
สระบุรี,Saraburi,14.55531481,100.8865463,Mar,759,2016,off_season,3,2016-03-01
สระบุรี,Saraburi,14.55531481,100.8865463,Apr,197,2016,off_season,4,2016-04-01
สระบุรี,Saraburi,14.55531481,100.8865463,May,0,2016,off_season,5,2016-05-01
สระบุรี,Saraburi,14.55531481,100.8865463,Jun,0,2016,off_season,6,2016-06-01
สระบุรี,Saraburi,14.55531481,100.8865463,Jul,0,2016,off_season,7,2016-07-01
สระบุรี,Saraburi,14.55531481,100.8865463,Aug,0,2016,off_season,8,2016-08-01
สระบุรี,Saraburi,14.55531481,100.8865463,Sep,0,2016,off_season,9,2016-09-01
สระบุรี,Saraburi,14.55531481,100.8865463,Oct,0,2016,off_season,10,2016-10-01
สระบุรี,Saraburi,14.55531481,100.8865463,Nov,3728,2016,off_season,11,2016-11-01
สระบุรี,Saraburi,14.55531481,100.8865463,Dec,7925,2016,off_season,12,2016-12-01
สระบุรี,Saraburi,14.55531481,100.8865463,Jan,43424,2017,off_season,1,2017-01-01
สระบุรี,Saraburi,14.55531481,100.8865463,Feb,9820,2017,off_season,2,2017-02-01
สระบุรี,Saraburi,14.55531481,100.8865463,Mar,4859,2017,off_season,3,2017-03-01
สระบุรี,Saraburi,14.55531481,100.8865463,Apr,3880,2017,off_season,4,2017-04-01
สระบุรี,Saraburi,14.55531481,100.8865463,May,0,2017,off_season,5,2017-05-01
สระบุรี,Saraburi,14.55531481,100.8865463,Jun,0,2017,off_season,6,2017-06-01
สระบุรี,Saraburi,14.55531481,100.8865463,Jul,0,2017,off_season,7,2017-07-01
สระบุรี,Saraburi,14.55531481,100.8865463,Aug,0,2017,off_season,8,2017-08-01
สระบุรี,Saraburi,14.55531481,100.8865463,Sep,0,2017,off_season,9,2017-09-01
สระบุรี,Saraburi,14.55531481,100.8865463,Oct,0,2017,off_season,10,2017-10-01
สระบุรี,Saraburi,14.55531481,100.8865463,Nov,23070,2017,off_season,11,2017-11-01
สระบุรี,Saraburi,14.55531481,100.8865463,Dec,40455,2017,off_season,12,2017-12-01
สระบุรี,Saraburi,14.55531481,100.8865463,Jan,123970,2018,off_season,1,2018-01-01
สระบุรี,Saraburi,14.55531481,100.8865463,Feb,28890,2018,off_season,2,2018-02-01
สระบุรี,Saraburi,14.55531481,100.8865463,Mar,11683,2018,off_season,3,2018-03-01
สระบุรี,Saraburi,14.55531481,100.8865463,Apr,4290,2018,off_season,4,2018-04-01
สระบุรี,Saraburi,14.55531481,100.8865463,May,0,2018,off_season,5,2018-05-01
สระบุรี,Saraburi,14.55531481,100.8865463,Jun,0,2018,off_season,6,2018-06-01
สระบุรี,Saraburi,14.55531481,100.8865463,Jul,0,2018,off_season,7,2018-07-01
สระบุรี,Saraburi,14.55531481,100.8865463,Aug,0,2018,off_season,8,2018-08-01
สระบุรี,Saraburi,14.55531481,100.8865463,Sep,0,2018,off_season,9,2018-09-01
สระบุรี,Saraburi,14.55531481,100.8865463,Oct,0,2018,off_season,10,2018-10-01
สระบุรี,Saraburi,14.55531481,100.8865463,Nov,21861,2018,off_season,11,2018-11-01
สระบุรี,Saraburi,14.55531481,100.8865463,Dec,28030,2018,off_season,12,2018-12-01
สระบุรี,Saraburi,14.55531481,100.8865463,Jan,61036,2019,off_season,1,2019-01-01
สระบุรี,Saraburi,14.55531481,100.8865463,Feb,29386,2019,off_season,2,2019-02-01
สระบุรี,Saraburi,14.55531481,100.8865463,Mar,12386,2019,off_season,3,2019-03-01
สระบุรี,Saraburi,14.55531481,100.8865463,Apr,4500,2019,off_season,4,2019-04-01
สระบุรี,Saraburi,14.55531481,100.8865463,May,0,2019,off_season,5,2019-05-01
สระบุรี,Saraburi,14.55531481,100.8865463,Jun,0,2019,off_season,6,2019-06-01
สระบุรี,Saraburi,14.55531481,100.8865463,Jul,0,2019,off_season,7,2019-07-01
สระบุรี,Saraburi,14.55531481,100.8865463,Aug,0,2019,off_season,8,2019-08-01
สระบุรี,Saraburi,14.55531481,100.8865463,Sep,0,2019,off_season,9,2019-09-01
สระบุรี,Saraburi,14.55531481,100.8865463,Oct,0,2019,off_season,10,2019-10-01
สระบุรี,Saraburi,14.55531481,100.8865463,Nov,18782,2019,off_season,11,2019-11-01
สระบุรี,Saraburi,14.55531481,100.8865463,Dec,70408,2019,off_season,12,2019-12-01
สตูล,Satun,6.695068182,99.72796591,Jan,0,2015,in_season,1,2015-01-01
สตูล,Satun,6.695068182,99.72796591,Feb,0,2015,in_season,2,2015-02-01
สตูล,Satun,6.695068182,99.72796591,Mar,0,2015,in_season,3,2015-03-01
สตูล,Satun,6.695068182,99.72796591,Apr,0,2015,in_season,4,2015-04-01
สตูล,Satun,6.695068182,99.72796591,May,0,2015,in_season,5,2015-05-01
สตูล,Satun,6.695068182,99.72796591,Jun,0,2015,in_season,6,2015-06-01
สตูล,Satun,6.695068182,99.72796591,Jul,0,2015,in_season,7,2015-07-01
สตูล,Satun,6.695068182,99.72796591,Aug,5810,2015,in_season,8,2015-08-01
สตูล,Satun,6.695068182,99.72796591,Sep,16598,2015,in_season,9,2015-09-01
สตูล,Satun,6.695068182,99.72796591,Oct,2604,2015,in_season,10,2015-10-01
สตูล,Satun,6.695068182,99.72796591,Nov,0,2015,in_season,11,2015-11-01
สตูล,Satun,6.695068182,99.72796591,Dec,0,2015,in_season,12,2015-12-01
สตูล,Satun,6.695068182,99.72796591,Jan,0,2016,in_season,1,2016-01-01
สตูล,Satun,6.695068182,99.72796591,Feb,0,2016,in_season,2,2016-02-01
สตูล,Satun,6.695068182,99.72796591,Mar,0,2016,in_season,3,2016-03-01
สตูล,Satun,6.695068182,99.72796591,Apr,0,2016,in_season,4,2016-04-01
สตูล,Satun,6.695068182,99.72796591,May,0,2016,in_season,5,2016-05-01
สตูล,Satun,6.695068182,99.72796591,Jun,0,2016,in_season,6,2016-06-01
สตูล,Satun,6.695068182,99.72796591,Jul,1203,2016,in_season,7,2016-07-01
สตูล,Satun,6.695068182,99.72796591,Aug,4811,2016,in_season,8,2016-08-01
สตูล,Satun,6.695068182,99.72796591,Sep,9217,2016,in_season,9,2016-09-01
สตูล,Satun,6.695068182,99.72796591,Oct,6332,2016,in_season,10,2016-10-01
สตูล,Satun,6.695068182,99.72796591,Nov,0,2016,in_season,11,2016-11-01
สตูล,Satun,6.695068182,99.72796591,Dec,0,2016,in_season,12,2016-12-01
สตูล,Satun,6.695068182,99.72796591,Jan,0,2017,in_season,1,2017-01-01
สตูล,Satun,6.695068182,99.72796591,Feb,0,2017,in_season,2,2017-02-01
สตูล,Satun,6.695068182,99.72796591,Mar,0,2017,in_season,3,2017-03-01
สตูล,Satun,6.695068182,99.72796591,Apr,0,2017,in_season,4,2017-04-01
สตูล,Satun,6.695068182,99.72796591,May,0,2017,in_season,5,2017-05-01
สตูล,Satun,6.695068182,99.72796591,Jun,0,2017,in_season,6,2017-06-01
สตูล,Satun,6.695068182,99.72796591,Jul,642,2017,in_season,7,2017-07-01
สตูล,Satun,6.695068182,99.72796591,Aug,3385,2017,in_season,8,2017-08-01
สตูล,Satun,6.695068182,99.72796591,Sep,10354,2017,in_season,9,2017-09-01
สตูล,Satun,6.695068182,99.72796591,Oct,5673,2017,in_season,10,2017-10-01
สตูล,Satun,6.695068182,99.72796591,Nov,0,2017,in_season,11,2017-11-01
สตูล,Satun,6.695068182,99.72796591,Dec,0,2017,in_season,12,2017-12-01
สตูล,Satun,6.695068182,99.72796591,Jan,0,2018,in_season,1,2018-01-01
สตูล,Satun,6.695068182,99.72796591,Feb,0,2018,in_season,2,2018-02-01
สตูล,Satun,6.695068182,99.72796591,Mar,0,2018,in_season,3,2018-03-01
สตูล,Satun,6.695068182,99.72796591,Apr,0,2018,in_season,4,2018-04-01
สตูล,Satun,6.695068182,99.72796591,May,0,2018,in_season,5,2018-05-01
สตูล,Satun,6.695068182,99.72796591,Jun,0,2018,in_season,6,2018-06-01
สตูล,Satun,6.695068182,99.72796591,Jul,649,2018,in_season,7,2018-07-01
สตูล,Satun,6.695068182,99.72796591,Aug,6323,2018,in_season,8,2018-08-01
สตูล,Satun,6.695068182,99.72796591,Sep,8543,2018,in_season,9,2018-09-01
สตูล,Satun,6.695068182,99.72796591,Oct,3459,2018,in_season,10,2018-10-01
สตูล,Satun,6.695068182,99.72796591,Nov,0,2018,in_season,11,2018-11-01
สตูล,Satun,6.695068182,99.72796591,Dec,0,2018,in_season,12,2018-12-01
สตูล,Satun,6.695068182,99.72796591,Jan,0,2019,in_season,1,2019-01-01
สตูล,Satun,6.695068182,99.72796591,Feb,0,2019,in_season,2,2019-02-01
สตูล,Satun,6.695068182,99.72796591,Mar,0,2019,in_season,3,2019-03-01
สตูล,Satun,6.695068182,99.72796591,Apr,0,2019,in_season,4,2019-04-01
สตูล,Satun,6.695068182,99.72796591,May,0,2019,in_season,5,2019-05-01
สตูล,Satun,6.695068182,99.72796591,Jun,0,2019,in_season,6,2019-06-01
สตูล,Satun,6.695068182,99.72796591,Jul,649,2019,in_season,7,2019-07-01
สตูล,Satun,6.695068182,99.72796591,Aug,6323,2019,in_season,8,2019-08-01
สตูล,Satun,6.695068182,99.72796591,Sep,8543,2019,in_season,9,2019-09-01
สตูล,Satun,6.695068182,99.72796591,Oct,3459,2019,in_season,10,2019-10-01
สตูล,Satun,6.695068182,99.72796591,Nov,0,2019,in_season,11,2019-11-01
สตูล,Satun,6.695068182,99.72796591,Dec,0,2019,in_season,12,2019-12-01
สตูล,Satun,6.695068182,99.72796591,Jan,0,2015,off_season,1,2015-01-01
สตูล,Satun,6.695068182,99.72796591,Feb,290,2015,off_season,2,2015-02-01
สตูล,Satun,6.695068182,99.72796591,Mar,242,2015,off_season,3,2015-03-01
สตูล,Satun,6.695068182,99.72796591,Apr,78,2015,off_season,4,2015-04-01
สตูล,Satun,6.695068182,99.72796591,May,0,2015,off_season,5,2015-05-01
สตูล,Satun,6.695068182,99.72796591,Jun,0,2015,off_season,6,2015-06-01
สตูล,Satun,6.695068182,99.72796591,Jul,0,2015,off_season,7,2015-07-01
สตูล,Satun,6.695068182,99.72796591,Aug,0,2015,off_season,8,2015-08-01
สตูล,Satun,6.695068182,99.72796591,Sep,0,2015,off_season,9,2015-09-01
สตูล,Satun,6.695068182,99.72796591,Oct,0,2015,off_season,10,2015-10-01
สตูล,Satun,6.695068182,99.72796591,Nov,0,2015,off_season,11,2015-11-01
สตูล,Satun,6.695068182,99.72796591,Dec,0,2015,off_season,12,2015-12-01
สตูล,Satun,6.695068182,99.72796591,Jan,0,2016,off_season,1,2016-01-01
สตูล,Satun,6.695068182,99.72796591,Feb,41,2016,off_season,2,2016-02-01
สตูล,Satun,6.695068182,99.72796591,Mar,135,2016,off_season,3,2016-03-01
สตูล,Satun,6.695068182,99.72796591,Apr,24,2016,off_season,4,2016-04-01
สตูล,Satun,6.695068182,99.72796591,May,0,2016,off_season,5,2016-05-01
สตูล,Satun,6.695068182,99.72796591,Jun,0,2016,off_season,6,2016-06-01
สตูล,Satun,6.695068182,99.72796591,Jul,0,2016,off_season,7,2016-07-01
สตูล,Satun,6.695068182,99.72796591,Aug,0,2016,off_season,8,2016-08-01
สตูล,Satun,6.695068182,99.72796591,Sep,0,2016,off_season,9,2016-09-01
สตูล,Satun,6.695068182,99.72796591,Oct,0,2016,off_season,10,2016-10-01
สตูล,Satun,6.695068182,99.72796591,Nov,0,2016,off_season,11,2016-11-01
สตูล,Satun,6.695068182,99.72796591,Dec,0,2016,off_season,12,2016-12-01
สตูล,Satun,6.695068182,99.72796591,Jan,0,2017,off_season,1,2017-01-01
สตูล,Satun,6.695068182,99.72796591,Feb,36,2017,off_season,2,2017-02-01
สตูล,Satun,6.695068182,99.72796591,Mar,133,2017,off_season,3,2017-03-01
สตูล,Satun,6.695068182,99.72796591,Apr,120,2017,off_season,4,2017-04-01
สตูล,Satun,6.695068182,99.72796591,May,0,2017,off_season,5,2017-05-01
สตูล,Satun,6.695068182,99.72796591,Jun,0,2017,off_season,6,2017-06-01
สตูล,Satun,6.695068182,99.72796591,Jul,0,2017,off_season,7,2017-07-01
สตูล,Satun,6.695068182,99.72796591,Aug,0,2017,off_season,8,2017-08-01
สตูล,Satun,6.695068182,99.72796591,Sep,0,2017,off_season,9,2017-09-01
สตูล,Satun,6.695068182,99.72796591,Oct,0,2017,off_season,10,2017-10-01
สตูล,Satun,6.695068182,99.72796591,Nov,0,2017,off_season,11,2017-11-01
สตูล,Satun,6.695068182,99.72796591,Dec,0,2017,off_season,12,2017-12-01
สตูล,Satun,6.695068182,99.72796591,Jan,0,2018,off_season,1,2018-01-01
สตูล,Satun,6.695068182,99.72796591,Feb,24,2018,off_season,2,2018-02-01
สตูล,Satun,6.695068182,99.72796591,Mar,120,2018,off_season,3,2018-03-01
สตูล,Satun,6.695068182,99.72796591,Apr,41,2018,off_season,4,2018-04-01
สตูล,Satun,6.695068182,99.72796591,May,0,2018,off_season,5,2018-05-01
สตูล,Satun,6.695068182,99.72796591,Jun,0,2018,off_season,6,2018-06-01
สตูล,Satun,6.695068182,99.72796591,Jul,0,2018,off_season,7,2018-07-01
สตูล,Satun,6.695068182,99.72796591,Aug,0,2018,off_season,8,2018-08-01
สตูล,Satun,6.695068182,99.72796591,Sep,0,2018,off_season,9,2018-09-01
สตูล,Satun,6.695068182,99.72796591,Oct,0,2018,off_season,10,2018-10-01
สตูล,Satun,6.695068182,99.72796591,Nov,0,2018,off_season,11,2018-11-01
สตูล,Satun,6.695068182,99.72796591,Dec,0,2018,off_season,12,2018-12-01
สตูล,Satun,6.695068182,99.72796591,Jan,0,2019,off_season,1,2019-01-01
สตูล,Satun,6.695068182,99.72796591,Feb,0,2019,off_season,2,2019-02-01
สตูล,Satun,6.695068182,99.72796591,Mar,0,2019,off_season,3,2019-03-01
สตูล,Satun,6.695068182,99.72796591,Apr,0,2019,off_season,4,2019-04-01
สตูล,Satun,6.695068182,99.72796591,May,0,2019,off_season,5,2019-05-01
สตูล,Satun,6.695068182,99.72796591,Jun,0,2019,off_season,6,2019-06-01
สตูล,Satun,6.695068182,99.72796591,Jul,0,2019,off_season,7,2019-07-01
สตูล,Satun,6.695068182,99.72796591,Aug,0,2019,off_season,8,2019-08-01
สตูล,Satun,6.695068182,99.72796591,Sep,0,2019,off_season,9,2019-09-01
สตูล,Satun,6.695068182,99.72796591,Oct,0,2019,off_season,10,2019-10-01
สตูล,Satun,6.695068182,99.72796591,Nov,0,2019,off_season,11,2019-11-01
สตูล,Satun,6.695068182,99.72796591,Dec,0,2019,off_season,12,2019-12-01
ศรีสะเกษ,Si Sa Ket,14.94141872,104.3277783,Jan,0,2015,in_season,1,2015-01-01
ศรีสะเกษ,Si Sa Ket,14.94141872,104.3277783,Feb,0,2015,in_season,2,2015-02-01
ศรีสะเกษ,Si Sa Ket,14.94141872,104.3277783,Mar,0,2015,in_season,3,2015-03-01
ศรีสะเกษ,Si Sa Ket,14.94141872,104.3277783,Apr,0,2015,in_season,4,2015-04-01
ศรีสะเกษ,Si Sa Ket,14.94141872,104.3277783,May,1998964,2015,in_season,5,2015-05-01
ศรีสะเกษ,Si Sa Ket,14.94141872,104.3277783,Jun,831867,2015,in_season,6,2015-06-01
ศรีสะเกษ,Si Sa Ket,14.94141872,104.3277783,Jul,107605,2015,in_season,7,2015-07-01
ศรีสะเกษ,Si Sa Ket,14.94141872,104.3277783,Aug,17737,2015,in_season,8,2015-08-01
ศรีสะเกษ,Si Sa Ket,14.94141872,104.3277783,Sep,0,2015,in_season,9,2015-09-01
ศรีสะเกษ,Si Sa Ket,14.94141872,104.3277783,Oct,0,2015,in_season,10,2015-10-01
ศรีสะเกษ,Si Sa Ket,14.94141872,104.3277783,Nov,0,2015,in_season,11,2015-11-01
ศรีสะเกษ,Si Sa Ket,14.94141872,104.3277783,Dec,0,2015,in_season,12,2015-12-01
ศรีสะเกษ,Si Sa Ket,14.94141872,104.3277783,Jan,0,2016,in_season,1,2016-01-01
ศรีสะเกษ,Si Sa Ket,14.94141872,104.3277783,Feb,0,2016,in_season,2,2016-02-01
ศรีสะเกษ,Si Sa Ket,14.94141872,104.3277783,Mar,0,2016,in_season,3,2016-03-01
ศรีสะเกษ,Si Sa Ket,14.94141872,104.3277783,Apr,0,2016,in_season,4,2016-04-01
ศรีสะเกษ,Si Sa Ket,14.94141872,104.3277783,May,1684179,2016,in_season,5,2016-05-01
ศรีสะเกษ,Si Sa Ket,14.94141872,104.3277783,Jun,1057222,2016,in_season,6,2016-06-01
ศรีสะเกษ,Si Sa Ket,14.94141872,104.3277783,Jul,213861,2016,in_season,7,2016-07-01
ศรีสะเกษ,Si Sa Ket,14.94141872,104.3277783,Aug,21358,2016,in_season,8,2016-08-01
ศรีสะเกษ,Si Sa Ket,14.94141872,104.3277783,Sep,0,2016,in_season,9,2016-09-01
ศรีสะเกษ,Si Sa Ket,14.94141872,104.3277783,Oct,0,2016,in_season,10,2016-10-01
ศรีสะเกษ,Si Sa Ket,14.94141872,104.3277783,Nov,0,2016,in_season,11,2016-11-01
ศรีสะเกษ,Si Sa Ket,14.94141872,104.3277783,Dec,0,2016,in_season,12,2016-12-01
ศรีสะเกษ,Si Sa Ket,14.94141872,104.3277783,Jan,0,2017,in_season,1,2017-01-01
ศรีสะเกษ,Si Sa Ket,14.94141872,104.3277783,Feb,0,2017,in_season,2,2017-02-01
ศรีสะเกษ,Si Sa Ket,14.94141872,104.3277783,Mar,0,2017,in_season,3,2017-03-01
ศรีสะเกษ,Si Sa Ket,14.94141872,104.3277783,Apr,0,2017,in_season,4,2017-04-01
ศรีสะเกษ,Si Sa Ket,14.94141872,104.3277783,May,1829622,2017,in_season,5,2017-05-01
ศรีสะเกษ,Si Sa Ket,14.94141872,104.3277783,Jun,860925,2017,in_season,6,2017-06-01
ศรีสะเกษ,Si Sa Ket,14.94141872,104.3277783,Jul,273701,2017,in_season,7,2017-07-01
ศรีสะเกษ,Si Sa Ket,14.94141872,104.3277783,Aug,36502,2017,in_season,8,2017-08-01
ศรีสะเกษ,Si Sa Ket,14.94141872,104.3277783,Sep,0,2017,in_season,9,2017-09-01
ศรีสะเกษ,Si Sa Ket,14.94141872,104.3277783,Oct,0,2017,in_season,10,2017-10-01
ศรีสะเกษ,Si Sa Ket,14.94141872,104.3277783,Nov,0,2017,in_season,11,2017-11-01
ศรีสะเกษ,Si Sa Ket,14.94141872,104.3277783,Dec,0,2017,in_season,12,2017-12-01
ศรีสะเกษ,Si Sa Ket,14.94141872,104.3277783,Jan,0,2018,in_season,1,2018-01-01
ศรีสะเกษ,Si Sa Ket,14.94141872,104.3277783,Feb,0,2018,in_season,2,2018-02-01
ศรีสะเกษ,Si Sa Ket,14.94141872,104.3277783,Mar,0,2018,in_season,3,2018-03-01
ศรีสะเกษ,Si Sa Ket,14.94141872,104.3277783,Apr,0,2018,in_season,4,2018-04-01
ศรีสะเกษ,Si Sa Ket,14.94141872,104.3277783,May,2109536,2018,in_season,5,2018-05-01
ศรีสะเกษ,Si Sa Ket,14.94141872,104.3277783,Jun,706461,2018,in_season,6,2018-06-01
ศรีสะเกษ,Si Sa Ket,14.94141872,104.3277783,Jul,177558,2018,in_season,7,2018-07-01
ศรีสะเกษ,Si Sa Ket,14.94141872,104.3277783,Aug,13151,2018,in_season,8,2018-08-01
ศรีสะเกษ,Si Sa Ket,14.94141872,104.3277783,Sep,0,2018,in_season,9,2018-09-01
ศรีสะเกษ,Si Sa Ket,14.94141872,104.3277783,Oct,0,2018,in_season,10,2018-10-01
ศรีสะเกษ,Si Sa Ket,14.94141872,104.3277783,Nov,0,2018,in_season,11,2018-11-01
ศรีสะเกษ,Si Sa Ket,14.94141872,104.3277783,Dec,0,2018,in_season,12,2018-12-01
ศรีสะเกษ,Si Sa Ket,14.94141872,104.3277783,Jan,0,2019,in_season,1,2019-01-01
ศรีสะเกษ,Si Sa Ket,14.94141872,104.3277783,Feb,0,2019,in_season,2,2019-02-01
ศรีสะเกษ,Si Sa Ket,14.94141872,104.3277783,Mar,0,2019,in_season,3,2019-03-01
ศรีสะเกษ,Si Sa Ket,14.94141872,104.3277783,Apr,0,2019,in_season,4,2019-04-01
ศรีสะเกษ,Si Sa Ket,14.94141872,104.3277783,May,2109536,2019,in_season,5,2019-05-01
ศรีสะเกษ,Si Sa Ket,14.94141872,104.3277783,Jun,706461,2019,in_season,6,2019-06-01
ศรีสะเกษ,Si Sa Ket,14.94141872,104.3277783,Jul,177558,2019,in_season,7,2019-07-01
ศรีสะเกษ,Si Sa Ket,14.94141872,104.3277783,Aug,13151,2019,in_season,8,2019-08-01
ศรีสะเกษ,Si Sa Ket,14.94141872,104.3277783,Sep,0,2019,in_season,9,2019-09-01
ศรีสะเกษ,Si Sa Ket,14.94141872,104.3277783,Oct,0,2019,in_season,10,2019-10-01
ศรีสะเกษ,Si Sa Ket,14.94141872,104.3277783,Nov,0,2019,in_season,11,2019-11-01
ศรีสะเกษ,Si Sa Ket,14.94141872,104.3277783,Dec,0,2019,in_season,12,2019-12-01
ศรีสะเกษ,Si Sa Ket,14.94141872,104.3277783,Jan,44393,2015,off_season,1,2015-01-01
ศรีสะเกษ,Si Sa Ket,14.94141872,104.3277783,Feb,4674,2015,off_season,2,2015-02-01
ศรีสะเกษ,Si Sa Ket,14.94141872,104.3277783,Mar,584,2015,off_season,3,2015-03-01
ศรีสะเกษ,Si Sa Ket,14.94141872,104.3277783,Apr,0,2015,off_season,4,2015-04-01
ศรีสะเกษ,Si Sa Ket,14.94141872,104.3277783,May,0,2015,off_season,5,2015-05-01
ศรีสะเกษ,Si Sa Ket,14.94141872,104.3277783,Jun,0,2015,off_season,6,2015-06-01
ศรีสะเกษ,Si Sa Ket,14.94141872,104.3277783,Jul,0,2015,off_season,7,2015-07-01
ศรีสะเกษ,Si Sa Ket,14.94141872,104.3277783,Aug,0,2015,off_season,8,2015-08-01
ศรีสะเกษ,Si Sa Ket,14.94141872,104.3277783,Sep,0,2015,off_season,9,2015-09-01
ศรีสะเกษ,Si Sa Ket,14.94141872,104.3277783,Oct,0,2015,off_season,10,2015-10-01
ศรีสะเกษ,Si Sa Ket,14.94141872,104.3277783,Nov,582,2015,off_season,11,2015-11-01
ศรีสะเกษ,Si Sa Ket,14.94141872,104.3277783,Dec,27052,2015,off_season,12,2015-12-01
ศรีสะเกษ,Si Sa Ket,14.94141872,104.3277783,Jan,27293,2016,off_season,1,2016-01-01
ศรีสะเกษ,Si Sa Ket,14.94141872,104.3277783,Feb,7255,2016,off_season,2,2016-02-01
ศรีสะเกษ,Si Sa Ket,14.94141872,104.3277783,Mar,328,2016,off_season,3,2016-03-01
ศรีสะเกษ,Si Sa Ket,14.94141872,104.3277783,Apr,0,2016,off_season,4,2016-04-01
ศรีสะเกษ,Si Sa Ket,14.94141872,104.3277783,May,0,2016,off_season,5,2016-05-01
ศรีสะเกษ,Si Sa Ket,14.94141872,104.3277783,Jun,0,2016,off_season,6,2016-06-01
ศรีสะเกษ,Si Sa Ket,14.94141872,104.3277783,Jul,0,2016,off_season,7,2016-07-01
ศรีสะเกษ,Si Sa Ket,14.94141872,104.3277783,Aug,0,2016,off_season,8,2016-08-01
ศรีสะเกษ,Si Sa Ket,14.94141872,104.3277783,Sep,0,2016,off_season,9,2016-09-01
ศรีสะเกษ,Si Sa Ket,14.94141872,104.3277783,Oct,0,2016,off_season,10,2016-10-01
ศรีสะเกษ,Si Sa Ket,14.94141872,104.3277783,Nov,1004,2016,off_season,11,2016-11-01
ศรีสะเกษ,Si Sa Ket,14.94141872,104.3277783,Dec,21991,2016,off_season,12,2016-12-01
ศรีสะเกษ,Si Sa Ket,14.94141872,104.3277783,Jan,45774,2017,off_season,1,2017-01-01
ศรีสะเกษ,Si Sa Ket,14.94141872,104.3277783,Feb,5188,2017,off_season,2,2017-02-01
ศรีสะเกษ,Si Sa Ket,14.94141872,104.3277783,Mar,776,2017,off_season,3,2017-03-01
ศรีสะเกษ,Si Sa Ket,14.94141872,104.3277783,Apr,0,2017,off_season,4,2017-04-01
ศรีสะเกษ,Si Sa Ket,14.94141872,104.3277783,May,0,2017,off_season,5,2017-05-01
ศรีสะเกษ,Si Sa Ket,14.94141872,104.3277783,Jun,0,2017,off_season,6,2017-06-01
ศรีสะเกษ,Si Sa Ket,14.94141872,104.3277783,Jul,0,2017,off_season,7,2017-07-01
ศรีสะเกษ,Si Sa Ket,14.94141872,104.3277783,Aug,0,2017,off_season,8,2017-08-01
ศรีสะเกษ,Si Sa Ket,14.94141872,104.3277783,Sep,0,2017,off_season,9,2017-09-01
ศรีสะเกษ,Si Sa Ket,14.94141872,104.3277783,Oct,0,2017,off_season,10,2017-10-01
ศรีสะเกษ,Si Sa Ket,14.94141872,104.3277783,Nov,657,2017,off_season,11,2017-11-01
ศรีสะเกษ,Si Sa Ket,14.94141872,104.3277783,Dec,23757,2017,off_season,12,2017-12-01
ศรีสะเกษ,Si Sa Ket,14.94141872,104.3277783,Jan,28843,2018,off_season,1,2018-01-01
ศรีสะเกษ,Si Sa Ket,14.94141872,104.3277783,Feb,6149,2018,off_season,2,2018-02-01
ศรีสะเกษ,Si Sa Ket,14.94141872,104.3277783,Mar,657,2018,off_season,3,2018-03-01
ศรีสะเกษ,Si Sa Ket,14.94141872,104.3277783,Apr,0,2018,off_season,4,2018-04-01
ศรีสะเกษ,Si Sa Ket,14.94141872,104.3277783,May,0,2018,off_season,5,2018-05-01
ศรีสะเกษ,Si Sa Ket,14.94141872,104.3277783,Jun,0,2018,off_season,6,2018-06-01
ศรีสะเกษ,Si Sa Ket,14.94141872,104.3277783,Jul,0,2018,off_season,7,2018-07-01
ศรีสะเกษ,Si Sa Ket,14.94141872,104.3277783,Aug,0,2018,off_season,8,2018-08-01
ศรีสะเกษ,Si Sa Ket,14.94141872,104.3277783,Sep,0,2018,off_season,9,2018-09-01
ศรีสะเกษ,Si Sa Ket,14.94141872,104.3277783,Oct,0,2018,off_season,10,2018-10-01
ศรีสะเกษ,Si Sa Ket,14.94141872,104.3277783,Nov,1069,2018,off_season,11,2018-11-01
ศรีสะเกษ,Si Sa Ket,14.94141872,104.3277783,Dec,50344,2018,off_season,12,2018-12-01
ศรีสะเกษ,Si Sa Ket,14.94141872,104.3277783,Jan,24628,2019,off_season,1,2019-01-01
ศรีสะเกษ,Si Sa Ket,14.94141872,104.3277783,Feb,4209,2019,off_season,2,2019-02-01
ศรีสะเกษ,Si Sa Ket,14.94141872,104.3277783,Mar,447,2019,off_season,3,2019-03-01
ศรีสะเกษ,Si Sa Ket,14.94141872,104.3277783,Apr,0,2019,off_season,4,2019-04-01
ศรีสะเกษ,Si Sa Ket,14.94141872,104.3277783,May,0,2019,off_season,5,2019-05-01
ศรีสะเกษ,Si Sa Ket,14.94141872,104.3277783,Jun,0,2019,off_season,6,2019-06-01
ศรีสะเกษ,Si Sa Ket,14.94141872,104.3277783,Jul,0,2019,off_season,7,2019-07-01
ศรีสะเกษ,Si Sa Ket,14.94141872,104.3277783,Aug,0,2019,off_season,8,2019-08-01
ศรีสะเกษ,Si Sa Ket,14.94141872,104.3277783,Sep,0,2019,off_season,9,2019-09-01
ศรีสะเกษ,Si Sa Ket,14.94141872,104.3277783,Oct,0,2019,off_season,10,2019-10-01
ศรีสะเกษ,Si Sa Ket,14.94141872,104.3277783,Nov,2045,2019,off_season,11,2019-11-01
ศรีสะเกษ,Si Sa Ket,14.94141872,104.3277783,Dec,46466,2019,off_season,12,2019-12-01
สิงห์บุรี,Sing Buri,14.88357143,100.3582143,Jan,0,2015,in_season,1,2015-01-01
สิงห์บุรี,Sing Buri,14.88357143,100.3582143,Feb,0,2015,in_season,2,2015-02-01
สิงห์บุรี,Sing Buri,14.88357143,100.3582143,Mar,0,2015,in_season,3,2015-03-01
สิงห์บุรี,Sing Buri,14.88357143,100.3582143,Apr,0,2015,in_season,4,2015-04-01
สิงห์บุรี,Sing Buri,14.88357143,100.3582143,May,54627,2015,in_season,5,2015-05-01
สิงห์บุรี,Sing Buri,14.88357143,100.3582143,Jun,65312,2015,in_season,6,2015-06-01
สิงห์บุรี,Sing Buri,14.88357143,100.3582143,Jul,28193,2015,in_season,7,2015-07-01
สิงห์บุรี,Sing Buri,14.88357143,100.3582143,Aug,66138,2015,in_season,8,2015-08-01
สิงห์บุรี,Sing Buri,14.88357143,100.3582143,Sep,43595,2015,in_season,9,2015-09-01
สิงห์บุรี,Sing Buri,14.88357143,100.3582143,Oct,8607,2015,in_season,10,2015-10-01
สิงห์บุรี,Sing Buri,14.88357143,100.3582143,Nov,0,2015,in_season,11,2015-11-01
สิงห์บุรี,Sing Buri,14.88357143,100.3582143,Dec,0,2015,in_season,12,2015-12-01
สิงห์บุรี,Sing Buri,14.88357143,100.3582143,Jan,0,2016,in_season,1,2016-01-01
สิงห์บุรี,Sing Buri,14.88357143,100.3582143,Feb,0,2016,in_season,2,2016-02-01
สิงห์บุรี,Sing Buri,14.88357143,100.3582143,Mar,0,2016,in_season,3,2016-03-01
สิงห์บุรี,Sing Buri,14.88357143,100.3582143,Apr,0,2016,in_season,4,2016-04-01
สิงห์บุรี,Sing Buri,14.88357143,100.3582143,May,36719,2016,in_season,5,2016-05-01
สิงห์บุรี,Sing Buri,14.88357143,100.3582143,Jun,62206,2016,in_season,6,2016-06-01
สิงห์บุรี,Sing Buri,14.88357143,100.3582143,Jul,41596,2016,in_season,7,2016-07-01
สิงห์บุรี,Sing Buri,14.88357143,100.3582143,Aug,103741,2016,in_season,8,2016-08-01
สิงห์บุรี,Sing Buri,14.88357143,100.3582143,Sep,35529,2016,in_season,9,2016-09-01
สิงห์บุรี,Sing Buri,14.88357143,100.3582143,Oct,7861,2016,in_season,10,2016-10-01
สิงห์บุรี,Sing Buri,14.88357143,100.3582143,Nov,0,2016,in_season,11,2016-11-01
สิงห์บุรี,Sing Buri,14.88357143,100.3582143,Dec,0,2016,in_season,12,2016-12-01
สิงห์บุรี,Sing Buri,14.88357143,100.3582143,Jan,0,2017,in_season,1,2017-01-01
สิงห์บุรี,Sing Buri,14.88357143,100.3582143,Feb,0,2017,in_season,2,2017-02-01
สิงห์บุรี,Sing Buri,14.88357143,100.3582143,Mar,0,2017,in_season,3,2017-03-01
สิงห์บุรี,Sing Buri,14.88357143,100.3582143,Apr,0,2017,in_season,4,2017-04-01
สิงห์บุรี,Sing Buri,14.88357143,100.3582143,May,153356,2017,in_season,5,2017-05-01
สิงห์บุรี,Sing Buri,14.88357143,100.3582143,Jun,75622,2017,in_season,6,2017-06-01
สิงห์บุรี,Sing Buri,14.88357143,100.3582143,Jul,22546,2017,in_season,7,2017-07-01
สิงห์บุรี,Sing Buri,14.88357143,100.3582143,Aug,21263,2017,in_season,8,2017-08-01
สิงห์บุรี,Sing Buri,14.88357143,100.3582143,Sep,35598,2017,in_season,9,2017-09-01
สิงห์บุรี,Sing Buri,14.88357143,100.3582143,Oct,16623,2017,in_season,10,2017-10-01
สิงห์บุรี,Sing Buri,14.88357143,100.3582143,Nov,0,2017,in_season,11,2017-11-01
สิงห์บุรี,Sing Buri,14.88357143,100.3582143,Dec,0,2017,in_season,12,2017-12-01
สิงห์บุรี,Sing Buri,14.88357143,100.3582143,Jan,0,2018,in_season,1,2018-01-01
สิงห์บุรี,Sing Buri,14.88357143,100.3582143,Feb,0,2018,in_season,2,2018-02-01
สิงห์บุรี,Sing Buri,14.88357143,100.3582143,Mar,0,2018,in_season,3,2018-03-01
สิงห์บุรี,Sing Buri,14.88357143,100.3582143,Apr,0,2018,in_season,4,2018-04-01
สิงห์บุรี,Sing Buri,14.88357143,100.3582143,May,181081,2018,in_season,5,2018-05-01
สิงห์บุรี,Sing Buri,14.88357143,100.3582143,Jun,62373,2018,in_season,6,2018-06-01
สิงห์บุรี,Sing Buri,14.88357143,100.3582143,Jul,20145,2018,in_season,7,2018-07-01
สิงห์บุรี,Sing Buri,14.88357143,100.3582143,Aug,21502,2018,in_season,8,2018-08-01
สิงห์บุรี,Sing Buri,14.88357143,100.3582143,Sep,33825,2018,in_season,9,2018-09-01
สิงห์บุรี,Sing Buri,14.88357143,100.3582143,Oct,14443,2018,in_season,10,2018-10-01
สิงห์บุรี,Sing Buri,14.88357143,100.3582143,Nov,0,2018,in_season,11,2018-11-01
สิงห์บุรี,Sing Buri,14.88357143,100.3582143,Dec,0,2018,in_season,12,2018-12-01
สิงห์บุรี,Sing Buri,14.88357143,100.3582143,Jan,0,2019,in_season,1,2019-01-01
สิงห์บุรี,Sing Buri,14.88357143,100.3582143,Feb,0,2019,in_season,2,2019-02-01
สิงห์บุรี,Sing Buri,14.88357143,100.3582143,Mar,0,2019,in_season,3,2019-03-01
สิงห์บุรี,Sing Buri,14.88357143,100.3582143,Apr,0,2019,in_season,4,2019-04-01
สิงห์บุรี,Sing Buri,14.88357143,100.3582143,May,181081,2019,in_season,5,2019-05-01
สิงห์บุรี,Sing Buri,14.88357143,100.3582143,Jun,62373,2019,in_season,6,2019-06-01
สิงห์บุรี,Sing Buri,14.88357143,100.3582143,Jul,20145,2019,in_season,7,2019-07-01
สิงห์บุรี,Sing Buri,14.88357143,100.3582143,Aug,21502,2019,in_season,8,2019-08-01
สิงห์บุรี,Sing Buri,14.88357143,100.3582143,Sep,33825,2019,in_season,9,2019-09-01
สิงห์บุรี,Sing Buri,14.88357143,100.3582143,Oct,14443,2019,in_season,10,2019-10-01
สิงห์บุรี,Sing Buri,14.88357143,100.3582143,Nov,0,2019,in_season,11,2019-11-01
สิงห์บุรี,Sing Buri,14.88357143,100.3582143,Dec,0,2019,in_season,12,2019-12-01
สิงห์บุรี,Sing Buri,14.88357143,100.3582143,Jan,1507,2015,off_season,1,2015-01-01
สิงห์บุรี,Sing Buri,14.88357143,100.3582143,Feb,673,2015,off_season,2,2015-02-01
สิงห์บุรี,Sing Buri,14.88357143,100.3582143,Mar,448,2015,off_season,3,2015-03-01
สิงห์บุรี,Sing Buri,14.88357143,100.3582143,Apr,2860,2015,off_season,4,2015-04-01
สิงห์บุรี,Sing Buri,14.88357143,100.3582143,May,0,2015,off_season,5,2015-05-01
สิงห์บุรี,Sing Buri,14.88357143,100.3582143,Jun,0,2015,off_season,6,2015-06-01
สิงห์บุรี,Sing Buri,14.88357143,100.3582143,Jul,0,2015,off_season,7,2015-07-01
สิงห์บุรี,Sing Buri,14.88357143,100.3582143,Aug,0,2015,off_season,8,2015-08-01
สิงห์บุรี,Sing Buri,14.88357143,100.3582143,Sep,0,2015,off_season,9,2015-09-01
สิงห์บุรี,Sing Buri,14.88357143,100.3582143,Oct,0,2015,off_season,10,2015-10-01
สิงห์บุรี,Sing Buri,14.88357143,100.3582143,Nov,28756,2015,off_season,11,2015-11-01
สิงห์บุรี,Sing Buri,14.88357143,100.3582143,Dec,20871,2015,off_season,12,2015-12-01
สิงห์บุรี,Sing Buri,14.88357143,100.3582143,Jan,2002,2016,off_season,1,2016-01-01
สิงห์บุรี,Sing Buri,14.88357143,100.3582143,Feb,1122,2016,off_season,2,2016-02-01
สิงห์บุรี,Sing Buri,14.88357143,100.3582143,Mar,216,2016,off_season,3,2016-03-01
สิงห์บุรี,Sing Buri,14.88357143,100.3582143,Apr,0,2016,off_season,4,2016-04-01
สิงห์บุรี,Sing Buri,14.88357143,100.3582143,May,0,2016,off_season,5,2016-05-01
สิงห์บุรี,Sing Buri,14.88357143,100.3582143,Jun,0,2016,off_season,6,2016-06-01
สิงห์บุรี,Sing Buri,14.88357143,100.3582143,Jul,0,2016,off_season,7,2016-07-01
สิงห์บุรี,Sing Buri,14.88357143,100.3582143,Aug,0,2016,off_season,8,2016-08-01
สิงห์บุรี,Sing Buri,14.88357143,100.3582143,Sep,0,2016,off_season,9,2016-09-01
สิงห์บุรี,Sing Buri,14.88357143,100.3582143,Oct,0,2016,off_season,10,2016-10-01
สิงห์บุรี,Sing Buri,14.88357143,100.3582143,Nov,16539,2016,off_season,11,2016-11-01
สิงห์บุรี,Sing Buri,14.88357143,100.3582143,Dec,8185,2016,off_season,12,2016-12-01
สิงห์บุรี,Sing Buri,14.88357143,100.3582143,Jan,48901,2017,off_season,1,2017-01-01
สิงห์บุรี,Sing Buri,14.88357143,100.3582143,Feb,7210,2017,off_season,2,2017-02-01
สิงห์บุรี,Sing Buri,14.88357143,100.3582143,Mar,8704,2017,off_season,3,2017-03-01
สิงห์บุรี,Sing Buri,14.88357143,100.3582143,Apr,9876,2017,off_season,4,2017-04-01
สิงห์บุรี,Sing Buri,14.88357143,100.3582143,May,0,2017,off_season,5,2017-05-01
สิงห์บุรี,Sing Buri,14.88357143,100.3582143,Jun,0,2017,off_season,6,2017-06-01
สิงห์บุรี,Sing Buri,14.88357143,100.3582143,Jul,0,2017,off_season,7,2017-07-01
สิงห์บุรี,Sing Buri,14.88357143,100.3582143,Aug,0,2017,off_season,8,2017-08-01
สิงห์บุรี,Sing Buri,14.88357143,100.3582143,Sep,0,2017,off_season,9,2017-09-01
สิงห์บุรี,Sing Buri,14.88357143,100.3582143,Oct,0,2017,off_season,10,2017-10-01
สิงห์บุรี,Sing Buri,14.88357143,100.3582143,Nov,39388,2017,off_season,11,2017-11-01
สิงห์บุรี,Sing Buri,14.88357143,100.3582143,Dec,74273,2017,off_season,12,2017-12-01
สิงห์บุรี,Sing Buri,14.88357143,100.3582143,Jan,37957,2018,off_season,1,2018-01-01
สิงห์บุรี,Sing Buri,14.88357143,100.3582143,Feb,6650,2018,off_season,2,2018-02-01
สิงห์บุรี,Sing Buri,14.88357143,100.3582143,Mar,3591,2018,off_season,3,2018-03-01
สิงห์บุรี,Sing Buri,14.88357143,100.3582143,Apr,2945,2018,off_season,4,2018-04-01
สิงห์บุรี,Sing Buri,14.88357143,100.3582143,May,0,2018,off_season,5,2018-05-01
สิงห์บุรี,Sing Buri,14.88357143,100.3582143,Jun,0,2018,off_season,6,2018-06-01
สิงห์บุรี,Sing Buri,14.88357143,100.3582143,Jul,0,2018,off_season,7,2018-07-01
สิงห์บุรี,Sing Buri,14.88357143,100.3582143,Aug,0,2018,off_season,8,2018-08-01
สิงห์บุรี,Sing Buri,14.88357143,100.3582143,Sep,0,2018,off_season,9,2018-09-01
สิงห์บุรี,Sing Buri,14.88357143,100.3582143,Oct,0,2018,off_season,10,2018-10-01
สิงห์บุรี,Sing Buri,14.88357143,100.3582143,Nov,94831,2018,off_season,11,2018-11-01
สิงห์บุรี,Sing Buri,14.88357143,100.3582143,Dec,117566,2018,off_season,12,2018-12-01
สิงห์บุรี,Sing Buri,14.88357143,100.3582143,Jan,47512,2019,off_season,1,2019-01-01
สิงห์บุรี,Sing Buri,14.88357143,100.3582143,Feb,11915,2019,off_season,2,2019-02-01
สิงห์บุรี,Sing Buri,14.88357143,100.3582143,Mar,5036,2019,off_season,3,2019-03-01
สิงห์บุรี,Sing Buri,14.88357143,100.3582143,Apr,8840,2019,off_season,4,2019-04-01
สิงห์บุรี,Sing Buri,14.88357143,100.3582143,May,0,2019,off_season,5,2019-05-01
สิงห์บุรี,Sing Buri,14.88357143,100.3582143,Jun,0,2019,off_season,6,2019-06-01
สิงห์บุรี,Sing Buri,14.88357143,100.3582143,Jul,0,2019,off_season,7,2019-07-01
สิงห์บุรี,Sing Buri,14.88357143,100.3582143,Aug,0,2019,off_season,8,2019-08-01
สิงห์บุรี,Sing Buri,14.88357143,100.3582143,Sep,0,2019,off_season,9,2019-09-01
สิงห์บุรี,Sing Buri,14.88357143,100.3582143,Oct,0,2019,off_season,10,2019-10-01
สิงห์บุรี,Sing Buri,14.88357143,100.3582143,Nov,54466,2019,off_season,11,2019-11-01
สิงห์บุรี,Sing Buri,14.88357143,100.3582143,Dec,125783,2019,off_season,12,2019-12-01
สงขลา,Songkhla,7.117804348,100.5218768,Jan,24705,2015,in_season,1,2015-01-01
สงขลา,Songkhla,7.117804348,100.5218768,Feb,0,2015,in_season,2,2015-02-01
สงขลา,Songkhla,7.117804348,100.5218768,Mar,0,2015,in_season,3,2015-03-01
สงขลา,Songkhla,7.117804348,100.5218768,Apr,0,2015,in_season,4,2015-04-01
สงขลา,Songkhla,7.117804348,100.5218768,May,0,2015,in_season,5,2015-05-01
สงขลา,Songkhla,7.117804348,100.5218768,Jun,0,2015,in_season,6,2015-06-01
สงขลา,Songkhla,7.117804348,100.5218768,Jul,602,2015,in_season,7,2015-07-01
สงขลา,Songkhla,7.117804348,100.5218768,Aug,13968,2015,in_season,8,2015-08-01
สงขลา,Songkhla,7.117804348,100.5218768,Sep,30063,2015,in_season,9,2015-09-01
สงขลา,Songkhla,7.117804348,100.5218768,Oct,38291,2015,in_season,10,2015-10-01
สงขลา,Songkhla,7.117804348,100.5218768,Nov,12984,2015,in_season,11,2015-11-01
สงขลา,Songkhla,7.117804348,100.5218768,Dec,80075,2015,in_season,12,2015-12-01
สงขลา,Songkhla,7.117804348,100.5218768,Jan,31561,2016,in_season,1,2016-01-01
สงขลา,Songkhla,7.117804348,100.5218768,Feb,6810,2016,in_season,2,2016-02-01
สงขลา,Songkhla,7.117804348,100.5218768,Mar,0,2016,in_season,3,2016-03-01
สงขลา,Songkhla,7.117804348,100.5218768,Apr,0,2016,in_season,4,2016-04-01
สงขลา,Songkhla,7.117804348,100.5218768,May,0,2016,in_season,5,2016-05-01
สงขลา,Songkhla,7.117804348,100.5218768,Jun,877,2016,in_season,6,2016-06-01
สงขลา,Songkhla,7.117804348,100.5218768,Jul,365,2016,in_season,7,2016-07-01
สงขลา,Songkhla,7.117804348,100.5218768,Aug,5934,2016,in_season,8,2016-08-01
สงขลา,Songkhla,7.117804348,100.5218768,Sep,20853,2016,in_season,9,2016-09-01
สงขลา,Songkhla,7.117804348,100.5218768,Oct,54162,2016,in_season,10,2016-10-01
สงขลา,Songkhla,7.117804348,100.5218768,Nov,37084,2016,in_season,11,2016-11-01
สงขลา,Songkhla,7.117804348,100.5218768,Dec,32596,2016,in_season,12,2016-12-01
สงขลา,Songkhla,7.117804348,100.5218768,Jan,83112,2017,in_season,1,2017-01-01
สงขลา,Songkhla,7.117804348,100.5218768,Feb,4854,2017,in_season,2,2017-02-01
สงขลา,Songkhla,7.117804348,100.5218768,Mar,0,2017,in_season,3,2017-03-01
สงขลา,Songkhla,7.117804348,100.5218768,Apr,0,2017,in_season,4,2017-04-01
สงขลา,Songkhla,7.117804348,100.5218768,May,0,2017,in_season,5,2017-05-01
สงขลา,Songkhla,7.117804348,100.5218768,Jun,0,2017,in_season,6,2017-06-01
สงขลา,Songkhla,7.117804348,100.5218768,Jul,448,2017,in_season,7,2017-07-01
สงขลา,Songkhla,7.117804348,100.5218768,Aug,4107,2017,in_season,8,2017-08-01
สงขลา,Songkhla,7.117804348,100.5218768,Sep,29485,2017,in_season,9,2017-09-01
สงขลา,Songkhla,7.117804348,100.5218768,Oct,51280,2017,in_season,10,2017-10-01
สงขลา,Songkhla,7.117804348,100.5218768,Nov,22920,2017,in_season,11,2017-11-01
สงขลา,Songkhla,7.117804348,100.5218768,Dec,13898,2017,in_season,12,2017-12-01
สงขลา,Songkhla,7.117804348,100.5218768,Jan,84202,2018,in_season,1,2018-01-01
สงขลา,Songkhla,7.117804348,100.5218768,Feb,458,2018,in_season,2,2018-02-01
สงขลา,Songkhla,7.117804348,100.5218768,Mar,0,2018,in_season,3,2018-03-01
สงขลา,Songkhla,7.117804348,100.5218768,Apr,0,2018,in_season,4,2018-04-01
สงขลา,Songkhla,7.117804348,100.5218768,May,0,2018,in_season,5,2018-05-01
สงขลา,Songkhla,7.117804348,100.5218768,Jun,0,2018,in_season,6,2018-06-01
สงขลา,Songkhla,7.117804348,100.5218768,Jul,489,2018,in_season,7,2018-07-01
สงขลา,Songkhla,7.117804348,100.5218768,Aug,3239,2018,in_season,8,2018-08-01
สงขลา,Songkhla,7.117804348,100.5218768,Sep,41107,2018,in_season,9,2018-09-01
สงขลา,Songkhla,7.117804348,100.5218768,Oct,44854,2018,in_season,10,2018-10-01
สงขลา,Songkhla,7.117804348,100.5218768,Nov,14920,2018,in_season,11,2018-11-01
สงขลา,Songkhla,7.117804348,100.5218768,Dec,12673,2018,in_season,12,2018-12-01
สงขลา,Songkhla,7.117804348,100.5218768,Jan,84202,2019,in_season,1,2019-01-01
สงขลา,Songkhla,7.117804348,100.5218768,Feb,458,2019,in_season,2,2019-02-01
สงขลา,Songkhla,7.117804348,100.5218768,Mar,0,2019,in_season,3,2019-03-01
สงขลา,Songkhla,7.117804348,100.5218768,Apr,0,2019,in_season,4,2019-04-01
สงขลา,Songkhla,7.117804348,100.5218768,May,0,2019,in_season,5,2019-05-01
สงขลา,Songkhla,7.117804348,100.5218768,Jun,0,2019,in_season,6,2019-06-01
สงขลา,Songkhla,7.117804348,100.5218768,Jul,489,2019,in_season,7,2019-07-01
สงขลา,Songkhla,7.117804348,100.5218768,Aug,3239,2019,in_season,8,2019-08-01
สงขลา,Songkhla,7.117804348,100.5218768,Sep,41107,2019,in_season,9,2019-09-01
สงขลา,Songkhla,7.117804348,100.5218768,Oct,44854,2019,in_season,10,2019-10-01
สงขลา,Songkhla,7.117804348,100.5218768,Nov,14920,2019,in_season,11,2019-11-01
สงขลา,Songkhla,7.117804348,100.5218768,Dec,12673,2019,in_season,12,2019-12-01
สงขลา,Songkhla,7.117804348,100.5218768,Jan,0,2015,off_season,1,2015-01-01
สงขลา,Songkhla,7.117804348,100.5218768,Feb,0,2015,off_season,2,2015-02-01
สงขลา,Songkhla,7.117804348,100.5218768,Mar,2268,2015,off_season,3,2015-03-01
สงขลา,Songkhla,7.117804348,100.5218768,Apr,16512,2015,off_season,4,2015-04-01
สงขลา,Songkhla,7.117804348,100.5218768,May,34213,2015,off_season,5,2015-05-01
สงขลา,Songkhla,7.117804348,100.5218768,Jun,39910,2015,off_season,6,2015-06-01
สงขลา,Songkhla,7.117804348,100.5218768,Jul,0,2015,off_season,7,2015-07-01
สงขลา,Songkhla,7.117804348,100.5218768,Aug,0,2015,off_season,8,2015-08-01
สงขลา,Songkhla,7.117804348,100.5218768,Sep,0,2015,off_season,9,2015-09-01
สงขลา,Songkhla,7.117804348,100.5218768,Oct,0,2015,off_season,10,2015-10-01
สงขลา,Songkhla,7.117804348,100.5218768,Nov,0,2015,off_season,11,2015-11-01
สงขลา,Songkhla,7.117804348,100.5218768,Dec,0,2015,off_season,12,2015-12-01
สงขลา,Songkhla,7.117804348,100.5218768,Jan,0,2016,off_season,1,2016-01-01
สงขลา,Songkhla,7.117804348,100.5218768,Feb,0,2016,off_season,2,2016-02-01
สงขลา,Songkhla,7.117804348,100.5218768,Mar,3238,2016,off_season,3,2016-03-01
สงขลา,Songkhla,7.117804348,100.5218768,Apr,6134,2016,off_season,4,2016-04-01
สงขลา,Songkhla,7.117804348,100.5218768,May,8110,2016,off_season,5,2016-05-01
สงขลา,Songkhla,7.117804348,100.5218768,Jun,28424,2016,off_season,6,2016-06-01
สงขลา,Songkhla,7.117804348,100.5218768,Jul,0,2016,off_season,7,2016-07-01
สงขลา,Songkhla,7.117804348,100.5218768,Aug,0,2016,off_season,8,2016-08-01
สงขลา,Songkhla,7.117804348,100.5218768,Sep,0,2016,off_season,9,2016-09-01
สงขลา,Songkhla,7.117804348,100.5218768,Oct,0,2016,off_season,10,2016-10-01
สงขลา,Songkhla,7.117804348,100.5218768,Nov,0,2016,off_season,11,2016-11-01
สงขลา,Songkhla,7.117804348,100.5218768,Dec,0,2016,off_season,12,2016-12-01
สงขลา,Songkhla,7.117804348,100.5218768,Jan,0,2017,off_season,1,2017-01-01
สงขลา,Songkhla,7.117804348,100.5218768,Feb,0,2017,off_season,2,2017-02-01
สงขลา,Songkhla,7.117804348,100.5218768,Mar,2321,2017,off_season,3,2017-03-01
สงขลา,Songkhla,7.117804348,100.5218768,Apr,11331,2017,off_season,4,2017-04-01
สงขลา,Songkhla,7.117804348,100.5218768,May,16698,2017,off_season,5,2017-05-01
สงขลา,Songkhla,7.117804348,100.5218768,Jun,29383,2017,off_season,6,2017-06-01
สงขลา,Songkhla,7.117804348,100.5218768,Jul,0,2017,off_season,7,2017-07-01
สงขลา,Songkhla,7.117804348,100.5218768,Aug,0,2017,off_season,8,2017-08-01
สงขลา,Songkhla,7.117804348,100.5218768,Sep,0,2017,off_season,9,2017-09-01
สงขลา,Songkhla,7.117804348,100.5218768,Oct,0,2017,off_season,10,2017-10-01
สงขลา,Songkhla,7.117804348,100.5218768,Nov,0,2017,off_season,11,2017-11-01
สงขลา,Songkhla,7.117804348,100.5218768,Dec,0,2017,off_season,12,2017-12-01
สงขลา,Songkhla,7.117804348,100.5218768,Jan,0,2018,off_season,1,2018-01-01
สงขลา,Songkhla,7.117804348,100.5218768,Feb,0,2018,off_season,2,2018-02-01
สงขลา,Songkhla,7.117804348,100.5218768,Mar,2285,2018,off_season,3,2018-03-01
สงขลา,Songkhla,7.117804348,100.5218768,Apr,7215,2018,off_season,4,2018-04-01
สงขลา,Songkhla,7.117804348,100.5218768,May,10539,2018,off_season,5,2018-05-01
สงขลา,Songkhla,7.117804348,100.5218768,Jun,24241,2018,off_season,6,2018-06-01
สงขลา,Songkhla,7.117804348,100.5218768,Jul,0,2018,off_season,7,2018-07-01
สงขลา,Songkhla,7.117804348,100.5218768,Aug,0,2018,off_season,8,2018-08-01
สงขลา,Songkhla,7.117804348,100.5218768,Sep,0,2018,off_season,9,2018-09-01
สงขลา,Songkhla,7.117804348,100.5218768,Oct,0,2018,off_season,10,2018-10-01
สงขลา,Songkhla,7.117804348,100.5218768,Nov,0,2018,off_season,11,2018-11-01
สงขลา,Songkhla,7.117804348,100.5218768,Dec,0,2018,off_season,12,2018-12-01
สงขลา,Songkhla,7.117804348,100.5218768,Jan,0,2019,off_season,1,2019-01-01
สงขลา,Songkhla,7.117804348,100.5218768,Feb,0,2019,off_season,2,2019-02-01
สงขลา,Songkhla,7.117804348,100.5218768,Mar,2280,2019,off_season,3,2019-03-01
สงขลา,Songkhla,7.117804348,100.5218768,Apr,6691,2019,off_season,4,2019-04-01
สงขลา,Songkhla,7.117804348,100.5218768,May,7944,2019,off_season,5,2019-05-01
สงขลา,Songkhla,7.117804348,100.5218768,Jun,30417,2019,off_season,6,2019-06-01
สงขลา,Songkhla,7.117804348,100.5218768,Jul,0,2019,off_season,7,2019-07-01
สงขลา,Songkhla,7.117804348,100.5218768,Aug,0,2019,off_season,8,2019-08-01
สงขลา,Songkhla,7.117804348,100.5218768,Sep,0,2019,off_season,9,2019-09-01
สงขลา,Songkhla,7.117804348,100.5218768,Oct,0,2019,off_season,10,2019-10-01
สงขลา,Songkhla,7.117804348,100.5218768,Nov,0,2019,off_season,11,2019-11-01
สงขลา,Songkhla,7.117804348,100.5218768,Dec,0,2019,off_season,12,2019-12-01
สุโขทัย,Sukhothai,17.1496,99.79715294,Jan,0,2015,in_season,1,2015-01-01
สุโขทัย,Sukhothai,17.1496,99.79715294,Feb,0,2015,in_season,2,2015-02-01
สุโขทัย,Sukhothai,17.1496,99.79715294,Mar,0,2015,in_season,3,2015-03-01
สุโขทัย,Sukhothai,17.1496,99.79715294,Apr,0,2015,in_season,4,2015-04-01
สุโขทัย,Sukhothai,17.1496,99.79715294,May,67380,2015,in_season,5,2015-05-01
สุโขทัย,Sukhothai,17.1496,99.79715294,Jun,83427,2015,in_season,6,2015-06-01
สุโขทัย,Sukhothai,17.1496,99.79715294,Jul,199512,2015,in_season,7,2015-07-01
สุโขทัย,Sukhothai,17.1496,99.79715294,Aug,330142,2015,in_season,8,2015-08-01
สุโขทัย,Sukhothai,17.1496,99.79715294,Sep,129880,2015,in_season,9,2015-09-01
สุโขทัย,Sukhothai,17.1496,99.79715294,Oct,128097,2015,in_season,10,2015-10-01
สุโขทัย,Sukhothai,17.1496,99.79715294,Nov,0,2015,in_season,11,2015-11-01
สุโขทัย,Sukhothai,17.1496,99.79715294,Dec,0,2015,in_season,12,2015-12-01
สุโขทัย,Sukhothai,17.1496,99.79715294,Jan,0,2016,in_season,1,2016-01-01
สุโขทัย,Sukhothai,17.1496,99.79715294,Feb,0,2016,in_season,2,2016-02-01
สุโขทัย,Sukhothai,17.1496,99.79715294,Mar,0,2016,in_season,3,2016-03-01
สุโขทัย,Sukhothai,17.1496,99.79715294,Apr,0,2016,in_season,4,2016-04-01
สุโขทัย,Sukhothai,17.1496,99.79715294,May,82892,2016,in_season,5,2016-05-01
สุโขทัย,Sukhothai,17.1496,99.79715294,Jun,198425,2016,in_season,6,2016-06-01
สุโขทัย,Sukhothai,17.1496,99.79715294,Jul,358886,2016,in_season,7,2016-07-01
สุโขทัย,Sukhothai,17.1496,99.79715294,Aug,185715,2016,in_season,8,2016-08-01
สุโขทัย,Sukhothai,17.1496,99.79715294,Sep,115582,2016,in_season,9,2016-09-01
สุโขทัย,Sukhothai,17.1496,99.79715294,Oct,19384,2016,in_season,10,2016-10-01
สุโขทัย,Sukhothai,17.1496,99.79715294,Nov,0,2016,in_season,11,2016-11-01
สุโขทัย,Sukhothai,17.1496,99.79715294,Dec,0,2016,in_season,12,2016-12-01
สุโขทัย,Sukhothai,17.1496,99.79715294,Jan,0,2017,in_season,1,2017-01-01
สุโขทัย,Sukhothai,17.1496,99.79715294,Feb,0,2017,in_season,2,2017-02-01
สุโขทัย,Sukhothai,17.1496,99.79715294,Mar,0,2017,in_season,3,2017-03-01
สุโขทัย,Sukhothai,17.1496,99.79715294,Apr,0,2017,in_season,4,2017-04-01
สุโขทัย,Sukhothai,17.1496,99.79715294,May,344479,2017,in_season,5,2017-05-01
สุโขทัย,Sukhothai,17.1496,99.79715294,Jun,253136,2017,in_season,6,2017-06-01
สุโขทัย,Sukhothai,17.1496,99.79715294,Jul,206425,2017,in_season,7,2017-07-01
สุโขทัย,Sukhothai,17.1496,99.79715294,Aug,108222,2017,in_season,8,2017-08-01
สุโขทัย,Sukhothai,17.1496,99.79715294,Sep,110408,2017,in_season,9,2017-09-01
สุโขทัย,Sukhothai,17.1496,99.79715294,Oct,12078,2017,in_season,10,2017-10-01
สุโขทัย,Sukhothai,17.1496,99.79715294,Nov,0,2017,in_season,11,2017-11-01
สุโขทัย,Sukhothai,17.1496,99.79715294,Dec,0,2017,in_season,12,2017-12-01
สุโขทัย,Sukhothai,17.1496,99.79715294,Jan,0,2018,in_season,1,2018-01-01
สุโขทัย,Sukhothai,17.1496,99.79715294,Feb,0,2018,in_season,2,2018-02-01
สุโขทัย,Sukhothai,17.1496,99.79715294,Mar,0,2018,in_season,3,2018-03-01
สุโขทัย,Sukhothai,17.1496,99.79715294,Apr,0,2018,in_season,4,2018-04-01
สุโขทัย,Sukhothai,17.1496,99.79715294,May,324605,2018,in_season,5,2018-05-01
สุโขทัย,Sukhothai,17.1496,99.79715294,Jun,247643,2018,in_season,6,2018-06-01
สุโขทัย,Sukhothai,17.1496,99.79715294,Jul,222387,2018,in_season,7,2018-07-01
สุโขทัย,Sukhothai,17.1496,99.79715294,Aug,135051,2018,in_season,8,2018-08-01
สุโขทัย,Sukhothai,17.1496,99.79715294,Sep,95282,2018,in_season,9,2018-09-01
สุโขทัย,Sukhothai,17.1496,99.79715294,Oct,27087,2018,in_season,10,2018-10-01
สุโขทัย,Sukhothai,17.1496,99.79715294,Nov,0,2018,in_season,11,2018-11-01
สุโขทัย,Sukhothai,17.1496,99.79715294,Dec,0,2018,in_season,12,2018-12-01
สุโขทัย,Sukhothai,17.1496,99.79715294,Jan,0,2019,in_season,1,2019-01-01
สุโขทัย,Sukhothai,17.1496,99.79715294,Feb,0,2019,in_season,2,2019-02-01
สุโขทัย,Sukhothai,17.1496,99.79715294,Mar,0,2019,in_season,3,2019-03-01
สุโขทัย,Sukhothai,17.1496,99.79715294,Apr,0,2019,in_season,4,2019-04-01
สุโขทัย,Sukhothai,17.1496,99.79715294,May,324605,2019,in_season,5,2019-05-01
สุโขทัย,Sukhothai,17.1496,99.79715294,Jun,247643,2019,in_season,6,2019-06-01
สุโขทัย,Sukhothai,17.1496,99.79715294,Jul,222387,2019,in_season,7,2019-07-01
สุโขทัย,Sukhothai,17.1496,99.79715294,Aug,135051,2019,in_season,8,2019-08-01
สุโขทัย,Sukhothai,17.1496,99.79715294,Sep,95282,2019,in_season,9,2019-09-01
สุโขทัย,Sukhothai,17.1496,99.79715294,Oct,27087,2019,in_season,10,2019-10-01
สุโขทัย,Sukhothai,17.1496,99.79715294,Nov,0,2019,in_season,11,2019-11-01
สุโขทัย,Sukhothai,17.1496,99.79715294,Dec,0,2019,in_season,12,2019-12-01
สุโขทัย,Sukhothai,17.1496,99.79715294,Jan,82666,2015,off_season,1,2015-01-01
สุโขทัย,Sukhothai,17.1496,99.79715294,Feb,8801,2015,off_season,2,2015-02-01
สุโขทัย,Sukhothai,17.1496,99.79715294,Mar,11079,2015,off_season,3,2015-03-01
สุโขทัย,Sukhothai,17.1496,99.79715294,Apr,5709,2015,off_season,4,2015-04-01
สุโขทัย,Sukhothai,17.1496,99.79715294,May,0,2015,off_season,5,2015-05-01
สุโขทัย,Sukhothai,17.1496,99.79715294,Jun,0,2015,off_season,6,2015-06-01
สุโขทัย,Sukhothai,17.1496,99.79715294,Jul,0,2015,off_season,7,2015-07-01
สุโขทัย,Sukhothai,17.1496,99.79715294,Aug,0,2015,off_season,8,2015-08-01
สุโขทัย,Sukhothai,17.1496,99.79715294,Sep,0,2015,off_season,9,2015-09-01
สุโขทัย,Sukhothai,17.1496,99.79715294,Oct,0,2015,off_season,10,2015-10-01
สุโขทัย,Sukhothai,17.1496,99.79715294,Nov,131788,2015,off_season,11,2015-11-01
สุโขทัย,Sukhothai,17.1496,99.79715294,Dec,234677,2015,off_season,12,2015-12-01
สุโขทัย,Sukhothai,17.1496,99.79715294,Jan,37799,2016,off_season,1,2016-01-01
สุโขทัย,Sukhothai,17.1496,99.79715294,Feb,7687,2016,off_season,2,2016-02-01
สุโขทัย,Sukhothai,17.1496,99.79715294,Mar,2756,2016,off_season,3,2016-03-01
สุโขทัย,Sukhothai,17.1496,99.79715294,Apr,669,2016,off_season,4,2016-04-01
สุโขทัย,Sukhothai,17.1496,99.79715294,May,0,2016,off_season,5,2016-05-01
สุโขทัย,Sukhothai,17.1496,99.79715294,Jun,0,2016,off_season,6,2016-06-01
สุโขทัย,Sukhothai,17.1496,99.79715294,Jul,0,2016,off_season,7,2016-07-01
สุโขทัย,Sukhothai,17.1496,99.79715294,Aug,0,2016,off_season,8,2016-08-01
สุโขทัย,Sukhothai,17.1496,99.79715294,Sep,0,2016,off_season,9,2016-09-01
สุโขทัย,Sukhothai,17.1496,99.79715294,Oct,0,2016,off_season,10,2016-10-01
สุโขทัย,Sukhothai,17.1496,99.79715294,Nov,100746,2016,off_season,11,2016-11-01
สุโขทัย,Sukhothai,17.1496,99.79715294,Dec,65009,2016,off_season,12,2016-12-01
สุโขทัย,Sukhothai,17.1496,99.79715294,Jan,115281,2017,off_season,1,2017-01-01
สุโขทัย,Sukhothai,17.1496,99.79715294,Feb,16295,2017,off_season,2,2017-02-01
สุโขทัย,Sukhothai,17.1496,99.79715294,Mar,19842,2017,off_season,3,2017-03-01
สุโขทัย,Sukhothai,17.1496,99.79715294,Apr,10952,2017,off_season,4,2017-04-01
สุโขทัย,Sukhothai,17.1496,99.79715294,May,0,2017,off_season,5,2017-05-01
สุโขทัย,Sukhothai,17.1496,99.79715294,Jun,0,2017,off_season,6,2017-06-01
สุโขทัย,Sukhothai,17.1496,99.79715294,Jul,0,2017,off_season,7,2017-07-01
สุโขทัย,Sukhothai,17.1496,99.79715294,Aug,0,2017,off_season,8,2017-08-01
สุโขทัย,Sukhothai,17.1496,99.79715294,Sep,0,2017,off_season,9,2017-09-01
สุโขทัย,Sukhothai,17.1496,99.79715294,Oct,0,2017,off_season,10,2017-10-01
สุโขทัย,Sukhothai,17.1496,99.79715294,Nov,204099,2017,off_season,11,2017-11-01
สุโขทัย,Sukhothai,17.1496,99.79715294,Dec,193387,2017,off_season,12,2017-12-01
สุโขทัย,Sukhothai,17.1496,99.79715294,Jan,133558,2018,off_season,1,2018-01-01
สุโขทัย,Sukhothai,17.1496,99.79715294,Feb,10502,2018,off_season,2,2018-02-01
สุโขทัย,Sukhothai,17.1496,99.79715294,Mar,20150,2018,off_season,3,2018-03-01
สุโขทัย,Sukhothai,17.1496,99.79715294,Apr,8657,2018,off_season,4,2018-04-01
สุโขทัย,Sukhothai,17.1496,99.79715294,May,0,2018,off_season,5,2018-05-01
สุโขทัย,Sukhothai,17.1496,99.79715294,Jun,0,2018,off_season,6,2018-06-01
สุโขทัย,Sukhothai,17.1496,99.79715294,Jul,0,2018,off_season,7,2018-07-01
สุโขทัย,Sukhothai,17.1496,99.79715294,Aug,0,2018,off_season,8,2018-08-01
สุโขทัย,Sukhothai,17.1496,99.79715294,Sep,0,2018,off_season,9,2018-09-01
สุโขทัย,Sukhothai,17.1496,99.79715294,Oct,0,2018,off_season,10,2018-10-01
สุโขทัย,Sukhothai,17.1496,99.79715294,Nov,180575,2018,off_season,11,2018-11-01
สุโขทัย,Sukhothai,17.1496,99.79715294,Dec,232696,2018,off_season,12,2018-12-01
สุโขทัย,Sukhothai,17.1496,99.79715294,Jan,78189,2019,off_season,1,2019-01-01
สุโขทัย,Sukhothai,17.1496,99.79715294,Feb,7865,2019,off_season,2,2019-02-01
สุโขทัย,Sukhothai,17.1496,99.79715294,Mar,14576,2019,off_season,3,2019-03-01
สุโขทัย,Sukhothai,17.1496,99.79715294,Apr,5334,2019,off_season,4,2019-04-01
สุโขทัย,Sukhothai,17.1496,99.79715294,May,0,2019,off_season,5,2019-05-01
สุโขทัย,Sukhothai,17.1496,99.79715294,Jun,0,2019,off_season,6,2019-06-01
สุโขทัย,Sukhothai,17.1496,99.79715294,Jul,0,2019,off_season,7,2019-07-01
สุโขทัย,Sukhothai,17.1496,99.79715294,Aug,0,2019,off_season,8,2019-08-01
สุโขทัย,Sukhothai,17.1496,99.79715294,Sep,0,2019,off_season,9,2019-09-01
สุโขทัย,Sukhothai,17.1496,99.79715294,Oct,0,2019,off_season,10,2019-10-01
สุโขทัย,Sukhothai,17.1496,99.79715294,Nov,156928,2019,off_season,11,2019-11-01
สุโขทัย,Sukhothai,17.1496,99.79715294,Dec,180393,2019,off_season,12,2019-12-01
สุพรรณบุรี,Suphan Buri,14.53585185,100.015287,Jan,0,2015,in_season,1,2015-01-01
สุพรรณบุรี,Suphan Buri,14.53585185,100.015287,Feb,0,2015,in_season,2,2015-02-01
สุพรรณบุรี,Suphan Buri,14.53585185,100.015287,Mar,0,2015,in_season,3,2015-03-01
สุพรรณบุรี,Suphan Buri,14.53585185,100.015287,Apr,0,2015,in_season,4,2015-04-01
สุพรรณบุรี,Suphan Buri,14.53585185,100.015287,May,437316,2015,in_season,5,2015-05-01
สุพรรณบุรี,Suphan Buri,14.53585185,100.015287,Jun,153669,2015,in_season,6,2015-06-01
สุพรรณบุรี,Suphan Buri,14.53585185,100.015287,Jul,109165,2015,in_season,7,2015-07-01
สุพรรณบุรี,Suphan Buri,14.53585185,100.015287,Aug,363361,2015,in_season,8,2015-08-01
สุพรรณบุรี,Suphan Buri,14.53585185,100.015287,Sep,179325,2015,in_season,9,2015-09-01
สุพรรณบุรี,Suphan Buri,14.53585185,100.015287,Oct,66102,2015,in_season,10,2015-10-01
สุพรรณบุรี,Suphan Buri,14.53585185,100.015287,Nov,0,2015,in_season,11,2015-11-01
สุพรรณบุรี,Suphan Buri,14.53585185,100.015287,Dec,0,2015,in_season,12,2015-12-01
สุพรรณบุรี,Suphan Buri,14.53585185,100.015287,Jan,0,2016,in_season,1,2016-01-01
สุพรรณบุรี,Suphan Buri,14.53585185,100.015287,Feb,0,2016,in_season,2,2016-02-01
สุพรรณบุรี,Suphan Buri,14.53585185,100.015287,Mar,0,2016,in_season,3,2016-03-01
สุพรรณบุรี,Suphan Buri,14.53585185,100.015287,Apr,0,2016,in_season,4,2016-04-01
สุพรรณบุรี,Suphan Buri,14.53585185,100.015287,May,186055,2016,in_season,5,2016-05-01
สุพรรณบุรี,Suphan Buri,14.53585185,100.015287,Jun,251645,2016,in_season,6,2016-06-01
สุพรรณบุรี,Suphan Buri,14.53585185,100.015287,Jul,391653,2016,in_season,7,2016-07-01
สุพรรณบุรี,Suphan Buri,14.53585185,100.015287,Aug,265938,2016,in_season,8,2016-08-01
สุพรรณบุรี,Suphan Buri,14.53585185,100.015287,Sep,78597,2016,in_season,9,2016-09-01
สุพรรณบุรี,Suphan Buri,14.53585185,100.015287,Oct,29044,2016,in_season,10,2016-10-01
สุพรรณบุรี,Suphan Buri,14.53585185,100.015287,Nov,0,2016,in_season,11,2016-11-01
สุพรรณบุรี,Suphan Buri,14.53585185,100.015287,Dec,0,2016,in_season,12,2016-12-01
สุพรรณบุรี,Suphan Buri,14.53585185,100.015287,Jan,0,2017,in_season,1,2017-01-01
สุพรรณบุรี,Suphan Buri,14.53585185,100.015287,Feb,0,2017,in_season,2,2017-02-01
สุพรรณบุรี,Suphan Buri,14.53585185,100.015287,Mar,0,2017,in_season,3,2017-03-01
สุพรรณบุรี,Suphan Buri,14.53585185,100.015287,Apr,0,2017,in_season,4,2017-04-01
สุพรรณบุรี,Suphan Buri,14.53585185,100.015287,May,534743,2017,in_season,5,2017-05-01
สุพรรณบุรี,Suphan Buri,14.53585185,100.015287,Jun,225741,2017,in_season,6,2017-06-01
สุพรรณบุรี,Suphan Buri,14.53585185,100.015287,Jul,155489,2017,in_season,7,2017-07-01
สุพรรณบุรี,Suphan Buri,14.53585185,100.015287,Aug,112913,2017,in_season,8,2017-08-01
สุพรรณบุรี,Suphan Buri,14.53585185,100.015287,Sep,120070,2017,in_season,9,2017-09-01
สุพรรณบุรี,Suphan Buri,14.53585185,100.015287,Oct,89453,2017,in_season,10,2017-10-01
สุพรรณบุรี,Suphan Buri,14.53585185,100.015287,Nov,0,2017,in_season,11,2017-11-01
สุพรรณบุรี,Suphan Buri,14.53585185,100.015287,Dec,0,2017,in_season,12,2017-12-01
สุพรรณบุรี,Suphan Buri,14.53585185,100.015287,Jan,0,2018,in_season,1,2018-01-01
สุพรรณบุรี,Suphan Buri,14.53585185,100.015287,Feb,0,2018,in_season,2,2018-02-01
สุพรรณบุรี,Suphan Buri,14.53585185,100.015287,Mar,0,2018,in_season,3,2018-03-01
สุพรรณบุรี,Suphan Buri,14.53585185,100.015287,Apr,0,2018,in_season,4,2018-04-01
สุพรรณบุรี,Suphan Buri,14.53585185,100.015287,May,580932,2018,in_season,5,2018-05-01
สุพรรณบุรี,Suphan Buri,14.53585185,100.015287,Jun,127592,2018,in_season,6,2018-06-01
สุพรรณบุรี,Suphan Buri,14.53585185,100.015287,Jul,65560,2018,in_season,7,2018-07-01
สุพรรณบุรี,Suphan Buri,14.53585185,100.015287,Aug,254168,2018,in_season,8,2018-08-01
สุพรรณบุรี,Suphan Buri,14.53585185,100.015287,Sep,129938,2018,in_season,9,2018-09-01
สุพรรณบุรี,Suphan Buri,14.53585185,100.015287,Oct,40462,2018,in_season,10,2018-10-01
สุพรรณบุรี,Suphan Buri,14.53585185,100.015287,Nov,0,2018,in_season,11,2018-11-01
สุพรรณบุรี,Suphan Buri,14.53585185,100.015287,Dec,0,2018,in_season,12,2018-12-01
สุพรรณบุรี,Suphan Buri,14.53585185,100.015287,Jan,0,2019,in_season,1,2019-01-01
สุพรรณบุรี,Suphan Buri,14.53585185,100.015287,Feb,0,2019,in_season,2,2019-02-01
สุพรรณบุรี,Suphan Buri,14.53585185,100.015287,Mar,0,2019,in_season,3,2019-03-01
สุพรรณบุรี,Suphan Buri,14.53585185,100.015287,Apr,0,2019,in_season,4,2019-04-01
สุพรรณบุรี,Suphan Buri,14.53585185,100.015287,May,580932,2019,in_season,5,2019-05-01
สุพรรณบุรี,Suphan Buri,14.53585185,100.015287,Jun,127592,2019,in_season,6,2019-06-01
สุพรรณบุรี,Suphan Buri,14.53585185,100.015287,Jul,65560,2019,in_season,7,2019-07-01
สุพรรณบุรี,Suphan Buri,14.53585185,100.015287,Aug,254168,2019,in_season,8,2019-08-01
สุพรรณบุรี,Suphan Buri,14.53585185,100.015287,Sep,129938,2019,in_season,9,2019-09-01
สุพรรณบุรี,Suphan Buri,14.53585185,100.015287,Oct,40462,2019,in_season,10,2019-10-01
สุพรรณบุรี,Suphan Buri,14.53585185,100.015287,Nov,0,2019,in_season,11,2019-11-01
สุพรรณบุรี,Suphan Buri,14.53585185,100.015287,Dec,0,2019,in_season,12,2019-12-01
สุพรรณบุรี,Suphan Buri,14.53585185,100.015287,Jan,84536,2015,off_season,1,2015-01-01
สุพรรณบุรี,Suphan Buri,14.53585185,100.015287,Feb,36293,2015,off_season,2,2015-02-01
สุพรรณบุรี,Suphan Buri,14.53585185,100.015287,Mar,11236,2015,off_season,3,2015-03-01
สุพรรณบุรี,Suphan Buri,14.53585185,100.015287,Apr,12617,2015,off_season,4,2015-04-01
สุพรรณบุรี,Suphan Buri,14.53585185,100.015287,May,0,2015,off_season,5,2015-05-01
สุพรรณบุรี,Suphan Buri,14.53585185,100.015287,Jun,0,2015,off_season,6,2015-06-01
สุพรรณบุรี,Suphan Buri,14.53585185,100.015287,Jul,0,2015,off_season,7,2015-07-01
สุพรรณบุรี,Suphan Buri,14.53585185,100.015287,Aug,0,2015,off_season,8,2015-08-01
สุพรรณบุรี,Suphan Buri,14.53585185,100.015287,Sep,0,2015,off_season,9,2015-09-01
สุพรรณบุรี,Suphan Buri,14.53585185,100.015287,Oct,0,2015,off_season,10,2015-10-01
สุพรรณบุรี,Suphan Buri,14.53585185,100.015287,Nov,189926,2015,off_season,11,2015-11-01
สุพรรณบุรี,Suphan Buri,14.53585185,100.015287,Dec,264580,2015,off_season,12,2015-12-01
สุพรรณบุรี,Suphan Buri,14.53585185,100.015287,Jan,69553,2016,off_season,1,2016-01-01
สุพรรณบุรี,Suphan Buri,14.53585185,100.015287,Feb,12913,2016,off_season,2,2016-02-01
สุพรรณบุรี,Suphan Buri,14.53585185,100.015287,Mar,3665,2016,off_season,3,2016-03-01
สุพรรณบุรี,Suphan Buri,14.53585185,100.015287,Apr,1090,2016,off_season,4,2016-04-01
สุพรรณบุรี,Suphan Buri,14.53585185,100.015287,May,0,2016,off_season,5,2016-05-01
สุพรรณบุรี,Suphan Buri,14.53585185,100.015287,Jun,0,2016,off_season,6,2016-06-01
สุพรรณบุรี,Suphan Buri,14.53585185,100.015287,Jul,0,2016,off_season,7,2016-07-01
สุพรรณบุรี,Suphan Buri,14.53585185,100.015287,Aug,0,2016,off_season,8,2016-08-01
สุพรรณบุรี,Suphan Buri,14.53585185,100.015287,Sep,0,2016,off_season,9,2016-09-01
สุพรรณบุรี,Suphan Buri,14.53585185,100.015287,Oct,0,2016,off_season,10,2016-10-01
สุพรรณบุรี,Suphan Buri,14.53585185,100.015287,Nov,183132,2016,off_season,11,2016-11-01
สุพรรณบุรี,Suphan Buri,14.53585185,100.015287,Dec,158325,2016,off_season,12,2016-12-01
สุพรรณบุรี,Suphan Buri,14.53585185,100.015287,Jan,184727,2017,off_season,1,2017-01-01
สุพรรณบุรี,Suphan Buri,14.53585185,100.015287,Feb,47243,2017,off_season,2,2017-02-01
สุพรรณบุรี,Suphan Buri,14.53585185,100.015287,Mar,53097,2017,off_season,3,2017-03-01
สุพรรณบุรี,Suphan Buri,14.53585185,100.015287,Apr,68435,2017,off_season,4,2017-04-01
สุพรรณบุรี,Suphan Buri,14.53585185,100.015287,May,0,2017,off_season,5,2017-05-01
สุพรรณบุรี,Suphan Buri,14.53585185,100.015287,Jun,0,2017,off_season,6,2017-06-01
สุพรรณบุรี,Suphan Buri,14.53585185,100.015287,Jul,0,2017,off_season,7,2017-07-01
สุพรรณบุรี,Suphan Buri,14.53585185,100.015287,Aug,0,2017,off_season,8,2017-08-01
สุพรรณบุรี,Suphan Buri,14.53585185,100.015287,Sep,0,2017,off_season,9,2017-09-01
สุพรรณบุรี,Suphan Buri,14.53585185,100.015287,Oct,0,2017,off_season,10,2017-10-01
สุพรรณบุรี,Suphan Buri,14.53585185,100.015287,Nov,203416,2017,off_season,11,2017-11-01
สุพรรณบุรี,Suphan Buri,14.53585185,100.015287,Dec,260552,2017,off_season,12,2017-12-01
สุพรรณบุรี,Suphan Buri,14.53585185,100.015287,Jan,301550,2018,off_season,1,2018-01-01
สุพรรณบุรี,Suphan Buri,14.53585185,100.015287,Feb,49685,2018,off_season,2,2018-02-01
สุพรรณบุรี,Suphan Buri,14.53585185,100.015287,Mar,93135,2018,off_season,3,2018-03-01
สุพรรณบุรี,Suphan Buri,14.53585185,100.015287,Apr,57474,2018,off_season,4,2018-04-01
สุพรรณบุรี,Suphan Buri,14.53585185,100.015287,May,0,2018,off_season,5,2018-05-01
สุพรรณบุรี,Suphan Buri,14.53585185,100.015287,Jun,0,2018,off_season,6,2018-06-01
สุพรรณบุรี,Suphan Buri,14.53585185,100.015287,Jul,0,2018,off_season,7,2018-07-01
สุพรรณบุรี,Suphan Buri,14.53585185,100.015287,Aug,0,2018,off_season,8,2018-08-01
สุพรรณบุรี,Suphan Buri,14.53585185,100.015287,Sep,0,2018,off_season,9,2018-09-01
สุพรรณบุรี,Suphan Buri,14.53585185,100.015287,Oct,0,2018,off_season,10,2018-10-01
สุพรรณบุรี,Suphan Buri,14.53585185,100.015287,Nov,179509,2018,off_season,11,2018-11-01
สุพรรณบุรี,Suphan Buri,14.53585185,100.015287,Dec,224683,2018,off_season,12,2018-12-01
สุพรรณบุรี,Suphan Buri,14.53585185,100.015287,Jan,320109,2019,off_season,1,2019-01-01
สุพรรณบุรี,Suphan Buri,14.53585185,100.015287,Feb,32095,2019,off_season,2,2019-02-01
สุพรรณบุรี,Suphan Buri,14.53585185,100.015287,Mar,42292,2019,off_season,3,2019-03-01
สุพรรณบุรี,Suphan Buri,14.53585185,100.015287,Apr,20844,2019,off_season,4,2019-04-01
สุพรรณบุรี,Suphan Buri,14.53585185,100.015287,May,0,2019,off_season,5,2019-05-01
สุพรรณบุรี,Suphan Buri,14.53585185,100.015287,Jun,0,2019,off_season,6,2019-06-01
สุพรรณบุรี,Suphan Buri,14.53585185,100.015287,Jul,0,2019,off_season,7,2019-07-01
สุพรรณบุรี,Suphan Buri,14.53585185,100.015287,Aug,0,2019,off_season,8,2019-08-01
สุพรรณบุรี,Suphan Buri,14.53585185,100.015287,Sep,0,2019,off_season,9,2019-09-01
สุพรรณบุรี,Suphan Buri,14.53585185,100.015287,Oct,0,2019,off_season,10,2019-10-01
สุพรรณบุรี,Suphan Buri,14.53585185,100.015287,Nov,106032,2019,off_season,11,2019-11-01
สุพรรณบุรี,Suphan Buri,14.53585185,100.015287,Dec,310981,2019,off_season,12,2019-12-01
สุราษฎร์ธานี,Surat Thani,9.228121053,99.40556316,Jan,0,2015,in_season,1,2015-01-01
สุราษฎร์ธานี,Surat Thani,9.228121053,99.40556316,Feb,0,2015,in_season,2,2015-02-01
สุราษฎร์ธานี,Surat Thani,9.228121053,99.40556316,Mar,0,2015,in_season,3,2015-03-01
สุราษฎร์ธานี,Surat Thani,9.228121053,99.40556316,Apr,0,2015,in_season,4,2015-04-01
สุราษฎร์ธานี,Surat Thani,9.228121053,99.40556316,May,0,2015,in_season,5,2015-05-01
สุราษฎร์ธานี,Surat Thani,9.228121053,99.40556316,Jun,3536,2015,in_season,6,2015-06-01
สุราษฎร์ธานี,Surat Thani,9.228121053,99.40556316,Jul,604,2015,in_season,7,2015-07-01
สุราษฎร์ธานี,Surat Thani,9.228121053,99.40556316,Aug,409,2015,in_season,8,2015-08-01
สุราษฎร์ธานี,Surat Thani,9.228121053,99.40556316,Sep,436,2015,in_season,9,2015-09-01
สุราษฎร์ธานี,Surat Thani,9.228121053,99.40556316,Oct,310,2015,in_season,10,2015-10-01
สุราษฎร์ธานี,Surat Thani,9.228121053,99.40556316,Nov,0,2015,in_season,11,2015-11-01
สุราษฎร์ธานี,Surat Thani,9.228121053,99.40556316,Dec,0,2015,in_season,12,2015-12-01
สุราษฎร์ธานี,Surat Thani,9.228121053,99.40556316,Jan,0,2016,in_season,1,2016-01-01
สุราษฎร์ธานี,Surat Thani,9.228121053,99.40556316,Feb,0,2016,in_season,2,2016-02-01
สุราษฎร์ธานี,Surat Thani,9.228121053,99.40556316,Mar,0,2016,in_season,3,2016-03-01
สุราษฎร์ธานี,Surat Thani,9.228121053,99.40556316,Apr,0,2016,in_season,4,2016-04-01
สุราษฎร์ธานี,Surat Thani,9.228121053,99.40556316,May,0,2016,in_season,5,2016-05-01
สุราษฎร์ธานี,Surat Thani,9.228121053,99.40556316,Jun,2796,2016,in_season,6,2016-06-01
สุราษฎร์ธานี,Surat Thani,9.228121053,99.40556316,Jul,1367,2016,in_season,7,2016-07-01
สุราษฎร์ธานี,Surat Thani,9.228121053,99.40556316,Aug,425,2016,in_season,8,2016-08-01
สุราษฎร์ธานี,Surat Thani,9.228121053,99.40556316,Sep,767,2016,in_season,9,2016-09-01
สุราษฎร์ธานี,Surat Thani,9.228121053,99.40556316,Oct,480,2016,in_season,10,2016-10-01
สุราษฎร์ธานี,Surat Thani,9.228121053,99.40556316,Nov,0,2016,in_season,11,2016-11-01
สุราษฎร์ธานี,Surat Thani,9.228121053,99.40556316,Dec,0,2016,in_season,12,2016-12-01
สุราษฎร์ธานี,Surat Thani,9.228121053,99.40556316,Jan,0,2017,in_season,1,2017-01-01
สุราษฎร์ธานี,Surat Thani,9.228121053,99.40556316,Feb,0,2017,in_season,2,2017-02-01
สุราษฎร์ธานี,Surat Thani,9.228121053,99.40556316,Mar,0,2017,in_season,3,2017-03-01
สุราษฎร์ธานี,Surat Thani,9.228121053,99.40556316,Apr,0,2017,in_season,4,2017-04-01
สุราษฎร์ธานี,Surat Thani,9.228121053,99.40556316,May,225,2017,in_season,5,2017-05-01
สุราษฎร์ธานี,Surat Thani,9.228121053,99.40556316,Jun,5157,2017,in_season,6,2017-06-01
สุราษฎร์ธานี,Surat Thani,9.228121053,99.40556316,Jul,2573,2017,in_season,7,2017-07-01
สุราษฎร์ธานี,Surat Thani,9.228121053,99.40556316,Aug,1097,2017,in_season,8,2017-08-01
สุราษฎร์ธานี,Surat Thani,9.228121053,99.40556316,Sep,740,2017,in_season,9,2017-09-01
สุราษฎร์ธานี,Surat Thani,9.228121053,99.40556316,Oct,301,2017,in_season,10,2017-10-01
สุราษฎร์ธานี,Surat Thani,9.228121053,99.40556316,Nov,0,2017,in_season,11,2017-11-01
สุราษฎร์ธานี,Surat Thani,9.228121053,99.40556316,Dec,0,2017,in_season,12,2017-12-01
สุราษฎร์ธานี,Surat Thani,9.228121053,99.40556316,Jan,0,2018,in_season,1,2018-01-01
สุราษฎร์ธานี,Surat Thani,9.228121053,99.40556316,Feb,0,2018,in_season,2,2018-02-01
สุราษฎร์ธานี,Surat Thani,9.228121053,99.40556316,Mar,0,2018,in_season,3,2018-03-01
สุราษฎร์ธานี,Surat Thani,9.228121053,99.40556316,Apr,0,2018,in_season,4,2018-04-01
สุราษฎร์ธานี,Surat Thani,9.228121053,99.40556316,May,228,2018,in_season,5,2018-05-01
สุราษฎร์ธานี,Surat Thani,9.228121053,99.40556316,Jun,3900,2018,in_season,6,2018-06-01
สุราษฎร์ธานี,Surat Thani,9.228121053,99.40556316,Jul,1725,2018,in_season,7,2018-07-01
สุราษฎร์ธานี,Surat Thani,9.228121053,99.40556316,Aug,678,2018,in_season,8,2018-08-01
สุราษฎร์ธานี,Surat Thani,9.228121053,99.40556316,Sep,1294,2018,in_season,9,2018-09-01
สุราษฎร์ธานี,Surat Thani,9.228121053,99.40556316,Oct,437,2018,in_season,10,2018-10-01
สุราษฎร์ธานี,Surat Thani,9.228121053,99.40556316,Nov,0,2018,in_season,11,2018-11-01
สุราษฎร์ธานี,Surat Thani,9.228121053,99.40556316,Dec,0,2018,in_season,12,2018-12-01
สุราษฎร์ธานี,Surat Thani,9.228121053,99.40556316,Jan,0,2019,in_season,1,2019-01-01
สุราษฎร์ธานี,Surat Thani,9.228121053,99.40556316,Feb,0,2019,in_season,2,2019-02-01
สุราษฎร์ธานี,Surat Thani,9.228121053,99.40556316,Mar,0,2019,in_season,3,2019-03-01
สุราษฎร์ธานี,Surat Thani,9.228121053,99.40556316,Apr,0,2019,in_season,4,2019-04-01
สุราษฎร์ธานี,Surat Thani,9.228121053,99.40556316,May,228,2019,in_season,5,2019-05-01
สุราษฎร์ธานี,Surat Thani,9.228121053,99.40556316,Jun,3900,2019,in_season,6,2019-06-01
สุราษฎร์ธานี,Surat Thani,9.228121053,99.40556316,Jul,1725,2019,in_season,7,2019-07-01
สุราษฎร์ธานี,Surat Thani,9.228121053,99.40556316,Aug,678,2019,in_season,8,2019-08-01
สุราษฎร์ธานี,Surat Thani,9.228121053,99.40556316,Sep,1294,2019,in_season,9,2019-09-01
สุราษฎร์ธานี,Surat Thani,9.228121053,99.40556316,Oct,437,2019,in_season,10,2019-10-01
สุราษฎร์ธานี,Surat Thani,9.228121053,99.40556316,Nov,0,2019,in_season,11,2019-11-01
สุราษฎร์ธานี,Surat Thani,9.228121053,99.40556316,Dec,0,2019,in_season,12,2019-12-01
สุราษฎร์ธานี,Surat Thani,9.228121053,99.40556316,Jan,1334,2015,off_season,1,2015-01-01
สุราษฎร์ธานี,Surat Thani,9.228121053,99.40556316,Feb,352,2015,off_season,2,2015-02-01
สุราษฎร์ธานี,Surat Thani,9.228121053,99.40556316,Mar,0,2015,off_season,3,2015-03-01
สุราษฎร์ธานี,Surat Thani,9.228121053,99.40556316,Apr,0,2015,off_season,4,2015-04-01
สุราษฎร์ธานี,Surat Thani,9.228121053,99.40556316,May,0,2015,off_season,5,2015-05-01
สุราษฎร์ธานี,Surat Thani,9.228121053,99.40556316,Jun,0,2015,off_season,6,2015-06-01
สุราษฎร์ธานี,Surat Thani,9.228121053,99.40556316,Jul,0,2015,off_season,7,2015-07-01
สุราษฎร์ธานี,Surat Thani,9.228121053,99.40556316,Aug,0,2015,off_season,8,2015-08-01
สุราษฎร์ธานี,Surat Thani,9.228121053,99.40556316,Sep,0,2015,off_season,9,2015-09-01
สุราษฎร์ธานี,Surat Thani,9.228121053,99.40556316,Oct,0,2015,off_season,10,2015-10-01
สุราษฎร์ธานี,Surat Thani,9.228121053,99.40556316,Nov,407,2015,off_season,11,2015-11-01
สุราษฎร์ธานี,Surat Thani,9.228121053,99.40556316,Dec,1815,2015,off_season,12,2015-12-01
สุราษฎร์ธานี,Surat Thani,9.228121053,99.40556316,Jan,1184,2016,off_season,1,2016-01-01
สุราษฎร์ธานี,Surat Thani,9.228121053,99.40556316,Feb,262,2016,off_season,2,2016-02-01
สุราษฎร์ธานี,Surat Thani,9.228121053,99.40556316,Mar,0,2016,off_season,3,2016-03-01
สุราษฎร์ธานี,Surat Thani,9.228121053,99.40556316,Apr,0,2016,off_season,4,2016-04-01
สุราษฎร์ธานี,Surat Thani,9.228121053,99.40556316,May,0,2016,off_season,5,2016-05-01
สุราษฎร์ธานี,Surat Thani,9.228121053,99.40556316,Jun,0,2016,off_season,6,2016-06-01
สุราษฎร์ธานี,Surat Thani,9.228121053,99.40556316,Jul,0,2016,off_season,7,2016-07-01
สุราษฎร์ธานี,Surat Thani,9.228121053,99.40556316,Aug,0,2016,off_season,8,2016-08-01
สุราษฎร์ธานี,Surat Thani,9.228121053,99.40556316,Sep,0,2016,off_season,9,2016-09-01
สุราษฎร์ธานี,Surat Thani,9.228121053,99.40556316,Oct,0,2016,off_season,10,2016-10-01
สุราษฎร์ธานี,Surat Thani,9.228121053,99.40556316,Nov,568,2016,off_season,11,2016-11-01
สุราษฎร์ธานี,Surat Thani,9.228121053,99.40556316,Dec,1706,2016,off_season,12,2016-12-01
สุราษฎร์ธานี,Surat Thani,9.228121053,99.40556316,Jan,2054,2017,off_season,1,2017-01-01
สุราษฎร์ธานี,Surat Thani,9.228121053,99.40556316,Feb,639,2017,off_season,2,2017-02-01
สุราษฎร์ธานี,Surat Thani,9.228121053,99.40556316,Mar,0,2017,off_season,3,2017-03-01
สุราษฎร์ธานี,Surat Thani,9.228121053,99.40556316,Apr,0,2017,off_season,4,2017-04-01
สุราษฎร์ธานี,Surat Thani,9.228121053,99.40556316,May,0,2017,off_season,5,2017-05-01
สุราษฎร์ธานี,Surat Thani,9.228121053,99.40556316,Jun,0,2017,off_season,6,2017-06-01
สุราษฎร์ธานี,Surat Thani,9.228121053,99.40556316,Jul,0,2017,off_season,7,2017-07-01
สุราษฎร์ธานี,Surat Thani,9.228121053,99.40556316,Aug,0,2017,off_season,8,2017-08-01
สุราษฎร์ธานี,Surat Thani,9.228121053,99.40556316,Sep,0,2017,off_season,9,2017-09-01
สุราษฎร์ธานี,Surat Thani,9.228121053,99.40556316,Oct,0,2017,off_season,10,2017-10-01
สุราษฎร์ธานี,Surat Thani,9.228121053,99.40556316,Nov,419,2017,off_season,11,2017-11-01
สุราษฎร์ธานี,Surat Thani,9.228121053,99.40556316,Dec,687,2017,off_season,12,2017-12-01
สุราษฎร์ธานี,Surat Thani,9.228121053,99.40556316,Jan,1474,2018,off_season,1,2018-01-01
สุราษฎร์ธานี,Surat Thani,9.228121053,99.40556316,Feb,696,2018,off_season,2,2018-02-01
สุราษฎร์ธานี,Surat Thani,9.228121053,99.40556316,Mar,0,2018,off_season,3,2018-03-01
สุราษฎร์ธานี,Surat Thani,9.228121053,99.40556316,Apr,0,2018,off_season,4,2018-04-01
สุราษฎร์ธานี,Surat Thani,9.228121053,99.40556316,May,0,2018,off_season,5,2018-05-01
สุราษฎร์ธานี,Surat Thani,9.228121053,99.40556316,Jun,0,2018,off_season,6,2018-06-01
สุราษฎร์ธานี,Surat Thani,9.228121053,99.40556316,Jul,0,2018,off_season,7,2018-07-01
สุราษฎร์ธานี,Surat Thani,9.228121053,99.40556316,Aug,0,2018,off_season,8,2018-08-01
สุราษฎร์ธานี,Surat Thani,9.228121053,99.40556316,Sep,0,2018,off_season,9,2018-09-01
สุราษฎร์ธานี,Surat Thani,9.228121053,99.40556316,Oct,0,2018,off_season,10,2018-10-01
สุราษฎร์ธานี,Surat Thani,9.228121053,99.40556316,Nov,406,2018,off_season,11,2018-11-01
สุราษฎร์ธานี,Surat Thani,9.228121053,99.40556316,Dec,1123,2018,off_season,12,2018-12-01
สุราษฎร์ธานี,Surat Thani,9.228121053,99.40556316,Jan,1578,2019,off_season,1,2019-01-01
สุราษฎร์ธานี,Surat Thani,9.228121053,99.40556316,Feb,394,2019,off_season,2,2019-02-01
สุราษฎร์ธานี,Surat Thani,9.228121053,99.40556316,Mar,0,2019,off_season,3,2019-03-01
สุราษฎร์ธานี,Surat Thani,9.228121053,99.40556316,Apr,0,2019,off_season,4,2019-04-01
สุราษฎร์ธานี,Surat Thani,9.228121053,99.40556316,May,0,2019,off_season,5,2019-05-01
สุราษฎร์ธานี,Surat Thani,9.228121053,99.40556316,Jun,0,2019,off_season,6,2019-06-01
สุราษฎร์ธานี,Surat Thani,9.228121053,99.40556316,Jul,0,2019,off_season,7,2019-07-01
สุราษฎร์ธานี,Surat Thani,9.228121053,99.40556316,Aug,0,2019,off_season,8,2019-08-01
สุราษฎร์ธานี,Surat Thani,9.228121053,99.40556316,Sep,0,2019,off_season,9,2019-09-01
สุราษฎร์ธานี,Surat Thani,9.228121053,99.40556316,Oct,0,2019,off_season,10,2019-10-01
สุราษฎร์ธานี,Surat Thani,9.228121053,99.40556316,Nov,938,2019,off_season,11,2019-11-01
สุราษฎร์ธานี,Surat Thani,9.228121053,99.40556316,Dec,952,2019,off_season,12,2019-12-01
สุรินทร์,Surin,14.93708228,103.669962,Jan,0,2015,in_season,1,2015-01-01
สุรินทร์,Surin,14.93708228,103.669962,Feb,0,2015,in_season,2,2015-02-01
สุรินทร์,Surin,14.93708228,103.669962,Mar,0,2015,in_season,3,2015-03-01
สุรินทร์,Surin,14.93708228,103.669962,Apr,0,2015,in_season,4,2015-04-01
สุรินทร์,Surin,14.93708228,103.669962,May,1564486,2015,in_season,5,2015-05-01
สุรินทร์,Surin,14.93708228,103.669962,Jun,1251589,2015,in_season,6,2015-06-01
สุรินทร์,Surin,14.93708228,103.669962,Jul,263265,2015,in_season,7,2015-07-01
สุรินทร์,Surin,14.93708228,103.669962,Aug,3391,2015,in_season,8,2015-08-01
สุรินทร์,Surin,14.93708228,103.669962,Sep,0,2015,in_season,9,2015-09-01
สุรินทร์,Surin,14.93708228,103.669962,Oct,0,2015,in_season,10,2015-10-01
สุรินทร์,Surin,14.93708228,103.669962,Nov,0,2015,in_season,11,2015-11-01
สุรินทร์,Surin,14.93708228,103.669962,Dec,0,2015,in_season,12,2015-12-01
สุรินทร์,Surin,14.93708228,103.669962,Jan,0,2016,in_season,1,2016-01-01
สุรินทร์,Surin,14.93708228,103.669962,Feb,0,2016,in_season,2,2016-02-01
สุรินทร์,Surin,14.93708228,103.669962,Mar,0,2016,in_season,3,2016-03-01
สุรินทร์,Surin,14.93708228,103.669962,Apr,0,2016,in_season,4,2016-04-01
สุรินทร์,Surin,14.93708228,103.669962,May,1585111,2016,in_season,5,2016-05-01
สุรินทร์,Surin,14.93708228,103.669962,Jun,1157410,2016,in_season,6,2016-06-01
สุรินทร์,Surin,14.93708228,103.669962,Jul,318919,2016,in_season,7,2016-07-01
สุรินทร์,Surin,14.93708228,103.669962,Aug,9414,2016,in_season,8,2016-08-01
สุรินทร์,Surin,14.93708228,103.669962,Sep,0,2016,in_season,9,2016-09-01
สุรินทร์,Surin,14.93708228,103.669962,Oct,0,2016,in_season,10,2016-10-01
สุรินทร์,Surin,14.93708228,103.669962,Nov,0,2016,in_season,11,2016-11-01
สุรินทร์,Surin,14.93708228,103.669962,Dec,0,2016,in_season,12,2016-12-01
สุรินทร์,Surin,14.93708228,103.669962,Jan,0,2017,in_season,1,2017-01-01
สุรินทร์,Surin,14.93708228,103.669962,Feb,0,2017,in_season,2,2017-02-01
สุรินทร์,Surin,14.93708228,103.669962,Mar,0,2017,in_season,3,2017-03-01
สุรินทร์,Surin,14.93708228,103.669962,Apr,0,2017,in_season,4,2017-04-01
สุรินทร์,Surin,14.93708228,103.669962,May,1668835,2017,in_season,5,2017-05-01
สุรินทร์,Surin,14.93708228,103.669962,Jun,1090872,2017,in_season,6,2017-06-01
สุรินทร์,Surin,14.93708228,103.669962,Jul,237315,2017,in_season,7,2017-07-01
สุรินทร์,Surin,14.93708228,103.669962,Aug,12945,2017,in_season,8,2017-08-01
สุรินทร์,Surin,14.93708228,103.669962,Sep,0,2017,in_season,9,2017-09-01
สุรินทร์,Surin,14.93708228,103.669962,Oct,0,2017,in_season,10,2017-10-01
สุรินทร์,Surin,14.93708228,103.669962,Nov,0,2017,in_season,11,2017-11-01
สุรินทร์,Surin,14.93708228,103.669962,Dec,0,2017,in_season,12,2017-12-01
สุรินทร์,Surin,14.93708228,103.669962,Jan,0,2018,in_season,1,2018-01-01
สุรินทร์,Surin,14.93708228,103.669962,Feb,0,2018,in_season,2,2018-02-01
สุรินทร์,Surin,14.93708228,103.669962,Mar,0,2018,in_season,3,2018-03-01
สุรินทร์,Surin,14.93708228,103.669962,Apr,0,2018,in_season,4,2018-04-01
สุรินทร์,Surin,14.93708228,103.669962,May,1946343,2018,in_season,5,2018-05-01
สุรินทร์,Surin,14.93708228,103.669962,Jun,923856,2018,in_season,6,2018-06-01
สุรินทร์,Surin,14.93708228,103.669962,Jul,164826,2018,in_season,7,2018-07-01
สุรินทร์,Surin,14.93708228,103.669962,Aug,7219,2018,in_season,8,2018-08-01
สุรินทร์,Surin,14.93708228,103.669962,Sep,0,2018,in_season,9,2018-09-01
สุรินทร์,Surin,14.93708228,103.669962,Oct,0,2018,in_season,10,2018-10-01
สุรินทร์,Surin,14.93708228,103.669962,Nov,0,2018,in_season,11,2018-11-01
สุรินทร์,Surin,14.93708228,103.669962,Dec,0,2018,in_season,12,2018-12-01
สุรินทร์,Surin,14.93708228,103.669962,Jan,0,2019,in_season,1,2019-01-01
สุรินทร์,Surin,14.93708228,103.669962,Feb,0,2019,in_season,2,2019-02-01
สุรินทร์,Surin,14.93708228,103.669962,Mar,0,2019,in_season,3,2019-03-01
สุรินทร์,Surin,14.93708228,103.669962,Apr,0,2019,in_season,4,2019-04-01
สุรินทร์,Surin,14.93708228,103.669962,May,1946343,2019,in_season,5,2019-05-01
สุรินทร์,Surin,14.93708228,103.669962,Jun,923856,2019,in_season,6,2019-06-01
สุรินทร์,Surin,14.93708228,103.669962,Jul,164826,2019,in_season,7,2019-07-01
สุรินทร์,Surin,14.93708228,103.669962,Aug,7219,2019,in_season,8,2019-08-01
สุรินทร์,Surin,14.93708228,103.669962,Sep,0,2019,in_season,9,2019-09-01
สุรินทร์,Surin,14.93708228,103.669962,Oct,0,2019,in_season,10,2019-10-01
สุรินทร์,Surin,14.93708228,103.669962,Nov,0,2019,in_season,11,2019-11-01
สุรินทร์,Surin,14.93708228,103.669962,Dec,0,2019,in_season,12,2019-12-01
สุรินทร์,Surin,14.93708228,103.669962,Jan,8845,2015,off_season,1,2015-01-01
สุรินทร์,Surin,14.93708228,103.669962,Feb,2844,2015,off_season,2,2015-02-01
สุรินทร์,Surin,14.93708228,103.669962,Mar,263,2015,off_season,3,2015-03-01
สุรินทร์,Surin,14.93708228,103.669962,Apr,0,2015,off_season,4,2015-04-01
สุรินทร์,Surin,14.93708228,103.669962,May,0,2015,off_season,5,2015-05-01
สุรินทร์,Surin,14.93708228,103.669962,Jun,0,2015,off_season,6,2015-06-01
สุรินทร์,Surin,14.93708228,103.669962,Jul,0,2015,off_season,7,2015-07-01
สุรินทร์,Surin,14.93708228,103.669962,Aug,0,2015,off_season,8,2015-08-01
สุรินทร์,Surin,14.93708228,103.669962,Sep,0,2015,off_season,9,2015-09-01
สุรินทร์,Surin,14.93708228,103.669962,Oct,0,2015,off_season,10,2015-10-01
สุรินทร์,Surin,14.93708228,103.669962,Nov,3477,2015,off_season,11,2015-11-01
สุรินทร์,Surin,14.93708228,103.669962,Dec,31583,2015,off_season,12,2015-12-01
สุรินทร์,Surin,14.93708228,103.669962,Jan,4852,2016,off_season,1,2016-01-01
สุรินทร์,Surin,14.93708228,103.669962,Feb,136,2016,off_season,2,2016-02-01
สุรินทร์,Surin,14.93708228,103.669962,Mar,0,2016,off_season,3,2016-03-01
สุรินทร์,Surin,14.93708228,103.669962,Apr,0,2016,off_season,4,2016-04-01
สุรินทร์,Surin,14.93708228,103.669962,May,0,2016,off_season,5,2016-05-01
สุรินทร์,Surin,14.93708228,103.669962,Jun,0,2016,off_season,6,2016-06-01
สุรินทร์,Surin,14.93708228,103.669962,Jul,0,2016,off_season,7,2016-07-01
สุรินทร์,Surin,14.93708228,103.669962,Aug,0,2016,off_season,8,2016-08-01
สุรินทร์,Surin,14.93708228,103.669962,Sep,0,2016,off_season,9,2016-09-01
สุรินทร์,Surin,14.93708228,103.669962,Oct,0,2016,off_season,10,2016-10-01
สุรินทร์,Surin,14.93708228,103.669962,Nov,966,2016,off_season,11,2016-11-01
สุรินทร์,Surin,14.93708228,103.669962,Dec,16542,2016,off_season,12,2016-12-01
สุรินทร์,Surin,14.93708228,103.669962,Jan,6516,2017,off_season,1,2017-01-01
สุรินทร์,Surin,14.93708228,103.669962,Feb,288,2017,off_season,2,2017-02-01
สุรินทร์,Surin,14.93708228,103.669962,Mar,144,2017,off_season,3,2017-03-01
สุรินทร์,Surin,14.93708228,103.669962,Apr,0,2017,off_season,4,2017-04-01
สุรินทร์,Surin,14.93708228,103.669962,May,0,2017,off_season,5,2017-05-01
สุรินทร์,Surin,14.93708228,103.669962,Jun,0,2017,off_season,6,2017-06-01
สุรินทร์,Surin,14.93708228,103.669962,Jul,0,2017,off_season,7,2017-07-01
สุรินทร์,Surin,14.93708228,103.669962,Aug,0,2017,off_season,8,2017-08-01
สุรินทร์,Surin,14.93708228,103.669962,Sep,0,2017,off_season,9,2017-09-01
สุรินทร์,Surin,14.93708228,103.669962,Oct,0,2017,off_season,10,2017-10-01
สุรินทร์,Surin,14.93708228,103.669962,Nov,955,2017,off_season,11,2017-11-01
สุรินทร์,Surin,14.93708228,103.669962,Dec,12616,2017,off_season,12,2017-12-01
สุรินทร์,Surin,14.93708228,103.669962,Jan,12348,2018,off_season,1,2018-01-01
สุรินทร์,Surin,14.93708228,103.669962,Feb,1479,2018,off_season,2,2018-02-01
สุรินทร์,Surin,14.93708228,103.669962,Mar,0,2018,off_season,3,2018-03-01
สุรินทร์,Surin,14.93708228,103.669962,Apr,0,2018,off_season,4,2018-04-01
สุรินทร์,Surin,14.93708228,103.669962,May,0,2018,off_season,5,2018-05-01
สุรินทร์,Surin,14.93708228,103.669962,Jun,0,2018,off_season,6,2018-06-01
สุรินทร์,Surin,14.93708228,103.669962,Jul,0,2018,off_season,7,2018-07-01
สุรินทร์,Surin,14.93708228,103.669962,Aug,0,2018,off_season,8,2018-08-01
สุรินทร์,Surin,14.93708228,103.669962,Sep,0,2018,off_season,9,2018-09-01
สุรินทร์,Surin,14.93708228,103.669962,Oct,0,2018,off_season,10,2018-10-01
สุรินทร์,Surin,14.93708228,103.669962,Nov,2273,2018,off_season,11,2018-11-01
สุรินทร์,Surin,14.93708228,103.669962,Dec,24146,2018,off_season,12,2018-12-01
สุรินทร์,Surin,14.93708228,103.669962,Jan,15139,2019,off_season,1,2019-01-01
สุรินทร์,Surin,14.93708228,103.669962,Feb,1143,2019,off_season,2,2019-02-01
สุรินทร์,Surin,14.93708228,103.669962,Mar,0,2019,off_season,3,2019-03-01
สุรินทร์,Surin,14.93708228,103.669962,Apr,0,2019,off_season,4,2019-04-01
สุรินทร์,Surin,14.93708228,103.669962,May,0,2019,off_season,5,2019-05-01
สุรินทร์,Surin,14.93708228,103.669962,Jun,0,2019,off_season,6,2019-06-01
สุรินทร์,Surin,14.93708228,103.669962,Jul,0,2019,off_season,7,2019-07-01
สุรินทร์,Surin,14.93708228,103.669962,Aug,0,2019,off_season,8,2019-08-01
สุรินทร์,Surin,14.93708228,103.669962,Sep,0,2019,off_season,9,2019-09-01
สุรินทร์,Surin,14.93708228,103.669962,Oct,0,2019,off_season,10,2019-10-01
สุรินทร์,Surin,14.93708228,103.669962,Nov,1710,2019,off_season,11,2019-11-01
สุรินทร์,Surin,14.93708228,103.669962,Dec,32333,2019,off_season,12,2019-12-01
ตาก,Tak,16.84066102,98.83098305,Jan,0,2015,in_season,1,2015-01-01
ตาก,Tak,16.84066102,98.83098305,Feb,0,2015,in_season,2,2015-02-01
ตาก,Tak,16.84066102,98.83098305,Mar,0,2015,in_season,3,2015-03-01
ตาก,Tak,16.84066102,98.83098305,Apr,0,2015,in_season,4,2015-04-01
ตาก,Tak,16.84066102,98.83098305,May,7663,2015,in_season,5,2015-05-01
ตาก,Tak,16.84066102,98.83098305,Jun,57208,2015,in_season,6,2015-06-01
ตาก,Tak,16.84066102,98.83098305,Jul,94414,2015,in_season,7,2015-07-01
ตาก,Tak,16.84066102,98.83098305,Aug,50889,2015,in_season,8,2015-08-01
ตาก,Tak,16.84066102,98.83098305,Sep,3288,2015,in_season,9,2015-09-01
ตาก,Tak,16.84066102,98.83098305,Oct,0,2015,in_season,10,2015-10-01
ตาก,Tak,16.84066102,98.83098305,Nov,0,2015,in_season,11,2015-11-01
ตาก,Tak,16.84066102,98.83098305,Dec,0,2015,in_season,12,2015-12-01
ตาก,Tak,16.84066102,98.83098305,Jan,0,2016,in_season,1,2016-01-01
ตาก,Tak,16.84066102,98.83098305,Feb,0,2016,in_season,2,2016-02-01
ตาก,Tak,16.84066102,98.83098305,Mar,0,2016,in_season,3,2016-03-01
ตาก,Tak,16.84066102,98.83098305,Apr,0,2016,in_season,4,2016-04-01
ตาก,Tak,16.84066102,98.83098305,May,9461,2016,in_season,5,2016-05-01
ตาก,Tak,16.84066102,98.83098305,Jun,46034,2016,in_season,6,2016-06-01
ตาก,Tak,16.84066102,98.83098305,Jul,104828,2016,in_season,7,2016-07-01
ตาก,Tak,16.84066102,98.83098305,Aug,55630,2016,in_season,8,2016-08-01
ตาก,Tak,16.84066102,98.83098305,Sep,3987,2016,in_season,9,2016-09-01
ตาก,Tak,16.84066102,98.83098305,Oct,0,2016,in_season,10,2016-10-01
ตาก,Tak,16.84066102,98.83098305,Nov,0,2016,in_season,11,2016-11-01
ตาก,Tak,16.84066102,98.83098305,Dec,0,2016,in_season,12,2016-12-01
ตาก,Tak,16.84066102,98.83098305,Jan,0,2017,in_season,1,2017-01-01
ตาก,Tak,16.84066102,98.83098305,Feb,0,2017,in_season,2,2017-02-01
ตาก,Tak,16.84066102,98.83098305,Mar,0,2017,in_season,3,2017-03-01
ตาก,Tak,16.84066102,98.83098305,Apr,0,2017,in_season,4,2017-04-01
ตาก,Tak,16.84066102,98.83098305,May,8351,2017,in_season,5,2017-05-01
ตาก,Tak,16.84066102,98.83098305,Jun,55095,2017,in_season,6,2017-06-01
ตาก,Tak,16.84066102,98.83098305,Jul,152650,2017,in_season,7,2017-07-01
ตาก,Tak,16.84066102,98.83098305,Aug,60425,2017,in_season,8,2017-08-01
ตาก,Tak,16.84066102,98.83098305,Sep,1513,2017,in_season,9,2017-09-01
ตาก,Tak,16.84066102,98.83098305,Oct,0,2017,in_season,10,2017-10-01
ตาก,Tak,16.84066102,98.83098305,Nov,0,2017,in_season,11,2017-11-01
ตาก,Tak,16.84066102,98.83098305,Dec,0,2017,in_season,12,2017-12-01
ตาก,Tak,16.84066102,98.83098305,Jan,0,2018,in_season,1,2018-01-01
ตาก,Tak,16.84066102,98.83098305,Feb,0,2018,in_season,2,2018-02-01
ตาก,Tak,16.84066102,98.83098305,Mar,0,2018,in_season,3,2018-03-01
ตาก,Tak,16.84066102,98.83098305,Apr,0,2018,in_season,4,2018-04-01
ตาก,Tak,16.84066102,98.83098305,May,14671,2018,in_season,5,2018-05-01
ตาก,Tak,16.84066102,98.83098305,Jun,69013,2018,in_season,6,2018-06-01
ตาก,Tak,16.84066102,98.83098305,Jul,163621,2018,in_season,7,2018-07-01
ตาก,Tak,16.84066102,98.83098305,Aug,68901,2018,in_season,8,2018-08-01
ตาก,Tak,16.84066102,98.83098305,Sep,4741,2018,in_season,9,2018-09-01
ตาก,Tak,16.84066102,98.83098305,Oct,0,2018,in_season,10,2018-10-01
ตาก,Tak,16.84066102,98.83098305,Nov,0,2018,in_season,11,2018-11-01
ตาก,Tak,16.84066102,98.83098305,Dec,0,2018,in_season,12,2018-12-01
ตาก,Tak,16.84066102,98.83098305,Jan,0,2019,in_season,1,2019-01-01
ตาก,Tak,16.84066102,98.83098305,Feb,0,2019,in_season,2,2019-02-01
ตาก,Tak,16.84066102,98.83098305,Mar,0,2019,in_season,3,2019-03-01
ตาก,Tak,16.84066102,98.83098305,Apr,0,2019,in_season,4,2019-04-01
ตาก,Tak,16.84066102,98.83098305,May,14671,2019,in_season,5,2019-05-01
ตาก,Tak,16.84066102,98.83098305,Jun,69013,2019,in_season,6,2019-06-01
ตาก,Tak,16.84066102,98.83098305,Jul,163621,2019,in_season,7,2019-07-01
ตาก,Tak,16.84066102,98.83098305,Aug,68901,2019,in_season,8,2019-08-01
ตาก,Tak,16.84066102,98.83098305,Sep,4741,2019,in_season,9,2019-09-01
ตาก,Tak,16.84066102,98.83098305,Oct,0,2019,in_season,10,2019-10-01
ตาก,Tak,16.84066102,98.83098305,Nov,0,2019,in_season,11,2019-11-01
ตาก,Tak,16.84066102,98.83098305,Dec,0,2019,in_season,12,2019-12-01
ตาก,Tak,16.84066102,98.83098305,Jan,4084,2015,off_season,1,2015-01-01
ตาก,Tak,16.84066102,98.83098305,Feb,1243,2015,off_season,2,2015-02-01
ตาก,Tak,16.84066102,98.83098305,Mar,288,2015,off_season,3,2015-03-01
ตาก,Tak,16.84066102,98.83098305,Apr,137,2015,off_season,4,2015-04-01
ตาก,Tak,16.84066102,98.83098305,May,0,2015,off_season,5,2015-05-01
ตาก,Tak,16.84066102,98.83098305,Jun,0,2015,off_season,6,2015-06-01
ตาก,Tak,16.84066102,98.83098305,Jul,0,2015,off_season,7,2015-07-01
ตาก,Tak,16.84066102,98.83098305,Aug,0,2015,off_season,8,2015-08-01
ตาก,Tak,16.84066102,98.83098305,Sep,0,2015,off_season,9,2015-09-01
ตาก,Tak,16.84066102,98.83098305,Oct,0,2015,off_season,10,2015-10-01
ตาก,Tak,16.84066102,98.83098305,Nov,986,2015,off_season,11,2015-11-01
ตาก,Tak,16.84066102,98.83098305,Dec,2556,2015,off_season,12,2015-12-01
ตาก,Tak,16.84066102,98.83098305,Jan,1207,2016,off_season,1,2016-01-01
ตาก,Tak,16.84066102,98.83098305,Feb,230,2016,off_season,2,2016-02-01
ตาก,Tak,16.84066102,98.83098305,Mar,44,2016,off_season,3,2016-03-01
ตาก,Tak,16.84066102,98.83098305,Apr,0,2016,off_season,4,2016-04-01
ตาก,Tak,16.84066102,98.83098305,May,0,2016,off_season,5,2016-05-01
ตาก,Tak,16.84066102,98.83098305,Jun,0,2016,off_season,6,2016-06-01
ตาก,Tak,16.84066102,98.83098305,Jul,0,2016,off_season,7,2016-07-01
ตาก,Tak,16.84066102,98.83098305,Aug,0,2016,off_season,8,2016-08-01
ตาก,Tak,16.84066102,98.83098305,Sep,0,2016,off_season,9,2016-09-01
ตาก,Tak,16.84066102,98.83098305,Oct,0,2016,off_season,10,2016-10-01
ตาก,Tak,16.84066102,98.83098305,Nov,96,2016,off_season,11,2016-11-01
ตาก,Tak,16.84066102,98.83098305,Dec,493,2016,off_season,12,2016-12-01
ตาก,Tak,16.84066102,98.83098305,Jan,3621,2017,off_season,1,2017-01-01
ตาก,Tak,16.84066102,98.83098305,Feb,923,2017,off_season,2,2017-02-01
ตาก,Tak,16.84066102,98.83098305,Mar,233,2017,off_season,3,2017-03-01
ตาก,Tak,16.84066102,98.83098305,Apr,173,2017,off_season,4,2017-04-01
ตาก,Tak,16.84066102,98.83098305,May,0,2017,off_season,5,2017-05-01
ตาก,Tak,16.84066102,98.83098305,Jun,0,2017,off_season,6,2017-06-01
ตาก,Tak,16.84066102,98.83098305,Jul,0,2017,off_season,7,2017-07-01
ตาก,Tak,16.84066102,98.83098305,Aug,0,2017,off_season,8,2017-08-01
ตาก,Tak,16.84066102,98.83098305,Sep,0,2017,off_season,9,2017-09-01
ตาก,Tak,16.84066102,98.83098305,Oct,0,2017,off_season,10,2017-10-01
ตาก,Tak,16.84066102,98.83098305,Nov,0,2017,off_season,11,2017-11-01
ตาก,Tak,16.84066102,98.83098305,Dec,4780,2017,off_season,12,2017-12-01
ตาก,Tak,16.84066102,98.83098305,Jan,4959,2018,off_season,1,2018-01-01
ตาก,Tak,16.84066102,98.83098305,Feb,1044,2018,off_season,2,2018-02-01
ตาก,Tak,16.84066102,98.83098305,Mar,232,2018,off_season,3,2018-03-01
ตาก,Tak,16.84066102,98.83098305,Apr,182,2018,off_season,4,2018-04-01
ตาก,Tak,16.84066102,98.83098305,May,0,2018,off_season,5,2018-05-01
ตาก,Tak,16.84066102,98.83098305,Jun,0,2018,off_season,6,2018-06-01
ตาก,Tak,16.84066102,98.83098305,Jul,0,2018,off_season,7,2018-07-01
ตาก,Tak,16.84066102,98.83098305,Aug,0,2018,off_season,8,2018-08-01
ตาก,Tak,16.84066102,98.83098305,Sep,0,2018,off_season,9,2018-09-01
ตาก,Tak,16.84066102,98.83098305,Oct,0,2018,off_season,10,2018-10-01
ตาก,Tak,16.84066102,98.83098305,Nov,136,2018,off_season,11,2018-11-01
ตาก,Tak,16.84066102,98.83098305,Dec,6061,2018,off_season,12,2018-12-01
ตาก,Tak,16.84066102,98.83098305,Jan,6843,2019,off_season,1,2019-01-01
ตาก,Tak,16.84066102,98.83098305,Feb,2626,2019,off_season,2,2019-02-01
ตาก,Tak,16.84066102,98.83098305,Mar,705,2019,off_season,3,2019-03-01
ตาก,Tak,16.84066102,98.83098305,Apr,127,2019,off_season,4,2019-04-01
ตาก,Tak,16.84066102,98.83098305,May,0,2019,off_season,5,2019-05-01
ตาก,Tak,16.84066102,98.83098305,Jun,0,2019,off_season,6,2019-06-01
ตาก,Tak,16.84066102,98.83098305,Jul,0,2019,off_season,7,2019-07-01
ตาก,Tak,16.84066102,98.83098305,Aug,0,2019,off_season,8,2019-08-01
ตาก,Tak,16.84066102,98.83098305,Sep,0,2019,off_season,9,2019-09-01
ตาก,Tak,16.84066102,98.83098305,Oct,0,2019,off_season,10,2019-10-01
ตาก,Tak,16.84066102,98.83098305,Nov,0,2019,off_season,11,2019-11-01
ตาก,Tak,16.84066102,98.83098305,Dec,5702,2019,off_season,12,2019-12-01
ตรัง,Trang,7.479578947,99.55433333,Jan,0,2015,in_season,1,2015-01-01
ตรัง,Trang,7.479578947,99.55433333,Feb,0,2015,in_season,2,2015-02-01
ตรัง,Trang,7.479578947,99.55433333,Mar,0,2015,in_season,3,2015-03-01
ตรัง,Trang,7.479578947,99.55433333,Apr,0,2015,in_season,4,2015-04-01
ตรัง,Trang,7.479578947,99.55433333,May,0,2015,in_season,5,2015-05-01
ตรัง,Trang,7.479578947,99.55433333,Jun,0,2015,in_season,6,2015-06-01
ตรัง,Trang,7.479578947,99.55433333,Jul,42,2015,in_season,7,2015-07-01
ตรัง,Trang,7.479578947,99.55433333,Aug,3975,2015,in_season,8,2015-08-01
ตรัง,Trang,7.479578947,99.55433333,Sep,6612,2015,in_season,9,2015-09-01
ตรัง,Trang,7.479578947,99.55433333,Oct,1663,2015,in_season,10,2015-10-01
ตรัง,Trang,7.479578947,99.55433333,Nov,0,2015,in_season,11,2015-11-01
ตรัง,Trang,7.479578947,99.55433333,Dec,0,2015,in_season,12,2015-12-01
ตรัง,Trang,7.479578947,99.55433333,Jan,0,2016,in_season,1,2016-01-01
ตรัง,Trang,7.479578947,99.55433333,Feb,0,2016,in_season,2,2016-02-01
ตรัง,Trang,7.479578947,99.55433333,Mar,0,2016,in_season,3,2016-03-01
ตรัง,Trang,7.479578947,99.55433333,Apr,0,2016,in_season,4,2016-04-01
ตรัง,Trang,7.479578947,99.55433333,May,0,2016,in_season,5,2016-05-01
ตรัง,Trang,7.479578947,99.55433333,Jun,0,2016,in_season,6,2016-06-01
ตรัง,Trang,7.479578947,99.55433333,Jul,139,2016,in_season,7,2016-07-01
ตรัง,Trang,7.479578947,99.55433333,Aug,3788,2016,in_season,8,2016-08-01
ตรัง,Trang,7.479578947,99.55433333,Sep,6797,2016,in_season,9,2016-09-01
ตรัง,Trang,7.479578947,99.55433333,Oct,1339,2016,in_season,10,2016-10-01
ตรัง,Trang,7.479578947,99.55433333,Nov,0,2016,in_season,11,2016-11-01
ตรัง,Trang,7.479578947,99.55433333,Dec,0,2016,in_season,12,2016-12-01
ตรัง,Trang,7.479578947,99.55433333,Jan,0,2017,in_season,1,2017-01-01
ตรัง,Trang,7.479578947,99.55433333,Feb,0,2017,in_season,2,2017-02-01
ตรัง,Trang,7.479578947,99.55433333,Mar,0,2017,in_season,3,2017-03-01
ตรัง,Trang,7.479578947,99.55433333,Apr,0,2017,in_season,4,2017-04-01
ตรัง,Trang,7.479578947,99.55433333,May,0,2017,in_season,5,2017-05-01
ตรัง,Trang,7.479578947,99.55433333,Jun,0,2017,in_season,6,2017-06-01
ตรัง,Trang,7.479578947,99.55433333,Jul,440,2017,in_season,7,2017-07-01
ตรัง,Trang,7.479578947,99.55433333,Aug,2891,2017,in_season,8,2017-08-01
ตรัง,Trang,7.479578947,99.55433333,Sep,4653,2017,in_season,9,2017-09-01
ตรัง,Trang,7.479578947,99.55433333,Oct,2087,2017,in_season,10,2017-10-01
ตรัง,Trang,7.479578947,99.55433333,Nov,0,2017,in_season,11,2017-11-01
ตรัง,Trang,7.479578947,99.55433333,Dec,0,2017,in_season,12,2017-12-01
ตรัง,Trang,7.479578947,99.55433333,Jan,0,2018,in_season,1,2018-01-01
ตรัง,Trang,7.479578947,99.55433333,Feb,0,2018,in_season,2,2018-02-01
ตรัง,Trang,7.479578947,99.55433333,Mar,0,2018,in_season,3,2018-03-01
ตรัง,Trang,7.479578947,99.55433333,Apr,0,2018,in_season,4,2018-04-01
ตรัง,Trang,7.479578947,99.55433333,May,0,2018,in_season,5,2018-05-01
ตรัง,Trang,7.479578947,99.55433333,Jun,0,2018,in_season,6,2018-06-01
ตรัง,Trang,7.479578947,99.55433333,Jul,285,2018,in_season,7,2018-07-01
ตรัง,Trang,7.479578947,99.55433333,Aug,4296,2018,in_season,8,2018-08-01
ตรัง,Trang,7.479578947,99.55433333,Sep,2614,2018,in_season,9,2018-09-01
ตรัง,Trang,7.479578947,99.55433333,Oct,940,2018,in_season,10,2018-10-01
ตรัง,Trang,7.479578947,99.55433333,Nov,0,2018,in_season,11,2018-11-01
ตรัง,Trang,7.479578947,99.55433333,Dec,0,2018,in_season,12,2018-12-01
ตรัง,Trang,7.479578947,99.55433333,Jan,0,2019,in_season,1,2019-01-01
ตรัง,Trang,7.479578947,99.55433333,Feb,0,2019,in_season,2,2019-02-01
ตรัง,Trang,7.479578947,99.55433333,Mar,0,2019,in_season,3,2019-03-01
ตรัง,Trang,7.479578947,99.55433333,Apr,0,2019,in_season,4,2019-04-01
ตรัง,Trang,7.479578947,99.55433333,May,0,2019,in_season,5,2019-05-01
ตรัง,Trang,7.479578947,99.55433333,Jun,0,2019,in_season,6,2019-06-01
ตรัง,Trang,7.479578947,99.55433333,Jul,285,2019,in_season,7,2019-07-01
ตรัง,Trang,7.479578947,99.55433333,Aug,4296,2019,in_season,8,2019-08-01
ตรัง,Trang,7.479578947,99.55433333,Sep,2614,2019,in_season,9,2019-09-01
ตรัง,Trang,7.479578947,99.55433333,Oct,940,2019,in_season,10,2019-10-01
ตรัง,Trang,7.479578947,99.55433333,Nov,0,2019,in_season,11,2019-11-01
ตรัง,Trang,7.479578947,99.55433333,Dec,0,2019,in_season,12,2019-12-01
ตรัง,Trang,7.479578947,99.55433333,Jan,92,2015,off_season,1,2015-01-01
ตรัง,Trang,7.479578947,99.55433333,Feb,152,2015,off_season,2,2015-02-01
ตรัง,Trang,7.479578947,99.55433333,Mar,51,2015,off_season,3,2015-03-01
ตรัง,Trang,7.479578947,99.55433333,Apr,0,2015,off_season,4,2015-04-01
ตรัง,Trang,7.479578947,99.55433333,May,0,2015,off_season,5,2015-05-01
ตรัง,Trang,7.479578947,99.55433333,Jun,0,2015,off_season,6,2015-06-01
ตรัง,Trang,7.479578947,99.55433333,Jul,0,2015,off_season,7,2015-07-01
ตรัง,Trang,7.479578947,99.55433333,Aug,0,2015,off_season,8,2015-08-01
ตรัง,Trang,7.479578947,99.55433333,Sep,0,2015,off_season,9,2015-09-01
ตรัง,Trang,7.479578947,99.55433333,Oct,0,2015,off_season,10,2015-10-01
ตรัง,Trang,7.479578947,99.55433333,Nov,0,2015,off_season,11,2015-11-01
ตรัง,Trang,7.479578947,99.55433333,Dec,0,2015,off_season,12,2015-12-01
ตรัง,Trang,7.479578947,99.55433333,Jan,0,2016,off_season,1,2016-01-01
ตรัง,Trang,7.479578947,99.55433333,Feb,73,2016,off_season,2,2016-02-01
ตรัง,Trang,7.479578947,99.55433333,Mar,142,2016,off_season,3,2016-03-01
ตรัง,Trang,7.479578947,99.55433333,Apr,50,2016,off_season,4,2016-04-01
ตรัง,Trang,7.479578947,99.55433333,May,0,2016,off_season,5,2016-05-01
ตรัง,Trang,7.479578947,99.55433333,Jun,0,2016,off_season,6,2016-06-01
ตรัง,Trang,7.479578947,99.55433333,Jul,0,2016,off_season,7,2016-07-01
ตรัง,Trang,7.479578947,99.55433333,Aug,0,2016,off_season,8,2016-08-01
ตรัง,Trang,7.479578947,99.55433333,Sep,0,2016,off_season,9,2016-09-01
ตรัง,Trang,7.479578947,99.55433333,Oct,0,2016,off_season,10,2016-10-01
ตรัง,Trang,7.479578947,99.55433333,Nov,0,2016,off_season,11,2016-11-01
ตรัง,Trang,7.479578947,99.55433333,Dec,0,2016,off_season,12,2016-12-01
ตรัง,Trang,7.479578947,99.55433333,Jan,0,2017,off_season,1,2017-01-01
ตรัง,Trang,7.479578947,99.55433333,Feb,20,2017,off_season,2,2017-02-01
ตรัง,Trang,7.479578947,99.55433333,Mar,315,2017,off_season,3,2017-03-01
ตรัง,Trang,7.479578947,99.55433333,Apr,13,2017,off_season,4,2017-04-01
ตรัง,Trang,7.479578947,99.55433333,May,0,2017,off_season,5,2017-05-01
ตรัง,Trang,7.479578947,99.55433333,Jun,0,2017,off_season,6,2017-06-01
ตรัง,Trang,7.479578947,99.55433333,Jul,0,2017,off_season,7,2017-07-01
ตรัง,Trang,7.479578947,99.55433333,Aug,0,2017,off_season,8,2017-08-01
ตรัง,Trang,7.479578947,99.55433333,Sep,0,2017,off_season,9,2017-09-01
ตรัง,Trang,7.479578947,99.55433333,Oct,0,2017,off_season,10,2017-10-01
ตรัง,Trang,7.479578947,99.55433333,Nov,0,2017,off_season,11,2017-11-01
ตรัง,Trang,7.479578947,99.55433333,Dec,0,2017,off_season,12,2017-12-01
ตรัง,Trang,7.479578947,99.55433333,Jan,0,2018,off_season,1,2018-01-01
ตรัง,Trang,7.479578947,99.55433333,Feb,60,2018,off_season,2,2018-02-01
ตรัง,Trang,7.479578947,99.55433333,Mar,0,2018,off_season,3,2018-03-01
ตรัง,Trang,7.479578947,99.55433333,Apr,0,2018,off_season,4,2018-04-01
ตรัง,Trang,7.479578947,99.55433333,May,0,2018,off_season,5,2018-05-01
ตรัง,Trang,7.479578947,99.55433333,Jun,0,2018,off_season,6,2018-06-01
ตรัง,Trang,7.479578947,99.55433333,Jul,0,2018,off_season,7,2018-07-01
ตรัง,Trang,7.479578947,99.55433333,Aug,0,2018,off_season,8,2018-08-01
ตรัง,Trang,7.479578947,99.55433333,Sep,0,2018,off_season,9,2018-09-01
ตรัง,Trang,7.479578947,99.55433333,Oct,0,2018,off_season,10,2018-10-01
ตรัง,Trang,7.479578947,99.55433333,Nov,0,2018,off_season,11,2018-11-01
ตรัง,Trang,7.479578947,99.55433333,Dec,0,2018,off_season,12,2018-12-01
ตรัง,Trang,7.479578947,99.55433333,Jan,0,2019,off_season,1,2019-01-01
ตรัง,Trang,7.479578947,99.55433333,Feb,147,2019,off_season,2,2019-02-01
ตรัง,Trang,7.479578947,99.55433333,Mar,0,2019,off_season,3,2019-03-01
ตรัง,Trang,7.479578947,99.55433333,Apr,0,2019,off_season,4,2019-04-01
ตรัง,Trang,7.479578947,99.55433333,May,0,2019,off_season,5,2019-05-01
ตรัง,Trang,7.479578947,99.55433333,Jun,0,2019,off_season,6,2019-06-01
ตรัง,Trang,7.479578947,99.55433333,Jul,0,2019,off_season,7,2019-07-01
ตรัง,Trang,7.479578947,99.55433333,Aug,0,2019,off_season,8,2019-08-01
ตรัง,Trang,7.479578947,99.55433333,Sep,0,2019,off_season,9,2019-09-01
ตรัง,Trang,7.479578947,99.55433333,Oct,0,2019,off_season,10,2019-10-01
ตรัง,Trang,7.479578947,99.55433333,Nov,0,2019,off_season,11,2019-11-01
ตรัง,Trang,7.479578947,99.55433333,Dec,0,2019,off_season,12,2019-12-01
ตราด,Trat,12.10803774,102.4909057,Jan,0,2015,in_season,1,2015-01-01
ตราด,Trat,12.10803774,102.4909057,Feb,0,2015,in_season,2,2015-02-01
ตราด,Trat,12.10803774,102.4909057,Mar,0,2015,in_season,3,2015-03-01
ตราด,Trat,12.10803774,102.4909057,Apr,0,2015,in_season,4,2015-04-01
ตราด,Trat,12.10803774,102.4909057,May,4209,2015,in_season,5,2015-05-01
ตราด,Trat,12.10803774,102.4909057,Jun,7447,2015,in_season,6,2015-06-01
ตราด,Trat,12.10803774,102.4909057,Jul,3812,2015,in_season,7,2015-07-01
ตราด,Trat,12.10803774,102.4909057,Aug,802,2015,in_season,8,2015-08-01
ตราด,Trat,12.10803774,102.4909057,Sep,0,2015,in_season,9,2015-09-01
ตราด,Trat,12.10803774,102.4909057,Oct,0,2015,in_season,10,2015-10-01
ตราด,Trat,12.10803774,102.4909057,Nov,0,2015,in_season,11,2015-11-01
ตราด,Trat,12.10803774,102.4909057,Dec,0,2015,in_season,12,2015-12-01
ตราด,Trat,12.10803774,102.4909057,Jan,0,2016,in_season,1,2016-01-01
ตราด,Trat,12.10803774,102.4909057,Feb,0,2016,in_season,2,2016-02-01
ตราด,Trat,12.10803774,102.4909057,Mar,0,2016,in_season,3,2016-03-01
ตราด,Trat,12.10803774,102.4909057,Apr,0,2016,in_season,4,2016-04-01
ตราด,Trat,12.10803774,102.4909057,May,2855,2016,in_season,5,2016-05-01
ตราด,Trat,12.10803774,102.4909057,Jun,8007,2016,in_season,6,2016-06-01
ตราด,Trat,12.10803774,102.4909057,Jul,4569,2016,in_season,7,2016-07-01
ตราด,Trat,12.10803774,102.4909057,Aug,743,2016,in_season,8,2016-08-01
ตราด,Trat,12.10803774,102.4909057,Sep,0,2016,in_season,9,2016-09-01
ตราด,Trat,12.10803774,102.4909057,Oct,0,2016,in_season,10,2016-10-01
ตราด,Trat,12.10803774,102.4909057,Nov,0,2016,in_season,11,2016-11-01
ตราด,Trat,12.10803774,102.4909057,Dec,0,2016,in_season,12,2016-12-01
ตราด,Trat,12.10803774,102.4909057,Jan,0,2017,in_season,1,2017-01-01
ตราด,Trat,12.10803774,102.4909057,Feb,0,2017,in_season,2,2017-02-01
ตราด,Trat,12.10803774,102.4909057,Mar,0,2017,in_season,3,2017-03-01
ตราด,Trat,12.10803774,102.4909057,Apr,0,2017,in_season,4,2017-04-01
ตราด,Trat,12.10803774,102.4909057,May,1763,2017,in_season,5,2017-05-01
ตราด,Trat,12.10803774,102.4909057,Jun,6500,2017,in_season,6,2017-06-01
ตราด,Trat,12.10803774,102.4909057,Jul,3788,2017,in_season,7,2017-07-01
ตราด,Trat,12.10803774,102.4909057,Aug,3297,2017,in_season,8,2017-08-01
ตราด,Trat,12.10803774,102.4909057,Sep,0,2017,in_season,9,2017-09-01
ตราด,Trat,12.10803774,102.4909057,Oct,0,2017,in_season,10,2017-10-01
ตราด,Trat,12.10803774,102.4909057,Nov,0,2017,in_season,11,2017-11-01
ตราด,Trat,12.10803774,102.4909057,Dec,0,2017,in_season,12,2017-12-01
ตราด,Trat,12.10803774,102.4909057,Jan,0,2018,in_season,1,2018-01-01
ตราด,Trat,12.10803774,102.4909057,Feb,0,2018,in_season,2,2018-02-01
ตราด,Trat,12.10803774,102.4909057,Mar,0,2018,in_season,3,2018-03-01
ตราด,Trat,12.10803774,102.4909057,Apr,0,2018,in_season,4,2018-04-01
ตราด,Trat,12.10803774,102.4909057,May,1534,2018,in_season,5,2018-05-01
ตราด,Trat,12.10803774,102.4909057,Jun,4696,2018,in_season,6,2018-06-01
ตราด,Trat,12.10803774,102.4909057,Jul,6690,2018,in_season,7,2018-07-01
ตราด,Trat,12.10803774,102.4909057,Aug,1595,2018,in_season,8,2018-08-01
ตราด,Trat,12.10803774,102.4909057,Sep,0,2018,in_season,9,2018-09-01
ตราด,Trat,12.10803774,102.4909057,Oct,0,2018,in_season,10,2018-10-01
ตราด,Trat,12.10803774,102.4909057,Nov,0,2018,in_season,11,2018-11-01
ตราด,Trat,12.10803774,102.4909057,Dec,0,2018,in_season,12,2018-12-01
ตราด,Trat,12.10803774,102.4909057,Jan,0,2019,in_season,1,2019-01-01
ตราด,Trat,12.10803774,102.4909057,Feb,0,2019,in_season,2,2019-02-01
ตราด,Trat,12.10803774,102.4909057,Mar,0,2019,in_season,3,2019-03-01
ตราด,Trat,12.10803774,102.4909057,Apr,0,2019,in_season,4,2019-04-01
ตราด,Trat,12.10803774,102.4909057,May,1534,2019,in_season,5,2019-05-01
ตราด,Trat,12.10803774,102.4909057,Jun,4696,2019,in_season,6,2019-06-01
ตราด,Trat,12.10803774,102.4909057,Jul,6690,2019,in_season,7,2019-07-01
ตราด,Trat,12.10803774,102.4909057,Aug,1595,2019,in_season,8,2019-08-01
ตราด,Trat,12.10803774,102.4909057,Sep,0,2019,in_season,9,2019-09-01
ตราด,Trat,12.10803774,102.4909057,Oct,0,2019,in_season,10,2019-10-01
ตราด,Trat,12.10803774,102.4909057,Nov,0,2019,in_season,11,2019-11-01
ตราด,Trat,12.10803774,102.4909057,Dec,0,2019,in_season,12,2019-12-01
ตราด,Trat,12.10803774,102.4909057,Jan,1507,2015,off_season,1,2015-01-01
ตราด,Trat,12.10803774,102.4909057,Feb,34,2015,off_season,2,2015-02-01
ตราด,Trat,12.10803774,102.4909057,Mar,0,2015,off_season,3,2015-03-01
ตราด,Trat,12.10803774,102.4909057,Apr,0,2015,off_season,4,2015-04-01
ตราด,Trat,12.10803774,102.4909057,May,0,2015,off_season,5,2015-05-01
ตราด,Trat,12.10803774,102.4909057,Jun,0,2015,off_season,6,2015-06-01
ตราด,Trat,12.10803774,102.4909057,Jul,0,2015,off_season,7,2015-07-01
ตราด,Trat,12.10803774,102.4909057,Aug,0,2015,off_season,8,2015-08-01
ตราด,Trat,12.10803774,102.4909057,Sep,0,2015,off_season,9,2015-09-01
ตราด,Trat,12.10803774,102.4909057,Oct,0,2015,off_season,10,2015-10-01
ตราด,Trat,12.10803774,102.4909057,Nov,0,2015,off_season,11,2015-11-01
ตราด,Trat,12.10803774,102.4909057,Dec,315,2015,off_season,12,2015-12-01
ตราด,Trat,12.10803774,102.4909057,Jan,1509,2016,off_season,1,2016-01-01
ตราด,Trat,12.10803774,102.4909057,Feb,33,2016,off_season,2,2016-02-01
ตราด,Trat,12.10803774,102.4909057,Mar,0,2016,off_season,3,2016-03-01
ตราด,Trat,12.10803774,102.4909057,Apr,0,2016,off_season,4,2016-04-01
ตราด,Trat,12.10803774,102.4909057,May,0,2016,off_season,5,2016-05-01
ตราด,Trat,12.10803774,102.4909057,Jun,0,2016,off_season,6,2016-06-01
ตราด,Trat,12.10803774,102.4909057,Jul,0,2016,off_season,7,2016-07-01
ตราด,Trat,12.10803774,102.4909057,Aug,0,2016,off_season,8,2016-08-01
ตราด,Trat,12.10803774,102.4909057,Sep,0,2016,off_season,9,2016-09-01
ตราด,Trat,12.10803774,102.4909057,Oct,0,2016,off_season,10,2016-10-01
ตราด,Trat,12.10803774,102.4909057,Nov,0,2016,off_season,11,2016-11-01
ตราด,Trat,12.10803774,102.4909057,Dec,75,2016,off_season,12,2016-12-01
ตราด,Trat,12.10803774,102.4909057,Jan,1680,2017,off_season,1,2017-01-01
ตราด,Trat,12.10803774,102.4909057,Feb,37,2017,off_season,2,2017-02-01
ตราด,Trat,12.10803774,102.4909057,Mar,0,2017,off_season,3,2017-03-01
ตราด,Trat,12.10803774,102.4909057,Apr,0,2017,off_season,4,2017-04-01
ตราด,Trat,12.10803774,102.4909057,May,0,2017,off_season,5,2017-05-01
ตราด,Trat,12.10803774,102.4909057,Jun,0,2017,off_season,6,2017-06-01
ตราด,Trat,12.10803774,102.4909057,Jul,0,2017,off_season,7,2017-07-01
ตราด,Trat,12.10803774,102.4909057,Aug,0,2017,off_season,8,2017-08-01
ตราด,Trat,12.10803774,102.4909057,Sep,0,2017,off_season,9,2017-09-01
ตราด,Trat,12.10803774,102.4909057,Oct,0,2017,off_season,10,2017-10-01
ตราด,Trat,12.10803774,102.4909057,Nov,0,2017,off_season,11,2017-11-01
ตราด,Trat,12.10803774,102.4909057,Dec,188,2017,off_season,12,2017-12-01
ตราด,Trat,12.10803774,102.4909057,Jan,2136,2018,off_season,1,2018-01-01
ตราด,Trat,12.10803774,102.4909057,Feb,144,2018,off_season,2,2018-02-01
ตราด,Trat,12.10803774,102.4909057,Mar,0,2018,off_season,3,2018-03-01
ตราด,Trat,12.10803774,102.4909057,Apr,0,2018,off_season,4,2018-04-01
ตราด,Trat,12.10803774,102.4909057,May,0,2018,off_season,5,2018-05-01
ตราด,Trat,12.10803774,102.4909057,Jun,0,2018,off_season,6,2018-06-01
ตราด,Trat,12.10803774,102.4909057,Jul,0,2018,off_season,7,2018-07-01
ตราด,Trat,12.10803774,102.4909057,Aug,0,2018,off_season,8,2018-08-01
ตราด,Trat,12.10803774,102.4909057,Sep,0,2018,off_season,9,2018-09-01
ตราด,Trat,12.10803774,102.4909057,Oct,0,2018,off_season,10,2018-10-01
ตราด,Trat,12.10803774,102.4909057,Nov,0,2018,off_season,11,2018-11-01
ตราด,Trat,12.10803774,102.4909057,Dec,93,2018,off_season,12,2018-12-01
ตราด,Trat,12.10803774,102.4909057,Jan,2386,2019,off_season,1,2019-01-01
ตราด,Trat,12.10803774,102.4909057,Feb,97,2019,off_season,2,2019-02-01
ตราด,Trat,12.10803774,102.4909057,Mar,0,2019,off_season,3,2019-03-01
ตราด,Trat,12.10803774,102.4909057,Apr,0,2019,off_season,4,2019-04-01
ตราด,Trat,12.10803774,102.4909057,May,0,2019,off_season,5,2019-05-01
ตราด,Trat,12.10803774,102.4909057,Jun,0,2019,off_season,6,2019-06-01
ตราด,Trat,12.10803774,102.4909057,Jul,0,2019,off_season,7,2019-07-01
ตราด,Trat,12.10803774,102.4909057,Aug,0,2019,off_season,8,2019-08-01
ตราด,Trat,12.10803774,102.4909057,Sep,0,2019,off_season,9,2019-09-01
ตราด,Trat,12.10803774,102.4909057,Oct,0,2019,off_season,10,2019-10-01
ตราด,Trat,12.10803774,102.4909057,Nov,0,2019,off_season,11,2019-11-01
ตราด,Trat,12.10803774,102.4909057,Dec,80,2019,off_season,12,2019-12-01
อุบลราชธานี,Ubon Ratchathani,15.27789498,105.0215845,Jan,0,2015,in_season,1,2015-01-01
อุบลราชธานี,Ubon Ratchathani,15.27789498,105.0215845,Feb,0,2015,in_season,2,2015-02-01
อุบลราชธานี,Ubon Ratchathani,15.27789498,105.0215845,Mar,0,2015,in_season,3,2015-03-01
อุบลราชธานี,Ubon Ratchathani,15.27789498,105.0215845,Apr,0,2015,in_season,4,2015-04-01
อุบลราชธานี,Ubon Ratchathani,15.27789498,105.0215845,May,2228742,2015,in_season,5,2015-05-01
อุบลราชธานี,Ubon Ratchathani,15.27789498,105.0215845,Jun,947519,2015,in_season,6,2015-06-01
อุบลราชธานี,Ubon Ratchathani,15.27789498,105.0215845,Jul,449625,2015,in_season,7,2015-07-01
อุบลราชธานี,Ubon Ratchathani,15.27789498,105.0215845,Aug,170272,2015,in_season,8,2015-08-01
อุบลราชธานี,Ubon Ratchathani,15.27789498,105.0215845,Sep,4561,2015,in_season,9,2015-09-01
อุบลราชธานี,Ubon Ratchathani,15.27789498,105.0215845,Oct,0,2015,in_season,10,2015-10-01
อุบลราชธานี,Ubon Ratchathani,15.27789498,105.0215845,Nov,0,2015,in_season,11,2015-11-01
อุบลราชธานี,Ubon Ratchathani,15.27789498,105.0215845,Dec,0,2015,in_season,12,2015-12-01
อุบลราชธานี,Ubon Ratchathani,15.27789498,105.0215845,Jan,0,2016,in_season,1,2016-01-01
อุบลราชธานี,Ubon Ratchathani,15.27789498,105.0215845,Feb,0,2016,in_season,2,2016-02-01
อุบลราชธานี,Ubon Ratchathani,15.27789498,105.0215845,Mar,0,2016,in_season,3,2016-03-01
อุบลราชธานี,Ubon Ratchathani,15.27789498,105.0215845,Apr,0,2016,in_season,4,2016-04-01
อุบลราชธานี,Ubon Ratchathani,15.27789498,105.0215845,May,2320867,2016,in_season,5,2016-05-01
อุบลราชธานี,Ubon Ratchathani,15.27789498,105.0215845,Jun,811624,2016,in_season,6,2016-06-01
อุบลราชธานี,Ubon Ratchathani,15.27789498,105.0215845,Jul,592042,2016,in_season,7,2016-07-01
อุบลราชธานี,Ubon Ratchathani,15.27789498,105.0215845,Aug,128190,2016,in_season,8,2016-08-01
อุบลราชธานี,Ubon Ratchathani,15.27789498,105.0215845,Sep,9753,2016,in_season,9,2016-09-01
อุบลราชธานี,Ubon Ratchathani,15.27789498,105.0215845,Oct,0,2016,in_season,10,2016-10-01
อุบลราชธานี,Ubon Ratchathani,15.27789498,105.0215845,Nov,0,2016,in_season,11,2016-11-01
อุบลราชธานี,Ubon Ratchathani,15.27789498,105.0215845,Dec,0,2016,in_season,12,2016-12-01
อุบลราชธานี,Ubon Ratchathani,15.27789498,105.0215845,Jan,0,2017,in_season,1,2017-01-01
อุบลราชธานี,Ubon Ratchathani,15.27789498,105.0215845,Feb,0,2017,in_season,2,2017-02-01
อุบลราชธานี,Ubon Ratchathani,15.27789498,105.0215845,Mar,0,2017,in_season,3,2017-03-01
อุบลราชธานี,Ubon Ratchathani,15.27789498,105.0215845,Apr,0,2017,in_season,4,2017-04-01
อุบลราชธานี,Ubon Ratchathani,15.27789498,105.0215845,May,2212871,2017,in_season,5,2017-05-01
อุบลราชธานี,Ubon Ratchathani,15.27789498,105.0215845,Jun,1216657,2017,in_season,6,2017-06-01
อุบลราชธานี,Ubon Ratchathani,15.27789498,105.0215845,Jul,402576,2017,in_season,7,2017-07-01
อุบลราชธานี,Ubon Ratchathani,15.27789498,105.0215845,Aug,64485,2017,in_season,8,2017-08-01
อุบลราชธานี,Ubon Ratchathani,15.27789498,105.0215845,Sep,1839,2017,in_season,9,2017-09-01
อุบลราชธานี,Ubon Ratchathani,15.27789498,105.0215845,Oct,0,2017,in_season,10,2017-10-01
อุบลราชธานี,Ubon Ratchathani,15.27789498,105.0215845,Nov,0,2017,in_season,11,2017-11-01
อุบลราชธานี,Ubon Ratchathani,15.27789498,105.0215845,Dec,0,2017,in_season,12,2017-12-01
อุบลราชธานี,Ubon Ratchathani,15.27789498,105.0215845,Jan,0,2018,in_season,1,2018-01-01
อุบลราชธานี,Ubon Ratchathani,15.27789498,105.0215845,Feb,0,2018,in_season,2,2018-02-01
อุบลราชธานี,Ubon Ratchathani,15.27789498,105.0215845,Mar,0,2018,in_season,3,2018-03-01
อุบลราชธานี,Ubon Ratchathani,15.27789498,105.0215845,Apr,0,2018,in_season,4,2018-04-01
อุบลราชธานี,Ubon Ratchathani,15.27789498,105.0215845,May,2623292,2018,in_season,5,2018-05-01
อุบลราชธานี,Ubon Ratchathani,15.27789498,105.0215845,Jun,829156,2018,in_season,6,2018-06-01
อุบลราชธานี,Ubon Ratchathani,15.27789498,105.0215845,Jul,428423,2018,in_season,7,2018-07-01
อุบลราชธานี,Ubon Ratchathani,15.27789498,105.0215845,Aug,42564,2018,in_season,8,2018-08-01
อุบลราชธานี,Ubon Ratchathani,15.27789498,105.0215845,Sep,1161,2018,in_season,9,2018-09-01
อุบลราชธานี,Ubon Ratchathani,15.27789498,105.0215845,Oct,0,2018,in_season,10,2018-10-01
อุบลราชธานี,Ubon Ratchathani,15.27789498,105.0215845,Nov,0,2018,in_season,11,2018-11-01
อุบลราชธานี,Ubon Ratchathani,15.27789498,105.0215845,Dec,0,2018,in_season,12,2018-12-01
อุบลราชธานี,Ubon Ratchathani,15.27789498,105.0215845,Jan,0,2019,in_season,1,2019-01-01
อุบลราชธานี,Ubon Ratchathani,15.27789498,105.0215845,Feb,0,2019,in_season,2,2019-02-01
อุบลราชธานี,Ubon Ratchathani,15.27789498,105.0215845,Mar,0,2019,in_season,3,2019-03-01
อุบลราชธานี,Ubon Ratchathani,15.27789498,105.0215845,Apr,0,2019,in_season,4,2019-04-01
อุบลราชธานี,Ubon Ratchathani,15.27789498,105.0215845,May,2623292,2019,in_season,5,2019-05-01
อุบลราชธานี,Ubon Ratchathani,15.27789498,105.0215845,Jun,829156,2019,in_season,6,2019-06-01
อุบลราชธานี,Ubon Ratchathani,15.27789498,105.0215845,Jul,428423,2019,in_season,7,2019-07-01
อุบลราชธานี,Ubon Ratchathani,15.27789498,105.0215845,Aug,42564,2019,in_season,8,2019-08-01
อุบลราชธานี,Ubon Ratchathani,15.27789498,105.0215845,Sep,1161,2019,in_season,9,2019-09-01
อุบลราชธานี,Ubon Ratchathani,15.27789498,105.0215845,Oct,0,2019,in_season,10,2019-10-01
อุบลราชธานี,Ubon Ratchathani,15.27789498,105.0215845,Nov,0,2019,in_season,11,2019-11-01
อุบลราชธานี,Ubon Ratchathani,15.27789498,105.0215845,Dec,0,2019,in_season,12,2019-12-01
อุบลราชธานี,Ubon Ratchathani,15.27789498,105.0215845,Jan,63966,2015,off_season,1,2015-01-01
อุบลราชธานี,Ubon Ratchathani,15.27789498,105.0215845,Feb,36913,2015,off_season,2,2015-02-01
อุบลราชธานี,Ubon Ratchathani,15.27789498,105.0215845,Mar,373,2015,off_season,3,2015-03-01
อุบลราชธานี,Ubon Ratchathani,15.27789498,105.0215845,Apr,0,2015,off_season,4,2015-04-01
อุบลราชธานี,Ubon Ratchathani,15.27789498,105.0215845,May,0,2015,off_season,5,2015-05-01
อุบลราชธานี,Ubon Ratchathani,15.27789498,105.0215845,Jun,0,2015,off_season,6,2015-06-01
อุบลราชธานี,Ubon Ratchathani,15.27789498,105.0215845,Jul,0,2015,off_season,7,2015-07-01
อุบลราชธานี,Ubon Ratchathani,15.27789498,105.0215845,Aug,0,2015,off_season,8,2015-08-01
อุบลราชธานี,Ubon Ratchathani,15.27789498,105.0215845,Sep,0,2015,off_season,9,2015-09-01
อุบลราชธานี,Ubon Ratchathani,15.27789498,105.0215845,Oct,0,2015,off_season,10,2015-10-01
อุบลราชธานี,Ubon Ratchathani,15.27789498,105.0215845,Nov,942,2015,off_season,11,2015-11-01
อุบลราชธานี,Ubon Ratchathani,15.27789498,105.0215845,Dec,36889,2015,off_season,12,2015-12-01
อุบลราชธานี,Ubon Ratchathani,15.27789498,105.0215845,Jan,47216,2016,off_season,1,2016-01-01
อุบลราชธานี,Ubon Ratchathani,15.27789498,105.0215845,Feb,6926,2016,off_season,2,2016-02-01
อุบลราชธานี,Ubon Ratchathani,15.27789498,105.0215845,Mar,0,2016,off_season,3,2016-03-01
อุบลราชธานี,Ubon Ratchathani,15.27789498,105.0215845,Apr,0,2016,off_season,4,2016-04-01
อุบลราชธานี,Ubon Ratchathani,15.27789498,105.0215845,May,0,2016,off_season,5,2016-05-01
อุบลราชธานี,Ubon Ratchathani,15.27789498,105.0215845,Jun,0,2016,off_season,6,2016-06-01
อุบลราชธานี,Ubon Ratchathani,15.27789498,105.0215845,Jul,0,2016,off_season,7,2016-07-01
อุบลราชธานี,Ubon Ratchathani,15.27789498,105.0215845,Aug,0,2016,off_season,8,2016-08-01
อุบลราชธานี,Ubon Ratchathani,15.27789498,105.0215845,Sep,0,2016,off_season,9,2016-09-01
อุบลราชธานี,Ubon Ratchathani,15.27789498,105.0215845,Oct,0,2016,off_season,10,2016-10-01
อุบลราชธานี,Ubon Ratchathani,15.27789498,105.0215845,Nov,1122,2016,off_season,11,2016-11-01
อุบลราชธานี,Ubon Ratchathani,15.27789498,105.0215845,Dec,36509,2016,off_season,12,2016-12-01
อุบลราชธานี,Ubon Ratchathani,15.27789498,105.0215845,Jan,49568,2017,off_season,1,2017-01-01
อุบลราชธานี,Ubon Ratchathani,15.27789498,105.0215845,Feb,23858,2017,off_season,2,2017-02-01
อุบลราชธานี,Ubon Ratchathani,15.27789498,105.0215845,Mar,6341,2017,off_season,3,2017-03-01
อุบลราชธานี,Ubon Ratchathani,15.27789498,105.0215845,Apr,0,2017,off_season,4,2017-04-01
อุบลราชธานี,Ubon Ratchathani,15.27789498,105.0215845,May,0,2017,off_season,5,2017-05-01
อุบลราชธานี,Ubon Ratchathani,15.27789498,105.0215845,Jun,0,2017,off_season,6,2017-06-01
อุบลราชธานี,Ubon Ratchathani,15.27789498,105.0215845,Jul,0,2017,off_season,7,2017-07-01
อุบลราชธานี,Ubon Ratchathani,15.27789498,105.0215845,Aug,0,2017,off_season,8,2017-08-01
อุบลราชธานี,Ubon Ratchathani,15.27789498,105.0215845,Sep,0,2017,off_season,9,2017-09-01
อุบลราชธานี,Ubon Ratchathani,15.27789498,105.0215845,Oct,0,2017,off_season,10,2017-10-01
อุบลราชธานี,Ubon Ratchathani,15.27789498,105.0215845,Nov,1441,2017,off_season,11,2017-11-01
อุบลราชธานี,Ubon Ratchathani,15.27789498,105.0215845,Dec,61049,2017,off_season,12,2017-12-01
อุบลราชธานี,Ubon Ratchathani,15.27789498,105.0215845,Jan,45814,2018,off_season,1,2018-01-01
อุบลราชธานี,Ubon Ratchathani,15.27789498,105.0215845,Feb,23451,2018,off_season,2,2018-02-01
อุบลราชธานี,Ubon Ratchathani,15.27789498,105.0215845,Mar,6843,2018,off_season,3,2018-03-01
อุบลราชธานี,Ubon Ratchathani,15.27789498,105.0215845,Apr,201,2018,off_season,4,2018-04-01
อุบลราชธานี,Ubon Ratchathani,15.27789498,105.0215845,May,0,2018,off_season,5,2018-05-01
อุบลราชธานี,Ubon Ratchathani,15.27789498,105.0215845,Jun,0,2018,off_season,6,2018-06-01
อุบลราชธานี,Ubon Ratchathani,15.27789498,105.0215845,Jul,0,2018,off_season,7,2018-07-01
อุบลราชธานี,Ubon Ratchathani,15.27789498,105.0215845,Aug,0,2018,off_season,8,2018-08-01
อุบลราชธานี,Ubon Ratchathani,15.27789498,105.0215845,Sep,0,2018,off_season,9,2018-09-01
อุบลราชธานี,Ubon Ratchathani,15.27789498,105.0215845,Oct,0,2018,off_season,10,2018-10-01
อุบลราชธานี,Ubon Ratchathani,15.27789498,105.0215845,Nov,1123,2018,off_season,11,2018-11-01
อุบลราชธานี,Ubon Ratchathani,15.27789498,105.0215845,Dec,73554,2018,off_season,12,2018-12-01
อุบลราชธานี,Ubon Ratchathani,15.27789498,105.0215845,Jan,59849,2019,off_season,1,2019-01-01
อุบลราชธานี,Ubon Ratchathani,15.27789498,105.0215845,Feb,19634,2019,off_season,2,2019-02-01
อุบลราชธานี,Ubon Ratchathani,15.27789498,105.0215845,Mar,1608,2019,off_season,3,2019-03-01
อุบลราชธานี,Ubon Ratchathani,15.27789498,105.0215845,Apr,0,2019,off_season,4,2019-04-01
อุบลราชธานี,Ubon Ratchathani,15.27789498,105.0215845,May,0,2019,off_season,5,2019-05-01
อุบลราชธานี,Ubon Ratchathani,15.27789498,105.0215845,Jun,0,2019,off_season,6,2019-06-01
อุบลราชธานี,Ubon Ratchathani,15.27789498,105.0215845,Jul,0,2019,off_season,7,2019-07-01
อุบลราชธานี,Ubon Ratchathani,15.27789498,105.0215845,Aug,0,2019,off_season,8,2019-08-01
อุบลราชธานี,Ubon Ratchathani,15.27789498,105.0215845,Sep,0,2019,off_season,9,2019-09-01
อุบลราชธานี,Ubon Ratchathani,15.27789498,105.0215845,Oct,0,2019,off_season,10,2019-10-01
อุบลราชธานี,Ubon Ratchathani,15.27789498,105.0215845,Nov,952,2019,off_season,11,2019-11-01
อุบลราชธานี,Ubon Ratchathani,15.27789498,105.0215845,Dec,72384,2019,off_season,12,2019-12-01
อุดรธานี,Udon Thani,17.40975974,102.883539,Jan,0,2015,in_season,1,2015-01-01
อุดรธานี,Udon Thani,17.40975974,102.883539,Feb,0,2015,in_season,2,2015-02-01
อุดรธานี,Udon Thani,17.40975974,102.883539,Mar,0,2015,in_season,3,2015-03-01
อุดรธานี,Udon Thani,17.40975974,102.883539,Apr,0,2015,in_season,4,2015-04-01
อุดรธานี,Udon Thani,17.40975974,102.883539,May,349032,2015,in_season,5,2015-05-01
อุดรธานี,Udon Thani,17.40975974,102.883539,Jun,300083,2015,in_season,6,2015-06-01
อุดรธานี,Udon Thani,17.40975974,102.883539,Jul,826406,2015,in_season,7,2015-07-01
อุดรธานี,Udon Thani,17.40975974,102.883539,Aug,206560,2015,in_season,8,2015-08-01
อุดรธานี,Udon Thani,17.40975974,102.883539,Sep,0,2015,in_season,9,2015-09-01
อุดรธานี,Udon Thani,17.40975974,102.883539,Oct,0,2015,in_season,10,2015-10-01
อุดรธานี,Udon Thani,17.40975974,102.883539,Nov,0,2015,in_season,11,2015-11-01
อุดรธานี,Udon Thani,17.40975974,102.883539,Dec,0,2015,in_season,12,2015-12-01
อุดรธานี,Udon Thani,17.40975974,102.883539,Jan,0,2016,in_season,1,2016-01-01
อุดรธานี,Udon Thani,17.40975974,102.883539,Feb,0,2016,in_season,2,2016-02-01
อุดรธานี,Udon Thani,17.40975974,102.883539,Mar,0,2016,in_season,3,2016-03-01
อุดรธานี,Udon Thani,17.40975974,102.883539,Apr,0,2016,in_season,4,2016-04-01
อุดรธานี,Udon Thani,17.40975974,102.883539,May,370432,2016,in_season,5,2016-05-01
อุดรธานี,Udon Thani,17.40975974,102.883539,Jun,519405,2016,in_season,6,2016-06-01
อุดรธานี,Udon Thani,17.40975974,102.883539,Jul,677545,2016,in_season,7,2016-07-01
อุดรธานี,Udon Thani,17.40975974,102.883539,Aug,172756,2016,in_season,8,2016-08-01
อุดรธานี,Udon Thani,17.40975974,102.883539,Sep,0,2016,in_season,9,2016-09-01
อุดรธานี,Udon Thani,17.40975974,102.883539,Oct,0,2016,in_season,10,2016-10-01
อุดรธานี,Udon Thani,17.40975974,102.883539,Nov,0,2016,in_season,11,2016-11-01
อุดรธานี,Udon Thani,17.40975974,102.883539,Dec,0,2016,in_season,12,2016-12-01
อุดรธานี,Udon Thani,17.40975974,102.883539,Jan,0,2017,in_season,1,2017-01-01
อุดรธานี,Udon Thani,17.40975974,102.883539,Feb,0,2017,in_season,2,2017-02-01
อุดรธานี,Udon Thani,17.40975974,102.883539,Mar,0,2017,in_season,3,2017-03-01
อุดรธานี,Udon Thani,17.40975974,102.883539,Apr,0,2017,in_season,4,2017-04-01
อุดรธานี,Udon Thani,17.40975974,102.883539,May,330643,2017,in_season,5,2017-05-01
อุดรธานี,Udon Thani,17.40975974,102.883539,Jun,449752,2017,in_season,6,2017-06-01
อุดรธานี,Udon Thani,17.40975974,102.883539,Jul,871362,2017,in_season,7,2017-07-01
อุดรธานี,Udon Thani,17.40975974,102.883539,Aug,82695,2017,in_season,8,2017-08-01
อุดรธานี,Udon Thani,17.40975974,102.883539,Sep,0,2017,in_season,9,2017-09-01
อุดรธานี,Udon Thani,17.40975974,102.883539,Oct,0,2017,in_season,10,2017-10-01
อุดรธานี,Udon Thani,17.40975974,102.883539,Nov,0,2017,in_season,11,2017-11-01
อุดรธานี,Udon Thani,17.40975974,102.883539,Dec,0,2017,in_season,12,2017-12-01
อุดรธานี,Udon Thani,17.40975974,102.883539,Jan,0,2018,in_season,1,2018-01-01
อุดรธานี,Udon Thani,17.40975974,102.883539,Feb,0,2018,in_season,2,2018-02-01
อุดรธานี,Udon Thani,17.40975974,102.883539,Mar,0,2018,in_season,3,2018-03-01
อุดรธานี,Udon Thani,17.40975974,102.883539,Apr,0,2018,in_season,4,2018-04-01
อุดรธานี,Udon Thani,17.40975974,102.883539,May,391362,2018,in_season,5,2018-05-01
อุดรธานี,Udon Thani,17.40975974,102.883539,Jun,453647,2018,in_season,6,2018-06-01
อุดรธานี,Udon Thani,17.40975974,102.883539,Jul,717765,2018,in_season,7,2018-07-01
อุดรธานี,Udon Thani,17.40975974,102.883539,Aug,196786,2018,in_season,8,2018-08-01
อุดรธานี,Udon Thani,17.40975974,102.883539,Sep,0,2018,in_season,9,2018-09-01
อุดรธานี,Udon Thani,17.40975974,102.883539,Oct,0,2018,in_season,10,2018-10-01
อุดรธานี,Udon Thani,17.40975974,102.883539,Nov,0,2018,in_season,11,2018-11-01
อุดรธานี,Udon Thani,17.40975974,102.883539,Dec,0,2018,in_season,12,2018-12-01
อุดรธานี,Udon Thani,17.40975974,102.883539,Jan,0,2019,in_season,1,2019-01-01
อุดรธานี,Udon Thani,17.40975974,102.883539,Feb,0,2019,in_season,2,2019-02-01
อุดรธานี,Udon Thani,17.40975974,102.883539,Mar,0,2019,in_season,3,2019-03-01
อุดรธานี,Udon Thani,17.40975974,102.883539,Apr,0,2019,in_season,4,2019-04-01
อุดรธานี,Udon Thani,17.40975974,102.883539,May,391362,2019,in_season,5,2019-05-01
อุดรธานี,Udon Thani,17.40975974,102.883539,Jun,453647,2019,in_season,6,2019-06-01
อุดรธานี,Udon Thani,17.40975974,102.883539,Jul,717765,2019,in_season,7,2019-07-01
อุดรธานี,Udon Thani,17.40975974,102.883539,Aug,196786,2019,in_season,8,2019-08-01
อุดรธานี,Udon Thani,17.40975974,102.883539,Sep,0,2019,in_season,9,2019-09-01
อุดรธานี,Udon Thani,17.40975974,102.883539,Oct,0,2019,in_season,10,2019-10-01
อุดรธานี,Udon Thani,17.40975974,102.883539,Nov,0,2019,in_season,11,2019-11-01
อุดรธานี,Udon Thani,17.40975974,102.883539,Dec,0,2019,in_season,12,2019-12-01
อุดรธานี,Udon Thani,17.40975974,102.883539,Jan,16686,2015,off_season,1,2015-01-01
อุดรธานี,Udon Thani,17.40975974,102.883539,Feb,2938,2015,off_season,2,2015-02-01
อุดรธานี,Udon Thani,17.40975974,102.883539,Mar,514,2015,off_season,3,2015-03-01
อุดรธานี,Udon Thani,17.40975974,102.883539,Apr,0,2015,off_season,4,2015-04-01
อุดรธานี,Udon Thani,17.40975974,102.883539,May,0,2015,off_season,5,2015-05-01
อุดรธานี,Udon Thani,17.40975974,102.883539,Jun,0,2015,off_season,6,2015-06-01
อุดรธานี,Udon Thani,17.40975974,102.883539,Jul,0,2015,off_season,7,2015-07-01
อุดรธานี,Udon Thani,17.40975974,102.883539,Aug,0,2015,off_season,8,2015-08-01
อุดรธานี,Udon Thani,17.40975974,102.883539,Sep,0,2015,off_season,9,2015-09-01
อุดรธานี,Udon Thani,17.40975974,102.883539,Oct,0,2015,off_season,10,2015-10-01
อุดรธานี,Udon Thani,17.40975974,102.883539,Nov,6905,2015,off_season,11,2015-11-01
อุดรธานี,Udon Thani,17.40975974,102.883539,Dec,22230,2015,off_season,12,2015-12-01
อุดรธานี,Udon Thani,17.40975974,102.883539,Jan,9323,2016,off_season,1,2016-01-01
อุดรธานี,Udon Thani,17.40975974,102.883539,Feb,572,2016,off_season,2,2016-02-01
อุดรธานี,Udon Thani,17.40975974,102.883539,Mar,0,2016,off_season,3,2016-03-01
อุดรธานี,Udon Thani,17.40975974,102.883539,Apr,0,2016,off_season,4,2016-04-01
อุดรธานี,Udon Thani,17.40975974,102.883539,May,0,2016,off_season,5,2016-05-01
อุดรธานี,Udon Thani,17.40975974,102.883539,Jun,0,2016,off_season,6,2016-06-01
อุดรธานี,Udon Thani,17.40975974,102.883539,Jul,0,2016,off_season,7,2016-07-01
อุดรธานี,Udon Thani,17.40975974,102.883539,Aug,0,2016,off_season,8,2016-08-01
อุดรธานี,Udon Thani,17.40975974,102.883539,Sep,0,2016,off_season,9,2016-09-01
อุดรธานี,Udon Thani,17.40975974,102.883539,Oct,0,2016,off_season,10,2016-10-01
อุดรธานี,Udon Thani,17.40975974,102.883539,Nov,3752,2016,off_season,11,2016-11-01
อุดรธานี,Udon Thani,17.40975974,102.883539,Dec,21314,2016,off_season,12,2016-12-01
อุดรธานี,Udon Thani,17.40975974,102.883539,Jan,9726,2017,off_season,1,2017-01-01
อุดรธานี,Udon Thani,17.40975974,102.883539,Feb,2490,2017,off_season,2,2017-02-01
อุดรธานี,Udon Thani,17.40975974,102.883539,Mar,840,2017,off_season,3,2017-03-01
อุดรธานี,Udon Thani,17.40975974,102.883539,Apr,0,2017,off_season,4,2017-04-01
อุดรธานี,Udon Thani,17.40975974,102.883539,May,0,2017,off_season,5,2017-05-01
อุดรธานี,Udon Thani,17.40975974,102.883539,Jun,0,2017,off_season,6,2017-06-01
อุดรธานี,Udon Thani,17.40975974,102.883539,Jul,0,2017,off_season,7,2017-07-01
อุดรธานี,Udon Thani,17.40975974,102.883539,Aug,0,2017,off_season,8,2017-08-01
อุดรธานี,Udon Thani,17.40975974,102.883539,Sep,0,2017,off_season,9,2017-09-01
อุดรธานี,Udon Thani,17.40975974,102.883539,Oct,0,2017,off_season,10,2017-10-01
อุดรธานี,Udon Thani,17.40975974,102.883539,Nov,3311,2017,off_season,11,2017-11-01
อุดรธานี,Udon Thani,17.40975974,102.883539,Dec,26393,2017,off_season,12,2017-12-01
อุดรธานี,Udon Thani,17.40975974,102.883539,Jan,9614,2018,off_season,1,2018-01-01
อุดรธานี,Udon Thani,17.40975974,102.883539,Feb,3019,2018,off_season,2,2018-02-01
อุดรธานี,Udon Thani,17.40975974,102.883539,Mar,0,2018,off_season,3,2018-03-01
อุดรธานี,Udon Thani,17.40975974,102.883539,Apr,0,2018,off_season,4,2018-04-01
อุดรธานี,Udon Thani,17.40975974,102.883539,May,0,2018,off_season,5,2018-05-01
อุดรธานี,Udon Thani,17.40975974,102.883539,Jun,0,2018,off_season,6,2018-06-01
อุดรธานี,Udon Thani,17.40975974,102.883539,Jul,0,2018,off_season,7,2018-07-01
อุดรธานี,Udon Thani,17.40975974,102.883539,Aug,0,2018,off_season,8,2018-08-01
อุดรธานี,Udon Thani,17.40975974,102.883539,Sep,0,2018,off_season,9,2018-09-01
อุดรธานี,Udon Thani,17.40975974,102.883539,Oct,0,2018,off_season,10,2018-10-01
อุดรธานี,Udon Thani,17.40975974,102.883539,Nov,4947,2018,off_season,11,2018-11-01
อุดรธานี,Udon Thani,17.40975974,102.883539,Dec,28298,2018,off_season,12,2018-12-01
อุดรธานี,Udon Thani,17.40975974,102.883539,Jan,7429,2019,off_season,1,2019-01-01
อุดรธานี,Udon Thani,17.40975974,102.883539,Feb,2384,2019,off_season,2,2019-02-01
อุดรธานี,Udon Thani,17.40975974,102.883539,Mar,0,2019,off_season,3,2019-03-01
อุดรธานี,Udon Thani,17.40975974,102.883539,Apr,0,2019,off_season,4,2019-04-01
อุดรธานี,Udon Thani,17.40975974,102.883539,May,0,2019,off_season,5,2019-05-01
อุดรธานี,Udon Thani,17.40975974,102.883539,Jun,0,2019,off_season,6,2019-06-01
อุดรธานี,Udon Thani,17.40975974,102.883539,Jul,0,2019,off_season,7,2019-07-01
อุดรธานี,Udon Thani,17.40975974,102.883539,Aug,0,2019,off_season,8,2019-08-01
อุดรธานี,Udon Thani,17.40975974,102.883539,Sep,0,2019,off_season,9,2019-09-01
อุดรธานี,Udon Thani,17.40975974,102.883539,Oct,0,2019,off_season,10,2019-10-01
อุดรธานี,Udon Thani,17.40975974,102.883539,Nov,2275,2019,off_season,11,2019-11-01
อุดรธานี,Udon Thani,17.40975974,102.883539,Dec,31949,2019,off_season,12,2019-12-01
อุทัยธานี,Uthai Thani,15.37220588,99.80179412,Jan,0,2015,in_season,1,2015-01-01
อุทัยธานี,Uthai Thani,15.37220588,99.80179412,Feb,0,2015,in_season,2,2015-02-01
อุทัยธานี,Uthai Thani,15.37220588,99.80179412,Mar,0,2015,in_season,3,2015-03-01
อุทัยธานี,Uthai Thani,15.37220588,99.80179412,Apr,0,2015,in_season,4,2015-04-01
อุทัยธานี,Uthai Thani,15.37220588,99.80179412,May,29953,2015,in_season,5,2015-05-01
อุทัยธานี,Uthai Thani,15.37220588,99.80179412,Jun,6547,2015,in_season,6,2015-06-01
อุทัยธานี,Uthai Thani,15.37220588,99.80179412,Jul,91832,2015,in_season,7,2015-07-01
อุทัยธานี,Uthai Thani,15.37220588,99.80179412,Aug,215635,2015,in_season,8,2015-08-01
อุทัยธานี,Uthai Thani,15.37220588,99.80179412,Sep,104432,2015,in_season,9,2015-09-01
อุทัยธานี,Uthai Thani,15.37220588,99.80179412,Oct,0,2015,in_season,10,2015-10-01
อุทัยธานี,Uthai Thani,15.37220588,99.80179412,Nov,0,2015,in_season,11,2015-11-01
อุทัยธานี,Uthai Thani,15.37220588,99.80179412,Dec,0,2015,in_season,12,2015-12-01
อุทัยธานี,Uthai Thani,15.37220588,99.80179412,Jan,0,2016,in_season,1,2016-01-01
อุทัยธานี,Uthai Thani,15.37220588,99.80179412,Feb,0,2016,in_season,2,2016-02-01
อุทัยธานี,Uthai Thani,15.37220588,99.80179412,Mar,0,2016,in_season,3,2016-03-01
อุทัยธานี,Uthai Thani,15.37220588,99.80179412,Apr,0,2016,in_season,4,2016-04-01
อุทัยธานี,Uthai Thani,15.37220588,99.80179412,May,28679,2016,in_season,5,2016-05-01
อุทัยธานี,Uthai Thani,15.37220588,99.80179412,Jun,193281,2016,in_season,6,2016-06-01
อุทัยธานี,Uthai Thani,15.37220588,99.80179412,Jul,101347,2016,in_season,7,2016-07-01
อุทัยธานี,Uthai Thani,15.37220588,99.80179412,Aug,90691,2016,in_season,8,2016-08-01
อุทัยธานี,Uthai Thani,15.37220588,99.80179412,Sep,48804,2016,in_season,9,2016-09-01
อุทัยธานี,Uthai Thani,15.37220588,99.80179412,Oct,13116,2016,in_season,10,2016-10-01
อุทัยธานี,Uthai Thani,15.37220588,99.80179412,Nov,0,2016,in_season,11,2016-11-01
อุทัยธานี,Uthai Thani,15.37220588,99.80179412,Dec,0,2016,in_season,12,2016-12-01
อุทัยธานี,Uthai Thani,15.37220588,99.80179412,Jan,0,2017,in_season,1,2017-01-01
อุทัยธานี,Uthai Thani,15.37220588,99.80179412,Feb,0,2017,in_season,2,2017-02-01
อุทัยธานี,Uthai Thani,15.37220588,99.80179412,Mar,0,2017,in_season,3,2017-03-01
อุทัยธานี,Uthai Thani,15.37220588,99.80179412,Apr,0,2017,in_season,4,2017-04-01
อุทัยธานี,Uthai Thani,15.37220588,99.80179412,May,121776,2017,in_season,5,2017-05-01
อุทัยธานี,Uthai Thani,15.37220588,99.80179412,Jun,100407,2017,in_season,6,2017-06-01
อุทัยธานี,Uthai Thani,15.37220588,99.80179412,Jul,90197,2017,in_season,7,2017-07-01
อุทัยธานี,Uthai Thani,15.37220588,99.80179412,Aug,36198,2017,in_season,8,2017-08-01
อุทัยธานี,Uthai Thani,15.37220588,99.80179412,Sep,85356,2017,in_season,9,2017-09-01
อุทัยธานี,Uthai Thani,15.37220588,99.80179412,Oct,57931,2017,in_season,10,2017-10-01
อุทัยธานี,Uthai Thani,15.37220588,99.80179412,Nov,0,2017,in_season,11,2017-11-01
อุทัยธานี,Uthai Thani,15.37220588,99.80179412,Dec,0,2017,in_season,12,2017-12-01
อุทัยธานี,Uthai Thani,15.37220588,99.80179412,Jan,0,2018,in_season,1,2018-01-01
อุทัยธานี,Uthai Thani,15.37220588,99.80179412,Feb,0,2018,in_season,2,2018-02-01
อุทัยธานี,Uthai Thani,15.37220588,99.80179412,Mar,0,2018,in_season,3,2018-03-01
อุทัยธานี,Uthai Thani,15.37220588,99.80179412,Apr,0,2018,in_season,4,2018-04-01
อุทัยธานี,Uthai Thani,15.37220588,99.80179412,May,216579,2018,in_season,5,2018-05-01
อุทัยธานี,Uthai Thani,15.37220588,99.80179412,Jun,62692,2018,in_season,6,2018-06-01
อุทัยธานี,Uthai Thani,15.37220588,99.80179412,Jul,80299,2018,in_season,7,2018-07-01
อุทัยธานี,Uthai Thani,15.37220588,99.80179412,Aug,69771,2018,in_season,8,2018-08-01
อุทัยธานี,Uthai Thani,15.37220588,99.80179412,Sep,64092,2018,in_season,9,2018-09-01
อุทัยธานี,Uthai Thani,15.37220588,99.80179412,Oct,21482,2018,in_season,10,2018-10-01
อุทัยธานี,Uthai Thani,15.37220588,99.80179412,Nov,0,2018,in_season,11,2018-11-01
อุทัยธานี,Uthai Thani,15.37220588,99.80179412,Dec,0,2018,in_season,12,2018-12-01
อุทัยธานี,Uthai Thani,15.37220588,99.80179412,Jan,0,2019,in_season,1,2019-01-01
อุทัยธานี,Uthai Thani,15.37220588,99.80179412,Feb,0,2019,in_season,2,2019-02-01
อุทัยธานี,Uthai Thani,15.37220588,99.80179412,Mar,0,2019,in_season,3,2019-03-01
อุทัยธานี,Uthai Thani,15.37220588,99.80179412,Apr,0,2019,in_season,4,2019-04-01
อุทัยธานี,Uthai Thani,15.37220588,99.80179412,May,216579,2019,in_season,5,2019-05-01
อุทัยธานี,Uthai Thani,15.37220588,99.80179412,Jun,62692,2019,in_season,6,2019-06-01
อุทัยธานี,Uthai Thani,15.37220588,99.80179412,Jul,80299,2019,in_season,7,2019-07-01
อุทัยธานี,Uthai Thani,15.37220588,99.80179412,Aug,69771,2019,in_season,8,2019-08-01
อุทัยธานี,Uthai Thani,15.37220588,99.80179412,Sep,64092,2019,in_season,9,2019-09-01
อุทัยธานี,Uthai Thani,15.37220588,99.80179412,Oct,21482,2019,in_season,10,2019-10-01
อุทัยธานี,Uthai Thani,15.37220588,99.80179412,Nov,0,2019,in_season,11,2019-11-01
อุทัยธานี,Uthai Thani,15.37220588,99.80179412,Dec,0,2019,in_season,12,2019-12-01
อุทัยธานี,Uthai Thani,15.37220588,99.80179412,Jan,18087,2015,off_season,1,2015-01-01
อุทัยธานี,Uthai Thani,15.37220588,99.80179412,Feb,6478,2015,off_season,2,2015-02-01
อุทัยธานี,Uthai Thani,15.37220588,99.80179412,Mar,3152,2015,off_season,3,2015-03-01
อุทัยธานี,Uthai Thani,15.37220588,99.80179412,Apr,2199,2015,off_season,4,2015-04-01
อุทัยธานี,Uthai Thani,15.37220588,99.80179412,May,0,2015,off_season,5,2015-05-01
อุทัยธานี,Uthai Thani,15.37220588,99.80179412,Jun,0,2015,off_season,6,2015-06-01
อุทัยธานี,Uthai Thani,15.37220588,99.80179412,Jul,0,2015,off_season,7,2015-07-01
อุทัยธานี,Uthai Thani,15.37220588,99.80179412,Aug,0,2015,off_season,8,2015-08-01
อุทัยธานี,Uthai Thani,15.37220588,99.80179412,Sep,0,2015,off_season,9,2015-09-01
อุทัยธานี,Uthai Thani,15.37220588,99.80179412,Oct,0,2015,off_season,10,2015-10-01
อุทัยธานี,Uthai Thani,15.37220588,99.80179412,Nov,46256,2015,off_season,11,2015-11-01
อุทัยธานี,Uthai Thani,15.37220588,99.80179412,Dec,25106,2015,off_season,12,2015-12-01
อุทัยธานี,Uthai Thani,15.37220588,99.80179412,Jan,10314,2016,off_season,1,2016-01-01
อุทัยธานี,Uthai Thani,15.37220588,99.80179412,Feb,3784,2016,off_season,2,2016-02-01
อุทัยธานี,Uthai Thani,15.37220588,99.80179412,Mar,529,2016,off_season,3,2016-03-01
อุทัยธานี,Uthai Thani,15.37220588,99.80179412,Apr,289,2016,off_season,4,2016-04-01
อุทัยธานี,Uthai Thani,15.37220588,99.80179412,May,0,2016,off_season,5,2016-05-01
อุทัยธานี,Uthai Thani,15.37220588,99.80179412,Jun,0,2016,off_season,6,2016-06-01
อุทัยธานี,Uthai Thani,15.37220588,99.80179412,Jul,0,2016,off_season,7,2016-07-01
อุทัยธานี,Uthai Thani,15.37220588,99.80179412,Aug,0,2016,off_season,8,2016-08-01
อุทัยธานี,Uthai Thani,15.37220588,99.80179412,Sep,0,2016,off_season,9,2016-09-01
อุทัยธานี,Uthai Thani,15.37220588,99.80179412,Oct,0,2016,off_season,10,2016-10-01
อุทัยธานี,Uthai Thani,15.37220588,99.80179412,Nov,29955,2016,off_season,11,2016-11-01
อุทัยธานี,Uthai Thani,15.37220588,99.80179412,Dec,24295,2016,off_season,12,2016-12-01
อุทัยธานี,Uthai Thani,15.37220588,99.80179412,Jan,23935,2017,off_season,1,2017-01-01
อุทัยธานี,Uthai Thani,15.37220588,99.80179412,Feb,13153,2017,off_season,2,2017-02-01
อุทัยธานี,Uthai Thani,15.37220588,99.80179412,Mar,2926,2017,off_season,3,2017-03-01
อุทัยธานี,Uthai Thani,15.37220588,99.80179412,Apr,0,2017,off_season,4,2017-04-01
อุทัยธานี,Uthai Thani,15.37220588,99.80179412,May,0,2017,off_season,5,2017-05-01
อุทัยธานี,Uthai Thani,15.37220588,99.80179412,Jun,0,2017,off_season,6,2017-06-01
อุทัยธานี,Uthai Thani,15.37220588,99.80179412,Jul,0,2017,off_season,7,2017-07-01
อุทัยธานี,Uthai Thani,15.37220588,99.80179412,Aug,0,2017,off_season,8,2017-08-01
อุทัยธานี,Uthai Thani,15.37220588,99.80179412,Sep,0,2017,off_season,9,2017-09-01
อุทัยธานี,Uthai Thani,15.37220588,99.80179412,Oct,0,2017,off_season,10,2017-10-01
อุทัยธานี,Uthai Thani,15.37220588,99.80179412,Nov,78788,2017,off_season,11,2017-11-01
อุทัยธานี,Uthai Thani,15.37220588,99.80179412,Dec,83218,2017,off_season,12,2017-12-01
อุทัยธานี,Uthai Thani,15.37220588,99.80179412,Jan,17240,2018,off_season,1,2018-01-01
อุทัยธานี,Uthai Thani,15.37220588,99.80179412,Feb,4533,2018,off_season,2,2018-02-01
อุทัยธานี,Uthai Thani,15.37220588,99.80179412,Mar,5447,2018,off_season,3,2018-03-01
อุทัยธานี,Uthai Thani,15.37220588,99.80179412,Apr,5093,2018,off_season,4,2018-04-01
อุทัยธานี,Uthai Thani,15.37220588,99.80179412,May,0,2018,off_season,5,2018-05-01
อุทัยธานี,Uthai Thani,15.37220588,99.80179412,Jun,0,2018,off_season,6,2018-06-01
อุทัยธานี,Uthai Thani,15.37220588,99.80179412,Jul,0,2018,off_season,7,2018-07-01
อุทัยธานี,Uthai Thani,15.37220588,99.80179412,Aug,0,2018,off_season,8,2018-08-01
อุทัยธานี,Uthai Thani,15.37220588,99.80179412,Sep,0,2018,off_season,9,2018-09-01
อุทัยธานี,Uthai Thani,15.37220588,99.80179412,Oct,0,2018,off_season,10,2018-10-01
อุทัยธานี,Uthai Thani,15.37220588,99.80179412,Nov,98898,2018,off_season,11,2018-11-01
อุทัยธานี,Uthai Thani,15.37220588,99.80179412,Dec,24714,2018,off_season,12,2018-12-01
อุทัยธานี,Uthai Thani,15.37220588,99.80179412,Jan,13060,2019,off_season,1,2019-01-01
อุทัยธานี,Uthai Thani,15.37220588,99.80179412,Feb,3721,2019,off_season,2,2019-02-01
อุทัยธานี,Uthai Thani,15.37220588,99.80179412,Mar,9092,2019,off_season,3,2019-03-01
อุทัยธานี,Uthai Thani,15.37220588,99.80179412,Apr,4528,2019,off_season,4,2019-04-01
อุทัยธานี,Uthai Thani,15.37220588,99.80179412,May,0,2019,off_season,5,2019-05-01
อุทัยธานี,Uthai Thani,15.37220588,99.80179412,Jun,0,2019,off_season,6,2019-06-01
อุทัยธานี,Uthai Thani,15.37220588,99.80179412,Jul,0,2019,off_season,7,2019-07-01
อุทัยธานี,Uthai Thani,15.37220588,99.80179412,Aug,0,2019,off_season,8,2019-08-01
อุทัยธานี,Uthai Thani,15.37220588,99.80179412,Sep,0,2019,off_season,9,2019-09-01
อุทัยธานี,Uthai Thani,15.37220588,99.80179412,Oct,0,2019,off_season,10,2019-10-01
อุทัยธานี,Uthai Thani,15.37220588,99.80179412,Nov,43727,2019,off_season,11,2019-11-01
อุทัยธานี,Uthai Thani,15.37220588,99.80179412,Dec,16794,2019,off_season,12,2019-12-01
อุตรดิตถ์,Uttaradit,17.63522727,100.3226667,Jan,0,2015,in_season,1,2015-01-01
อุตรดิตถ์,Uttaradit,17.63522727,100.3226667,Feb,0,2015,in_season,2,2015-02-01
อุตรดิตถ์,Uttaradit,17.63522727,100.3226667,Mar,0,2015,in_season,3,2015-03-01
อุตรดิตถ์,Uttaradit,17.63522727,100.3226667,Apr,0,2015,in_season,4,2015-04-01
อุตรดิตถ์,Uttaradit,17.63522727,100.3226667,May,18967,2015,in_season,5,2015-05-01
อุตรดิตถ์,Uttaradit,17.63522727,100.3226667,Jun,63557,2015,in_season,6,2015-06-01
อุตรดิตถ์,Uttaradit,17.63522727,100.3226667,Jul,198226,2015,in_season,7,2015-07-01
อุตรดิตถ์,Uttaradit,17.63522727,100.3226667,Aug,208738,2015,in_season,8,2015-08-01
อุตรดิตถ์,Uttaradit,17.63522727,100.3226667,Sep,38832,2015,in_season,9,2015-09-01
อุตรดิตถ์,Uttaradit,17.63522727,100.3226667,Oct,0,2015,in_season,10,2015-10-01
อุตรดิตถ์,Uttaradit,17.63522727,100.3226667,Nov,0,2015,in_season,11,2015-11-01
อุตรดิตถ์,Uttaradit,17.63522727,100.3226667,Dec,0,2015,in_season,12,2015-12-01
อุตรดิตถ์,Uttaradit,17.63522727,100.3226667,Jan,0,2016,in_season,1,2016-01-01
อุตรดิตถ์,Uttaradit,17.63522727,100.3226667,Feb,0,2016,in_season,2,2016-02-01
อุตรดิตถ์,Uttaradit,17.63522727,100.3226667,Mar,0,2016,in_season,3,2016-03-01
อุตรดิตถ์,Uttaradit,17.63522727,100.3226667,Apr,0,2016,in_season,4,2016-04-01
อุตรดิตถ์,Uttaradit,17.63522727,100.3226667,May,19719,2016,in_season,5,2016-05-01
อุตรดิตถ์,Uttaradit,17.63522727,100.3226667,Jun,74910,2016,in_season,6,2016-06-01
อุตรดิตถ์,Uttaradit,17.63522727,100.3226667,Jul,230459,2016,in_season,7,2016-07-01
อุตรดิตถ์,Uttaradit,17.63522727,100.3226667,Aug,198775,2016,in_season,8,2016-08-01
อุตรดิตถ์,Uttaradit,17.63522727,100.3226667,Sep,21122,2016,in_season,9,2016-09-01
อุตรดิตถ์,Uttaradit,17.63522727,100.3226667,Oct,0,2016,in_season,10,2016-10-01
อุตรดิตถ์,Uttaradit,17.63522727,100.3226667,Nov,0,2016,in_season,11,2016-11-01
อุตรดิตถ์,Uttaradit,17.63522727,100.3226667,Dec,0,2016,in_season,12,2016-12-01
อุตรดิตถ์,Uttaradit,17.63522727,100.3226667,Jan,0,2017,in_season,1,2017-01-01
อุตรดิตถ์,Uttaradit,17.63522727,100.3226667,Feb,0,2017,in_season,2,2017-02-01
อุตรดิตถ์,Uttaradit,17.63522727,100.3226667,Mar,0,2017,in_season,3,2017-03-01
อุตรดิตถ์,Uttaradit,17.63522727,100.3226667,Apr,0,2017,in_season,4,2017-04-01
อุตรดิตถ์,Uttaradit,17.63522727,100.3226667,May,38382,2017,in_season,5,2017-05-01
อุตรดิตถ์,Uttaradit,17.63522727,100.3226667,Jun,76174,2017,in_season,6,2017-06-01
อุตรดิตถ์,Uttaradit,17.63522727,100.3226667,Jul,291924,2017,in_season,7,2017-07-01
อุตรดิตถ์,Uttaradit,17.63522727,100.3226667,Aug,131839,2017,in_season,8,2017-08-01
อุตรดิตถ์,Uttaradit,17.63522727,100.3226667,Sep,27968,2017,in_season,9,2017-09-01
อุตรดิตถ์,Uttaradit,17.63522727,100.3226667,Oct,2438,2017,in_season,10,2017-10-01
อุตรดิตถ์,Uttaradit,17.63522727,100.3226667,Nov,0,2017,in_season,11,2017-11-01
อุตรดิตถ์,Uttaradit,17.63522727,100.3226667,Dec,0,2017,in_season,12,2017-12-01
อุตรดิตถ์,Uttaradit,17.63522727,100.3226667,Jan,0,2018,in_season,1,2018-01-01
อุตรดิตถ์,Uttaradit,17.63522727,100.3226667,Feb,0,2018,in_season,2,2018-02-01
อุตรดิตถ์,Uttaradit,17.63522727,100.3226667,Mar,0,2018,in_season,3,2018-03-01
อุตรดิตถ์,Uttaradit,17.63522727,100.3226667,Apr,0,2018,in_season,4,2018-04-01
อุตรดิตถ์,Uttaradit,17.63522727,100.3226667,May,32755,2018,in_season,5,2018-05-01
อุตรดิตถ์,Uttaradit,17.63522727,100.3226667,Jun,80383,2018,in_season,6,2018-06-01
อุตรดิตถ์,Uttaradit,17.63522727,100.3226667,Jul,297889,2018,in_season,7,2018-07-01
อุตรดิตถ์,Uttaradit,17.63522727,100.3226667,Aug,135889,2018,in_season,8,2018-08-01
อุตรดิตถ์,Uttaradit,17.63522727,100.3226667,Sep,35357,2018,in_season,9,2018-09-01
อุตรดิตถ์,Uttaradit,17.63522727,100.3226667,Oct,101,2018,in_season,10,2018-10-01
อุตรดิตถ์,Uttaradit,17.63522727,100.3226667,Nov,0,2018,in_season,11,2018-11-01
อุตรดิตถ์,Uttaradit,17.63522727,100.3226667,Dec,0,2018,in_season,12,2018-12-01
อุตรดิตถ์,Uttaradit,17.63522727,100.3226667,Jan,0,2019,in_season,1,2019-01-01
อุตรดิตถ์,Uttaradit,17.63522727,100.3226667,Feb,0,2019,in_season,2,2019-02-01
อุตรดิตถ์,Uttaradit,17.63522727,100.3226667,Mar,0,2019,in_season,3,2019-03-01
อุตรดิตถ์,Uttaradit,17.63522727,100.3226667,Apr,0,2019,in_season,4,2019-04-01
อุตรดิตถ์,Uttaradit,17.63522727,100.3226667,May,32755,2019,in_season,5,2019-05-01
อุตรดิตถ์,Uttaradit,17.63522727,100.3226667,Jun,80383,2019,in_season,6,2019-06-01
อุตรดิตถ์,Uttaradit,17.63522727,100.3226667,Jul,297889,2019,in_season,7,2019-07-01
อุตรดิตถ์,Uttaradit,17.63522727,100.3226667,Aug,135889,2019,in_season,8,2019-08-01
อุตรดิตถ์,Uttaradit,17.63522727,100.3226667,Sep,35357,2019,in_season,9,2019-09-01
อุตรดิตถ์,Uttaradit,17.63522727,100.3226667,Oct,101,2019,in_season,10,2019-10-01
อุตรดิตถ์,Uttaradit,17.63522727,100.3226667,Nov,0,2019,in_season,11,2019-11-01
อุตรดิตถ์,Uttaradit,17.63522727,100.3226667,Dec,0,2019,in_season,12,2019-12-01
อุตรดิตถ์,Uttaradit,17.63522727,100.3226667,Jan,72055,2015,off_season,1,2015-01-01
อุตรดิตถ์,Uttaradit,17.63522727,100.3226667,Feb,13009,2015,off_season,2,2015-02-01
อุตรดิตถ์,Uttaradit,17.63522727,100.3226667,Mar,5524,2015,off_season,3,2015-03-01
อุตรดิตถ์,Uttaradit,17.63522727,100.3226667,Apr,7706,2015,off_season,4,2015-04-01
อุตรดิตถ์,Uttaradit,17.63522727,100.3226667,May,0,2015,off_season,5,2015-05-01
อุตรดิตถ์,Uttaradit,17.63522727,100.3226667,Jun,0,2015,off_season,6,2015-06-01
อุตรดิตถ์,Uttaradit,17.63522727,100.3226667,Jul,0,2015,off_season,7,2015-07-01
อุตรดิตถ์,Uttaradit,17.63522727,100.3226667,Aug,0,2015,off_season,8,2015-08-01
อุตรดิตถ์,Uttaradit,17.63522727,100.3226667,Sep,0,2015,off_season,9,2015-09-01
อุตรดิตถ์,Uttaradit,17.63522727,100.3226667,Oct,0,2015,off_season,10,2015-10-01
อุตรดิตถ์,Uttaradit,17.63522727,100.3226667,Nov,14552,2015,off_season,11,2015-11-01
อุตรดิตถ์,Uttaradit,17.63522727,100.3226667,Dec,80784,2015,off_season,12,2015-12-01
อุตรดิตถ์,Uttaradit,17.63522727,100.3226667,Jan,26552,2016,off_season,1,2016-01-01
อุตรดิตถ์,Uttaradit,17.63522727,100.3226667,Feb,2374,2016,off_season,2,2016-02-01
อุตรดิตถ์,Uttaradit,17.63522727,100.3226667,Mar,507,2016,off_season,3,2016-03-01
อุตรดิตถ์,Uttaradit,17.63522727,100.3226667,Apr,0,2016,off_season,4,2016-04-01
อุตรดิตถ์,Uttaradit,17.63522727,100.3226667,May,0,2016,off_season,5,2016-05-01
อุตรดิตถ์,Uttaradit,17.63522727,100.3226667,Jun,0,2016,off_season,6,2016-06-01
อุตรดิตถ์,Uttaradit,17.63522727,100.3226667,Jul,0,2016,off_season,7,2016-07-01
อุตรดิตถ์,Uttaradit,17.63522727,100.3226667,Aug,0,2016,off_season,8,2016-08-01
อุตรดิตถ์,Uttaradit,17.63522727,100.3226667,Sep,0,2016,off_season,9,2016-09-01
อุตรดิตถ์,Uttaradit,17.63522727,100.3226667,Oct,0,2016,off_season,10,2016-10-01
อุตรดิตถ์,Uttaradit,17.63522727,100.3226667,Nov,5752,2016,off_season,11,2016-11-01
อุตรดิตถ์,Uttaradit,17.63522727,100.3226667,Dec,29932,2016,off_season,12,2016-12-01
อุตรดิตถ์,Uttaradit,17.63522727,100.3226667,Jan,109684,2017,off_season,1,2017-01-01
อุตรดิตถ์,Uttaradit,17.63522727,100.3226667,Feb,8866,2017,off_season,2,2017-02-01
อุตรดิตถ์,Uttaradit,17.63522727,100.3226667,Mar,3150,2017,off_season,3,2017-03-01
อุตรดิตถ์,Uttaradit,17.63522727,100.3226667,Apr,1742,2017,off_season,4,2017-04-01
อุตรดิตถ์,Uttaradit,17.63522727,100.3226667,May,0,2017,off_season,5,2017-05-01
อุตรดิตถ์,Uttaradit,17.63522727,100.3226667,Jun,0,2017,off_season,6,2017-06-01
อุตรดิตถ์,Uttaradit,17.63522727,100.3226667,Jul,0,2017,off_season,7,2017-07-01
อุตรดิตถ์,Uttaradit,17.63522727,100.3226667,Aug,0,2017,off_season,8,2017-08-01
อุตรดิตถ์,Uttaradit,17.63522727,100.3226667,Sep,0,2017,off_season,9,2017-09-01
อุตรดิตถ์,Uttaradit,17.63522727,100.3226667,Oct,0,2017,off_season,10,2017-10-01
อุตรดิตถ์,Uttaradit,17.63522727,100.3226667,Nov,37996,2017,off_season,11,2017-11-01
อุตรดิตถ์,Uttaradit,17.63522727,100.3226667,Dec,154871,2017,off_season,12,2017-12-01
อุตรดิตถ์,Uttaradit,17.63522727,100.3226667,Jan,107647,2018,off_season,1,2018-01-01
อุตรดิตถ์,Uttaradit,17.63522727,100.3226667,Feb,15067,2018,off_season,2,2018-02-01
อุตรดิตถ์,Uttaradit,17.63522727,100.3226667,Mar,2934,2018,off_season,3,2018-03-01
อุตรดิตถ์,Uttaradit,17.63522727,100.3226667,Apr,411,2018,off_season,4,2018-04-01
อุตรดิตถ์,Uttaradit,17.63522727,100.3226667,May,0,2018,off_season,5,2018-05-01
อุตรดิตถ์,Uttaradit,17.63522727,100.3226667,Jun,0,2018,off_season,6,2018-06-01
อุตรดิตถ์,Uttaradit,17.63522727,100.3226667,Jul,0,2018,off_season,7,2018-07-01
อุตรดิตถ์,Uttaradit,17.63522727,100.3226667,Aug,0,2018,off_season,8,2018-08-01
อุตรดิตถ์,Uttaradit,17.63522727,100.3226667,Sep,0,2018,off_season,9,2018-09-01
อุตรดิตถ์,Uttaradit,17.63522727,100.3226667,Oct,0,2018,off_season,10,2018-10-01
อุตรดิตถ์,Uttaradit,17.63522727,100.3226667,Nov,22940,2018,off_season,11,2018-11-01
อุตรดิตถ์,Uttaradit,17.63522727,100.3226667,Dec,165016,2018,off_season,12,2018-12-01
อุตรดิตถ์,Uttaradit,17.63522727,100.3226667,Jan,121320,2019,off_season,1,2019-01-01
อุตรดิตถ์,Uttaradit,17.63522727,100.3226667,Feb,25768,2019,off_season,2,2019-02-01
อุตรดิตถ์,Uttaradit,17.63522727,100.3226667,Mar,2925,2019,off_season,3,2019-03-01
อุตรดิตถ์,Uttaradit,17.63522727,100.3226667,Apr,345,2019,off_season,4,2019-04-01
อุตรดิตถ์,Uttaradit,17.63522727,100.3226667,May,0,2019,off_season,5,2019-05-01
อุตรดิตถ์,Uttaradit,17.63522727,100.3226667,Jun,0,2019,off_season,6,2019-06-01
อุตรดิตถ์,Uttaradit,17.63522727,100.3226667,Jul,0,2019,off_season,7,2019-07-01
อุตรดิตถ์,Uttaradit,17.63522727,100.3226667,Aug,0,2019,off_season,8,2019-08-01
อุตรดิตถ์,Uttaradit,17.63522727,100.3226667,Sep,0,2019,off_season,9,2019-09-01
อุตรดิตถ์,Uttaradit,17.63522727,100.3226667,Oct,0,2019,off_season,10,2019-10-01
อุตรดิตถ์,Uttaradit,17.63522727,100.3226667,Nov,12236,2019,off_season,11,2019-11-01
อุตรดิตถ์,Uttaradit,17.63522727,100.3226667,Dec,128764,2019,off_season,12,2019-12-01
ยะลา,Yala,6.389631579,101.2610877,Jan,0,2015,in_season,1,2015-01-01
ยะลา,Yala,6.389631579,101.2610877,Feb,0,2015,in_season,2,2015-02-01
ยะลา,Yala,6.389631579,101.2610877,Mar,0,2015,in_season,3,2015-03-01
ยะลา,Yala,6.389631579,101.2610877,Apr,0,2015,in_season,4,2015-04-01
ยะลา,Yala,6.389631579,101.2610877,May,0,2015,in_season,5,2015-05-01
ยะลา,Yala,6.389631579,101.2610877,Jun,0,2015,in_season,6,2015-06-01
ยะลา,Yala,6.389631579,101.2610877,Jul,0,2015,in_season,7,2015-07-01
ยะลา,Yala,6.389631579,101.2610877,Aug,0,2015,in_season,8,2015-08-01
ยะลา,Yala,6.389631579,101.2610877,Sep,0,2015,in_season,9,2015-09-01
ยะลา,Yala,6.389631579,101.2610877,Oct,5192,2015,in_season,10,2015-10-01
ยะลา,Yala,6.389631579,101.2610877,Nov,19837,2015,in_season,11,2015-11-01
ยะลา,Yala,6.389631579,101.2610877,Dec,1340,2015,in_season,12,2015-12-01
ยะลา,Yala,6.389631579,101.2610877,Jan,9310,2016,in_season,1,2016-01-01
ยะลา,Yala,6.389631579,101.2610877,Feb,0,2016,in_season,2,2016-02-01
ยะลา,Yala,6.389631579,101.2610877,Mar,0,2016,in_season,3,2016-03-01
ยะลา,Yala,6.389631579,101.2610877,Apr,0,2016,in_season,4,2016-04-01
ยะลา,Yala,6.389631579,101.2610877,May,0,2016,in_season,5,2016-05-01
ยะลา,Yala,6.389631579,101.2610877,Jun,0,2016,in_season,6,2016-06-01
ยะลา,Yala,6.389631579,101.2610877,Jul,0,2016,in_season,7,2016-07-01
ยะลา,Yala,6.389631579,101.2610877,Aug,0,2016,in_season,8,2016-08-01
ยะลา,Yala,6.389631579,101.2610877,Sep,0,2016,in_season,9,2016-09-01
ยะลา,Yala,6.389631579,101.2610877,Oct,0,2016,in_season,10,2016-10-01
ยะลา,Yala,6.389631579,101.2610877,Nov,5886,2016,in_season,11,2016-11-01
ยะลา,Yala,6.389631579,101.2610877,Dec,3442,2016,in_season,12,2016-12-01
ยะลา,Yala,6.389631579,101.2610877,Jan,2746,2017,in_season,1,2017-01-01
ยะลา,Yala,6.389631579,101.2610877,Feb,0,2017,in_season,2,2017-02-01
ยะลา,Yala,6.389631579,101.2610877,Mar,0,2017,in_season,3,2017-03-01
ยะลา,Yala,6.389631579,101.2610877,Apr,0,2017,in_season,4,2017-04-01
ยะลา,Yala,6.389631579,101.2610877,May,0,2017,in_season,5,2017-05-01
ยะลา,Yala,6.389631579,101.2610877,Jun,0,2017,in_season,6,2017-06-01
ยะลา,Yala,6.389631579,101.2610877,Jul,0,2017,in_season,7,2017-07-01
ยะลา,Yala,6.389631579,101.2610877,Aug,0,2017,in_season,8,2017-08-01
ยะลา,Yala,6.389631579,101.2610877,Sep,0,2017,in_season,9,2017-09-01
ยะลา,Yala,6.389631579,101.2610877,Oct,770,2017,in_season,10,2017-10-01
ยะลา,Yala,6.389631579,101.2610877,Nov,12601,2017,in_season,11,2017-11-01
ยะลา,Yala,6.389631579,101.2610877,Dec,5808,2017,in_season,12,2017-12-01
ยะลา,Yala,6.389631579,101.2610877,Jan,7882,2018,in_season,1,2018-01-01
ยะลา,Yala,6.389631579,101.2610877,Feb,0,2018,in_season,2,2018-02-01
ยะลา,Yala,6.389631579,101.2610877,Mar,0,2018,in_season,3,2018-03-01
ยะลา,Yala,6.389631579,101.2610877,Apr,0,2018,in_season,4,2018-04-01
ยะลา,Yala,6.389631579,101.2610877,May,0,2018,in_season,5,2018-05-01
ยะลา,Yala,6.389631579,101.2610877,Jun,0,2018,in_season,6,2018-06-01
ยะลา,Yala,6.389631579,101.2610877,Jul,0,2018,in_season,7,2018-07-01
ยะลา,Yala,6.389631579,101.2610877,Aug,0,2018,in_season,8,2018-08-01
ยะลา,Yala,6.389631579,101.2610877,Sep,0,2018,in_season,9,2018-09-01
ยะลา,Yala,6.389631579,101.2610877,Oct,904,2018,in_season,10,2018-10-01
ยะลา,Yala,6.389631579,101.2610877,Nov,14438,2018,in_season,11,2018-11-01
ยะลา,Yala,6.389631579,101.2610877,Dec,2038,2018,in_season,12,2018-12-01
ยะลา,Yala,6.389631579,101.2610877,Jan,7882,2019,in_season,1,2019-01-01
ยะลา,Yala,6.389631579,101.2610877,Feb,0,2019,in_season,2,2019-02-01
ยะลา,Yala,6.389631579,101.2610877,Mar,0,2019,in_season,3,2019-03-01
ยะลา,Yala,6.389631579,101.2610877,Apr,0,2019,in_season,4,2019-04-01
ยะลา,Yala,6.389631579,101.2610877,May,0,2019,in_season,5,2019-05-01
ยะลา,Yala,6.389631579,101.2610877,Jun,0,2019,in_season,6,2019-06-01
ยะลา,Yala,6.389631579,101.2610877,Jul,0,2019,in_season,7,2019-07-01
ยะลา,Yala,6.389631579,101.2610877,Aug,0,2019,in_season,8,2019-08-01
ยะลา,Yala,6.389631579,101.2610877,Sep,0,2019,in_season,9,2019-09-01
ยะลา,Yala,6.389631579,101.2610877,Oct,904,2019,in_season,10,2019-10-01
ยะลา,Yala,6.389631579,101.2610877,Nov,14438,2019,in_season,11,2019-11-01
ยะลา,Yala,6.389631579,101.2610877,Dec,2038,2019,in_season,12,2019-12-01
ยะลา,Yala,6.389631579,101.2610877,Jan,0,2015,off_season,1,2015-01-01
ยะลา,Yala,6.389631579,101.2610877,Feb,0,2015,off_season,2,2015-02-01
ยะลา,Yala,6.389631579,101.2610877,Mar,0,2015,off_season,3,2015-03-01
ยะลา,Yala,6.389631579,101.2610877,Apr,50,2015,off_season,4,2015-04-01
ยะลา,Yala,6.389631579,101.2610877,May,112,2015,off_season,5,2015-05-01
ยะลา,Yala,6.389631579,101.2610877,Jun,28,2015,off_season,6,2015-06-01
ยะลา,Yala,6.389631579,101.2610877,Jul,0,2015,off_season,7,2015-07-01
ยะลา,Yala,6.389631579,101.2610877,Aug,0,2015,off_season,8,2015-08-01
ยะลา,Yala,6.389631579,101.2610877,Sep,0,2015,off_season,9,2015-09-01
ยะลา,Yala,6.389631579,101.2610877,Oct,0,2015,off_season,10,2015-10-01
ยะลา,Yala,6.389631579,101.2610877,Nov,0,2015,off_season,11,2015-11-01
ยะลา,Yala,6.389631579,101.2610877,Dec,0,2015,off_season,12,2015-12-01
ยะลา,Yala,6.389631579,101.2610877,Jan,0,2016,off_season,1,2016-01-01
ยะลา,Yala,6.389631579,101.2610877,Feb,0,2016,off_season,2,2016-02-01
ยะลา,Yala,6.389631579,101.2610877,Mar,0,2016,off_season,3,2016-03-01
ยะลา,Yala,6.389631579,101.2610877,Apr,0,2016,off_season,4,2016-04-01
ยะลา,Yala,6.389631579,101.2610877,May,0,2016,off_season,5,2016-05-01
ยะลา,Yala,6.389631579,101.2610877,Jun,0,2016,off_season,6,2016-06-01
ยะลา,Yala,6.389631579,101.2610877,Jul,0,2016,off_season,7,2016-07-01
ยะลา,Yala,6.389631579,101.2610877,Aug,0,2016,off_season,8,2016-08-01
ยะลา,Yala,6.389631579,101.2610877,Sep,0,2016,off_season,9,2016-09-01
ยะลา,Yala,6.389631579,101.2610877,Oct,0,2016,off_season,10,2016-10-01
ยะลา,Yala,6.389631579,101.2610877,Nov,0,2016,off_season,11,2016-11-01
ยะลา,Yala,6.389631579,101.2610877,Dec,0,2016,off_season,12,2016-12-01
ยะลา,Yala,6.389631579,101.2610877,Jan,0,2017,off_season,1,2017-01-01
ยะลา,Yala,6.389631579,101.2610877,Feb,0,2017,off_season,2,2017-02-01
ยะลา,Yala,6.389631579,101.2610877,Mar,0,2017,off_season,3,2017-03-01
ยะลา,Yala,6.389631579,101.2610877,Apr,92,2017,off_season,4,2017-04-01
ยะลา,Yala,6.389631579,101.2610877,May,170,2017,off_season,5,2017-05-01
ยะลา,Yala,6.389631579,101.2610877,Jun,68,2017,off_season,6,2017-06-01
ยะลา,Yala,6.389631579,101.2610877,Jul,0,2017,off_season,7,2017-07-01
ยะลา,Yala,6.389631579,101.2610877,Aug,0,2017,off_season,8,2017-08-01
ยะลา,Yala,6.389631579,101.2610877,Sep,0,2017,off_season,9,2017-09-01
ยะลา,Yala,6.389631579,101.2610877,Oct,0,2017,off_season,10,2017-10-01
ยะลา,Yala,6.389631579,101.2610877,Nov,0,2017,off_season,11,2017-11-01
ยะลา,Yala,6.389631579,101.2610877,Dec,0,2017,off_season,12,2017-12-01
ยะลา,Yala,6.389631579,101.2610877,Jan,0,2018,off_season,1,2018-01-01
ยะลา,Yala,6.389631579,101.2610877,Feb,0,2018,off_season,2,2018-02-01
ยะลา,Yala,6.389631579,101.2610877,Mar,0,2018,off_season,3,2018-03-01
ยะลา,Yala,6.389631579,101.2610877,Apr,79,2018,off_season,4,2018-04-01
ยะลา,Yala,6.389631579,101.2610877,May,198,2018,off_season,5,2018-05-01
ยะลา,Yala,6.389631579,101.2610877,Jun,63,2018,off_season,6,2018-06-01
ยะลา,Yala,6.389631579,101.2610877,Jul,0,2018,off_season,7,2018-07-01
ยะลา,Yala,6.389631579,101.2610877,Aug,0,2018,off_season,8,2018-08-01
ยะลา,Yala,6.389631579,101.2610877,Sep,0,2018,off_season,9,2018-09-01
ยะลา,Yala,6.389631579,101.2610877,Oct,0,2018,off_season,10,2018-10-01
ยะลา,Yala,6.389631579,101.2610877,Nov,0,2018,off_season,11,2018-11-01
ยะลา,Yala,6.389631579,101.2610877,Dec,0,2018,off_season,12,2018-12-01
ยะลา,Yala,6.389631579,101.2610877,Jan,0,2019,off_season,1,2019-01-01
ยะลา,Yala,6.389631579,101.2610877,Feb,0,2019,off_season,2,2019-02-01
ยะลา,Yala,6.389631579,101.2610877,Mar,0,2019,off_season,3,2019-03-01
ยะลา,Yala,6.389631579,101.2610877,Apr,58,2019,off_season,4,2019-04-01
ยะลา,Yala,6.389631579,101.2610877,May,83,2019,off_season,5,2019-05-01
ยะลา,Yala,6.389631579,101.2610877,Jun,39,2019,off_season,6,2019-06-01
ยะลา,Yala,6.389631579,101.2610877,Jul,0,2019,off_season,7,2019-07-01
ยะลา,Yala,6.389631579,101.2610877,Aug,0,2019,off_season,8,2019-08-01
ยะลา,Yala,6.389631579,101.2610877,Sep,0,2019,off_season,9,2019-09-01
ยะลา,Yala,6.389631579,101.2610877,Oct,0,2019,off_season,10,2019-10-01
ยะลา,Yala,6.389631579,101.2610877,Nov,0,2019,off_season,11,2019-11-01
ยะลา,Yala,6.389631579,101.2610877,Dec,0,2019,off_season,12,2019-12-01
ยโสธร,Yasothon,15.83362821,104.3002051,Jan,0,2015,in_season,1,2015-01-01
ยโสธร,Yasothon,15.83362821,104.3002051,Feb,0,2015,in_season,2,2015-02-01
ยโสธร,Yasothon,15.83362821,104.3002051,Mar,0,2015,in_season,3,2015-03-01
ยโสธร,Yasothon,15.83362821,104.3002051,Apr,0,2015,in_season,4,2015-04-01
ยโสธร,Yasothon,15.83362821,104.3002051,May,164967,2015,in_season,5,2015-05-01
ยโสธร,Yasothon,15.83362821,104.3002051,Jun,496590,2015,in_season,6,2015-06-01
ยโสธร,Yasothon,15.83362821,104.3002051,Jul,624147,2015,in_season,7,2015-07-01
ยโสธร,Yasothon,15.83362821,104.3002051,Aug,13249,2015,in_season,8,2015-08-01
ยโสธร,Yasothon,15.83362821,104.3002051,Sep,0,2015,in_season,9,2015-09-01
ยโสธร,Yasothon,15.83362821,104.3002051,Oct,0,2015,in_season,10,2015-10-01
ยโสธร,Yasothon,15.83362821,104.3002051,Nov,0,2015,in_season,11,2015-11-01
ยโสธร,Yasothon,15.83362821,104.3002051,Dec,0,2015,in_season,12,2015-12-01
ยโสธร,Yasothon,15.83362821,104.3002051,Jan,0,2016,in_season,1,2016-01-01
ยโสธร,Yasothon,15.83362821,104.3002051,Feb,0,2016,in_season,2,2016-02-01
ยโสธร,Yasothon,15.83362821,104.3002051,Mar,0,2016,in_season,3,2016-03-01
ยโสธร,Yasothon,15.83362821,104.3002051,Apr,0,2016,in_season,4,2016-04-01
ยโสธร,Yasothon,15.83362821,104.3002051,May,541477,2016,in_season,5,2016-05-01
ยโสธร,Yasothon,15.83362821,104.3002051,Jun,324961,2016,in_season,6,2016-06-01
ยโสธร,Yasothon,15.83362821,104.3002051,Jul,369711,2016,in_season,7,2016-07-01
ยโสธร,Yasothon,15.83362821,104.3002051,Aug,61404,2016,in_season,8,2016-08-01
ยโสธร,Yasothon,15.83362821,104.3002051,Sep,0,2016,in_season,9,2016-09-01
ยโสธร,Yasothon,15.83362821,104.3002051,Oct,0,2016,in_season,10,2016-10-01
ยโสธร,Yasothon,15.83362821,104.3002051,Nov,0,2016,in_season,11,2016-11-01
ยโสธร,Yasothon,15.83362821,104.3002051,Dec,0,2016,in_season,12,2016-12-01
ยโสธร,Yasothon,15.83362821,104.3002051,Jan,0,2017,in_season,1,2017-01-01
ยโสธร,Yasothon,15.83362821,104.3002051,Feb,0,2017,in_season,2,2017-02-01
ยโสธร,Yasothon,15.83362821,104.3002051,Mar,0,2017,in_season,3,2017-03-01
ยโสธร,Yasothon,15.83362821,104.3002051,Apr,0,2017,in_season,4,2017-04-01
ยโสธร,Yasothon,15.83362821,104.3002051,May,523581,2017,in_season,5,2017-05-01
ยโสธร,Yasothon,15.83362821,104.3002051,Jun,451398,2017,in_season,6,2017-06-01
ยโสธร,Yasothon,15.83362821,104.3002051,Jul,329403,2017,in_season,7,2017-07-01
ยโสธร,Yasothon,15.83362821,104.3002051,Aug,21315,2017,in_season,8,2017-08-01
ยโสธร,Yasothon,15.83362821,104.3002051,Sep,0,2017,in_season,9,2017-09-01
ยโสธร,Yasothon,15.83362821,104.3002051,Oct,0,2017,in_season,10,2017-10-01
ยโสธร,Yasothon,15.83362821,104.3002051,Nov,0,2017,in_season,11,2017-11-01
ยโสธร,Yasothon,15.83362821,104.3002051,Dec,0,2017,in_season,12,2017-12-01
ยโสธร,Yasothon,15.83362821,104.3002051,Jan,0,2018,in_season,1,2018-01-01
ยโสธร,Yasothon,15.83362821,104.3002051,Feb,0,2018,in_season,2,2018-02-01
ยโสธร,Yasothon,15.83362821,104.3002051,Mar,0,2018,in_season,3,2018-03-01
ยโสธร,Yasothon,15.83362821,104.3002051,Apr,0,2018,in_season,4,2018-04-01
ยโสธร,Yasothon,15.83362821,104.3002051,May,558649,2018,in_season,5,2018-05-01
ยโสธร,Yasothon,15.83362821,104.3002051,Jun,433014,2018,in_season,6,2018-06-01
ยโสธร,Yasothon,15.83362821,104.3002051,Jul,307031,2018,in_season,7,2018-07-01
ยโสธร,Yasothon,15.83362821,104.3002051,Aug,33374,2018,in_season,8,2018-08-01
ยโสธร,Yasothon,15.83362821,104.3002051,Sep,0,2018,in_season,9,2018-09-01
ยโสธร,Yasothon,15.83362821,104.3002051,Oct,0,2018,in_season,10,2018-10-01
ยโสธร,Yasothon,15.83362821,104.3002051,Nov,0,2018,in_season,11,2018-11-01
ยโสธร,Yasothon,15.83362821,104.3002051,Dec,0,2018,in_season,12,2018-12-01
ยโสธร,Yasothon,15.83362821,104.3002051,Jan,0,2019,in_season,1,2019-01-01
ยโสธร,Yasothon,15.83362821,104.3002051,Feb,0,2019,in_season,2,2019-02-01
ยโสธร,Yasothon,15.83362821,104.3002051,Mar,0,2019,in_season,3,2019-03-01
ยโสธร,Yasothon,15.83362821,104.3002051,Apr,0,2019,in_season,4,2019-04-01
ยโสธร,Yasothon,15.83362821,104.3002051,May,558649,2019,in_season,5,2019-05-01
ยโสธร,Yasothon,15.83362821,104.3002051,Jun,433014,2019,in_season,6,2019-06-01
ยโสธร,Yasothon,15.83362821,104.3002051,Jul,307031,2019,in_season,7,2019-07-01
ยโสธร,Yasothon,15.83362821,104.3002051,Aug,33374,2019,in_season,8,2019-08-01
ยโสธร,Yasothon,15.83362821,104.3002051,Sep,0,2019,in_season,9,2019-09-01
ยโสธร,Yasothon,15.83362821,104.3002051,Oct,0,2019,in_season,10,2019-10-01
ยโสธร,Yasothon,15.83362821,104.3002051,Nov,0,2019,in_season,11,2019-11-01
ยโสธร,Yasothon,15.83362821,104.3002051,Dec,0,2019,in_season,12,2019-12-01
ยโสธร,Yasothon,15.83362821,104.3002051,Jan,22376,2015,off_season,1,2015-01-01
ยโสธร,Yasothon,15.83362821,104.3002051,Feb,1893,2015,off_season,2,2015-02-01
ยโสธร,Yasothon,15.83362821,104.3002051,Mar,1164,2015,off_season,3,2015-03-01
ยโสธร,Yasothon,15.83362821,104.3002051,Apr,0,2015,off_season,4,2015-04-01
ยโสธร,Yasothon,15.83362821,104.3002051,May,0,2015,off_season,5,2015-05-01
ยโสธร,Yasothon,15.83362821,104.3002051,Jun,0,2015,off_season,6,2015-06-01
ยโสธร,Yasothon,15.83362821,104.3002051,Jul,0,2015,off_season,7,2015-07-01
ยโสธร,Yasothon,15.83362821,104.3002051,Aug,0,2015,off_season,8,2015-08-01
ยโสธร,Yasothon,15.83362821,104.3002051,Sep,0,2015,off_season,9,2015-09-01
ยโสธร,Yasothon,15.83362821,104.3002051,Oct,0,2015,off_season,10,2015-10-01
ยโสธร,Yasothon,15.83362821,104.3002051,Nov,440,2015,off_season,11,2015-11-01
ยโสธร,Yasothon,15.83362821,104.3002051,Dec,20513,2015,off_season,12,2015-12-01
ยโสธร,Yasothon,15.83362821,104.3002051,Jan,14524,2016,off_season,1,2016-01-01
ยโสธร,Yasothon,15.83362821,104.3002051,Feb,971,2016,off_season,2,2016-02-01
ยโสธร,Yasothon,15.83362821,104.3002051,Mar,729,2016,off_season,3,2016-03-01
ยโสธร,Yasothon,15.83362821,104.3002051,Apr,0,2016,off_season,4,2016-04-01
ยโสธร,Yasothon,15.83362821,104.3002051,May,0,2016,off_season,5,2016-05-01
ยโสธร,Yasothon,15.83362821,104.3002051,Jun,0,2016,off_season,6,2016-06-01
ยโสธร,Yasothon,15.83362821,104.3002051,Jul,0,2016,off_season,7,2016-07-01
ยโสธร,Yasothon,15.83362821,104.3002051,Aug,0,2016,off_season,8,2016-08-01
ยโสธร,Yasothon,15.83362821,104.3002051,Sep,0,2016,off_season,9,2016-09-01
ยโสธร,Yasothon,15.83362821,104.3002051,Oct,0,2016,off_season,10,2016-10-01
ยโสธร,Yasothon,15.83362821,104.3002051,Nov,520,2016,off_season,11,2016-11-01
ยโสธร,Yasothon,15.83362821,104.3002051,Dec,8369,2016,off_season,12,2016-12-01
ยโสธร,Yasothon,15.83362821,104.3002051,Jan,26143,2017,off_season,1,2017-01-01
ยโสธร,Yasothon,15.83362821,104.3002051,Feb,3874,2017,off_season,2,2017-02-01
ยโสธร,Yasothon,15.83362821,104.3002051,Mar,806,2017,off_season,3,2017-03-01
ยโสธร,Yasothon,15.83362821,104.3002051,Apr,0,2017,off_season,4,2017-04-01
ยโสธร,Yasothon,15.83362821,104.3002051,May,0,2017,off_season,5,2017-05-01
ยโสธร,Yasothon,15.83362821,104.3002051,Jun,0,2017,off_season,6,2017-06-01
ยโสธร,Yasothon,15.83362821,104.3002051,Jul,0,2017,off_season,7,2017-07-01
ยโสธร,Yasothon,15.83362821,104.3002051,Aug,0,2017,off_season,8,2017-08-01
ยโสธร,Yasothon,15.83362821,104.3002051,Sep,0,2017,off_season,9,2017-09-01
ยโสธร,Yasothon,15.83362821,104.3002051,Oct,0,2017,off_season,10,2017-10-01
ยโสธร,Yasothon,15.83362821,104.3002051,Nov,305,2017,off_season,11,2017-11-01
ยโสธร,Yasothon,15.83362821,104.3002051,Dec,7159,2017,off_season,12,2017-12-01
ยโสธร,Yasothon,15.83362821,104.3002051,Jan,34578,2018,off_season,1,2018-01-01
ยโสธร,Yasothon,15.83362821,104.3002051,Feb,9149,2018,off_season,2,2018-02-01
ยโสธร,Yasothon,15.83362821,104.3002051,Mar,1844,2018,off_season,3,2018-03-01
ยโสธร,Yasothon,15.83362821,104.3002051,Apr,0,2018,off_season,4,2018-04-01
ยโสธร,Yasothon,15.83362821,104.3002051,May,0,2018,off_season,5,2018-05-01
ยโสธร,Yasothon,15.83362821,104.3002051,Jun,0,2018,off_season,6,2018-06-01
ยโสธร,Yasothon,15.83362821,104.3002051,Jul,0,2018,off_season,7,2018-07-01
ยโสธร,Yasothon,15.83362821,104.3002051,Aug,0,2018,off_season,8,2018-08-01
ยโสธร,Yasothon,15.83362821,104.3002051,Sep,0,2018,off_season,9,2018-09-01
ยโสธร,Yasothon,15.83362821,104.3002051,Oct,0,2018,off_season,10,2018-10-01
ยโสธร,Yasothon,15.83362821,104.3002051,Nov,232,2018,off_season,11,2018-11-01
ยโสธร,Yasothon,15.83362821,104.3002051,Dec,18899,2018,off_season,12,2018-12-01
ยโสธร,Yasothon,15.83362821,104.3002051,Jan,40700,2019,off_season,1,2019-01-01
ยโสธร,Yasothon,15.83362821,104.3002051,Feb,5785,2019,off_season,2,2019-02-01
ยโสธร,Yasothon,15.83362821,104.3002051,Mar,1678,2019,off_season,3,2019-03-01
ยโสธร,Yasothon,15.83362821,104.3002051,Apr,0,2019,off_season,4,2019-04-01
ยโสธร,Yasothon,15.83362821,104.3002051,May,0,2019,off_season,5,2019-05-01
ยโสธร,Yasothon,15.83362821,104.3002051,Jun,0,2019,off_season,6,2019-06-01
ยโสธร,Yasothon,15.83362821,104.3002051,Jul,0,2019,off_season,7,2019-07-01
ยโสธร,Yasothon,15.83362821,104.3002051,Aug,0,2019,off_season,8,2019-08-01
ยโสธร,Yasothon,15.83362821,104.3002051,Sep,0,2019,off_season,9,2019-09-01
ยโสธร,Yasothon,15.83362821,104.3002051,Oct,0,2019,off_season,10,2019-10-01
ยโสธร,Yasothon,15.83362821,104.3002051,Nov,721,2019,off_season,11,2019-11-01
ยโสธร,Yasothon,15.83362821,104.3002051,Dec,21237,2019,off_season,12,2019-12-01
