y_true,y_pred,date,station_id,y_true_raw,y_pred_raw
4.8751974,5.9067683,2016-09-01,Chachoengsao Rice research Center,130.00002,366.51654
4.836282,5.924566,2016-09-02,Chachoengsao Rice research Center,124.999985,373.11597
4.7095304,5.9301524,2016-09-03,Chachoengsao Rice research Center,110.000015,375.21185
4.8675346,5.914144,2016-09-04,Chachoengsao Rice research Center,129.00003,369.23724
5.351858,5.912846,2016-09-05,Chachoengsao Rice research Center,210.0,368.75702
6.410175,5.903464,2016-09-06,Chachoengsao Rice research Center,607.0,365.30408
7.3192024,5.946335,2016-09-07,Chachoengsao Rice research Center,1508.0,381.3494
8.349957,5.932758,2016-09-08,Chachoengsao Rice research Center,4229.001,376.19333
8.18535,5.944312,2016-09-09,Chachoengsao Rice research Center,3587.0007,380.57678
8.664406,5.9086275,2016-09-10,Chachoengsao Rice research Center,5792.0015,367.20044
8.349721,5.8959746,2016-09-11,Chachoengsao Rice research Center,4228.0005,362.571
7.6586995,5.889679,2016-09-12,Chachoengsao Rice research Center,2118.0,360.28928
7.4277387,5.8928676,2016-09-13,Chachoengsao Rice research Center,1680.9998,361.4431
7.098376,5.9088745,2016-09-14,Chachoengsao Rice research Center,1209.0002,367.2914
7.536897,5.8885994,2016-09-15,Chachoengsao Rice research Center,1875.0001,359.89944
7.167809,5.8841,2016-09-16,Chachoengsao Rice research Center,1295.9998,358.27927
7.393263,5.867936,2016-09-17,Chachoengsao Rice research Center,1623.9996,352.51862
7.552762,5.8837657,2016-09-18,Chachoengsao Rice research Center,1904.9999,358.15918
7.0842266,5.895214,2016-09-19,Chachoengsao Rice research Center,1192.0002,362.29462
7.023759,5.874566,2016-09-20,Chachoengsao Rice research Center,1121.9999,354.8702
6.9353704,5.865126,2016-09-21,Chachoengsao Rice research Center,1027.0,351.5266
6.5736804,5.844062,2016-09-22,Chachoengsao Rice research Center,715.0002,344.17856
8.521584,5.8584905,2016-09-23,Chachoengsao Rice research Center,5021.0,349.19513
7.5358305,5.878177,2016-09-24,Chachoengsao Rice research Center,1873.0,356.1576
8.159946,5.8666415,2016-09-25,Chachoengsao Rice research Center,3496.9993,352.06125
7.3957214,5.885499,2016-09-26,Chachoengsao Rice research Center,1627.9998,358.78226
7.1876574,5.8666534,2016-09-27,Chachoengsao Rice research Center,1322.0002,352.06543
7.002156,5.866272,2016-09-28,Chachoengsao Rice research Center,1097.9998,351.9308
7.0121155,5.862138,2016-09-29,Chachoengsao Rice research Center,1109.0002,350.47473
6.944087,5.831049,2016-09-30,Chachoengsao Rice research Center,1035.9998,339.71588
7.4656553,5.8545003,2016-10-01,Chachoengsao Rice research Center,1746.0,347.80057
7.362645,5.8393445,2016-10-02,Chachoengsao Rice research Center,1574.9998,342.55408
6.0473723,5.8437824,2016-10-03,Chachoengsao Rice research Center,422.00006,344.08212
6.3868794,5.8503847,2016-10-04,Chachoengsao Rice research Center,593.00006,346.36798
6.3189683,5.823743,2016-10-05,Chachoengsao Rice research Center,554.0001,337.23566
6.4504704,5.8209567,2016-10-06,Chachoengsao Rice research Center,632.0,336.2946
7.0842266,5.807204,2016-10-07,Chachoengsao Rice research Center,1192.0002,331.68756
7.865188,5.793767,2016-10-08,Chachoengsao Rice research Center,2604.0005,327.2472
7.8636513,5.7995462,2016-10-09,Chachoengsao Rice research Center,2600.0,329.14972
7.5933743,5.765185,2016-10-10,Chachoengsao Rice research Center,1984.0001,317.99802
7.369601,5.7481365,2016-10-11,Chachoengsao Rice research Center,1586.0001,312.6057
6.505784,5.7262573,2016-10-12,Chachoengsao Rice research Center,668.0,305.8188
5.241747,5.72206,2016-10-13,Chachoengsao Rice research Center,187.99997,304.53375
6.60123,5.7248774,2016-10-14,Chachoengsao Rice research Center,735.0,305.3957
5.030438,5.705099,2016-10-15,Chachoengsao Rice research Center,152.0,299.39526
4.955827,5.7085204,2016-10-16,Chachoengsao Rice research Center,141.00003,300.42474
5.09375,5.6958885,2016-10-17,Chachoengsao Rice research Center,161.99997,296.64114
4.644391,5.7066007,2016-10-18,Chachoengsao Rice research Center,103.000015,299.84665
4.727388,5.689554,2016-10-19,Chachoengsao Rice research Center,112.00001,294.76175
5.241747,5.6667094,2016-10-20,Chachoengsao Rice research Center,187.99997,288.08173
5.081404,5.6474547,2016-10-21,Chachoengsao Rice research Center,159.99997,282.5688
4.7791233,5.574495,2016-11-03,Chachoengsao Rice research Center,117.99998,262.61636
5.6869755,5.604414,2017-02-16,Chachoengsao Rice research Center,294.00003,270.6227
4.8598123,5.605855,2017-02-17,Chachoengsao Rice research Center,127.999985,271.0144
5.4930615,5.6119447,2017-02-18,Chachoengsao Rice research Center,242.00003,272.67593
6.1312265,5.6166964,2017-02-19,Chachoengsao Rice research Center,459.00003,273.97943
6.44254,5.6134014,2017-02-20,Chachoengsao Rice research Center,627.0,273.0749
6.814543,5.623428,2017-02-21,Chachoengsao Rice research Center,909.9999,275.83673
7.293698,5.6253505,2017-02-22,Chachoengsao Rice research Center,1470.0002,276.36948
6.82546,5.639539,2017-02-23,Chachoengsao Rice research Center,919.99994,280.33292
6.063785,5.6442747,2017-02-24,Chachoengsao Rice research Center,428.99994,281.66846
4.787492,5.654668,2017-02-25,Chachoengsao Rice research Center,119.00001,284.6216
5.7899604,5.6625075,2017-02-26,Chachoengsao Rice research Center,326.00006,286.86957
6.1398845,5.6671777,2017-02-27,Chachoengsao Rice research Center,462.99997,288.2171
5.811141,5.67644,2017-02-28,Chachoengsao Rice research Center,333.0,290.90833
5.433722,5.6827807,2017-03-01,Chachoengsao Rice research Center,228.0,292.7652
5.327876,5.852258,2017-08-18,Chachoengsao Rice research Center,204.99998,347.0194
7.6515956,5.880521,2017-08-19,Chachoengsao Rice research Center,2103.0,356.99564
7.3158836,5.8939853,2017-08-21,Chachoengsao Rice research Center,1503.0002,361.84845
5.0238805,5.8748965,2017-08-22,Chachoengsao Rice research Center,151.0,354.98782
4.644391,5.863961,2017-08-23,Chachoengsao Rice research Center,103.000015,351.1162
4.65396,5.861576,2017-08-24,Chachoengsao Rice research Center,103.999985,350.27734
4.804021,5.8297915,2017-08-25,Chachoengsao Rice research Center,120.99998,339.28772
4.905275,5.8416166,2017-08-27,Chachoengsao Rice research Center,134.00002,343.33557
4.905275,5.8654904,2017-08-28,Chachoengsao Rice research Center,134.00002,351.65506
4.89784,5.866948,2017-08-29,Chachoengsao Rice research Center,133.00003,352.1695
7.3594675,5.8775983,2017-08-31,Chachoengsao Rice research Center,1569.9998,355.95093
5.9295893,5.869475,2017-09-01,Chachoengsao Rice research Center,375.00006,353.06302
6.2363696,5.89359,2017-09-02,Chachoengsao Rice research Center,510.0,361.70505
6.4800444,5.9009824,2017-09-03,Chachoengsao Rice research Center,650.9999,364.39624
5.733341,5.911103,2017-09-08,Chachoengsao Rice research Center,307.99997,368.11298
4.7791233,5.9322824,2017-09-09,Chachoengsao Rice research Center,117.99998,376.01404
5.484797,5.6226015,2017-10-25,Chachoengsao Rice research Center,240.00002,275.60803
6.424869,5.61246,2017-10-26,Chachoengsao Rice research Center,616.0,272.81705
6.584791,5.605171,2017-10-27,Chachoengsao Rice research Center,722.9999,270.82846
4.7957907,5.5802283,2017-10-29,Chachoengsao Rice research Center,120.000015,264.13214
8.418698,5.5348053,2017-10-30,Chachoengsao Rice research Center,4530.0015,252.35846
8.048469,5.493592,2017-10-31,Chachoengsao Rice research Center,3127.9995,242.1289
8.038189,5.4784584,2017-11-01,Chachoengsao Rice research Center,3095.9993,238.47725
5.620401,5.4722524,2017-11-02,Chachoengsao Rice research Center,275.0,236.99564
6.0063534,5.4616566,2017-11-03,Chachoengsao Rice research Center,405.0001,234.4872
8.458292,5.4625297,2017-11-04,Chachoengsao Rice research Center,4712.9995,234.6929
5.6801724,5.483831,2017-11-05,Chachoengsao Rice research Center,291.99994,239.7673
7.9054418,5.481848,2017-11-06,Chachoengsao Rice research Center,2711.0002,239.2903
6.052089,5.520551,2017-11-07,Chachoengsao Rice research Center,424.0,248.77267
6.2672005,5.626663,2017-11-08,Chachoengsao Rice research Center,525.99994,276.73383
7.191429,5.6478176,2017-11-09,Chachoengsao Rice research Center,1326.9998,282.6717
6.188264,5.674615,2017-11-10,Chachoengsao Rice research Center,485.99988,290.3761
5.590987,5.7713957,2017-11-27,Chachoengsao Rice research Center,267.00006,319.9854
5.164786,5.771377,2017-11-28,Chachoengsao Rice research Center,173.99998,319.97943
8.465057,5.798981,2017-11-29,Chachoengsao Rice research Center,4744.9995,328.96323
6.548219,5.8009896,2017-11-30,Chachoengsao Rice research Center,697.00006,329.6266
5.379897,5.807351,2017-12-01,Chachoengsao Rice research Center,215.99995,331.73657
4.75359,5.8211226,2017-12-02,Chachoengsao Rice research Center,114.99999,336.35056
6.395262,5.8359294,2017-12-03,Chachoengsao Rice research Center,598.0001,341.3828
5.897154,5.8515406,2017-12-05,Chachoengsao Rice research Center,363.0,346.7697
5.411646,5.8513355,2017-12-07,Chachoengsao Rice research Center,222.99997,346.69843
5.0172796,5.382003,2015-08-01,Chai Nat Rice Seed Center 1,149.99997,216.45737
5.370638,5.382177,2015-08-02,Chai Nat Rice Seed Center 1,213.99997,216.49522
4.75359,5.3951955,2015-08-03,Chai Nat Rice Seed Center 1,114.99999,219.34521
5.370638,5.4359055,2015-08-04,Chai Nat Rice Seed Center 1,213.99997,228.50055
4.727388,5.4492946,2015-08-05,Chai Nat Rice Seed Center 1,112.00001,231.59402
5.652489,5.467868,2015-08-08,Chai Nat Rice Seed Center 1,284.0,235.95444
5.872118,5.542788,2015-08-09,Chai Nat Rice Seed Center 1,354.00006,254.38904
6.295266,5.56375,2015-08-10,Chai Nat Rice Seed Center 1,541.00006,259.79895
4.962845,5.5790896,2015-08-11,Chai Nat Rice Seed Center 1,142.00003,263.8304
5.902633,5.5606422,2015-08-12,Chai Nat Rice Seed Center 1,364.99994,258.98975
5.874931,5.5737534,2015-08-13,Chai Nat Rice Seed Center 1,355.00006,262.42096
6.0450053,5.5862317,2015-08-14,Chai Nat Rice Seed Center 1,421.0,265.7286
6.2576675,5.602249,2015-08-15,Chai Nat Rice Seed Center 1,521.0,270.0353
5.3752785,5.6247964,2015-08-16,Chai Nat Rice Seed Center 1,215.00002,276.21582
6.0210233,5.6163816,2015-08-17,Chai Nat Rice Seed Center 1,410.99997,273.8929
5.3565865,5.6501417,2015-08-18,Chai Nat Rice Seed Center 1,211.00003,283.33176
5.786897,5.6570106,2015-08-19,Chai Nat Rice Seed Center 1,324.99994,285.2915
5.0689044,5.674783,2015-08-20,Chai Nat Rice Seed Center 1,158.00003,290.42517
5.5093884,5.7028127,2015-08-21,Chai Nat Rice Seed Center 1,246.00003,298.7092
5.7745514,5.6945243,2015-08-22,Chai Nat Rice Seed Center 1,320.99994,296.23535
4.7361984,5.7164273,2015-08-23,Chai Nat Rice Seed Center 1,113.0,302.81754
5.3752785,5.7149315,2015-08-24,Chai Nat Rice Seed Center 1,215.00002,302.3634
5.7745514,5.7621226,2015-08-25,Chai Nat Rice Seed Center 1,320.99994,317.02264
5.370638,5.7486243,2015-08-28,Chai Nat Rice Seed Center 1,213.99997,312.75873
5.7745514,5.7518253,2015-08-29,Chai Nat Rice Seed Center 1,320.99994,313.76468
6.0234475,5.7764926,2015-08-30,Chai Nat Rice Seed Center 1,411.99997,321.6256
5.4595857,5.7812614,2015-08-31,Chai Nat Rice Seed Center 1,234.00003,323.16785
5.3565865,5.7611456,2015-09-01,Chai Nat Rice Seed Center 1,211.00003,316.7121
4.744932,5.7587676,2015-09-02,Chai Nat Rice Seed Center 1,114.00001,315.95746
4.836282,5.572895,2015-09-29,Chai Nat Rice Seed Center 1,124.999985,262.19495
5.1416636,5.4104795,2015-10-16,Chai Nat Rice Seed Center 1,170.0,222.73886
5.3752785,5.3954673,2015-10-22,Chai Nat Rice Seed Center 1,215.00002,219.40512
4.7095304,5.385264,2015-10-23,Chai Nat Rice Seed Center 1,110.000015,217.16768
5.365976,5.381385,2015-10-24,Chai Nat Rice Seed Center 1,212.99997,216.32303
5.42495,5.377916,2015-10-25,Chai Nat Rice Seed Center 1,226.00003,215.57043
5.1416636,5.3654838,2015-10-27,Chai Nat Rice Seed Center 1,170.0,212.89468
4.9767337,5.309583,2015-11-01,Chai Nat Rice Seed Center 1,144.0,201.2659
4.836282,5.320099,2015-11-02,Chai Nat Rice Seed Center 1,124.999985,203.40408
5.3565865,5.3345437,2015-11-04,Chai Nat Rice Seed Center 1,211.00003,206.3781
5.370638,5.349281,2015-11-05,Chai Nat Rice Seed Center 1,213.99997,209.4569
4.983607,5.3467555,2015-11-06,Chai Nat Rice Seed Center 1,145.00003,208.92609
5.4510384,5.3467536,2015-11-07,Chai Nat Rice Seed Center 1,231.99998,208.92569
4.983607,5.325262,2015-11-08,Chai Nat Rice Seed Center 1,145.00003,204.4622
5.549076,5.3225718,2015-11-09,Chai Nat Rice Seed Center 1,256.0,203.91019
5.370638,5.3224726,2015-11-10,Chai Nat Rice Seed Center 1,213.99997,203.88986
4.828314,5.3089814,2015-11-11,Chai Nat Rice Seed Center 1,124.00001,201.14423
5.4467373,5.2996,2015-11-12,Chai Nat Rice Seed Center 1,230.99998,199.25671
5.5373344,5.292335,2015-11-13,Chai Nat Rice Seed Center 1,253.00005,197.8071
4.836282,5.2883086,2015-11-14,Chai Nat Rice Seed Center 1,124.999985,197.00824
5.7745514,5.292117,2015-11-15,Chai Nat Rice Seed Center 1,320.99994,197.7638
4.9767337,5.291248,2015-11-16,Chai Nat Rice Seed Center 1,144.0,197.59108
5.043425,5.2818565,2015-11-17,Chai Nat Rice Seed Center 1,154.0,195.73477
4.919981,5.293529,2015-11-18,Chai Nat Rice Seed Center 1,136.00002,198.04462
4.7957907,5.282168,2015-11-19,Chai Nat Rice Seed Center 1,120.000015,195.79605
4.836282,5.289286,2015-11-20,Chai Nat Rice Seed Center 1,124.999985,197.20189
5.370638,5.286455,2015-11-21,Chai Nat Rice Seed Center 1,213.99997,196.64157
4.890349,5.2699494,2015-11-24,Chai Nat Rice Seed Center 1,131.99997,193.40613
4.962845,5.26662,2015-11-25,Chai Nat Rice Seed Center 1,142.00003,192.75998
5.056246,5.267782,2015-11-26,Chai Nat Rice Seed Center 1,156.0,192.98526
4.983607,5.2706413,2015-11-27,Chai Nat Rice Seed Center 1,145.00003,193.54068
5.4467373,5.270758,2015-11-28,Chai Nat Rice Seed Center 1,230.99998,193.56342
5.370638,5.266826,2015-11-29,Chai Nat Rice Seed Center 1,213.99997,192.7999
5.3565865,5.279622,2015-11-30,Chai Nat Rice Seed Center 1,211.00003,195.29568
5.1416636,5.2824855,2015-12-02,Chai Nat Rice Seed Center 1,170.0,195.85855
4.8202815,5.289598,2015-12-04,Chai Nat Rice Seed Center 1,122.99999,197.2637
5.0039463,5.3011913,2015-12-05,Chai Nat Rice Seed Center 1,148.0,199.57562
4.7095304,5.291401,2015-12-08,Chai Nat Rice Seed Center 1,110.000015,197.62149
4.75359,5.28945,2015-12-09,Chai Nat Rice Seed Center 1,114.99999,197.2344
5.1416636,5.2877145,2015-12-12,Chai Nat Rice Seed Center 1,170.0,196.89062
4.836282,5.2889366,2015-12-13,Chai Nat Rice Seed Center 1,124.999985,197.13263
4.9767337,5.2855387,2015-12-14,Chai Nat Rice Seed Center 1,144.0,196.46053
4.912655,5.294111,2015-12-15,Chai Nat Rice Seed Center 1,135.0,198.16045
5.365976,5.295765,2015-12-16,Chai Nat Rice Seed Center 1,212.99997,198.49016
4.8121843,5.299669,2015-12-17,Chai Nat Rice Seed Center 1,122.0,199.27046
5.7899604,5.313665,2015-12-18,Chai Nat Rice Seed Center 1,326.00006,202.09319
5.5373344,5.31666,2015-12-19,Chai Nat Rice Seed Center 1,253.00005,202.70236
4.9972124,5.3349485,2015-12-20,Chai Nat Rice Seed Center 1,147.00002,206.46207
5.3565865,5.3387637,2015-12-21,Chai Nat Rice Seed Center 1,211.00003,207.2551
4.983607,5.3277326,2015-12-22,Chai Nat Rice Seed Center 1,145.00003,204.97043
4.890349,5.329683,2015-12-23,Chai Nat Rice Seed Center 1,131.99997,205.37251
5.365976,5.3202252,2015-12-24,Chai Nat Rice Seed Center 1,212.99997,203.42993
4.836282,5.331099,2015-12-25,Chai Nat Rice Seed Center 1,124.999985,205.66498
5.4467373,5.333163,2015-12-26,Chai Nat Rice Seed Center 1,230.99998,206.09192
5.4161005,5.329892,2015-12-27,Chai Nat Rice Seed Center 1,224.00003,205.41571
4.983607,5.3337264,2015-12-28,Chai Nat Rice Seed Center 1,145.00003,206.20868
4.836282,5.336226,2015-12-29,Chai Nat Rice Seed Center 1,124.999985,206.72726
5.480639,5.347769,2015-12-30,Chai Nat Rice Seed Center 1,239.00002,209.13892
4.75359,5.3481774,2015-12-31,Chai Nat Rice Seed Center 1,114.99999,209.2248
4.8121843,5.344396,2016-01-01,Chai Nat Rice Seed Center 1,122.0,208.43137
5.5373344,5.337833,2016-01-02,Chai Nat Rice Seed Center 1,253.00005,207.06134
4.836282,5.3300953,2016-01-03,Chai Nat Rice Seed Center 1,124.999985,205.45764
4.8202815,5.329134,2016-01-04,Chai Nat Rice Seed Center 1,122.99999,205.25928
5.3752785,5.331458,2016-01-05,Chai Nat Rice Seed Center 1,215.00002,205.7392
4.89784,5.3322005,2016-01-06,Chai Nat Rice Seed Center 1,133.00003,205.89275
4.836282,5.334342,2016-01-07,Chai Nat Rice Seed Center 1,124.999985,206.33627
5.3752785,5.3388867,2016-01-08,Chai Nat Rice Seed Center 1,215.00002,207.2807
5.398163,5.340973,2016-01-09,Chai Nat Rice Seed Center 1,220.00003,207.71567
4.962845,5.3493714,2016-01-10,Chai Nat Rice Seed Center 1,142.00003,209.47595
4.912655,5.3622913,2016-01-11,Chai Nat Rice Seed Center 1,135.0,212.21292
5.46806,5.359562,2016-01-12,Chai Nat Rice Seed Center 1,235.99997,211.63177
5.786897,5.36373,2016-01-13,Chai Nat Rice Seed Center 1,324.99994,212.51988
5.46806,5.3667545,2016-01-14,Chai Nat Rice Seed Center 1,235.99997,213.16667
4.836282,5.3726215,2016-01-15,Chai Nat Rice Seed Center 1,124.999985,214.42688
5.549076,5.376121,2016-01-16,Chai Nat Rice Seed Center 1,256.0,215.18208
5.786897,5.361998,2016-01-17,Chai Nat Rice Seed Center 1,324.99994,212.15042
6.0234475,5.368208,2016-01-18,Chai Nat Rice Seed Center 1,411.99997,213.47816
4.727388,5.3640676,2016-01-19,Chai Nat Rice Seed Center 1,112.00001,212.59198
5.5373344,5.3755393,2016-01-20,Chai Nat Rice Seed Center 1,253.00005,215.05637
4.983607,5.380626,2016-01-21,Chai Nat Rice Seed Center 1,145.00003,216.15822
5.3752785,5.372676,2016-01-22,Chai Nat Rice Seed Center 1,215.00002,214.43858
6.0450053,5.3765287,2016-01-23,Chai Nat Rice Seed Center 1,421.0,215.27023
5.786897,5.3733597,2016-01-24,Chai Nat Rice Seed Center 1,324.99994,214.58595
5.4026775,5.3829093,2016-01-25,Chai Nat Rice Seed Center 1,221.00003,216.65457
4.8598123,5.3884993,2016-01-26,Chai Nat Rice Seed Center 1,127.999985,217.87466
4.890349,5.3850055,2016-01-27,Chai Nat Rice Seed Center 1,131.99997,217.1113
5.043425,5.3834853,2016-01-28,Chai Nat Rice Seed Center 1,154.0,216.77998
4.7095304,5.3828535,2016-01-29,Chai Nat Rice Seed Center 1,110.000015,216.64243
4.75359,5.385741,2016-01-30,Chai Nat Rice Seed Center 1,114.99999,217.27184
4.7957907,5.4025707,2016-02-03,Chai Nat Rice Seed Center 1,120.000015,220.97632
5.888878,5.443503,2016-02-11,Chai Nat Rice Seed Center 1,359.99997,230.25082
4.8520303,5.4355097,2016-02-13,Chai Nat Rice Seed Center 1,127.0,228.40974
4.912655,5.438658,2016-02-14,Chai Nat Rice Seed Center 1,135.0,229.1332
4.8751974,5.4396353,2016-02-15,Chai Nat Rice Seed Center 1,130.00002,229.35815
4.75359,5.449331,2016-02-17,Chai Nat Rice Seed Center 1,114.99999,231.60246
5.370638,5.4655943,2016-02-18,Chai Nat Rice Seed Center 1,213.99997,235.41632
5.525453,5.4671307,2016-02-19,Chai Nat Rice Seed Center 1,250.00003,235.77982
5.620401,5.4857297,2016-02-20,Chai Nat Rice Seed Center 1,275.0,240.2249
4.8520303,5.4883523,2016-02-21,Chai Nat Rice Seed Center 1,127.0,240.85837
5.786897,5.4855347,2016-02-22,Chai Nat Rice Seed Center 1,324.99994,240.17786
5.293305,5.4775987,2016-02-23,Chai Nat Rice Seed Center 1,198.00002,238.27145
5.1416636,5.49549,2016-02-26,Chai Nat Rice Seed Center 1,170.0,242.59088
5.1416636,5.5080686,2016-03-04,Chai Nat Rice Seed Center 1,170.0,245.67422
4.94876,5.5120544,2016-03-09,Chai Nat Rice Seed Center 1,140.00002,246.65941
4.836282,5.4891334,2016-03-19,Chai Nat Rice Seed Center 1,124.999985,241.04735
4.7957907,5.4645863,2016-03-24,Chai Nat Rice Seed Center 1,120.000015,235.17812
4.7095304,5.4770985,2016-03-26,Chai Nat Rice Seed Center 1,110.000015,238.1518
5.1416636,5.4632897,2016-03-28,Chai Nat Rice Seed Center 1,170.0,234.8721
5.0172796,5.44899,2016-04-01,Chai Nat Rice Seed Center 1,149.99997,231.52316
5.7745514,5.4371347,2016-04-02,Chai Nat Rice Seed Center 1,320.99994,228.78285
4.7361984,5.425532,2016-04-03,Chai Nat Rice Seed Center 1,113.0,226.13211
5.3752785,5.4296737,2016-04-04,Chai Nat Rice Seed Center 1,215.00002,227.0748
4.727388,5.4194465,2016-04-05,Chai Nat Rice Seed Center 1,112.00001,224.75412
5.370638,5.39526,2016-04-08,Chai Nat Rice Seed Center 1,213.99997,219.3594
5.7745514,5.391147,2016-04-09,Chai Nat Rice Seed Center 1,320.99994,218.45499
6.0234475,5.3927903,2016-04-10,Chai Nat Rice Seed Center 1,411.99997,218.81589
4.962845,5.378922,2016-04-11,Chai Nat Rice Seed Center 1,142.00003,215.78845
5.902633,5.374072,2016-04-12,Chai Nat Rice Seed Center 1,364.99994,214.7396
5.3565865,5.361489,2016-04-13,Chai Nat Rice Seed Center 1,211.00003,212.0419
4.7957907,5.3474436,2016-04-14,Chai Nat Rice Seed Center 1,120.000015,209.07059
4.7361984,5.357872,2016-04-15,Chai Nat Rice Seed Center 1,113.0,211.27275
4.7095304,5.3407407,2016-04-17,Chai Nat Rice Seed Center 1,110.000015,207.6672
5.3033047,5.3324256,2016-04-18,Chai Nat Rice Seed Center 1,199.99995,205.93932
5.0689044,5.3158407,2016-04-19,Chai Nat Rice Seed Center 1,158.00003,202.53555
5.1416636,5.3250675,2016-04-20,Chai Nat Rice Seed Center 1,170.0,204.42223
4.634729,5.1908484,2016-05-17,Chai Nat Rice Seed Center 1,101.99999,178.62086
4.727388,5.1849732,2016-05-18,Chai Nat Rice Seed Center 1,112.00001,177.56866
4.9767337,5.1746964,2016-05-19,Chai Nat Rice Seed Center 1,144.0,175.74295
4.634729,5.186434,2016-05-20,Chai Nat Rice Seed Center 1,101.99999,177.82967
5.370638,5.173668,2016-05-22,Chai Nat Rice Seed Center 1,213.99997,175.56126
4.890349,5.1740828,2016-05-23,Chai Nat Rice Seed Center 1,131.99997,175.63452
4.7095304,5.172116,2016-05-25,Chai Nat Rice Seed Center 1,110.000015,175.28743
5.3565865,5.150431,2016-06-01,Chai Nat Rice Seed Center 1,211.00003,171.50586
4.836282,5.1545744,2016-06-04,Chai Nat Rice Seed Center 1,124.999985,172.22208
5.1416636,5.1453476,2016-06-10,Chai Nat Rice Seed Center 1,170.0,170.63113
5.3752785,5.1463733,2016-06-12,Chai Nat Rice Seed Center 1,215.00002,170.80725
4.7095304,5.1466174,2016-06-13,Chai Nat Rice Seed Center 1,110.000015,170.84921
4.836282,5.474631,2016-07-14,Chai Nat Rice Seed Center 1,124.999985,237.56238
5.3752785,5.4738727,2016-07-18,Chai Nat Rice Seed Center 1,215.00002,237.38158
5.786897,5.5933156,2016-07-19,Chai Nat Rice Seed Center 1,324.99994,267.6248
6.0306854,5.5650783,2016-07-20,Chai Nat Rice Seed Center 1,415.00006,260.14563
5.463832,5.6884646,2016-07-21,Chai Nat Rice Seed Center 1,235.00003,294.43967
5.31812,5.69396,2016-07-22,Chai Nat Rice Seed Center 1,203.0,296.06775
4.836282,5.721627,2016-07-23,Chai Nat Rice Seed Center 1,124.999985,304.4015
4.8202815,5.821804,2016-07-24,Chai Nat Rice Seed Center 1,122.99999,336.5805
5.786897,5.869307,2016-07-25,Chai Nat Rice Seed Center 1,324.99994,353.0036
5.5373344,5.7832713,2016-07-26,Chai Nat Rice Seed Center 1,253.00005,323.82004
4.9767337,5.7007756,2016-07-27,Chai Nat Rice Seed Center 1,144.0,298.0993
4.919981,5.676527,2016-07-28,Chai Nat Rice Seed Center 1,136.00002,290.93378
5.786897,5.630814,2016-07-29,Chai Nat Rice Seed Center 1,324.99994,277.88907
6.0450053,5.641686,2016-07-30,Chai Nat Rice Seed Center 1,421.0,280.93765
5.549076,5.638378,2016-07-31,Chai Nat Rice Seed Center 1,256.0,280.0066
6.375025,5.6550393,2016-08-01,Chai Nat Rice Seed Center 1,586.0,284.72772
6.1862087,5.6627803,2016-08-02,Chai Nat Rice Seed Center 1,485.00006,286.94812
6.5496507,5.670613,2016-08-03,Chai Nat Rice Seed Center 1,697.99994,289.21234
6.2785215,5.682883,2016-08-04,Chai Nat Rice Seed Center 1,532.00006,292.79517
6.1717005,5.68842,2016-08-05,Chai Nat Rice Seed Center 1,477.99994,294.42642
6.452049,5.6670623,2016-08-06,Chai Nat Rice Seed Center 1,632.9999,288.18375
6.0544395,5.6772556,2016-08-07,Chai Nat Rice Seed Center 1,425.0001,291.14658
6.313548,5.680666,2016-08-08,Chai Nat Rice Seed Center 1,551.0,292.1446
5.7745514,5.72251,2016-08-09,Chai Nat Rice Seed Center 1,320.99994,304.67114
5.5373344,5.732151,2016-08-10,Chai Nat Rice Seed Center 1,253.00005,307.63245
5.902633,5.7421923,2016-08-11,Chai Nat Rice Seed Center 1,364.99994,310.7471
6.0544395,5.7152376,2016-08-12,Chai Nat Rice Seed Center 1,425.0001,302.4563
5.902633,5.7360168,2016-08-13,Chai Nat Rice Seed Center 1,364.99994,308.82782
6.437752,5.7269216,2016-08-14,Chai Nat Rice Seed Center 1,624.00006,306.02264
6.3044486,5.7625365,2016-08-15,Chai Nat Rice Seed Center 1,545.9999,317.1543
6.3613024,5.741689,2016-08-16,Chai Nat Rice Seed Center 1,577.99994,310.5903
6.4504704,5.740174,2016-08-17,Chai Nat Rice Seed Center 1,632.0,310.11847
5.5412636,5.717339,2016-08-18,Chai Nat Rice Seed Center 1,254.00002,303.09467
5.786897,5.7119455,2016-08-19,Chai Nat Rice Seed Center 1,324.99994,301.45892
4.983607,5.695727,2016-08-20,Chai Nat Rice Seed Center 1,145.00003,296.59302
5.786897,5.66045,2016-08-21,Chai Nat Rice Seed Center 1,324.99994,286.2779
6.43294,5.6206336,2016-08-22,Chai Nat Rice Seed Center 1,620.99994,275.06424
5.786897,5.6082373,2016-08-23,Chai Nat Rice Seed Center 1,324.99994,271.66318
5.9053617,5.603447,2016-08-24,Chai Nat Rice Seed Center 1,365.99994,270.36017
5.488938,5.629796,2016-08-25,Chai Nat Rice Seed Center 1,241.00003,277.6053
5.497168,5.630774,2016-08-26,Chai Nat Rice Seed Center 1,242.99995,277.8779
5.786897,5.6212683,2016-08-27,Chai Nat Rice Seed Center 1,324.99994,275.2395
6.0234475,5.6370907,2016-08-28,Chai Nat Rice Seed Center 1,411.99997,279.64505
5.786897,5.6545053,2016-08-29,Chai Nat Rice Seed Center 1,324.99994,284.57516
5.8348107,5.690243,2016-08-30,Chai Nat Rice Seed Center 1,341.0,294.96545
5.4467373,5.6761966,2016-08-31,Chai Nat Rice Seed Center 1,230.99998,290.83734
6.7511015,5.624883,2016-09-01,Chai Nat Rice Seed Center 1,854.0,276.2399
6.4907236,5.6110325,2016-09-02,Chai Nat Rice Seed Center 1,658.00006,272.4264
6.860664,5.608881,2016-09-03,Chai Nat Rice Seed Center 1,953.0002,271.83875
6.7511015,5.6354203,2016-09-04,Chai Nat Rice Seed Center 1,854.0,279.17667
6.4907236,5.6276145,2016-09-05,Chai Nat Rice Seed Center 1,658.00006,276.99817
6.6147256,5.6143813,2016-09-06,Chai Nat Rice Seed Center 1,745.0,273.3436
6.75227,5.6309595,2016-09-07,Chai Nat Rice Seed Center 1,854.9999,277.92963
6.5453496,5.604759,2016-09-08,Chai Nat Rice Seed Center 1,694.99994,270.7165
6.6147256,5.635574,2016-09-09,Chai Nat Rice Seed Center 1,745.0,279.21967
6.295266,5.6180577,2016-09-10,Chai Nat Rice Seed Center 1,541.00006,274.35406
6.4361506,5.6113095,2016-09-11,Chai Nat Rice Seed Center 1,623.0001,272.50217
6.0306854,5.584043,2016-09-12,Chai Nat Rice Seed Center 1,415.00006,265.14548
5.786897,5.590232,2016-09-13,Chai Nat Rice Seed Center 1,324.99994,266.7977
5.8998976,5.5893865,2016-09-14,Chai Nat Rice Seed Center 1,364.00006,266.5714
6.0306854,5.6008263,2016-09-15,Chai Nat Rice Seed Center 1,415.00006,269.64993
5.1416636,5.5934505,2016-09-16,Chai Nat Rice Seed Center 1,170.0,267.66104
4.836282,5.5707736,2016-09-17,Chai Nat Rice Seed Center 1,124.999985,261.6372
5.549076,5.5600276,2016-09-18,Chai Nat Rice Seed Center 1,256.0,258.83002
6.4361506,5.5653305,2016-09-19,Chai Nat Rice Seed Center 1,623.0001,260.21152
6.295266,5.5471697,2016-09-20,Chai Nat Rice Seed Center 1,541.00006,255.51053
6.2989492,5.5433598,2016-09-21,Chai Nat Rice Seed Center 1,543.0,254.5351
6.4831076,5.498678,2016-09-22,Chai Nat Rice Seed Center 1,653.0001,243.36871
4.983607,5.5211883,2016-09-23,Chai Nat Rice Seed Center 1,145.00003,248.93184
6.297109,5.508157,2016-09-24,Chai Nat Rice Seed Center 1,541.9999,245.69598
5.902633,5.542353,2016-09-25,Chai Nat Rice Seed Center 1,364.99994,254.278
6.2989492,5.5274343,2016-09-26,Chai Nat Rice Seed Center 1,543.0,250.49783
6.4393506,5.4865713,2016-09-27,Chai Nat Rice Seed Center 1,625.0001,240.42801
6.1654177,5.4815807,2016-09-28,Chai Nat Rice Seed Center 1,474.9999,239.22614
6.4831076,5.41074,2016-09-29,Chai Nat Rice Seed Center 1,653.0001,222.79712
6.1246834,5.3607635,2016-09-30,Chai Nat Rice Seed Center 1,456.0,211.88744
4.7957907,5.314581,2016-10-01,Chai Nat Rice Seed Center 1,120.000015,202.2793
4.7095304,5.2808433,2016-10-03,Chai Nat Rice Seed Center 1,110.000015,195.53554
4.836282,5.271674,2016-10-04,Chai Nat Rice Seed Center 1,124.999985,193.74171
5.1416636,5.3014135,2016-10-07,Chai Nat Rice Seed Center 1,170.0,199.6202
4.836282,5.286176,2016-10-08,Chai Nat Rice Seed Center 1,124.999985,196.58646
4.9767337,5.2855964,2016-10-09,Chai Nat Rice Seed Center 1,144.0,196.47192
4.912655,5.307987,2016-10-10,Chai Nat Rice Seed Center 1,135.0,200.94336
5.7899604,5.3171153,2016-10-11,Chai Nat Rice Seed Center 1,326.00006,202.79515
5.5373344,5.313809,2016-10-12,Chai Nat Rice Seed Center 1,253.00005,202.12244
5.4467373,5.321128,2016-10-13,Chai Nat Rice Seed Center 1,230.99998,203.61453
5.4161005,5.321307,2016-10-14,Chai Nat Rice Seed Center 1,224.00003,203.65121
4.983607,5.324676,2016-10-15,Chai Nat Rice Seed Center 1,145.00003,204.34183
5.480639,5.316619,2016-10-16,Chai Nat Rice Seed Center 1,239.00002,202.69402
4.75359,5.2996397,2016-10-17,Chai Nat Rice Seed Center 1,114.99999,199.26465
4.6728287,5.501777,2017-03-11,Chai Nat Rice Seed Center 1,105.999985,244.12718
5.3565865,5.501679,2017-03-12,Chai Nat Rice Seed Center 1,211.00003,244.1031
5.1474943,5.4988484,2017-03-13,Chai Nat Rice Seed Center 1,170.99997,243.41031
5.2311087,5.4902663,2017-03-14,Chai Nat Rice Seed Center 1,186.0,241.32173
5.4553213,5.5013123,2017-03-15,Chai Nat Rice Seed Center 1,233.00005,244.01324
5.220356,5.499488,2017-03-16,Chai Nat Rice Seed Center 1,184.00003,243.56665
5.6240177,5.4944158,2017-03-17,Chai Nat Rice Seed Center 1,276.00006,242.32932
5.488938,5.492538,2017-03-18,Chai Nat Rice Seed Center 1,241.00003,241.87283
5.214936,5.4848323,2017-03-19,Chai Nat Rice Seed Center 1,183.0,240.00851
5.32301,5.494901,2017-03-20,Chai Nat Rice Seed Center 1,204.0,242.44746
4.9972124,5.4920545,2017-03-21,Chai Nat Rice Seed Center 1,147.00002,241.75543
5.056246,5.488721,2017-03-22,Chai Nat Rice Seed Center 1,156.0,240.94754
5.220356,5.4820085,2017-03-23,Chai Nat Rice Seed Center 1,184.00003,239.32892
5.0998664,5.471914,2017-03-24,Chai Nat Rice Seed Center 1,163.0,236.91508
5.187386,5.4744296,2017-03-25,Chai Nat Rice Seed Center 1,178.00005,237.51437
5.030438,5.467338,2017-03-26,Chai Nat Rice Seed Center 1,152.0,235.82893
5.32301,5.46034,2017-03-27,Chai Nat Rice Seed Center 1,204.0,234.17737
5.117994,5.4529076,2017-03-28,Chai Nat Rice Seed Center 1,166.0,232.43591
5.247024,5.4414945,2017-03-29,Chai Nat Rice Seed Center 1,189.0,229.78683
4.8441873,5.4472017,2017-03-30,Chai Nat Rice Seed Center 1,126.00002,231.10776
4.9272537,5.440541,2017-03-31,Chai Nat Rice Seed Center 1,137.0,229.56683
4.8520303,5.43259,2017-04-01,Chai Nat Rice Seed Center 1,127.0,227.74092
4.65396,5.423111,2017-04-02,Chai Nat Rice Seed Center 1,103.999985,225.58292
4.762174,5.416983,2017-04-04,Chai Nat Rice Seed Center 1,116.00002,224.1987
4.624973,5.4090304,2017-04-05,Chai Nat Rice Seed Center 1,101.0,222.41487
4.65396,5.387276,2017-04-09,Chai Nat Rice Seed Center 1,103.999985,217.60712
4.65396,5.361615,2017-07-29,Chai Nat Rice Seed Center 1,103.999985,212.06882
4.75359,5.380625,2017-07-30,Chai Nat Rice Seed Center 1,114.99999,216.1579
4.9272537,5.392086,2017-07-31,Chai Nat Rice Seed Center 1,137.0,218.66113
5.056246,5.3992653,2017-08-01,Chai Nat Rice Seed Center 1,156.0,220.2438
5.0039463,5.414809,2017-08-02,Chai Nat Rice Seed Center 1,148.0,223.70967
4.65396,5.385347,2017-08-07,Chai Nat Rice Seed Center 1,103.999985,217.18578
4.7361984,5.430537,2017-08-09,Chai Nat Rice Seed Center 1,113.0,227.27185
4.65396,5.449232,2017-08-10,Chai Nat Rice Seed Center 1,103.999985,231.5795
5.056246,5.4789133,2017-08-11,Chai Nat Rice Seed Center 1,156.0,238.58621
5.3565865,5.4683146,2017-08-12,Chai Nat Rice Seed Center 1,211.00003,236.06033
4.9767337,5.4762096,2017-08-13,Chai Nat Rice Seed Center 1,144.0,237.93933
5.1416636,5.480166,2017-08-14,Chai Nat Rice Seed Center 1,170.0,238.88652
5.247024,5.4749184,2017-08-15,Chai Nat Rice Seed Center 1,189.0,237.63098
4.624973,5.483499,2017-08-16,Chai Nat Rice Seed Center 1,101.0,239.68741
4.644391,5.557405,2017-09-03,Chai Nat Rice Seed Center 1,103.000015,258.14948
4.828314,5.5362463,2017-09-05,Chai Nat Rice Seed Center 1,124.00001,252.7238
4.89784,5.498624,2017-09-06,Chai Nat Rice Seed Center 1,133.00003,243.35544
4.6728287,5.4929333,2017-09-08,Chai Nat Rice Seed Center 1,105.999985,241.96886
4.744932,5.5209875,2017-09-09,Chai Nat Rice Seed Center 1,114.00001,248.88168
4.787492,5.526315,2017-09-10,Chai Nat Rice Seed Center 1,119.00001,250.21652
4.8598123,5.5266867,2017-09-11,Chai Nat Rice Seed Center 1,127.999985,250.30986
4.89784,5.519012,2017-09-12,Chai Nat Rice Seed Center 1,133.00003,248.38852
4.65396,5.378935,2017-10-03,Chai Nat Rice Seed Center 1,103.999985,215.79124
4.762174,5.3908653,2017-10-04,Chai Nat Rice Seed Center 1,116.00002,218.39316
4.6728287,5.3997927,2017-10-08,Chai Nat Rice Seed Center 1,105.999985,220.36052
4.8121843,5.4125843,2017-10-09,Chai Nat Rice Seed Center 1,122.0,223.21027
4.6728287,5.3604198,2017-10-12,Chai Nat Rice Seed Center 1,105.999985,211.81425
4.744932,5.3495383,2017-10-13,Chai Nat Rice Seed Center 1,114.00001,209.5111
4.804021,5.3525753,2017-10-14,Chai Nat Rice Seed Center 1,120.99998,210.15137
4.65396,5.30785,2017-10-20,Chai Nat Rice Seed Center 1,103.999985,200.91562
4.7095304,5.308087,2017-10-21,Chai Nat Rice Seed Center 1,110.000015,200.96347
4.8121843,5.305502,2017-10-22,Chai Nat Rice Seed Center 1,122.0,200.4421
4.6821313,5.305931,2017-10-24,Chai Nat Rice Seed Center 1,107.00001,200.52856
4.919981,5.3288107,2017-10-25,Chai Nat Rice Seed Center 1,136.00002,205.1926
4.828314,5.338886,2017-10-26,Chai Nat Rice Seed Center 1,124.00001,207.28052
5.0369525,5.3374753,2017-10-27,Chai Nat Rice Seed Center 1,152.99998,206.98694
5.0039463,5.328037,2017-10-28,Chai Nat Rice Seed Center 1,148.0,205.03308
4.89784,5.3228745,2017-10-29,Chai Nat Rice Seed Center 1,133.00003,203.97223
4.65396,5.340807,2017-10-30,Chai Nat Rice Seed Center 1,103.999985,207.68103
4.762174,5.3455634,2017-10-31,Chai Nat Rice Seed Center 1,116.00002,208.67598
4.6821313,5.3445697,2017-11-02,Chai Nat Rice Seed Center 1,107.00001,208.46773
4.89784,5.337873,2017-11-03,Chai Nat Rice Seed Center 1,133.00003,207.06967
4.8520303,5.35806,2017-11-04,Chai Nat Rice Seed Center 1,127.0,211.31264
4.955827,5.3529058,2017-11-06,Chai Nat Rice Seed Center 1,141.00003,210.22116
4.8598123,5.358731,2017-11-07,Chai Nat Rice Seed Center 1,127.999985,211.45512
4.89784,5.3363543,2017-11-08,Chai Nat Rice Seed Center 1,133.00003,206.7539
4.6728287,5.332769,2017-11-09,Chai Nat Rice Seed Center 1,105.999985,206.01038
5.0039463,5.3260922,2017-11-10,Chai Nat Rice Seed Center 1,148.0,204.63284
4.9416423,5.307804,2017-11-11,Chai Nat Rice Seed Center 1,138.99998,200.90637
5.049856,5.3074255,2017-11-12,Chai Nat Rice Seed Center 1,155.00003,200.82996
5.1059456,5.3033004,2017-11-13,Chai Nat Rice Seed Center 1,164.00002,199.99908
4.9972124,5.3012395,2017-11-14,Chai Nat Rice Seed Center 1,147.00002,199.58528
4.934474,5.294014,2017-11-15,Chai Nat Rice Seed Center 1,138.0,198.14117
4.804021,5.2994733,2017-11-16,Chai Nat Rice Seed Center 1,120.99998,199.23132
4.919981,5.295012,2017-11-17,Chai Nat Rice Seed Center 1,136.00002,198.34003
4.8121843,5.2870574,2017-11-19,Chai Nat Rice Seed Center 1,122.0,196.76064
5.030438,5.2904325,2017-11-20,Chai Nat Rice Seed Center 1,152.0,197.42921
4.955827,5.29347,2017-11-21,Chai Nat Rice Seed Center 1,141.00003,198.03285
5.043425,5.2895722,2017-11-22,Chai Nat Rice Seed Center 1,154.0,197.2586
5.236442,5.2918673,2017-11-23,Chai Nat Rice Seed Center 1,187.00003,197.71413
5.117994,5.293815,2017-11-24,Chai Nat Rice Seed Center 1,166.0,198.10158
5.220356,5.288341,2017-11-25,Chai Nat Rice Seed Center 1,184.00003,197.01465
5.2832036,5.2875414,2017-11-26,Chai Nat Rice Seed Center 1,195.99997,196.85638
5.0998664,5.279327,2017-11-27,Chai Nat Rice Seed Center 1,163.0,195.23775
5.209486,5.279629,2017-11-28,Chai Nat Rice Seed Center 1,181.99997,195.29709
5.5012584,5.279526,2017-11-29,Chai Nat Rice Seed Center 1,244.00005,195.27686
5.379897,5.2824445,2017-11-30,Chai Nat Rice Seed Center 1,215.99995,195.85048
5.5134287,5.288312,2017-12-01,Chai Nat Rice Seed Center 1,246.99998,197.0089
5.8998976,5.2900434,2017-12-02,Chai Nat Rice Seed Center 1,364.00006,197.35202
5.669881,5.291093,2017-12-03,Chai Nat Rice Seed Center 1,289.0,197.5603
5.7430034,5.298222,2017-12-04,Chai Nat Rice Seed Center 1,311.00006,198.98094
5.872118,5.2994266,2017-12-05,Chai Nat Rice Seed Center 1,354.00006,199.22195
5.7300997,5.309296,2017-12-06,Chai Nat Rice Seed Center 1,306.99997,201.20786
5.370638,5.306091,2017-12-07,Chai Nat Rice Seed Center 1,213.99997,200.56076
5.4467373,5.304231,2017-12-08,Chai Nat Rice Seed Center 1,230.99998,200.18626
5.293305,5.301304,2017-12-09,Chai Nat Rice Seed Center 1,198.00002,199.59819
5.6347895,5.305814,2017-12-10,Chai Nat Rice Seed Center 1,278.99997,200.50491
5.5093884,5.307,2017-12-11,Chai Nat Rice Seed Center 1,246.00003,200.74411
5.7589016,5.3043594,2017-12-12,Chai Nat Rice Seed Center 1,315.99994,200.21207
5.9532433,5.3066297,2017-12-13,Chai Nat Rice Seed Center 1,383.99997,200.66939
5.616771,5.3094234,2017-12-14,Chai Nat Rice Seed Center 1,274.00003,201.2336
4.762174,5.312952,2017-12-15,Chai Nat Rice Seed Center 1,116.00002,201.94846
5.7462034,5.3199954,2017-12-16,Chai Nat Rice Seed Center 1,312.00006,203.38293
5.6312118,5.3120756,2017-12-17,Chai Nat Rice Seed Center 1,278.0,201.77066
5.8348107,5.3179708,2017-12-18,Chai Nat Rice Seed Center 1,341.0,202.96956
5.560682,5.3158913,2017-12-19,Chai Nat Rice Seed Center 1,259.00006,202.54584
5.7930136,5.320051,2017-12-20,Chai Nat Rice Seed Center 1,327.0,203.39435
5.6629605,5.324686,2017-12-21,Chai Nat Rice Seed Center 1,287.0,204.34389
5.187386,5.3236284,2017-12-22,Chai Nat Rice Seed Center 1,178.00005,204.12682
5.7589016,5.3221536,2017-12-23,Chai Nat Rice Seed Center 1,315.99994,203.82451
5.5174527,5.3240013,2017-12-24,Chai Nat Rice Seed Center 1,247.99995,204.20332
5.2832036,5.325281,2017-12-25,Chai Nat Rice Seed Center 1,195.99997,204.46613
5.7838254,5.3348837,2017-12-26,Chai Nat Rice Seed Center 1,324.00006,206.44862
5.902633,5.3330917,2017-12-27,Chai Nat Rice Seed Center 1,364.99994,206.07721
5.3565865,5.3459835,2017-12-28,Chai Nat Rice Seed Center 1,211.00003,208.76408
5.57973,5.3563886,2017-12-29,Chai Nat Rice Seed Center 1,264.00006,210.9581
5.602119,5.366611,2017-12-30,Chai Nat Rice Seed Center 1,270.00003,213.13593
5.641907,5.3774858,2017-12-31,Chai Nat Rice Seed Center 1,281.00003,215.47731
7.0483866,5.5399394,2015-03-09,Chai Nat Rice Seed Center 2,1150.0002,253.66257
6.4800444,5.5382113,2015-03-10,Chai Nat Rice Seed Center 2,650.9999,253.22287
4.75359,5.5302877,2015-03-11,Chai Nat Rice Seed Center 2,114.99999,251.21648
6.685861,5.520408,2015-03-12,Chai Nat Rice Seed Center 2,800.0001,248.73695
6.857514,5.522291,2015-03-14,Chai Nat Rice Seed Center 2,949.9999,249.20766
5.7430034,5.529834,2015-03-15,Chai Nat Rice Seed Center 2,311.00006,251.102
6.1114674,5.527014,2015-03-16,Chai Nat Rice Seed Center 2,450.0,250.39207
5.3565865,5.5305867,2015-03-17,Chai Nat Rice Seed Center 2,211.00003,251.29189
5.3033047,5.5219493,2015-03-18,Chai Nat Rice Seed Center 2,199.99995,249.12212
4.7957907,5.517289,2015-03-19,Chai Nat Rice Seed Center 2,120.000015,247.95923
5.1119876,5.51973,2015-03-20,Chai Nat Rice Seed Center 2,164.99997,248.56767
5.3752785,5.517009,2015-03-21,Chai Nat Rice Seed Center 2,215.00002,247.88943
4.983607,5.51014,2015-03-22,Chai Nat Rice Seed Center 2,145.00003,246.18571
5.755742,5.507383,2015-03-23,Chai Nat Rice Seed Center 2,314.99994,245.50514
5.529429,5.4997363,2015-03-24,Chai Nat Rice Seed Center 2,250.99997,243.62741
4.8675346,5.501582,2015-03-25,Chai Nat Rice Seed Center 2,129.00003,244.07938
6.4800444,5.5237656,2015-03-26,Chai Nat Rice Seed Center 2,650.9999,249.57683
5.963579,5.5160294,2015-03-27,Chai Nat Rice Seed Center 2,387.99994,247.6458
6.43294,5.5131464,2015-03-28,Chai Nat Rice Seed Center 2,620.99994,246.93
6.2822666,5.515525,2015-03-29,Chai Nat Rice Seed Center 2,533.99994,247.52039
6.5834093,5.5088196,2015-03-30,Chai Nat Rice Seed Center 2,722.00006,245.85956
6.2785215,5.512869,2015-03-31,Chai Nat Rice Seed Center 2,532.00006,246.86119
6.1136823,5.4926467,2015-04-01,Chai Nat Rice Seed Center 2,451.00003,241.89923
6.3664703,5.490087,2015-04-02,Chai Nat Rice Seed Center 2,580.99994,241.27829
5.3752785,5.4764166,2015-04-03,Chai Nat Rice Seed Center 2,215.00002,237.98877
4.836282,5.4699774,2015-04-06,Chai Nat Rice Seed Center 2,124.999985,236.45482
5.062595,5.453475,2015-04-08,Chai Nat Rice Seed Center 2,156.99997,232.5684
4.804021,5.3639617,2015-04-20,Chai Nat Rice Seed Center 2,120.99998,212.56937
4.8121843,5.157218,2015-06-11,Chai Nat Rice Seed Center 2,122.0,172.6806
6.1114674,5.418303,2015-08-01,Chai Nat Rice Seed Center 2,450.0,224.49614
5.8636312,5.4298,2015-08-02,Chai Nat Rice Seed Center 2,351.00003,227.10362
6.437752,5.430537,2015-08-03,Chai Nat Rice Seed Center 2,624.00006,227.27185
5.5012584,5.461251,2015-08-04,Chai Nat Rice Seed Center 2,244.00005,234.39166
5.7462034,5.461696,2015-08-05,Chai Nat Rice Seed Center 2,312.00006,234.49652
5.9939613,5.451168,2015-08-06,Chai Nat Rice Seed Center 2,399.99997,232.0302
5.370638,5.443672,2015-08-07,Chai Nat Rice Seed Center 2,213.99997,230.28996
5.7462034,5.4652314,2015-08-08,Chai Nat Rice Seed Center 2,312.00006,235.33054
5.433722,5.4824724,2015-08-09,Chai Nat Rice Seed Center 2,228.0,239.44044
5.2311087,5.483278,2015-08-10,Chai Nat Rice Seed Center 2,186.0,239.63417
6.2785215,5.4913125,2015-08-11,Chai Nat Rice Seed Center 2,532.00006,241.57538
5.872118,5.5069523,2015-08-12,Chai Nat Rice Seed Center 2,354.00006,245.39903
6.43294,5.5162344,2015-08-13,Chai Nat Rice Seed Center 2,620.99994,247.69678
6.58755,5.5335546,2015-08-14,Chai Nat Rice Seed Center 2,725.0001,252.04176
6.4861608,5.5601273,2015-08-15,Chai Nat Rice Seed Center 2,655.0,258.8559
5.866468,5.582817,2015-08-16,Chai Nat Rice Seed Center 2,351.99997,264.8194
5.5373344,5.576911,2015-08-17,Chai Nat Rice Seed Center 2,253.00005,263.25406
5.4595857,5.612059,2015-08-18,Chai Nat Rice Seed Center 2,234.00003,272.70724
5.3565865,5.619352,2015-08-19,Chai Nat Rice Seed Center 2,211.00003,274.71063
6.0210233,5.6437044,2015-08-20,Chai Nat Rice Seed Center 2,410.99997,281.5073
6.261492,5.6472373,2015-08-21,Chai Nat Rice Seed Center 2,523.00006,282.50714
6.025866,5.646306,2015-08-22,Chai Nat Rice Seed Center 2,413.00003,282.24323
5.4553213,5.6532607,2015-08-23,Chai Nat Rice Seed Center 2,233.00005,284.21997
5.7838254,5.6576414,2015-08-24,Chai Nat Rice Seed Center 2,324.00006,285.47217
6.437752,5.690784,2015-08-25,Chai Nat Rice Seed Center 2,624.00006,295.12567
5.420535,5.7022724,2015-08-26,Chai Nat Rice Seed Center 2,225.00002,298.54733
6.0776424,5.685322,2015-08-27,Chai Nat Rice Seed Center 2,435.0001,293.5126
5.1059456,5.6866183,2015-08-28,Chai Nat Rice Seed Center 2,164.00002,293.89468
5.7462034,5.6698694,2015-08-29,Chai Nat Rice Seed Center 2,312.00006,288.99667
4.744932,5.6675334,2015-08-30,Chai Nat Rice Seed Center 2,114.00001,288.32
5.0689044,5.674228,2015-08-31,Chai Nat Rice Seed Center 2,158.00003,290.26346
6.4861608,5.669618,2015-09-01,Chai Nat Rice Seed Center 2,655.0,288.9238
5.866468,5.6784716,2015-09-02,Chai Nat Rice Seed Center 2,351.99997,291.502
5.5373344,5.6746774,2015-09-03,Chai Nat Rice Seed Center 2,253.00005,290.39432
4.8121843,5.7124224,2015-09-04,Chai Nat Rice Seed Center 2,122.0,301.6032
5.370638,5.7290897,2015-09-05,Chai Nat Rice Seed Center 2,213.99997,306.68906
5.1817837,5.711571,2015-09-07,Chai Nat Rice Seed Center 2,177.00003,301.34573
5.5412636,5.700056,2015-09-08,Chai Nat Rice Seed Center 2,254.00002,297.88416
5.7745514,5.7319064,2015-09-09,Chai Nat Rice Seed Center 2,320.99994,307.55695
8.307213,5.6880302,2015-09-18,Chai Nat Rice Seed Center 2,4052.0007,294.31134
4.6634393,5.5696588,2015-09-27,Chai Nat Rice Seed Center 2,105.000015,261.34457
4.912655,5.5821857,2015-09-28,Chai Nat Rice Seed Center 2,135.0,264.6516
4.8751974,5.569797,2015-09-29,Chai Nat Rice Seed Center 2,130.00002,261.38083
4.6634393,5.46966,2015-10-05,Chai Nat Rice Seed Center 2,105.000015,236.37943
4.912655,5.4636283,2015-10-06,Chai Nat Rice Seed Center 2,135.0,234.95198
4.8751974,5.448403,2015-10-07,Chai Nat Rice Seed Center 2,130.00002,231.38672
4.836282,5.4252677,2015-10-08,Chai Nat Rice Seed Center 2,124.999985,226.07213
5.370638,5.424687,2015-10-09,Chai Nat Rice Seed Center 2,213.99997,225.94028
5.7745514,5.4283805,2015-10-10,Chai Nat Rice Seed Center 2,320.99994,226.78006
5.4026775,5.4131036,2015-10-11,Chai Nat Rice Seed Center 2,221.00003,223.32672
4.912655,5.3932314,2015-10-12,Chai Nat Rice Seed Center 2,135.0,218.91287
4.9767337,5.385138,2015-10-13,Chai Nat Rice Seed Center 2,144.0,217.14021
4.8202815,5.379866,2015-10-14,Chai Nat Rice Seed Center 2,122.99999,215.99323
5.4553213,5.396322,2015-10-15,Chai Nat Rice Seed Center 2,233.00005,219.59354
4.983607,5.402765,2015-10-16,Chai Nat Rice Seed Center 2,145.00003,221.01941
5.880533,5.344834,2015-10-31,Chai Nat Rice Seed Center 2,357.0001,208.52307
5.9687076,5.353096,2015-11-01,Chai Nat Rice Seed Center 2,390.0,210.26135
5.5412636,5.361269,2015-11-02,Chai Nat Rice Seed Center 2,254.00002,211.99506
5.916202,5.355155,2015-11-03,Chai Nat Rice Seed Center 2,370.0,210.69678
5.8607864,5.3782635,2015-11-04,Chai Nat Rice Seed Center 2,350.00006,215.64574
5.5412636,5.3888645,2015-11-05,Chai Nat Rice Seed Center 2,254.00002,217.95462
5.817111,5.38443,2015-11-06,Chai Nat Rice Seed Center 2,334.99994,216.98581
6.0544395,5.383404,2015-11-07,Chai Nat Rice Seed Center 2,425.0001,216.76224
6.300786,5.366262,2015-11-08,Chai Nat Rice Seed Center 2,544.0001,213.0612
5.549076,5.3726835,2015-11-09,Chai Nat Rice Seed Center 2,256.0,214.44023
5.488938,5.374974,2015-11-10,Chai Nat Rice Seed Center 2,241.00003,214.9342
4.727388,5.3651686,2015-11-11,Chai Nat Rice Seed Center 2,112.00001,212.82727
4.9904327,5.354111,2015-11-12,Chai Nat Rice Seed Center 2,146.00003,210.47594
4.828314,5.347344,2015-11-13,Chai Nat Rice Seed Center 2,124.00001,209.04965
6.297109,5.3436255,2015-11-14,Chai Nat Rice Seed Center 2,541.9999,208.27005
4.727388,5.344807,2015-11-15,Chai Nat Rice Seed Center 2,112.00001,208.51747
5.3752785,5.3442984,2015-11-16,Chai Nat Rice Seed Center 2,215.00002,208.4109
5.043425,5.3351846,2015-11-17,Chai Nat Rice Seed Center 2,154.0,206.51105
5.5412636,5.340673,2015-11-18,Chai Nat Rice Seed Center 2,254.00002,207.65308
4.828314,5.33206,2015-11-19,Chai Nat Rice Seed Center 2,124.00001,205.86365
4.912655,5.3426285,2015-12-01,Chai Nat Rice Seed Center 2,135.0,208.0615
4.8751974,5.3408275,2015-12-02,Chai Nat Rice Seed Center 2,130.00002,207.68532
5.888878,5.3493743,2015-12-03,Chai Nat Rice Seed Center 2,359.99997,209.47656
4.836282,5.3526387,2015-12-04,Chai Nat Rice Seed Center 2,124.999985,210.16476
5.3752785,5.365606,2015-12-05,Chai Nat Rice Seed Center 2,215.00002,212.92079
5.7745514,5.366069,2015-12-06,Chai Nat Rice Seed Center 2,320.99994,213.01987
6.2576675,5.3569026,2015-12-07,Chai Nat Rice Seed Center 2,521.0,211.06708
6.0450053,5.3526907,2015-12-08,Chai Nat Rice Seed Center 2,421.0,210.17575
5.786897,5.344754,2015-12-09,Chai Nat Rice Seed Center 2,324.99994,208.50638
5.198497,5.349093,2015-12-10,Chai Nat Rice Seed Center 2,179.99997,209.41736
5.26269,5.3514266,2015-12-11,Chai Nat Rice Seed Center 2,191.99997,209.90897
5.7776523,5.3417053,2015-12-12,Chai Nat Rice Seed Center 2,322.0,207.86859
5.4161005,5.34443,2015-12-13,Chai Nat Rice Seed Center 2,224.00003,208.43846
4.983607,5.337438,2015-12-14,Chai Nat Rice Seed Center 2,145.00003,206.9792
4.8202815,5.3502107,2015-12-15,Chai Nat Rice Seed Center 2,122.99999,209.65268
5.3752785,5.349706,2015-12-16,Chai Nat Rice Seed Center 2,215.00002,209.54642
5.786897,5.3490973,2015-12-17,Chai Nat Rice Seed Center 2,324.99994,209.41826
5.583496,5.3578906,2015-12-18,Chai Nat Rice Seed Center 2,264.99994,211.2767
6.0306854,5.3560877,2015-12-19,Chai Nat Rice Seed Center 2,415.00006,210.89432
5.786897,5.36171,2015-12-20,Chai Nat Rice Seed Center 2,324.99994,212.08904
6.4504704,5.3650107,2015-12-21,Chai Nat Rice Seed Center 2,632.0,212.79353
4.962845,5.3550735,2015-12-22,Chai Nat Rice Seed Center 2,142.00003,210.67952
5.5373344,5.361004,2015-12-23,Chai Nat Rice Seed Center 2,253.00005,211.9386
5.370638,5.352348,2015-12-24,Chai Nat Rice Seed Center 2,213.99997,210.10336
5.7745514,5.373986,2015-12-25,Chai Nat Rice Seed Center 2,320.99994,214.72098
6.240276,5.375721,2015-12-26,Chai Nat Rice Seed Center 2,512.0,215.09561
4.727388,5.380332,2015-12-27,Chai Nat Rice Seed Center 2,112.00001,216.09433
4.744932,5.3854384,2015-12-28,Chai Nat Rice Seed Center 2,114.00001,217.20575
6.4504704,5.3821864,2015-12-29,Chai Nat Rice Seed Center 2,632.0,216.4973
5.3752785,5.380842,2015-12-30,Chai Nat Rice Seed Center 2,215.00002,216.20514
5.786897,5.3846335,2015-12-31,Chai Nat Rice Seed Center 2,324.99994,217.03018
5.4553213,5.3741555,2016-01-01,Chai Nat Rice Seed Center 2,233.00005,214.7576
5.3752785,5.379906,2016-01-02,Chai Nat Rice Seed Center 2,215.00002,216.00192
5.5412636,5.3729653,2016-01-03,Chai Nat Rice Seed Center 2,254.00002,214.50095
5.46806,5.377409,2016-01-04,Chai Nat Rice Seed Center 2,235.99997,215.4607
5.549076,5.3798647,2016-01-05,Chai Nat Rice Seed Center 2,256.0,215.99292
6.0234475,5.3794737,2016-01-06,Chai Nat Rice Seed Center 2,411.99997,215.90808
5.7745514,5.3827567,2016-01-07,Chai Nat Rice Seed Center 2,320.99994,216.62137
4.836282,5.3846335,2016-01-08,Chai Nat Rice Seed Center 2,124.999985,217.03018
5.4467373,5.3888774,2016-01-09,Chai Nat Rice Seed Center 2,230.99998,217.95744
5.420535,5.390919,2016-01-10,Chai Nat Rice Seed Center 2,225.00002,218.40497
4.787492,5.3957725,2016-01-11,Chai Nat Rice Seed Center 2,119.00001,219.47238
5.365976,5.395149,2016-01-12,Chai Nat Rice Seed Center 2,212.99997,219.33502
6.2576675,5.3944864,2016-01-13,Chai Nat Rice Seed Center 2,521.0,219.18903
6.0210233,5.3964543,2016-01-14,Chai Nat Rice Seed Center 2,410.99997,219.62277
5.370638,5.4009457,2016-01-15,Chai Nat Rice Seed Center 2,213.99997,220.61589
5.4553213,5.4088883,2016-01-16,Chai Nat Rice Seed Center 2,233.00005,222.38312
4.983607,5.3985376,2016-01-17,Chai Nat Rice Seed Center 2,145.00003,220.08289
5.030438,5.4010468,2016-01-18,Chai Nat Rice Seed Center 2,152.0,220.63829
5.786897,5.395495,2016-01-19,Chai Nat Rice Seed Center 2,324.99994,219.41121
6.0234475,5.403141,2016-01-20,Chai Nat Rice Seed Center 2,411.99997,221.10295
6.2576675,5.4088993,2016-01-21,Chai Nat Rice Seed Center 2,521.0,222.38557
6.0544395,5.4052005,2016-01-22,Chai Nat Rice Seed Center 2,425.0001,221.56084
5.786897,5.404205,2016-01-23,Chai Nat Rice Seed Center 2,324.99994,221.33936
5.3752785,5.4036784,2016-01-24,Chai Nat Rice Seed Center 2,215.00002,221.22234
5.9053617,5.407723,2016-01-25,Chai Nat Rice Seed Center 2,365.99994,222.12296
6.1290503,5.416054,2016-01-26,Chai Nat Rice Seed Center 2,458.00003,223.9895
4.836282,5.4114013,2016-01-27,Chai Nat Rice Seed Center 2,124.999985,222.94518
5.556828,5.41422,2016-01-28,Chai Nat Rice Seed Center 2,258.0,223.57727
5.786897,5.411459,2016-01-29,Chai Nat Rice Seed Center 2,324.99994,222.9581
5.293305,5.4171004,2016-01-30,Chai Nat Rice Seed Center 2,198.00002,224.22511
6.0544395,5.4140353,2016-02-01,Chai Nat Rice Seed Center 2,425.0001,223.53583
4.836282,5.4208746,2016-02-02,Chai Nat Rice Seed Center 2,124.999985,225.07677
5.3752785,5.4301934,2016-02-03,Chai Nat Rice Seed Center 2,215.00002,227.19337
4.836282,5.4481325,2016-02-04,Chai Nat Rice Seed Center 2,124.999985,231.3239
5.786897,5.45944,2016-02-05,Chai Nat Rice Seed Center 2,324.99994,233.96587
5.293305,5.461882,2016-02-06,Chai Nat Rice Seed Center 2,198.00002,234.54031
4.8520303,5.468536,2016-02-08,Chai Nat Rice Seed Center 2,127.0,236.11278
5.236442,5.4652514,2016-02-09,Chai Nat Rice Seed Center 2,187.00003,235.33527
5.17615,5.466957,2016-02-10,Chai Nat Rice Seed Center 2,176.00002,235.73872
5.888878,5.4625616,2016-02-14,Chai Nat Rice Seed Center 2,359.99997,234.70042
4.8751974,5.4807076,2016-02-16,Chai Nat Rice Seed Center 2,130.00002,239.0165
5.934894,5.492528,2016-02-19,Chai Nat Rice Seed Center 2,376.99994,241.87039
5.771441,5.506474,2016-02-20,Chai Nat Rice Seed Center 2,319.99994,245.2812
5.620401,5.5085673,2016-02-21,Chai Nat Rice Seed Center 2,275.0,245.7973
4.8520303,5.506127,2016-02-22,Chai Nat Rice Seed Center 2,127.0,245.19574
5.786897,5.5009837,2016-02-23,Chai Nat Rice Seed Center 2,324.99994,243.93275
5.293305,5.49624,2016-02-24,Chai Nat Rice Seed Center 2,198.00002,242.77365
5.786897,5.5028934,2016-02-25,Chai Nat Rice Seed Center 2,324.99994,244.40096
5.293305,5.5106807,2016-02-26,Chai Nat Rice Seed Center 2,198.00002,246.31941
4.8520303,5.5178723,2016-02-28,Chai Nat Rice Seed Center 2,127.0,248.10446
5.236442,5.5161066,2016-02-29,Chai Nat Rice Seed Center 2,187.00003,247.665
4.836282,5.534443,2016-03-01,Chai Nat Rice Seed Center 2,124.999985,252.26665
5.605802,5.535792,2016-03-02,Chai Nat Rice Seed Center 2,271.0,252.60854
5.963579,5.53185,2016-03-03,Chai Nat Rice Seed Center 2,387.99994,251.61078
5.620401,5.551154,2016-03-08,Chai Nat Rice Seed Center 2,275.0,256.5346
4.8520303,5.5448956,2016-03-09,Chai Nat Rice Seed Center 2,127.0,254.92787
4.8520303,5.543231,2016-03-13,Chai Nat Rice Seed Center 2,127.0,254.5022
5.236442,5.5346646,2016-03-14,Chai Nat Rice Seed Center 2,187.00003,252.32281
5.17615,5.541877,2016-03-15,Chai Nat Rice Seed Center 2,176.00002,254.15643
5.293305,5.5388494,2016-03-16,Chai Nat Rice Seed Center 2,198.00002,253.38512
4.6634393,5.5279517,2016-03-18,Chai Nat Rice Seed Center 2,105.000015,250.62798
5.3565865,5.5161066,2016-03-19,Chai Nat Rice Seed Center 2,211.00003,247.665
4.912655,5.50068,2016-03-23,Chai Nat Rice Seed Center 2,135.0,243.85837
5.0369525,5.445027,2016-04-04,Chai Nat Rice Seed Center 2,152.99998,230.6035
5.293305,5.4318385,2016-04-05,Chai Nat Rice Seed Center 2,198.00002,227.56909
4.8520303,5.424533,2016-04-07,Chai Nat Rice Seed Center 2,127.0,225.90533
5.236442,5.4110527,2016-04-08,Chai Nat Rice Seed Center 2,187.00003,222.86713
5.17615,5.4059057,2016-04-09,Chai Nat Rice Seed Center 2,176.00002,221.71785
5.0238805,5.342756,2016-04-20,Chai Nat Rice Seed Center 2,151.0,208.08812
5.293305,5.330609,2016-04-21,Chai Nat Rice Seed Center 2,198.00002,205.5637
4.65396,5.315048,2016-04-23,Chai Nat Rice Seed Center 2,103.999985,202.37433
5.236442,5.300861,2016-04-24,Chai Nat Rice Seed Center 2,187.00003,199.50935
5.351858,5.3085136,2016-04-25,Chai Nat Rice Seed Center 2,210.0,201.04968
5.379897,5.297786,2016-04-26,Chai Nat Rice Seed Center 2,215.99995,198.8938
4.828314,5.262128,2016-04-29,Chai Nat Rice Seed Center 2,124.00001,191.89151
4.836282,5.210492,2016-05-15,Chai Nat Rice Seed Center 2,124.999985,182.18419
5.351858,5.2098427,2016-05-16,Chai Nat Rice Seed Center 2,210.0,182.06525
4.9904327,5.2007413,2016-05-17,Chai Nat Rice Seed Center 2,146.00003,180.40668
4.727388,5.198436,2016-05-18,Chai Nat Rice Seed Center 2,112.00001,179.98892
4.836282,5.1875386,2016-05-19,Chai Nat Rice Seed Center 2,124.999985,178.02736
4.836282,5.154638,2016-06-10,Chai Nat Rice Seed Center 2,124.999985,172.23305
6.1136823,5.157692,2016-06-14,Chai Nat Rice Seed Center 2,451.00003,172.76294
6.3664703,5.173248,2016-06-15,Chai Nat Rice Seed Center 2,580.99994,175.4871
5.3752785,5.152197,2016-06-18,Chai Nat Rice Seed Center 2,215.00002,171.81071
6.4393506,5.1794634,2016-07-07,Chai Nat Rice Seed Center 2,625.0001,176.5875
6.261492,5.178863,2016-07-08,Chai Nat Rice Seed Center 2,523.00006,176.48091
5.8636312,5.187367,2016-07-09,Chai Nat Rice Seed Center 2,351.00003,177.99663
5.9053617,5.227915,2016-07-10,Chai Nat Rice Seed Center 2,365.99994,185.40372
6.6240654,5.261628,2016-07-11,Chai Nat Rice Seed Center 2,752.0001,191.79514
5.8777356,5.328009,2016-07-12,Chai Nat Rice Seed Center 2,355.99994,205.02739
6.1290503,5.440988,2016-07-13,Chai Nat Rice Seed Center 2,458.00003,229.66998
6.285998,5.441703,2016-07-14,Chai Nat Rice Seed Center 2,535.9999,229.83493
6.0306854,5.505807,2016-07-15,Chai Nat Rice Seed Center 2,415.00006,245.11697
5.786897,5.4208064,2016-07-16,Chai Nat Rice Seed Center 2,324.99994,225.06134
6.7511015,5.399499,2016-07-17,Chai Nat Rice Seed Center 2,854.0,220.2955
6.4504704,5.463307,2016-07-18,Chai Nat Rice Seed Center 2,632.0,234.87616
6.0234475,5.5900702,2016-07-19,Chai Nat Rice Seed Center 2,411.99997,266.75443
5.46806,5.5691013,2016-07-20,Chai Nat Rice Seed Center 2,235.99997,261.19836
6.261492,5.6972666,2016-07-21,Chai Nat Rice Seed Center 2,523.00006,297.05157
6.0234475,5.7046347,2016-07-22,Chai Nat Rice Seed Center 2,411.99997,299.25577
5.786897,5.7358003,2016-07-23,Chai Nat Rice Seed Center 2,324.99994,308.76077
5.786897,5.8410125,2016-07-24,Chai Nat Rice Seed Center 2,324.99994,343.1276
6.0497336,5.8891735,2016-07-25,Chai Nat Rice Seed Center 2,423.00006,360.10672
6.2576675,5.7942405,2016-07-26,Chai Nat Rice Seed Center 2,521.0,327.40265
6.0210233,5.717341,2016-07-27,Chai Nat Rice Seed Center 2,410.99997,303.09525
5.46806,5.6894546,2016-07-28,Chai Nat Rice Seed Center 2,235.99997,294.73227
5.786897,5.652331,2016-07-29,Chai Nat Rice Seed Center 2,324.99994,283.9549
6.115892,5.6499567,2016-07-30,Chai Nat Rice Seed Center 2,451.9999,283.27914
6.2989492,5.657325,2016-07-31,Chai Nat Rice Seed Center 2,543.0,285.3815
6.115892,5.6677084,2016-08-01,Chai Nat Rice Seed Center 2,451.9999,288.37067
5.8777356,5.6875634,2016-08-02,Chai Nat Rice Seed Center 2,355.99994,294.17352
6.315358,5.6922665,2016-08-03,Chai Nat Rice Seed Center 2,552.00006,295.565
6.0234475,5.7202573,2016-08-04,Chai Nat Rice Seed Center 2,411.99997,303.98337
6.452049,5.7155557,2016-08-05,Chai Nat Rice Seed Center 2,632.9999,302.55283
6.1717005,5.708535,2016-08-06,Chai Nat Rice Seed Center 2,477.99994,300.4292
6.7511015,5.7123165,2016-08-07,Chai Nat Rice Seed Center 2,854.0,301.57117
5.549076,5.724447,2016-08-08,Chai Nat Rice Seed Center 2,256.0,305.2638
6.4846354,5.773763,2016-08-09,Chai Nat Rice Seed Center 2,654.00006,320.74625
6.1114674,5.7863913,2016-08-10,Chai Nat Rice Seed Center 2,450.0,324.83505
5.8777356,5.804002,2016-08-11,Chai Nat Rice Seed Center 2,355.99994,330.624
6.261492,5.786218,2016-08-12,Chai Nat Rice Seed Center 2,523.00006,324.77866
5.5373344,5.8031797,2016-08-13,Chai Nat Rice Seed Center 2,253.00005,330.3515
6.0306854,5.7946525,2016-08-14,Chai Nat Rice Seed Center 2,415.00006,327.538
6.4504704,5.828554,2016-08-15,Chai Nat Rice Seed Center 2,632.0,338.86694
5.8777356,5.816445,2016-08-16,Chai Nat Rice Seed Center 2,355.99994,334.77618
6.464588,5.8038244,2016-08-17,Chai Nat Rice Seed Center 2,640.9999,330.5652
6.4907236,5.787657,2016-08-18,Chai Nat Rice Seed Center 2,658.00006,325.24765
6.4393506,5.763638,2016-08-19,Chai Nat Rice Seed Center 2,625.0001,317.50494
5.786897,5.7298503,2016-08-20,Chai Nat Rice Seed Center 2,324.99994,306.92316
6.0306854,5.7023726,2016-08-21,Chai Nat Rice Seed Center 2,415.00006,298.57733
6.1246834,5.6682477,2016-08-22,Chai Nat Rice Seed Center 2,456.0,288.52676
6.2595816,5.6739078,2016-08-23,Chai Nat Rice Seed Center 2,522.00006,290.17014
6.4846354,5.6345944,2016-08-24,Chai Nat Rice Seed Center 2,654.00006,278.94537
5.5053315,5.608799,2016-08-25,Chai Nat Rice Seed Center 2,245.0,271.81638
6.4861608,5.684908,2016-09-01,Chai Nat Rice Seed Center 2,655.0,293.39075
5.866468,5.7002273,2016-09-02,Chai Nat Rice Seed Center 2,351.99997,297.93533
5.5373344,5.691504,2016-09-03,Chai Nat Rice Seed Center 2,253.00005,295.339
6.244167,5.732252,2016-09-04,Chai Nat Rice Seed Center 2,514.0,307.66364
5.370638,5.734694,2016-09-05,Chai Nat Rice Seed Center 2,213.99997,308.41827
5.5053315,5.714718,2016-09-06,Chai Nat Rice Seed Center 2,245.0,302.2986
5.8777356,5.7163568,2016-09-07,Chai Nat Rice Seed Center 2,355.99994,302.7961
6.6093493,5.6851273,2016-09-08,Chai Nat Rice Seed Center 2,741.0,293.45532
6.336826,5.70664,2016-09-09,Chai Nat Rice Seed Center 2,564.00006,299.8584
6.4800444,5.70158,2016-09-10,Chai Nat Rice Seed Center 2,650.9999,298.34
6.297109,5.6991625,2016-09-11,Chai Nat Rice Seed Center 2,541.9999,297.6172
6.610696,5.675673,2016-09-12,Chai Nat Rice Seed Center 2,741.9999,290.68457
6.3350544,5.666136,2016-09-13,Chai Nat Rice Seed Center 2,563.00006,287.91595
6.7357802,5.665951,2016-09-14,Chai Nat Rice Seed Center 2,841.0002,287.8625
6.3207684,5.6639695,2016-09-15,Chai Nat Rice Seed Center 2,555.00006,287.29074
6.297109,5.665536,2016-09-16,Chai Nat Rice Seed Center 2,541.9999,287.74268
6.4846354,5.638272,2016-09-17,Chai Nat Rice Seed Center 2,654.00006,279.9767
6.3350544,5.64055,2016-09-18,Chai Nat Rice Seed Center 2,563.00006,280.6176
5.5412636,5.6363387,2016-09-19,Chai Nat Rice Seed Center 2,254.00002,279.43408
6.0544395,5.637167,2016-09-20,Chai Nat Rice Seed Center 2,425.0001,279.66644
6.3044486,5.6435494,2016-09-21,Chai Nat Rice Seed Center 2,545.9999,281.46353
5.7838254,5.5984135,2016-09-22,Chai Nat Rice Seed Center 2,324.00006,268.9977
5.549076,5.6029696,2016-09-23,Chai Nat Rice Seed Center 2,256.0,270.23068
6.285998,5.589129,2016-09-24,Chai Nat Rice Seed Center 2,535.9999,266.5025
6.5736804,5.627826,2016-09-25,Chai Nat Rice Seed Center 2,715.0002,277.05704
5.549076,5.6301165,2016-09-26,Chai Nat Rice Seed Center 2,256.0,277.69458
6.7511015,5.605363,2016-09-27,Chai Nat Rice Seed Center 2,854.0,270.88058
6.3062754,5.6153407,2016-09-28,Chai Nat Rice Seed Center 2,547.00006,273.60693
5.902633,5.540252,2016-09-29,Chai Nat Rice Seed Center 2,364.99994,253.74223
6.3332796,5.451504,2016-09-30,Chai Nat Rice Seed Center 2,562.0,232.10855
4.6634393,5.3315077,2016-10-06,Chai Nat Rice Seed Center 2,105.000015,205.74945
5.3565865,5.365204,2016-10-07,Chai Nat Rice Seed Center 2,211.00003,212.83482
4.912655,5.3428874,2016-10-08,Chai Nat Rice Seed Center 2,135.0,208.11563
4.8751974,5.33102,2016-10-09,Chai Nat Rice Seed Center 2,130.00002,205.64862
4.6634393,5.326837,2016-10-10,Chai Nat Rice Seed Center 2,105.000015,204.78606
5.3565865,5.321538,2016-10-11,Chai Nat Rice Seed Center 2,211.00003,203.69846
5.888878,5.303216,2016-10-12,Chai Nat Rice Seed Center 2,359.99997,199.98212
5.1474943,5.3125553,2016-10-13,Chai Nat Rice Seed Center 2,170.99997,201.86795
4.8121843,5.31668,2016-10-14,Chai Nat Rice Seed Center 2,122.0,202.70645
4.7095304,5.3197813,2016-10-15,Chai Nat Rice Seed Center 2,110.000015,203.33919
4.905275,5.3208866,2016-10-16,Chai Nat Rice Seed Center 2,134.00002,203.56517
5.0172796,5.321636,2016-10-17,Chai Nat Rice Seed Center 2,149.99997,203.71857
4.7004805,5.3229585,2016-10-18,Chai Nat Rice Seed Center 2,109.000015,203.98944
5.6937323,5.312972,2016-10-19,Chai Nat Rice Seed Center 2,296.00003,201.95251
4.9272537,5.315074,2016-10-20,Chai Nat Rice Seed Center 2,137.0,202.37955
4.7361984,5.3157096,2016-10-22,Chai Nat Rice Seed Center 2,113.0,202.50887
4.6634393,5.3186917,2016-10-23,Chai Nat Rice Seed Center 2,105.000015,203.11667
4.744932,5.26653,2016-10-25,Chai Nat Rice Seed Center 2,114.00001,192.74252
4.6634393,5.262386,2016-10-26,Chai Nat Rice Seed Center 2,105.000015,191.94127
5.4026775,5.2751174,2016-10-27,Chai Nat Rice Seed Center 2,221.00003,194.41342
5.075174,5.2746162,2016-10-28,Chai Nat Rice Seed Center 2,159.0,194.3155
5.17615,5.2746735,2016-10-29,Chai Nat Rice Seed Center 2,176.00002,194.32669
5.327876,5.302989,2016-10-30,Chai Nat Rice Seed Center 2,204.99998,199.93652
5.379897,5.3229604,2016-10-31,Chai Nat Rice Seed Center 2,215.99995,203.98984
6.89467,5.335619,2016-11-01,Chai Nat Rice Seed Center 2,986.0,206.60121
7.115582,5.3464594,2016-11-02,Chai Nat Rice Seed Center 2,1229.9999,208.86394
6.809039,5.343555,2016-11-03,Chai Nat Rice Seed Center 2,904.9998,208.25528
6.9555926,5.351258,2016-11-04,Chai Nat Rice Seed Center 2,1048.0,209.87337
7.229114,5.3513165,2016-11-05,Chai Nat Rice Seed Center 2,1378.0002,209.88574
7.044033,5.3505654,2016-11-06,Chai Nat Rice Seed Center 2,1145.0001,209.72742
6.8875527,5.3482013,2016-11-07,Chai Nat Rice Seed Center 2,979.0002,209.22981
6.2989492,5.334039,2016-11-08,Chai Nat Rice Seed Center 2,543.0,206.2735
6.3456364,5.3423824,2016-11-09,Chai Nat Rice Seed Center 2,569.0,208.01007
6.5496507,5.3468084,2016-11-10,Chai Nat Rice Seed Center 2,697.99994,208.9372
5.872118,5.346282,2016-11-11,Chai Nat Rice Seed Center 2,354.00006,208.8267
6.6147256,5.34267,2016-11-12,Chai Nat Rice Seed Center 2,745.0,208.07018
6.3350544,5.3487263,2016-11-13,Chai Nat Rice Seed Center 2,563.00006,209.34021
6.3801227,5.3442445,2016-11-14,Chai Nat Rice Seed Center 2,589.00006,208.39963
6.872128,5.350437,2016-11-15,Chai Nat Rice Seed Center 2,963.99994,209.7004
6.126869,5.3534737,2016-11-16,Chai Nat Rice Seed Center 2,457.0,210.34116
6.616065,5.3380623,2016-11-17,Chai Nat Rice Seed Center 2,745.9999,207.10907
6.297109,5.3377905,2016-11-18,Chai Nat Rice Seed Center 2,541.9999,207.0525
6.823286,5.3394394,2016-11-19,Chai Nat Rice Seed Center 2,917.99994,207.39584
6.4831076,5.3473697,2016-11-20,Chai Nat Rice Seed Center 2,653.0001,209.05505
6.784457,5.3480353,2016-11-21,Chai Nat Rice Seed Center 2,883.0001,209.19493
6.1484685,5.3447137,2016-11-22,Chai Nat Rice Seed Center 2,467.0001,208.4979
6.375025,5.3506656,2016-11-23,Chai Nat Rice Seed Center 2,586.0,209.74852
6.200509,5.3514876,2016-11-24,Chai Nat Rice Seed Center 2,491.99994,209.92184
6.529419,5.365872,2016-11-25,Chai Nat Rice Seed Center 2,684.00006,212.97772
6.641182,5.3656783,2016-11-26,Chai Nat Rice Seed Center 2,764.9998,212.93631
6.3456364,5.3612094,2016-11-27,Chai Nat Rice Seed Center 2,569.0,211.98236
5.988961,5.365138,2016-11-28,Chai Nat Rice Seed Center 2,397.99994,212.82076
6.6489844,5.361151,2016-11-29,Chai Nat Rice Seed Center 2,770.9999,211.96997
6.542472,5.3703933,2016-11-30,Chai Nat Rice Seed Center 2,692.99994,213.94739
6.1800165,5.371204,2016-12-01,Chai Nat Rice Seed Center 2,481.99994,214.1217
5.9322453,5.3674045,2016-12-02,Chai Nat Rice Seed Center 2,376.00003,213.30591
6.1984787,5.368495,2016-12-03,Chai Nat Rice Seed Center 2,491.0,213.53973
5.7430034,5.3646035,2016-12-04,Chai Nat Rice Seed Center 2,311.00006,212.70648
6.228511,5.383806,2016-12-05,Chai Nat Rice Seed Center 2,505.99994,216.84988
6.037871,5.388391,2016-12-06,Chai Nat Rice Seed Center 2,418.0,217.85098
5.8493247,5.3883057,2016-12-07,Chai Nat Rice Seed Center 2,345.99997,217.83229
5.5683446,5.381496,2016-12-08,Chai Nat Rice Seed Center 2,261.00003,216.34717
5.613128,5.37575,2016-12-09,Chai Nat Rice Seed Center 2,273.00003,215.1019
5.7137327,5.377421,2016-12-10,Chai Nat Rice Seed Center 2,301.99997,215.46327
5.5174527,5.3781247,2016-12-11,Chai Nat Rice Seed Center 2,247.99995,215.61568
5.659482,5.3686013,2016-12-12,Chai Nat Rice Seed Center 2,285.99994,213.56256
5.7430034,5.3664875,2016-12-13,Chai Nat Rice Seed Center 2,311.00006,213.10948
5.220356,5.361934,2016-12-14,Chai Nat Rice Seed Center 2,184.00003,212.1368
5.056246,5.367912,2016-12-15,Chai Nat Rice Seed Center 2,156.0,213.41466
4.9272537,5.3684196,2016-12-16,Chai Nat Rice Seed Center 2,137.0,213.52357
5.1298985,5.368225,2016-12-17,Chai Nat Rice Seed Center 2,167.99997,213.48184
5.030438,5.3766494,2016-12-18,Chai Nat Rice Seed Center 2,152.0,215.29633
5.2311087,5.3746357,2016-12-19,Chai Nat Rice Seed Center 2,186.0,214.86122
5.288267,5.3894606,2016-12-20,Chai Nat Rice Seed Center 2,197.00002,218.08517
4.727388,5.3923864,2016-12-21,Chai Nat Rice Seed Center 2,112.00001,218.72713
4.9272537,5.3873205,2016-12-22,Chai Nat Rice Seed Center 2,137.0,217.61682
4.8441873,5.3826876,2016-12-23,Chai Nat Rice Seed Center 2,126.00002,216.60632
4.6728287,5.3774285,2016-12-24,Chai Nat Rice Seed Center 2,105.999985,215.46494
4.8598123,5.387391,2016-12-26,Chai Nat Rice Seed Center 2,127.999985,217.63225
4.804021,5.385891,2016-12-27,Chai Nat Rice Seed Center 2,120.99998,217.30452
4.6728287,5.3901234,2016-12-28,Chai Nat Rice Seed Center 2,105.999985,218.23044
4.7095304,5.382298,2017-01-01,Chai Nat Rice Seed Center 2,110.000015,216.52156
4.6728287,5.386637,2017-01-02,Chai Nat Rice Seed Center 2,105.999985,217.46748
4.6821313,5.391438,2017-01-04,Chai Nat Rice Seed Center 2,107.00001,218.51883
4.6728287,5.3965006,2017-01-05,Chai Nat Rice Seed Center 2,105.999985,219.63298
4.8520303,5.393546,2017-01-06,Chai Nat Rice Seed Center 2,127.0,218.98209
4.7361984,5.4001837,2017-01-07,Chai Nat Rice Seed Center 2,113.0,220.44708
4.634729,5.4030595,2017-01-08,Chai Nat Rice Seed Center 2,101.99999,221.08484
4.828314,5.4079323,2017-01-09,Chai Nat Rice Seed Center 2,124.00001,222.16966
4.6634393,5.409825,2017-01-10,Chai Nat Rice Seed Center 2,105.000015,222.59242
4.744932,5.4060545,2017-01-11,Chai Nat Rice Seed Center 2,114.00001,221.75099
4.6728287,5.4028406,2017-01-12,Chai Nat Rice Seed Center 2,105.999985,221.03624
4.7706847,5.3961697,2017-01-13,Chai Nat Rice Seed Center 2,117.000015,219.55998
4.7361984,5.4019623,2017-01-14,Chai Nat Rice Seed Center 2,113.0,220.84131
4.7957907,5.3987575,2017-01-15,Chai Nat Rice Seed Center 2,120.000015,220.13148
4.7004805,5.4054813,2017-01-16,Chai Nat Rice Seed Center 2,109.000015,221.62335
4.7095304,5.3993797,2017-01-17,Chai Nat Rice Seed Center 2,110.000015,220.26913
4.7361984,5.5362487,2017-03-10,Chai Nat Rice Seed Center 2,113.0,252.72441
6.776507,5.539159,2017-03-11,Chai Nat Rice Seed Center 2,875.99994,253.46387
6.921658,5.5389595,2017-03-12,Chai Nat Rice Seed Center 2,1012.9999,253.41315
6.8987145,5.533239,2017-03-13,Chai Nat Rice Seed Center 2,990.0,251.9619
7.4882936,5.526571,2017-03-14,Chai Nat Rice Seed Center 2,1786.0002,250.28075
7.0219765,5.532892,2017-03-15,Chai Nat Rice Seed Center 2,1120.0,251.87422
6.8710914,5.531239,2017-03-16,Chai Nat Rice Seed Center 2,963.00006,251.45651
6.934397,5.5261393,2017-03-17,Chai Nat Rice Seed Center 2,1026.0,250.17233
6.8543544,5.5222697,2017-03-18,Chai Nat Rice Seed Center 2,946.9999,249.20229
6.7417006,5.515806,2017-03-19,Chai Nat Rice Seed Center 2,846.0,247.59032
6.9226437,5.520697,2017-03-20,Chai Nat Rice Seed Center 2,1013.99976,248.80913
6.7238326,5.5236826,2017-03-21,Chai Nat Rice Seed Center 2,831.0001,249.55603
7.1300983,5.5190253,2017-03-22,Chai Nat Rice Seed Center 2,1247.9998,248.39185
6.6133842,5.5098567,2017-03-23,Chai Nat Rice Seed Center 2,744.0,246.1157
6.419995,5.50007,2017-03-24,Chai Nat Rice Seed Center 2,612.99994,243.70909
6.3062754,5.4976907,2017-03-25,Chai Nat Rice Seed Center 2,547.00006,243.12752
6.5638556,5.48888,2017-03-26,Chai Nat Rice Seed Center 2,708.0001,240.98607
6.514713,5.483336,2017-03-27,Chai Nat Rice Seed Center 2,674.00006,239.64816
6.371612,5.476147,2017-03-28,Chai Nat Rice Seed Center 2,584.0001,237.9244
6.3044486,5.467246,2017-03-29,Chai Nat Rice Seed Center 2,545.9999,235.80714
6.6133842,5.472228,2017-03-30,Chai Nat Rice Seed Center 2,744.0,236.98985
6.481577,5.4673147,2017-03-31,Chai Nat Rice Seed Center 2,651.9999,235.8234
6.375025,5.459708,2017-04-01,Chai Nat Rice Seed Center 2,586.0,234.02884
6.4676986,5.4481664,2017-04-02,Chai Nat Rice Seed Center 2,642.9999,231.33176
6.498282,5.4415293,2017-04-03,Chai Nat Rice Seed Center 2,662.9999,229.79486
6.350886,5.4405627,2017-04-04,Chai Nat Rice Seed Center 2,572.00006,229.5719
6.475433,5.4350166,2017-04-05,Chai Nat Rice Seed Center 2,648.0001,228.29666
6.001415,5.432842,2017-04-06,Chai Nat Rice Seed Center 2,402.99997,227.79852
5.7745514,5.4277196,2017-04-07,Chai Nat Rice Seed Center 2,320.99994,226.62956
5.6629605,5.4162745,2017-04-08,Chai Nat Rice Seed Center 2,287.0,224.03918
5.351858,5.415122,2017-04-09,Chai Nat Rice Seed Center 2,210.0,223.77997
5.164786,5.407038,2017-04-10,Chai Nat Rice Seed Center 2,173.99998,221.97021
5.241747,5.398023,2017-04-11,Chai Nat Rice Seed Center 2,187.99997,219.96916
4.828314,5.3788614,2017-04-13,Chai Nat Rice Seed Center 2,124.00001,215.77533
4.89784,5.3685756,2017-04-14,Chai Nat Rice Seed Center 2,133.00003,213.55704
4.644391,5.360646,2017-04-16,Chai Nat Rice Seed Center 2,103.000015,211.86237
4.6728287,5.351581,2017-04-17,Chai Nat Rice Seed Center 2,105.999985,209.94156
5.7745514,5.335124,2017-04-20,Chai Nat Rice Seed Center 2,320.99994,206.49847
4.7957907,5.3278,2017-04-21,Chai Nat Rice Seed Center 2,120.000015,204.98427
4.8751974,5.303614,2017-04-24,Chai Nat Rice Seed Center 2,130.00002,200.06216
4.634729,5.2862096,2017-04-27,Chai Nat Rice Seed Center 2,101.99999,196.59305
4.634729,5.177765,2017-06-06,Chai Nat Rice Seed Center 2,101.99999,176.28612
4.6728287,5.168167,2017-06-14,Chai Nat Rice Seed Center 2,105.999985,174.5927
4.7791233,5.169671,2017-06-15,Chai Nat Rice Seed Center 2,117.99998,174.85698
4.8441873,5.168759,2017-06-16,Chai Nat Rice Seed Center 2,126.00002,174.69664
4.744932,5.1575966,2017-06-19,Chai Nat Rice Seed Center 2,114.00001,172.74637
4.919981,5.1710944,2017-06-20,Chai Nat Rice Seed Center 2,136.00002,175.10747
4.65396,5.1683793,2017-07-01,Chai Nat Rice Seed Center 2,103.999985,174.62996
4.6634393,5.1639285,2017-07-03,Chai Nat Rice Seed Center 2,105.000015,173.85
4.75359,5.1741095,2017-07-05,Chai Nat Rice Seed Center 2,114.99999,175.63924
4.6728287,5.170671,2017-07-06,Chai Nat Rice Seed Center 2,105.999985,175.03291
4.8598123,5.1725693,2017-07-07,Chai Nat Rice Seed Center 2,127.999985,175.3674
4.644391,5.2033615,2017-07-09,Chai Nat Rice Seed Center 2,103.000015,180.88261
4.75359,5.241362,2017-07-10,Chai Nat Rice Seed Center 2,114.99999,187.92726
5.09375,5.2735476,2017-07-13,Chai Nat Rice Seed Center 2,161.99997,194.1069
4.919981,5.277869,2017-07-14,Chai Nat Rice Seed Center 2,136.00002,194.9519
5.043425,5.306738,2017-07-15,Chai Nat Rice Seed Center 2,154.0,200.69122
4.8520303,5.312818,2017-07-16,Chai Nat Rice Seed Center 2,127.0,201.92126
5.0875964,5.3146076,2017-07-17,Chai Nat Rice Seed Center 2,161.00002,202.28473
5.6240177,5.3136826,2017-07-18,Chai Nat Rice Seed Center 2,276.00006,202.09677
5.043425,5.311052,2017-07-19,Chai Nat Rice Seed Center 2,154.0,201.56319
5.236442,5.3337436,2017-07-20,Chai Nat Rice Seed Center 2,187.00003,206.21223
5.332719,5.3243876,2017-07-21,Chai Nat Rice Seed Center 2,206.00002,204.2826
5.241747,5.31225,2017-07-22,Chai Nat Rice Seed Center 2,187.99997,201.80606
4.9272537,5.312298,2017-07-23,Chai Nat Rice Seed Center 2,137.0,201.81573
4.804021,5.317296,2017-07-24,Chai Nat Rice Seed Center 2,120.99998,202.83199
4.6728287,5.3294683,2017-07-25,Chai Nat Rice Seed Center 2,105.999985,205.32823
4.7361984,5.3470626,2017-07-27,Chai Nat Rice Seed Center 2,113.0,208.99057
4.9904327,5.3558035,2017-07-28,Chai Nat Rice Seed Center 2,146.00003,210.8341
5.521461,5.3858843,2017-07-30,Chai Nat Rice Seed Center 2,249.00003,217.30307
5.7838254,5.4116373,2017-07-31,Chai Nat Rice Seed Center 2,324.00006,222.99805
6.182085,5.38979,2017-08-01,Chai Nat Rice Seed Center 2,483.00006,218.15738
6.228511,5.358535,2017-08-02,Chai Nat Rice Seed Center 2,505.99994,211.4135
4.6728287,5.334026,2017-08-03,Chai Nat Rice Seed Center 2,105.999985,206.27074
4.744932,5.3353577,2017-08-04,Chai Nat Rice Seed Center 2,114.00001,206.54697
4.6821313,5.334496,2017-08-06,Chai Nat Rice Seed Center 2,107.00001,206.36821
4.9904327,5.434685,2017-08-09,Chai Nat Rice Seed Center 2,146.00003,228.22069
5.030438,5.457073,2017-08-10,Chai Nat Rice Seed Center 2,152.0,233.41035
4.89784,5.479192,2017-08-11,Chai Nat Rice Seed Center 2,133.00003,238.65294
5.241747,5.473612,2017-08-12,Chai Nat Rice Seed Center 2,187.99997,237.31941
5.123964,5.4914403,2017-08-13,Chai Nat Rice Seed Center 2,166.99997,241.60638
5.4553213,5.5036607,2017-08-14,Chai Nat Rice Seed Center 2,233.00005,244.58931
5.488938,5.50398,2017-08-15,Chai Nat Rice Seed Center 2,241.00003,244.66779
5.3565865,5.505009,2017-08-16,Chai Nat Rice Seed Center 2,211.00003,244.92072
5.220356,5.496965,2017-08-17,Chai Nat Rice Seed Center 2,184.00003,242.95041
4.94876,5.518052,2017-08-18,Chai Nat Rice Seed Center 2,140.00002,248.14925
5.049856,5.5349283,2017-08-19,Chai Nat Rice Seed Center 2,155.00003,252.38962
5.09375,5.568638,2017-08-20,Chai Nat Rice Seed Center 2,161.99997,261.07687
4.7957907,5.5834775,2017-08-21,Chai Nat Rice Seed Center 2,120.000015,264.995
4.919981,5.572571,2017-08-22,Chai Nat Rice Seed Center 2,136.00002,262.10962
4.744932,5.572469,2017-08-24,Chai Nat Rice Seed Center 2,114.00001,262.08292
4.6728287,5.579469,2017-08-25,Chai Nat Rice Seed Center 2,105.999985,263.93094
4.727388,5.5477533,2017-08-27,Chai Nat Rice Seed Center 2,112.00001,255.66028
4.624973,5.550009,2017-08-28,Chai Nat Rice Seed Center 2,101.0,256.2398
4.8121843,5.6070094,2017-09-01,Chai Nat Rice Seed Center 2,122.0,271.32858
4.7095304,5.6705656,2017-09-04,Chai Nat Rice Seed Center 2,110.000015,289.19864
4.882802,5.644765,2017-09-05,Chai Nat Rice Seed Center 2,131.00002,281.80707
4.962845,5.590882,2017-09-06,Chai Nat Rice Seed Center 2,142.00003,266.97183
4.644391,5.571568,2017-09-08,Chai Nat Rice Seed Center 2,103.000015,261.84592
4.9272537,5.587717,2017-09-09,Chai Nat Rice Seed Center 2,137.0,266.1251
4.828314,5.5988584,2017-09-10,Chai Nat Rice Seed Center 2,124.00001,269.11786
4.7791233,5.603712,2017-09-11,Chai Nat Rice Seed Center 2,117.99998,270.43213
4.955827,5.5976877,2017-09-12,Chai Nat Rice Seed Center 2,141.00003,268.80182
4.6728287,5.5835524,2017-09-16,Chai Nat Rice Seed Center 2,105.999985,265.01492
4.7361984,5.539136,2017-09-17,Chai Nat Rice Seed Center 2,113.0,253.45804
4.624973,5.5352883,2017-09-25,Chai Nat Rice Seed Center 2,101.0,252.48087
4.7361984,5.478458,2017-10-04,Chai Nat Rice Seed Center 2,113.0,238.47713
4.6634393,5.4788737,2017-10-05,Chai Nat Rice Seed Center 2,105.000015,238.57672
4.634729,5.445272,2017-10-08,Chai Nat Rice Seed Center 2,101.99999,230.66028
4.7361984,5.408566,2017-10-10,Chai Nat Rice Seed Center 2,113.0,222.31113
4.828314,5.3830714,2017-10-11,Chai Nat Rice Seed Center 2,124.00001,216.68987
4.919981,5.3557916,2017-10-12,Chai Nat Rice Seed Center 2,136.00002,210.83159
5.0039463,5.3543544,2017-10-13,Chai Nat Rice Seed Center 2,148.0,210.52737
4.762174,5.332577,2017-10-17,Chai Nat Rice Seed Center 2,116.00002,205.9707
4.828314,5.3262405,2017-10-18,Chai Nat Rice Seed Center 2,124.00001,204.66333
4.89784,5.323076,2017-10-19,Chai Nat Rice Seed Center 2,133.00003,204.01349
4.6821313,5.30962,2017-10-22,Chai Nat Rice Seed Center 2,107.00001,201.27333
4.6728287,5.3239427,2017-10-24,Chai Nat Rice Seed Center 2,105.999985,204.19128
4.962845,5.338249,2017-10-25,Chai Nat Rice Seed Center 2,142.00003,207.14796
4.9904327,5.3461504,2017-10-26,Chai Nat Rice Seed Center 2,146.00003,208.7991
5.030438,5.344857,2017-10-27,Chai Nat Rice Seed Center 2,152.0,208.52797
4.89784,5.3407865,2017-10-28,Chai Nat Rice Seed Center 2,133.00003,207.67676
4.6634393,5.3407793,2017-10-30,Chai Nat Rice Seed Center 2,105.000015,207.67526
4.8202815,5.3335037,2017-10-31,Chai Nat Rice Seed Center 2,122.99999,206.16254
4.89784,5.325518,2017-11-01,Chai Nat Rice Seed Center 2,133.00003,204.51482
4.962845,5.3200364,2017-11-02,Chai Nat Rice Seed Center 2,142.00003,203.39133
4.828314,5.316241,2017-11-03,Chai Nat Rice Seed Center 2,124.00001,202.617
4.691348,5.3421507,2017-11-04,Chai Nat Rice Seed Center 2,108.00002,207.96164
4.75359,5.3497453,2017-11-05,Chai Nat Rice Seed Center 2,114.99999,209.55466
4.9416423,5.354653,2017-11-06,Chai Nat Rice Seed Center 2,138.99998,210.59052
4.955827,5.3704534,2017-11-07,Chai Nat Rice Seed Center 2,141.00003,213.9603
5.043425,5.348722,2017-11-08,Chai Nat Rice Seed Center 2,154.0,209.33931
5.159055,5.359056,2017-11-09,Chai Nat Rice Seed Center 2,172.99998,211.52423
4.905275,5.3509336,2017-11-10,Chai Nat Rice Seed Center 2,134.00002,209.80501
4.8202815,5.341531,2017-11-11,Chai Nat Rice Seed Center 2,122.99999,207.83215
5.117994,5.3409777,2017-11-12,Chai Nat Rice Seed Center 2,166.0,207.71667
4.828314,5.350303,2017-11-13,Chai Nat Rice Seed Center 2,124.00001,209.67215
5.075174,5.350799,2017-11-14,Chai Nat Rice Seed Center 2,159.0,209.77666
4.7004805,5.343481,2017-11-15,Chai Nat Rice Seed Center 2,109.000015,208.23982
4.9904327,5.346437,2017-11-16,Chai Nat Rice Seed Center 2,146.00003,208.85922
5.049856,5.3340626,2017-11-17,Chai Nat Rice Seed Center 2,155.00003,206.27835
4.8202815,5.338507,2017-11-18,Chai Nat Rice Seed Center 2,122.99999,207.20166
4.934474,5.332237,2017-11-19,Chai Nat Rice Seed Center 2,138.0,205.90024
5.0039463,5.3347206,2017-11-20,Chai Nat Rice Seed Center 2,148.0,206.4148
5.0998664,5.3350506,2017-11-21,Chai Nat Rice Seed Center 2,163.0,206.48325
5.236442,5.329112,2017-11-22,Chai Nat Rice Seed Center 2,187.00003,205.25475
5.273,5.3323064,2017-11-23,Chai Nat Rice Seed Center 2,194.00003,205.91464
5.3565865,5.3293514,2017-11-24,Chai Nat Rice Seed Center 2,211.00003,205.30412
5.587249,5.3295856,2017-11-25,Chai Nat Rice Seed Center 2,266.00003,205.35243
5.164786,5.3324594,2017-11-26,Chai Nat Rice Seed Center 2,173.99998,205.94632
5.605802,5.3278413,2017-11-27,Chai Nat Rice Seed Center 2,271.0,204.99281
5.3471074,5.330667,2017-11-28,Chai Nat Rice Seed Center 2,208.99997,205.57571
5.9053617,5.33111,2017-11-29,Chai Nat Rice Seed Center 2,365.99994,205.66725
5.771441,5.336334,2017-11-30,Chai Nat Rice Seed Center 2,319.99994,206.74976
6.0473723,5.3471303,2017-12-01,Chai Nat Rice Seed Center 2,422.00006,209.00478
6.2766433,5.3455215,2017-12-02,Chai Nat Rice Seed Center 2,530.9999,208.66719
5.926926,5.360002,2017-12-03,Chai Nat Rice Seed Center 2,374.00006,211.72537
6.188264,5.3578734,2017-12-04,Chai Nat Rice Seed Center 2,485.99988,211.27306
6.3885612,5.3694377,2017-12-05,Chai Nat Rice Seed Center 2,593.9999,213.74208
5.918894,5.371941,2017-12-06,Chai Nat Rice Seed Center 2,371.0,214.28033
5.6629605,5.3616686,2017-12-07,Chai Nat Rice Seed Center 2,287.0,212.0802
5.9107966,5.3595715,2017-12-08,Chai Nat Rice Seed Center 2,368.0,211.6338
6.0210233,5.3544154,2017-12-09,Chai Nat Rice Seed Center 2,410.99997,210.54028
5.926926,5.353396,2017-12-10,Chai Nat Rice Seed Center 2,374.00006,210.32472
5.9738097,5.348761,2017-12-11,Chai Nat Rice Seed Center 2,392.00006,209.34753
6.212606,5.3461328,2017-12-12,Chai Nat Rice Seed Center 2,497.99994,208.7954
5.9375362,5.348783,2017-12-13,Chai Nat Rice Seed Center 2,378.0,209.35214
5.8493247,5.350444,2017-12-14,Chai Nat Rice Seed Center 2,345.99997,209.7018
6.0473723,5.3502865,2017-12-15,Chai Nat Rice Seed Center 2,422.00006,209.66864
5.6347895,5.3559136,2017-12-16,Chai Nat Rice Seed Center 2,278.99997,210.85745
5.9584246,5.3514385,2017-12-17,Chai Nat Rice Seed Center 2,385.99994,209.91148
6.1180973,5.351397,2017-12-18,Chai Nat Rice Seed Center 2,453.00006,209.90274
6.070738,5.350992,2017-12-19,Chai Nat Rice Seed Center 2,432.00006,209.81737
5.7620516,5.354964,2017-12-20,Chai Nat Rice Seed Center 2,317.00006,210.65631
5.8998976,5.3598585,2017-12-21,Chai Nat Rice Seed Center 2,364.00006,211.69485
5.6240177,5.359013,2017-12-22,Chai Nat Rice Seed Center 2,276.00006,211.5151
5.8435445,5.35907,2017-12-23,Chai Nat Rice Seed Center 2,344.00003,211.52716
5.5053315,5.36115,2017-12-24,Chai Nat Rice Seed Center 2,245.0,211.96968
5.7589016,5.36172,2017-12-25,Chai Nat Rice Seed Center 2,315.99994,212.09117
5.805135,5.370891,2017-12-26,Chai Nat Rice Seed Center 2,330.99994,214.05441
5.5683446,5.3715034,2017-12-27,Chai Nat Rice Seed Center 2,261.00003,214.18613
5.236442,5.380909,2017-12-28,Chai Nat Rice Seed Center 2,187.00003,216.21964
5.488938,5.3906746,2017-12-29,Chai Nat Rice Seed Center 2,241.00003,218.3513
5.46806,5.4018764,2017-12-30,Chai Nat Rice Seed Center 2,235.99997,220.82227
5.620401,5.410239,2017-12-31,Chai Nat Rice Seed Center 2,275.0,222.68509
5.1416636,5.4687524,2015-02-09,Chai Nat Rice research Center,170.0,236.16412
5.525453,5.4735065,2015-02-10,Chai Nat Rice research Center,250.00003,237.2943
5.220356,5.478178,2015-02-11,Chai Nat Rice research Center,184.00003,238.41011
4.9972124,5.472151,2015-02-14,Chai Nat Rice research Center,147.00002,236.97147
4.7791233,5.4813166,2015-02-15,Chai Nat Rice research Center,117.99998,239.16269
5.26269,5.484339,2015-02-17,Chai Nat Rice research Center,191.99997,239.88972
4.828314,5.4944525,2015-02-22,Chai Nat Rice research Center,124.00001,242.33826
5.5174527,5.5008554,2015-02-23,Chai Nat Rice research Center,247.99995,243.90134
4.919981,5.50174,2015-02-24,Chai Nat Rice research Center,136.00002,244.11806
5.030438,5.497088,2015-03-01,Chai Nat Rice research Center,152.0,242.98041
4.7957907,5.5162773,2015-03-05,Chai Nat Rice research Center,120.000015,247.70746
6.6933236,5.3410463,2015-07-23,Chai Nat Rice research Center,805.99994,207.731
4.983607,5.3558397,2015-07-24,Chai Nat Rice research Center,145.00003,210.8418
6.329721,5.3730865,2015-07-25,Chai Nat Rice research Center,560.00006,214.52705
5.192957,5.4533195,2015-08-05,Chai Nat Rice research Center,179.00002,232.5321
5.081404,5.446931,2015-08-06,Chai Nat Rice research Center,159.99997,231.04489
5.902633,5.561063,2015-08-09,Chai Nat Rice research Center,364.99994,259.09912
6.985642,5.612712,2015-08-15,Chai Nat Rice research Center,1080.0001,272.886
6.232448,5.6327243,2015-08-16,Chai Nat Rice research Center,508.00003,278.4223
5.8081427,5.6286674,2015-08-17,Chai Nat Rice research Center,332.00006,277.29102
5.9814143,5.7350454,2015-08-21,Chai Nat Rice research Center,395.00006,308.52704
9.298443,5.74121,2015-08-23,Chai Nat Rice research Center,10920.0,310.441
7.901377,5.776232,2015-09-08,Chai Nat Rice research Center,2699.9995,321.5415
7.6014023,5.8198247,2015-09-09,Chai Nat Rice research Center,1999.9999,335.913
4.7957907,5.3216934,2015-11-14,Chai Nat Rice research Center,120.000015,203.73029
5.7071104,5.3248262,2015-11-15,Chai Nat Rice research Center,300.00003,204.37268
5.771441,5.326189,2015-11-16,Chai Nat Rice research Center,319.99994,204.65274
5.081404,5.3183613,2015-11-17,Chai Nat Rice research Center,159.99997,203.04922
5.484797,5.302506,2015-11-22,Chai Nat Rice research Center,240.00002,199.83948
5.5012584,5.2920623,2015-11-28,Chai Nat Rice research Center,244.00005,197.75288
5.1059456,5.3212757,2015-12-09,Chai Nat Rice research Center,164.00002,203.64478
6.089045,5.4974723,2016-02-18,Chai Nat Rice research Center,440.00006,243.0742
4.804021,5.509824,2016-02-23,Chai Nat Rice research Center,120.99998,246.10759
5.771441,5.5451937,2016-03-03,Chai Nat Rice research Center,319.99994,255.00415
7.7497535,5.547684,2016-03-04,Chai Nat Rice research Center,2320.0002,255.64253
5.1474943,5.551591,2016-03-05,Chai Nat Rice research Center,170.99997,256.64713
4.905275,5.5601892,2016-03-06,Chai Nat Rice research Center,134.00002,258.872
4.624973,5.5612335,2016-03-10,Chai Nat Rice research Center,101.0,259.14352
5.4510384,5.512717,2016-03-27,Chai Nat Rice research Center,231.99998,246.82349
4.644391,5.5014734,2016-03-28,Chai Nat Rice research Center,103.000015,244.05273
4.7706847,5.503227,2016-03-30,Chai Nat Rice research Center,117.000015,244.48288
5.3033047,5.2899194,2016-07-11,Chai Nat Rice research Center,199.99995,197.32744
5.480639,5.3612547,2016-07-12,Chai Nat Rice research Center,239.00002,211.99202
5.159055,5.7073746,2016-07-29,Chai Nat Rice research Center,172.99998,300.07956
4.7791233,5.72049,2016-07-31,Chai Nat Rice research Center,117.99998,304.05435
6.50279,5.7332196,2016-08-01,Chai Nat Rice research Center,665.99994,307.9624
4.8121843,5.7790685,2016-08-04,Chai Nat Rice research Center,122.0,322.45773
4.7957907,5.776378,2016-08-05,Chai Nat Rice research Center,120.000015,321.5887
5.1059456,5.7643085,2016-08-06,Chai Nat Rice research Center,164.00002,317.71857
5.0238805,5.7840023,2016-08-08,Chai Nat Rice research Center,151.0,324.05756
9.413853,5.8278313,2016-08-09,Chai Nat Rice research Center,12256.002,338.62134
6.753438,5.843559,2016-08-11,Chai Nat Rice research Center,856.00006,344.00494
8.705,5.851776,2016-08-13,Chai Nat Rice research Center,6032.0015,346.85165
5.676754,5.877023,2016-08-16,Chai Nat Rice research Center,291.00006,355.7457
5.926926,5.850141,2016-08-19,Chai Nat Rice research Center,374.00006,346.28336
5.313206,5.8394194,2016-08-20,Chai Nat Rice research Center,202.00005,342.57977
5.46806,5.8211193,2016-08-21,Chai Nat Rice research Center,235.99997,336.34943
8.315077,5.7814603,2016-08-22,Chai Nat Rice research Center,4083.9993,323.2323
5.9427996,5.78885,2016-08-23,Chai Nat Rice research Center,380.00006,325.63712
7.3323693,5.7056346,2016-08-28,Chai Nat Rice research Center,1528.0002,299.55615
4.94876,5.7405496,2016-09-01,Chai Nat Rice research Center,140.00002,310.2354
5.3936276,5.762117,2016-09-05,Chai Nat Rice research Center,219.00003,317.02084
4.905275,5.7299423,2016-09-08,Chai Nat Rice research Center,134.00002,306.9515
4.9767337,5.657935,2016-09-18,Chai Nat Rice research Center,144.0,285.55634
6.9536843,5.371886,2016-11-04,Chai Nat Rice research Center,1046.0001,214.26843
6.2785215,5.378485,2016-11-05,Chai Nat Rice research Center,532.00006,215.69379
6.5834093,5.3817167,2016-11-06,Chai Nat Rice research Center,722.00006,216.39517
5.214936,5.3496504,2016-11-09,Chai Nat Rice research Center,183.0,209.53468
5.4293456,5.3469715,2016-11-11,Chai Nat Rice research Center,227.0,208.97144
4.89784,5.3390093,2016-11-12,Chai Nat Rice research Center,133.00003,207.30624
4.8202815,5.3424783,2016-11-15,Chai Nat Rice research Center,122.99999,208.0301
6.5117455,5.331292,2016-11-28,Chai Nat Rice research Center,672.00006,205.7049
6.216606,5.461736,2017-02-09,Chai Nat Rice research Center,500.00003,234.50595
4.955827,5.467004,2017-02-10,Chai Nat Rice research Center,141.00003,235.74979
5.918894,5.460664,2017-02-12,Chai Nat Rice research Center,371.0,234.25354
5.9814143,5.477625,2017-02-13,Chai Nat Rice research Center,395.00006,238.27773
5.3033047,5.4784155,2017-02-14,Chai Nat Rice research Center,199.99995,238.46696
5.3612924,5.491838,2017-02-15,Chai Nat Rice research Center,212.00005,241.70288
5.351858,5.4948473,2017-02-16,Chai Nat Rice research Center,210.0,242.43436
5.2257466,5.489873,2017-02-17,Chai Nat Rice research Center,185.0,241.22643
5.4380794,5.4888997,2017-02-18,Chai Nat Rice research Center,229.00002,240.9908
5.5373344,5.484238,2017-02-19,Chai Nat Rice research Center,253.00005,239.86537
6.2690964,5.495954,2017-02-20,Chai Nat Rice research Center,527.00006,242.70392
7.7393594,5.501985,2017-02-21,Chai Nat Rice research Center,2296.0005,244.17815
6.3885612,5.49995,2017-02-22,Chai Nat Rice research Center,593.9999,243.67969
5.9939613,5.504271,2017-02-23,Chai Nat Rice research Center,399.99997,244.73926
6.0354815,5.5155244,2017-02-25,Chai Nat Rice research Center,417.0,247.52026
6.240276,5.5227118,2017-02-27,Chai Nat Rice research Center,512.0,249.31291
5.4026775,5.5229955,2017-02-28,Chai Nat Rice research Center,221.00003,249.38393
6.1984787,5.5303226,2017-03-01,Chai Nat Rice research Center,491.0,251.22525
4.905275,5.5515018,2017-03-05,Chai Nat Rice research Center,134.00002,256.62415
5.602119,5.5502944,2017-03-06,Chai Nat Rice research Center,270.00003,256.3133
8.810012,5.5611606,2017-03-10,Chai Nat Rice research Center,6699.999,259.12454
8.268989,5.5626464,2017-03-11,Chai Nat Rice research Center,3900.0015,259.51135
10.243561,5.5602107,2017-03-12,Chai Nat Rice research Center,28100.01,258.8776
10.328135,5.5584517,2017-03-13,Chai Nat Rice research Center,30580.012,258.42084
9.3843775,5.5484214,2017-03-14,Chai Nat Rice research Center,11899.997,255.8318
10.358409,5.555515,2017-03-15,Chai Nat Rice research Center,31519.988,257.6601
6.703188,5.553745,2017-03-16,Chai Nat Rice research Center,813.9999,257.20267
8.499844,5.547106,2017-03-17,Chai Nat Rice research Center,4913.0,255.49413
6.2841344,5.5460396,2017-03-18,Chai Nat Rice research Center,535.0001,255.2208
8.611958,5.536364,2017-03-19,Chai Nat Rice research Center,5495.999,252.7537
5.220356,5.5447674,2017-03-20,Chai Nat Rice research Center,184.00003,254.89505
8.2892885,5.5449767,2017-03-21,Chai Nat Rice research Center,3980.0007,254.94862
8.083637,5.542183,2017-03-22,Chai Nat Rice research Center,3240.0,254.23454
6.4504704,5.5345283,2017-03-23,Chai Nat Rice research Center,632.0,252.28827
6.508769,5.5264006,2017-03-24,Chai Nat Rice research Center,669.99994,250.23796
6.0450053,5.524373,2017-03-25,Chai Nat Rice research Center,421.0,249.7291
5.8435445,5.5192175,2017-03-26,Chai Nat Rice research Center,344.00003,248.43977
5.398163,5.5112987,2017-03-27,Chai Nat Rice research Center,220.00003,246.4723
5.26269,5.502724,2017-03-28,Chai Nat Rice research Center,191.99997,244.35942
5.7268476,5.4627886,2017-04-03,Chai Nat Rice research Center,305.99997,234.75392
4.7791233,5.4501443,2017-04-06,Chai Nat Rice research Center,117.99998,231.79175
5.433722,5.4400415,2017-04-08,Chai Nat Rice research Center,228.0,229.45175
5.4510384,5.4421,2017-04-09,Chai Nat Rice research Center,231.99998,229.92664
5.755742,5.4037313,2017-04-13,Chai Nat Rice research Center,314.99994,221.2341
4.8751974,5.3920608,2017-04-14,Chai Nat Rice research Center,130.00002,218.65558
5.327876,5.3942666,2017-04-15,Chai Nat Rice research Center,204.99998,219.14064
4.75359,5.307966,2017-07-14,Chai Nat Rice research Center,114.99999,200.93912
6.5971456,5.443416,2017-07-30,Chai Nat Rice research Center,731.9999,230.23074
10.152728,5.4707265,2017-07-31,Chai Nat Rice research Center,25660.012,236.63277
7.9405837,5.453267,2017-08-01,Chai Nat Rice research Center,2807.9995,232.51985
5.786897,5.4381084,2017-08-02,Chai Nat Rice research Center,324.99994,229.0067
5.733341,5.406664,2017-08-03,Chai Nat Rice research Center,307.99997,221.88678
5.7960577,5.3928604,2017-08-05,Chai Nat Rice research Center,328.0,218.8313
5.4764633,5.3999496,2017-08-08,Chai Nat Rice research Center,237.99994,220.39525
4.8520303,5.596028,2017-08-28,Chai Nat Rice research Center,127.0,268.35437
5.1298985,5.365899,2017-11-24,Chai Nat Rice research Center,167.99997,212.98354
5.869297,5.3605037,2017-11-25,Chai Nat Rice research Center,353.00003,211.83212
5.7745514,5.364783,2017-11-26,Chai Nat Rice research Center,320.99994,212.74481
5.723585,5.3522153,2017-11-27,Chai Nat Rice research Center,305.0,210.07538
4.9904327,5.3510804,2017-11-28,Chai Nat Rice research Center,146.00003,209.83597
5.986452,5.3469057,2017-11-29,Chai Nat Rice research Center,397.00003,208.95763
5.030438,5.362099,2017-12-01,Chai Nat Rice research Center,152.0,212.17197
5.3471074,5.365994,2017-12-02,Chai Nat Rice research Center,208.99997,213.00385
6.184149,5.397734,2017-12-06,Chai Nat Rice research Center,483.99994,219.90532
5.198497,5.3888183,2017-12-07,Chai Nat Rice research Center,179.99997,217.94449
4.727388,5.669949,2015-04-08,Chiang Mai Rice research Center,112.00001,289.01978
5.209486,5.757621,2017-03-20,Chiang Mai Rice research Center,181.99997,315.5942
4.6634393,5.950637,2016-09-11,Chiangrai Rice research Center,105.000015,382.9978
5.525453,5.8549047,2016-09-17,Chiangrai Rice research Center,250.00003,347.94162
4.7184987,5.815041,2016-09-22,Chiangrai Rice research Center,110.999985,334.30518
4.94876,5.444683,2017-04-26,Chiangrai Rice research Center,140.00002,230.5239
4.6821313,5.397407,2017-05-03,Chiangrai Rice research Center,107.00001,219.83307
4.6728287,5.365809,2017-05-11,Chiangrai Rice research Center,105.999985,212.96425
4.9904327,5.81417,2017-10-09,Chiangrai Rice research Center,146.00003,334.01318
4.787492,5.7262187,2015-08-07,Khlong Luang Rice research Center,119.00001,305.80695
5.480639,5.7464542,2015-08-08,Khlong Luang Rice research Center,239.00002,312.07858
5.525453,5.7913756,2015-08-09,Khlong Luang Rice research Center,250.00003,326.4632
5.198497,5.7994976,2015-08-12,Khlong Luang Rice research Center,179.99997,329.13367
5.669881,5.827081,2015-08-13,Khlong Luang Rice research Center,289.0,338.3667
5.866468,5.8375483,2015-08-14,Khlong Luang Rice research Center,351.99997,341.9375
5.4424176,5.8273177,2015-08-17,Khlong Luang Rice research Center,229.99998,338.44696
5.846439,5.888219,2015-08-19,Khlong Luang Rice research Center,345.00003,359.76215
5.638355,5.9474416,2015-08-23,Khlong Luang Rice research Center,280.00003,381.7728
5.525453,5.9558783,2015-08-24,Khlong Luang Rice research Center,250.00003,385.01578
5.0172796,5.4670315,2015-11-13,Khlong Luang Rice research Center,149.99997,235.75633
5.043425,5.438346,2015-11-27,Khlong Luang Rice research Center,154.0,229.06133
5.1416636,5.4500065,2015-11-28,Khlong Luang Rice research Center,170.0,231.75967
5.0689044,5.448628,2015-11-29,Khlong Luang Rice research Center,158.00003,231.43903
5.1119876,5.4394436,2015-11-30,Khlong Luang Rice research Center,164.99997,229.314
5.1119876,5.4415226,2015-12-01,Khlong Luang Rice research Center,164.99997,229.79332
5.0998664,5.4271,2015-12-02,Khlong Luang Rice research Center,163.0,226.48862
5.1532917,5.4328723,2015-12-03,Khlong Luang Rice research Center,172.00002,227.8055
4.983607,5.4370394,2015-12-04,Khlong Luang Rice research Center,145.00003,228.76094
5.062595,5.4274955,2015-12-05,Khlong Luang Rice research Center,156.99997,226.57855
5.1357985,5.4398623,2015-12-06,Khlong Luang Rice research Center,169.0,229.41045
5.0039463,5.4257436,2015-12-07,Khlong Luang Rice research Center,148.0,226.1802
5.030438,5.4321795,2015-12-08,Khlong Luang Rice research Center,152.0,227.64703
5.075174,5.42883,2015-12-09,Khlong Luang Rice research Center,159.0,226.8825
4.890349,5.4257054,2015-12-10,Khlong Luang Rice research Center,131.99997,226.17154
5.075174,5.428023,2015-12-11,Khlong Luang Rice research Center,159.0,226.69861
5.0039463,5.4172163,2015-12-12,Khlong Luang Rice research Center,148.0,224.25122
5.030438,5.414186,2015-12-13,Khlong Luang Rice research Center,152.0,223.56967
4.962845,5.4136925,2015-12-14,Khlong Luang Rice research Center,142.00003,223.45886
4.836282,5.412433,2015-12-15,Khlong Luang Rice research Center,124.999985,223.17638
4.7184987,5.4129114,2015-12-16,Khlong Luang Rice research Center,110.999985,223.28362
4.691348,5.426972,2015-12-22,Khlong Luang Rice research Center,108.00002,226.45944
4.634729,5.45298,2015-12-29,Khlong Luang Rice research Center,101.99999,232.45284
4.8751974,5.4534287,2015-12-30,Khlong Luang Rice research Center,130.00002,232.5576
4.7184987,5.4628115,2015-12-31,Khlong Luang Rice research Center,110.999985,234.75932
4.7706847,5.460234,2016-01-01,Khlong Luang Rice research Center,117.000015,234.15248
4.644391,5.4646273,2016-01-02,Khlong Luang Rice research Center,103.000015,235.1878
4.6634393,5.464257,2016-01-03,Khlong Luang Rice research Center,105.000015,235.10031
5.278115,5.461309,2016-01-07,Khlong Luang Rice research Center,195.00003,234.40536
5.214936,5.465286,2016-01-08,Khlong Luang Rice research Center,183.0,235.34338
4.727388,5.4765244,2016-01-09,Khlong Luang Rice research Center,112.00001,238.01453
4.7706847,5.4818273,2016-01-11,Khlong Luang Rice research Center,117.000015,239.28537
5.164786,5.483972,2016-01-12,Khlong Luang Rice research Center,173.99998,239.80128
5.655992,5.4906683,2016-01-13,Khlong Luang Rice research Center,285.00006,241.41916
5.4930615,5.5005984,2016-01-14,Khlong Luang Rice research Center,242.00003,243.83841
5.7137327,5.4945545,2016-01-15,Khlong Luang Rice research Center,301.99997,242.36308
5.5947113,5.501377,2016-01-16,Khlong Luang Rice research Center,267.99997,244.02913
5.209486,5.490018,2016-01-17,Khlong Luang Rice research Center,181.99997,241.26154
5.043425,5.492767,2016-01-18,Khlong Luang Rice research Center,154.0,241.92842
6.052089,5.5299954,2016-01-29,Khlong Luang Rice research Center,424.0,251.14276
5.7004437,5.5301332,2016-01-30,Khlong Luang Rice research Center,298.00006,251.1775
5.0689044,5.524015,2016-01-31,Khlong Luang Rice research Center,158.00003,249.63933
5.2311087,5.5189223,2016-02-01,Khlong Luang Rice research Center,186.0,248.36615
5.9375362,5.5812745,2016-02-05,Khlong Luang Rice research Center,378.0,264.40967
8.674368,5.655345,2016-02-18,Khlong Luang Rice research Center,5850.0,284.81506
4.7706847,5.669907,2016-02-19,Khlong Luang Rice research Center,117.000015,289.0076
5.3375382,5.6688232,2016-02-22,Khlong Luang Rice research Center,207.00003,288.69342
4.8121843,5.6756024,2016-02-23,Khlong Luang Rice research Center,122.0,290.664
7.9813914,5.6797915,2016-02-25,Khlong Luang Rice research Center,2924.9995,291.88834
6.7417006,5.6821322,2016-02-26,Khlong Luang Rice research Center,846.0,292.57474
7.344073,5.682527,2016-02-27,Khlong Luang Rice research Center,1546.0,292.69067
7.4860525,5.6944747,2016-02-28,Khlong Luang Rice research Center,1781.9998,296.2206
4.94876,5.7005234,2016-03-01,Khlong Luang Rice research Center,140.00002,298.02386
6.774224,5.4694066,2017-01-01,Khlong Luang Rice research Center,873.99994,236.31932
6.9650803,5.4866333,2017-01-02,Khlong Luang Rice research Center,1057.9999,240.44298
6.8426833,5.4852424,2017-01-03,Khlong Luang Rice research Center,936.0,240.10738
6.719013,5.4893546,2017-01-04,Khlong Luang Rice research Center,827.00006,241.1009
5.669881,5.4986706,2017-01-05,Khlong Luang Rice research Center,289.0,243.36685
7.0085053,5.4981995,2017-01-07,Khlong Luang Rice research Center,1105.0002,243.25175
7.057037,5.496191,2017-01-08,Khlong Luang Rice research Center,1159.9999,242.76167
7.044033,5.504211,2017-01-09,Khlong Luang Rice research Center,1145.0001,244.72449
6.6240654,5.4960904,2017-01-11,Khlong Luang Rice research Center,752.0001,242.73715
7.967973,5.5426097,2017-02-01,Khlong Luang Rice research Center,2886.0,254.3435
8.940236,5.549772,2017-02-02,Khlong Luang Rice research Center,7631.999,256.17886
9.226312,5.5570846,2017-02-04,Khlong Luang Rice research Center,10159.995,258.06644
9.219994,5.5698266,2017-02-05,Khlong Luang Rice research Center,10096.0,261.3886
8.8560915,5.5743003,2017-02-06,Khlong Luang Rice research Center,7016.003,262.56506
9.202409,5.5861506,2017-02-07,Khlong Luang Rice research Center,9919.998,265.707
6.1923623,5.590294,2017-02-08,Khlong Luang Rice research Center,487.9999,266.8143
4.691348,5.609432,2017-02-10,Khlong Luang Rice research Center,108.00002,271.9892
9.323758,5.6122966,2017-02-11,Khlong Luang Rice research Center,11199.998,272.77225
5.8406415,5.628904,2017-02-15,Khlong Luang Rice research Center,342.99994,277.35684
8.051023,5.6383967,2017-02-16,Khlong Luang Rice research Center,3136.001,280.0118
8.3395,5.638661,2017-02-17,Khlong Luang Rice research Center,4184.998,280.08606
8.266421,5.6477194,2017-02-18,Khlong Luang Rice research Center,3889.9995,282.64386
8.460411,5.6523876,2017-02-19,Khlong Luang Rice research Center,4722.9995,283.97107
8.639941,5.651532,2017-02-20,Khlong Luang Rice research Center,5651.9976,283.7274
4.890349,5.659703,2017-02-21,Khlong Luang Rice research Center,131.99997,286.0633
4.8598123,5.6778517,2017-02-25,Khlong Luang Rice research Center,127.999985,291.32074
5.214936,5.6838055,2017-02-26,Khlong Luang Rice research Center,183.0,293.06638
5.056246,5.6881385,2017-02-27,Khlong Luang Rice research Center,156.0,294.34332
4.9767337,5.6983385,2017-02-28,Khlong Luang Rice research Center,144.0,297.37125
6.6554403,5.7049007,2017-03-01,Khlong Luang Rice research Center,776.0,299.33566
5.273,5.7049117,2017-03-02,Khlong Luang Rice research Center,194.00003,299.33896
7.0219765,5.697518,2017-03-03,Khlong Luang Rice research Center,1120.0,297.1265
6.350886,5.691381,2017-03-04,Khlong Luang Rice research Center,572.00006,295.30252
5.9427996,5.6990104,2017-03-05,Khlong Luang Rice research Center,380.00006,297.57178
5.1817837,5.697065,2017-03-06,Khlong Luang Rice research Center,177.00003,296.9915
6.037871,5.4738417,2017-07-27,Khlong Luang Rice research Center,418.0,237.37419
5.9295893,5.504,2017-07-28,Khlong Luang Rice research Center,375.00006,244.6727
5.638355,5.497618,2017-07-29,Khlong Luang Rice research Center,280.00003,243.10982
7.2041492,5.721554,2017-08-10,Khlong Luang Rice research Center,1344.0,304.37906
6.753438,5.7355833,2017-08-11,Khlong Luang Rice research Center,856.00006,308.69357
6.0844994,5.7223315,2017-08-12,Khlong Luang Rice research Center,437.99997,304.61664
5.8777356,5.7464356,2017-08-13,Khlong Luang Rice research Center,355.99994,312.07275
5.220356,5.7481847,2017-08-14,Khlong Luang Rice research Center,184.00003,312.62082
5.1532917,5.7516117,2017-08-15,Khlong Luang Rice research Center,172.00002,313.69745
7.482119,5.8796377,2017-09-01,Khlong Luang Rice research Center,1775.0002,356.67963
6.371612,5.9076123,2017-09-02,Khlong Luang Rice research Center,584.0001,366.82684
5.4026775,5.900732,2017-09-03,Khlong Luang Rice research Center,221.00003,364.3048
5.609472,5.4289265,2017-12-08,Khlong Luang Rice research Center,272.0,226.90445
4.905275,5.2328873,2015-07-08,Lopburi Rice Seed Center,134.00002,186.3329
4.983607,5.3474107,2015-07-11,Lopburi Rice Seed Center,145.00003,209.06367
6.9920964,5.5122643,2015-07-27,Lopburi Rice Seed Center,1087.0,246.71138
4.75359,5.743043,2015-08-17,Lopburi Rice Seed Center,114.99999,311.0124
4.762174,5.832285,2015-08-27,Lopburi Rice Seed Center,116.00002,340.13727
5.0039463,5.8248897,2015-08-28,Lopburi Rice Seed Center,148.0,337.62378
4.634729,5.8326654,2015-09-07,Lopburi Rice Seed Center,101.99999,340.2671
5.1298985,5.8180003,2015-09-08,Lopburi Rice Seed Center,167.99997,335.2989
5.1357985,5.3480196,2017-10-28,Lopburi Rice Seed Center,169.0,209.19162
4.634729,5.344191,2017-10-29,Lopburi Rice Seed Center,101.99999,208.38843
5.1357985,5.362709,2017-10-28,Lopburi Rice research Center,169.0,212.302
4.634729,5.356371,2017-10-29,Lopburi Rice research Center,101.99999,210.95435
4.8751974,5.725903,2015-03-22,Mae Hong Son Rice research Center,130.00002,305.7101
4.744932,5.7509937,2015-03-23,Mae Hong Son Rice research Center,114.00001,313.50305
5.2311087,5.8759704,2015-09-23,Mae Hong Son Rice research Center,186.0,355.3703
4.8598123,5.776343,2015-10-15,Mae Hong Son Rice research Center,127.999985,321.57733
5.241747,5.6078825,2017-04-04,Mae Hong Son Rice research Center,187.99997,271.56647
5.1119876,5.5811343,2017-04-05,Mae Hong Son Rice research Center,164.99997,264.37244
5.3082676,5.566514,2017-04-06,Mae Hong Son Rice research Center,200.99997,260.52084
4.7361984,5.5715637,2017-04-07,Mae Hong Son Rice research Center,113.0,261.8448
4.7706847,5.551526,2017-04-08,Mae Hong Son Rice research Center,117.000015,256.63043
4.762174,5.553886,2017-04-09,Mae Hong Son Rice research Center,116.00002,257.2391
4.7095304,5.5230618,2017-04-10,Mae Hong Son Rice research Center,110.000015,249.40053
4.836282,5.503609,2017-04-11,Mae Hong Son Rice research Center,124.999985,244.57666
4.7957907,6.1052303,2017-08-10,Nakhon Ratchasima Rice research Center,120.000015,447.19586
5.0172796,6.0016723,2017-08-26,Nakhon Ratchasima Rice research Center,149.99997,403.104
5.3033047,5.9784064,2017-08-27,Nakhon Ratchasima Rice research Center,199.99995,393.8107
6.1114674,6.0136538,2017-08-28,Nakhon Ratchasima Rice research Center,450.0,407.97488
5.771441,5.9941454,2017-08-29,Nakhon Ratchasima Rice research Center,319.99994,400.0738
8.188967,6.0124364,2017-08-30,Nakhon Ratchasima Rice research Center,3599.9995,407.47733
6.8035054,6.044627,2017-08-31,Nakhon Ratchasima Rice research Center,900.0001,420.84045
6.4567695,6.0562215,2017-09-01,Nakhon Ratchasima Rice research Center,635.9999,425.75986
5.846439,6.085653,2017-09-02,Nakhon Ratchasima Rice research Center,345.00003,438.50665
5.638355,6.0922437,2017-09-03,Nakhon Ratchasima Rice research Center,280.00003,441.41293
5.5947113,6.0575943,2017-09-04,Nakhon Ratchasima Rice research Center,267.99997,426.34613
5.1416636,6.0478926,2017-09-05,Nakhon Ratchasima Rice research Center,170.0,422.22018
4.7957907,6.0847898,2017-09-07,Nakhon Ratchasima Rice research Center,120.000015,438.12747
4.983607,5.89422,2017-10-08,Nakhon Ratchasima Rice research Center,145.00003,361.9336
4.912655,5.8987417,2017-10-09,Nakhon Ratchasima Rice research Center,135.0,363.57843
5.4510384,5.893362,2017-10-10,Nakhon Ratchasima Rice research Center,231.99998,361.62238
5.062595,5.858746,2015-09-18,Nakhon Sawan Rice Seed Center,156.99997,349.28464
5.081404,5.8448634,2015-09-19,Nakhon Sawan Rice Seed Center,159.99997,344.45535
5.056246,5.816712,2015-09-20,Nakhon Sawan Rice Seed Center,156.0,334.86588
5.075174,5.8041296,2015-09-21,Nakhon Sawan Rice Seed Center,159.0,330.66638
6.0450053,5.771966,2016-09-13,Nakhon Sawan Rice Seed Center,421.0,320.16852
5.241747,5.4864726,2017-02-14,Nakhon Sawan Rice Seed Center,187.99997,240.40417
5.267858,5.498277,2017-02-15,Nakhon Sawan Rice Seed Center,192.99997,243.27074
5.192957,5.5070844,2017-02-16,Nakhon Sawan Rice Seed Center,179.00002,245.43158
4.804021,5.5020323,2017-02-17,Nakhon Sawan Rice Seed Center,120.99998,244.18973
4.962845,5.4987745,2017-02-18,Nakhon Sawan Rice Seed Center,142.00003,243.39226
4.804021,5.5312886,2017-03-14,Nakhon Sawan Rice Seed Center,120.99998,251.46904
5.891644,5.5426097,2017-03-15,Nakhon Sawan Rice Seed Center,360.99994,254.3435
5.370638,5.5393505,2017-03-17,Nakhon Sawan Rice Seed Center,213.99997,253.51265
5.560682,5.5330005,2017-03-18,Nakhon Sawan Rice Seed Center,259.00006,251.9016
5.8636312,5.527675,2017-03-19,Nakhon Sawan Rice Seed Center,351.00003,250.5584
4.9767337,5.7291718,2017-07-28,Nakhon Sawan Rice Seed Center,144.0,306.7143
5.2311087,5.7212443,2017-07-29,Nakhon Sawan Rice Seed Center,186.0,304.28455
6.4876842,5.757248,2017-07-30,Nakhon Sawan Rice Seed Center,656.0001,315.47617
7.0475173,5.7489753,2017-07-31,Nakhon Sawan Rice Seed Center,1149.0001,312.86887
7.2806973,5.7543936,2017-08-03,Nakhon Sawan Rice Seed Center,1451.0002,314.57413
6.562444,5.7776456,2017-08-04,Nakhon Sawan Rice Seed Center,707.0001,321.99783
6.659294,5.7589006,2017-08-06,Nakhon Sawan Rice Seed Center,779.0002,315.99963
5.6347895,5.7587113,2017-08-07,Nakhon Sawan Rice Seed Center,278.99997,315.93964
6.795706,5.7633033,2017-08-08,Nakhon Sawan Rice Seed Center,893.0,317.39835
7.320527,5.784258,2017-08-09,Nakhon Sawan Rice Seed Center,1510.0002,324.14066
6.280396,5.798671,2017-08-10,Nakhon Sawan Rice Seed Center,533.00006,328.8608
6.8112445,5.8018775,2017-08-11,Nakhon Sawan Rice Seed Center,907.0001,329.9203
7.734559,5.7898417,2017-08-12,Nakhon Sawan Rice Seed Center,2285.0005,325.96124
6.369901,5.786966,2017-08-13,Nakhon Sawan Rice Seed Center,583.0001,325.02234
6.2186003,5.7812266,2017-08-14,Nakhon Sawan Rice Seed Center,501.0001,323.15656
5.7037826,5.7967367,2017-08-30,Nakhon Sawan Rice Seed Center,299.00003,328.22345
6.783325,5.79771,2017-09-02,Nakhon Sawan Rice Seed Center,882.0,328.544
7.156956,5.810932,2017-09-03,Nakhon Sawan Rice Seed Center,1281.9998,332.93027
6.5366917,5.801419,2017-09-04,Nakhon Sawan Rice Seed Center,689.00006,329.76852
5.3612924,5.7465,2017-09-05,Nakhon Sawan Rice Seed Center,212.00005,312.09293
4.7706847,5.669664,2017-09-06,Nakhon Sawan Rice Seed Center,117.000015,288.93707
4.65396,5.680337,2017-09-10,Nakhon Sawan Rice Seed Center,103.999985,292.04816
5.0875964,5.5341434,2017-11-30,Nakhon Sawan Rice Seed Center,161.00002,252.19083
5.6970935,5.546294,2017-12-01,Nakhon Sawan Rice Seed Center,297.0,255.28606
6.0450053,5.555825,2017-12-02,Nakhon Sawan Rice Seed Center,421.0,257.7404
6.3868794,5.562176,2017-12-03,Nakhon Sawan Rice Seed Center,593.00006,259.3889
6.4504704,5.576378,2017-12-04,Nakhon Sawan Rice Seed Center,632.0,263.11322
6.659294,5.5853233,2017-12-05,Nakhon Sawan Rice Seed Center,779.0002,265.48642
5.3471074,5.601093,2017-12-06,Nakhon Sawan Rice Seed Center,208.99997,269.7221
5.247024,5.5970683,2017-12-07,Nakhon Sawan Rice Seed Center,189.0,268.63477
5.117994,5.57076,2017-12-08,Nakhon Sawan Rice Seed Center,166.0,261.63358
5.220356,5.5306892,2017-12-09,Nakhon Sawan Rice Seed Center,184.00003,251.31776
4.890349,5.510164,2017-12-10,Nakhon Sawan Rice Seed Center,131.99997,246.1916
4.962845,5.489235,2017-10-31,Nakhon Si Thammarat Rice research Center,142.00003,241.07193
4.836282,6.0955515,2015-09-19,Nong Khai Rice research Center,124.999985,442.87878
5.1532917,6.0968466,2015-09-20,Nong Khai Rice research Center,172.00002,443.454
6.475433,6.105024,2015-09-23,Nong Khai Rice research Center,648.0001,447.10333
6.263398,6.117622,2015-09-24,Nong Khai Rice research Center,523.99994,452.78427
5.9322453,6.0964117,2015-09-25,Nong Khai Rice research Center,376.00003,443.26077
5.7960577,6.115363,2015-09-26,Nong Khai Rice research Center,328.0,451.76044
5.351858,6.121348,2015-09-27,Nong Khai Rice research Center,210.0,454.4782
4.744932,6.095964,2015-10-03,Nong Khai Rice research Center,114.00001,443.0619
4.7957907,5.521681,2015-11-04,Pathum Thani Rice research Center,120.000015,249.05498
4.7004805,5.445669,2015-11-12,Pathum Thani Rice research Center,109.000015,230.7523
5.2257466,5.746546,2016-08-08,Pathum Thani Rice research Center,185.0,312.10724
6.4002576,5.7833896,2016-08-23,Pathum Thani Rice research Center,601.00006,323.85846
5.805135,5.7904005,2016-08-25,Pathum Thani Rice research Center,330.99994,326.144
5.888878,5.8710184,2016-08-29,Pathum Thani Rice research Center,359.99997,353.60992
7.0335064,5.8673873,2016-08-30,Pathum Thani Rice research Center,1132.9999,352.32465
5.8777356,5.8789573,2016-08-31,Pathum Thani Rice research Center,355.99994,356.43634
7.152269,5.8781185,2016-09-01,Pathum Thani Rice research Center,1276.0,356.13666
6.3350544,5.9025903,2016-09-05,Pathum Thani Rice research Center,563.00006,364.98425
4.89784,5.8894496,2016-09-06,Pathum Thani Rice research Center,133.00003,360.20642
6.7007313,5.931579,2016-09-07,Pathum Thani Rice research Center,812.0001,375.74896
6.838405,5.916013,2016-09-08,Pathum Thani Rice research Center,931.99994,369.92978
6.331502,5.871978,2016-09-12,Pathum Thani Rice research Center,561.00006,353.95032
5.572154,5.877371,2016-09-13,Pathum Thani Rice research Center,262.0,355.86975
6.6267176,5.8943186,2016-09-14,Pathum Thani Rice research Center,753.9999,361.96942
5.2040067,5.873006,2016-09-15,Pathum Thani Rice research Center,181.0,354.3154
5.1119876,5.8564262,2016-09-20,Pathum Thani Rice research Center,164.99997,348.47296
5.0369525,5.8508596,2016-09-21,Pathum Thani Rice research Center,152.99998,346.53302
5.209486,5.833166,2016-09-22,Pathum Thani Rice research Center,181.99997,340.438
5.1817837,5.8843412,2016-09-26,Pathum Thani Rice research Center,177.00003,358.36597
4.7184987,5.6228805,2017-02-15,Pathum Thani Rice research Center,110.999985,275.6852
4.836282,5.6867104,2017-03-14,Pathum Thani Rice research Center,124.999985,293.92184
4.962845,5.5550466,2017-10-31,Pattani Rice research Center,142.00003,257.539
5.327876,5.4875617,2017-11-02,Phatthalung Rice research Center,204.99998,240.66724
5.313206,5.43041,2017-11-10,Phatthalung Rice research Center,202.00005,227.24278
5.4467373,5.4382896,2017-11-29,Phatthalung Rice research Center,230.99998,229.04839
7.1316986,5.4302306,2017-11-30,Phatthalung Rice research Center,1250.0001,227.20187
6.857514,5.4255705,2017-12-01,Phatthalung Rice research Center,949.9999,226.14088
5.236442,5.765986,2015-02-17,Phitsanulok Rice Seed Center,187.00003,318.25366
5.411646,5.778615,2015-02-18,Phitsanulok Rice Seed Center,222.99997,322.3111
5.638355,5.780207,2015-02-19,Phitsanulok Rice Seed Center,280.00003,322.82626
5.7745514,5.7811575,2015-02-20,Phitsanulok Rice Seed Center,320.99994,323.13416
5.7300997,5.7705407,2015-02-21,Phitsanulok Rice Seed Center,306.99997,319.7111
5.7589016,5.7600965,2015-02-22,Phitsanulok Rice Seed Center,315.99994,316.37897
5.7071104,5.7662263,2015-02-23,Phitsanulok Rice Seed Center,300.00003,318.33038
5.6937323,5.764206,2015-02-24,Phitsanulok Rice Seed Center,296.00003,317.68588
5.7071104,5.7553926,2015-02-25,Phitsanulok Rice Seed Center,300.00003,314.88953
5.886104,5.7492666,2015-02-26,Phitsanulok Rice Seed Center,359.00003,312.96033
5.556828,5.735684,2015-02-27,Phitsanulok Rice Seed Center,258.0,308.72473
5.7462034,5.7402697,2015-02-28,Phitsanulok Rice Seed Center,312.00006,310.14832
5.351858,5.731954,2015-03-03,Phitsanulok Rice Seed Center,210.0,307.57166
5.2832036,5.7262945,2015-03-04,Phitsanulok Rice Seed Center,195.99997,305.8302
4.8121843,5.4083176,2017-07-01,Phitsanulok Rice Seed Center,122.0,222.25566
5.123964,5.399809,2017-07-02,Phitsanulok Rice Seed Center,166.99997,220.3641
5.0369525,5.4414015,2017-07-03,Phitsanulok Rice Seed Center,152.99998,229.76537
5.123964,5.44414,2017-07-04,Phitsanulok Rice Seed Center,166.99997,230.39818
5.0689044,5.4493046,2017-07-05,Phitsanulok Rice Seed Center,158.00003,231.59636
5.192957,5.4570017,2017-07-06,Phitsanulok Rice Seed Center,179.00002,233.39359
5.2311087,5.4483323,2017-07-07,Phitsanulok Rice Seed Center,186.0,231.37032
5.288267,5.5233583,2017-07-08,Phitsanulok Rice Seed Center,197.00002,249.47481
5.043425,5.5500674,2017-07-09,Phitsanulok Rice Seed Center,154.0,256.2549
5.3565865,5.5888968,2017-07-10,Phitsanulok Rice Seed Center,211.00003,266.4404
5.525453,5.6019545,2017-07-11,Phitsanulok Rice Seed Center,250.00003,269.95547
5.4380794,5.6085405,2017-07-12,Phitsanulok Rice Seed Center,229.00002,271.74588
5.549076,5.855091,2015-02-20,Phrae Rice research Center,256.0,348.00668
4.7706847,5.8328023,2015-02-21,Phrae Rice research Center,117.000015,340.3138
6.5778613,5.828463,2015-02-22,Phrae Rice research Center,718.0,338.83597
5.948035,5.86165,2015-02-23,Phrae Rice research Center,381.9999,350.3033
6.338594,5.862324,2015-02-24,Phrae Rice research Center,564.99994,350.54025
6.461468,5.865027,2015-02-25,Phrae Rice research Center,639.0,351.49164
5.6347895,5.8324347,2015-02-26,Phrae Rice research Center,278.99997,340.18835
6.315358,5.817319,2015-02-27,Phrae Rice research Center,552.00006,335.06982
5.652489,5.824475,2015-02-28,Phrae Rice research Center,284.0,337.48334
5.0238805,5.8151813,2015-03-01,Phrae Rice research Center,151.0,334.35217
6.0282784,5.807512,2015-03-03,Phrae Rice research Center,413.99994,331.79004
5.32301,5.833468,2015-03-05,Phrae Rice research Center,204.0,340.54108
5.6240177,5.845174,2015-03-07,Phrae Rice research Center,276.00006,344.56262
5.6240177,5.8207803,2015-03-08,Phrae Rice research Center,276.00006,336.23508
5.560682,5.809544,2015-03-09,Phrae Rice research Center,259.00006,332.46704
5.8833222,5.663395,2015-03-31,Phrae Rice research Center,357.99994,287.12515
4.890349,5.6466365,2015-04-01,Phrae Rice research Center,131.99997,282.33685
5.9939613,5.6396008,2015-04-02,Phrae Rice research Center,399.99997,280.35037
5.056246,5.57682,2015-04-15,Phrae Rice research Center,156.0,263.22998
5.826,5.5288963,2015-04-25,Phrae Rice research Center,338.00003,250.86578
6.424869,5.2713284,2015-05-25,Phrae Rice research Center,616.0,193.67441
5.062595,5.2616487,2015-05-26,Phrae Rice research Center,156.99997,191.79909
5.4026775,5.255465,2015-05-27,Phrae Rice research Center,221.00003,190.61057
4.65396,5.829061,2015-07-22,Phrae Rice research Center,103.999985,339.03925
4.65396,5.8120255,2015-07-25,Phrae Rice research Center,103.999985,333.29556
6.3099184,5.965329,2015-09-12,Phrae Rice research Center,549.00006,388.68127
7.2174435,6.013921,2015-09-14,Phrae Rice research Center,1362.0,408.0841
7.6029005,5.9991794,2015-09-15,Phrae Rice research Center,2003.0001,402.09787
4.955827,6.0155964,2015-09-16,Phrae Rice research Center,141.00003,408.77014
6.539586,5.994543,2015-09-17,Phrae Rice research Center,691.00006,400.2333
6.475433,6.020282,2015-09-18,Phrae Rice research Center,648.0001,410.69458
5.6240177,6.004498,2015-09-19,Phrae Rice research Center,276.00006,404.2475
6.285998,5.972549,2015-09-20,Phrae Rice research Center,535.9999,391.50488
6.3613024,5.983019,2015-09-21,Phrae Rice research Center,577.99994,395.63596
5.075174,6.0239058,2015-10-06,Phrae Rice research Center,159.0,412.18927
7.309212,5.9536753,2015-10-08,Phrae Rice research Center,1492.9998,384.16632
5.5174527,5.880714,2015-10-10,Phrae Rice research Center,247.99995,357.0648
6.4052286,5.901335,2015-10-15,Phrae Rice research Center,604.0001,364.52502
7.7463007,5.8943105,2015-10-16,Phrae Rice research Center,2312.0,361.9665
5.5412636,5.859702,2015-10-17,Phrae Rice research Center,254.00002,349.6197
5.7620516,5.740832,2015-10-20,Phrae Rice research Center,317.00006,310.32327
5.560682,5.779948,2015-10-21,Phrae Rice research Center,259.00006,322.74243
6.052089,5.8002763,2015-10-22,Phrae Rice research Center,424.0,329.3908
5.2832036,5.870384,2015-10-23,Phrae Rice research Center,195.99997,353.38513
6.228511,5.8844805,2015-10-24,Phrae Rice research Center,505.99994,358.416
5.8081427,5.8895063,2015-10-25,Phrae Rice research Center,332.00006,360.22693
5.1059456,5.8722224,2015-10-26,Phrae Rice research Center,164.00002,354.03714
4.762174,5.8864813,2015-10-29,Phrae Rice research Center,116.00002,359.13583
5.4424176,5.8359213,2015-11-11,Phrae Rice research Center,229.99998,341.38
5.1474943,5.829184,2015-11-12,Phrae Rice research Center,170.99997,339.0811
6.063785,5.851604,2015-11-13,Phrae Rice research Center,428.99994,346.79178
5.817111,5.8673024,2015-11-14,Phrae Rice research Center,334.99994,352.29465
8.029107,5.834809,2015-11-16,Phrae Rice research Center,3068.0,340.99933
9.33565,5.800922,2015-11-17,Phrae Rice research Center,11333.998,329.60422
8.339262,5.829753,2015-11-18,Phrae Rice research Center,4184.0,339.2746
5.655992,5.820376,2015-11-22,Phrae Rice research Center,285.00006,336.09875
5.241747,5.7765527,2016-03-07,Phrae Rice research Center,187.99997,321.64502
4.94876,5.7701335,2016-03-08,Phrae Rice research Center,140.00002,319.58054
4.691348,5.7919602,2016-03-14,Phrae Rice research Center,108.00002,326.65466
5.0689044,5.767268,2016-03-17,Phrae Rice research Center,158.00003,318.66327
4.644391,5.7306056,2016-03-21,Phrae Rice research Center,103.000015,307.15582
4.890349,5.7165537,2016-03-24,Phrae Rice research Center,131.99997,302.85593
6.315358,5.691846,2016-03-29,Phrae Rice research Center,552.00006,295.4403
6.391917,5.6958337,2016-03-30,Phrae Rice research Center,596.00006,296.62482
5.1474943,5.682422,2016-03-31,Phrae Rice research Center,170.99997,292.65985
5.32301,5.6264753,2016-04-06,Phrae Rice research Center,204.0,276.68164
4.762174,5.5899296,2016-04-10,Phrae Rice research Center,116.00002,266.71677
6.0958247,5.8708935,2016-08-27,Phrae Rice research Center,443.00006,353.56564
5.529429,5.884066,2016-09-06,Phrae Rice research Center,250.99997,358.2671
4.8598123,5.916823,2016-09-07,Phrae Rice research Center,127.999985,370.2304
5.5683446,5.892534,2016-09-08,Phrae Rice research Center,261.00003,361.32217
6.315358,5.927256,2016-09-10,Phrae Rice research Center,552.00006,374.1238
6.350886,5.9516044,2016-09-11,Phrae Rice research Center,572.00006,383.3695
4.644391,5.9631414,2016-09-13,Phrae Rice research Center,103.000015,387.8297
4.8441873,5.9542894,2016-09-14,Phrae Rice research Center,126.00002,384.40295
6.7912216,5.927445,2016-09-16,Phrae Rice research Center,889.0001,374.19464
6.20859,5.9107776,2016-09-17,Phrae Rice research Center,496.0,367.99298
5.7004437,5.913335,2016-09-19,Phrae Rice research Center,298.00006,368.9378
4.804021,5.8650603,2016-09-21,Phrae Rice research Center,120.99998,351.50342
5.370638,5.8345494,2016-09-22,Phrae Rice research Center,213.99997,340.91064
4.7184987,5.863296,2016-09-23,Phrae Rice research Center,110.999985,350.88205
5.0238805,5.873605,2016-09-24,Phrae Rice research Center,151.0,354.52826
5.0238805,5.8712134,2016-10-09,Phrae Rice research Center,151.0,353.6791
4.804021,5.855015,2016-10-10,Phrae Rice research Center,120.99998,347.98007
5.0172796,5.7900496,2016-10-12,Phrae Rice research Center,149.99997,326.02924
5.081404,5.801692,2016-10-13,Phrae Rice research Center,159.99997,329.8589
5.587249,5.8324013,2016-10-18,Phrae Rice research Center,266.00003,340.17694
4.934474,5.82491,2016-10-19,Phrae Rice research Center,138.0,337.6307
6.206576,5.8104763,2016-10-20,Phrae Rice research Center,494.99997,332.77808
5.755742,5.806411,2016-10-21,Phrae Rice research Center,314.99994,331.42383
5.278115,5.8085475,2016-10-23,Phrae Rice research Center,195.00003,332.1349
4.9904327,5.8432336,2016-10-30,Phrae Rice research Center,146.00003,343.89276
5.3423343,5.7643895,2016-11-03,Phrae Rice research Center,208.0,317.7444
5.3033047,5.7500467,2016-11-06,Phrae Rice research Center,199.99995,313.20535
4.7004805,5.810651,2016-11-09,Phrae Rice research Center,109.000015,332.83633
5.1119876,5.7789006,2016-11-10,Phrae Rice research Center,164.99997,322.40344
6.5453496,5.7375717,2016-11-12,Phrae Rice research Center,694.99994,309.30997
8.494538,5.7629128,2016-11-13,Phrae Rice research Center,4886.999,317.27405
8.106816,5.777252,2016-11-14,Phrae Rice research Center,3316.001,321.8708
7.4436636,5.7772675,2016-11-15,Phrae Rice research Center,1707.9999,321.8757
6.8617115,5.7374125,2016-11-16,Phrae Rice research Center,954.0001,309.26056
7.614805,5.695366,2016-11-17,Phrae Rice research Center,2026.9998,296.48563
5.786897,5.6543875,2016-11-18,Phrae Rice research Center,324.99994,284.54153
8.600615,5.665576,2016-11-19,Phrae Rice research Center,5433.9985,287.75424
8.610501,5.60925,2016-11-20,Phrae Rice research Center,5487.9995,271.93948
8.672829,5.6387267,2016-11-21,Phrae Rice research Center,5841.001,280.10455
6.8554087,5.6304803,2016-11-22,Phrae Rice research Center,947.9999,277.796
6.6618547,5.69015,2016-11-23,Phrae Rice research Center,781.0,294.93793
7.2889276,5.7076817,2016-11-24,Phrae Rice research Center,1462.9998,300.17203
7.8709297,5.7463164,2016-11-25,Phrae Rice research Center,2619.0002,312.03546
8.166784,5.7571883,2016-11-26,Phrae Rice research Center,3521.0,315.4573
7.590347,5.757112,2016-11-27,Phrae Rice research Center,1977.9998,315.43317
5.771441,5.807726,2016-11-29,Phrae Rice research Center,319.99994,331.8613
4.691348,5.7957525,2016-11-30,Phrae Rice research Center,108.00002,327.8996
5.8833222,5.7864876,2016-12-01,Phrae Rice research Center,357.99994,324.86642
5.030438,5.7462845,2016-12-02,Phrae Rice research Center,152.0,312.02545
5.332719,5.759015,2016-12-03,Phrae Rice research Center,206.00002,316.03592
4.94876,5.7191243,2016-12-07,Phrae Rice research Center,140.00002,303.63803
4.7004805,5.7428517,2016-12-08,Phrae Rice research Center,109.000015,310.95276
5.117994,5.6809263,2016-12-12,Phrae Rice research Center,166.0,292.22092
4.7957907,5.690966,2016-12-13,Phrae Rice research Center,120.000015,295.17963
4.644391,5.7775736,2016-12-21,Phrae Rice research Center,103.000015,321.97458
5.0369525,5.760636,2016-12-22,Phrae Rice research Center,152.99998,316.55017
4.955827,5.717913,2016-12-24,Phrae Rice research Center,141.00003,303.2693
4.9416423,5.6917834,2016-12-26,Phrae Rice research Center,138.99998,295.42178
4.9972124,5.8292446,2017-02-26,Phrae Rice research Center,147.00002,339.10168
5.4764633,5.829187,2017-02-27,Phrae Rice research Center,237.99994,339.08206
4.787492,5.8472424,2017-03-01,Phrae Rice research Center,119.00001,345.27814
5.497168,5.856618,2017-03-02,Phrae Rice research Center,242.99995,348.53998
5.575949,5.832426,2017-03-03,Phrae Rice research Center,263.00003,340.18542
7.7475967,5.821927,2017-03-04,Phrae Rice research Center,2314.9998,336.62204
9.168998,5.8269296,2017-03-05,Phrae Rice research Center,9594.004,338.31525
8.115222,5.803388,2017-03-06,Phrae Rice research Center,3344.0,330.42053
8.383204,5.7899885,2017-03-07,Phrae Rice research Center,4371.9995,326.00928
6.5072775,5.776146,2017-03-08,Phrae Rice research Center,668.9999,321.5138
5.8141303,5.761679,2017-03-09,Phrae Rice research Center,333.99994,316.88165
9.497322,5.780263,2017-03-10,Phrae Rice research Center,13322.998,322.84433
8.768886,5.758543,2017-03-11,Phrae Rice research Center,6430.002,315.8863
7.2909746,5.763703,2017-03-12,Phrae Rice research Center,1465.9998,317.5256
8.395025,5.7854085,2017-03-13,Phrae Rice research Center,4423.9985,324.51498
7.9116907,5.7834945,2017-03-14,Phrae Rice research Center,2728.0005,323.89255
7.375882,5.7981844,2017-03-15,Phrae Rice research Center,1596.0,328.7004
8.575651,5.76413,2017-03-16,Phrae Rice research Center,5300.002,317.6617
5.7170277,5.7403708,2017-03-17,Phrae Rice research Center,303.0,310.17975
7.3336763,5.742958,2017-03-18,Phrae Rice research Center,1529.9999,310.98593
5.7620516,5.726821,2017-03-19,Phrae Rice research Center,317.00006,305.99176
7.4529824,5.741434,2017-03-20,Phrae Rice research Center,1724.0001,310.51083
5.0106354,5.7322526,2017-03-21,Phrae Rice research Center,149.00002,307.6638
8.613412,5.7340603,2017-03-22,Phrae Rice research Center,5503.999,308.22226
5.948035,5.764358,2017-03-23,Phrae Rice research Center,381.9999,317.73438
5.846439,5.76238,2017-03-24,Phrae Rice research Center,345.00003,317.10455
5.6312118,5.737389,2017-03-25,Phrae Rice research Center,278.0,309.2533
6.8926415,5.6966376,2017-03-28,Phrae Rice research Center,983.9999,296.8642
4.75359,5.6763144,2017-03-29,Phrae Rice research Center,114.99999,290.8717
8.49964,5.700411,2017-03-30,Phrae Rice research Center,4912.002,297.9902
7.256297,5.6747704,2017-03-31,Phrae Rice research Center,1415.9998,290.42142
6.1675167,5.6753473,2017-04-02,Phrae Rice research Center,476.0001,290.5896
6.061457,5.660816,2017-04-03,Phrae Rice research Center,428.0001,286.38312
7.6420445,5.6484475,2017-04-04,Phrae Rice research Center,2083.0002,282.85046
7.2909746,5.6358666,2017-04-05,Phrae Rice research Center,1465.9998,279.30173
7.2548847,5.619443,2017-04-06,Phrae Rice research Center,1413.9999,274.73575
7.1196356,5.6265955,2017-04-07,Phrae Rice research Center,1235.0,276.71503
6.632002,5.60822,2017-04-08,Phrae Rice research Center,758.00006,271.6585
5.7525725,5.6020803,2017-04-09,Phrae Rice research Center,313.99997,269.98956
6.0063534,5.5648327,2017-04-10,Phrae Rice research Center,405.0001,260.0815
7.035269,5.5790358,2017-04-11,Phrae Rice research Center,1135.0002,263.81613
6.3885612,5.5631413,2017-04-12,Phrae Rice research Center,593.9999,259.64032
6.795706,5.5306187,2017-04-16,Phrae Rice research Center,893.0,251.29996
7.2605224,5.50997,2017-04-18,Phrae Rice research Center,1421.9996,246.14375
6.1484685,5.4939036,2017-04-19,Phrae Rice research Center,467.0001,242.20474
6.4599047,5.4795704,2017-04-20,Phrae Rice research Center,638.0001,238.74368
5.164786,5.472765,2017-04-21,Phrae Rice research Center,173.99998,237.11768
5.0689044,5.45339,2017-04-23,Phrae Rice research Center,158.00003,232.54858
5.241747,5.4353323,2017-04-24,Phrae Rice research Center,187.99997,228.36905
5.3936276,5.398098,2017-04-27,Phrae Rice research Center,219.00003,219.9857
4.828314,5.4081097,2017-04-29,Phrae Rice research Center,124.00001,222.20924
5.236442,5.325916,2017-05-12,Phrae Rice research Center,187.00003,204.59656
4.955827,5.287941,2017-05-19,Phrae Rice research Center,141.00003,196.93546
5.192957,5.277297,2017-05-21,Phrae Rice research Center,179.00002,194.83981
4.912655,5.265945,2017-05-22,Phrae Rice research Center,135.0,192.6292
5.236442,5.2840314,2017-05-23,Phrae Rice research Center,187.00003,196.16312
5.6664267,5.8985844,2017-08-13,Phrae Rice research Center,288.0,363.52106
5.926926,5.904963,2017-08-14,Phrae Rice research Center,374.00006,365.85364
4.828314,6.004988,2017-08-30,Phrae Rice research Center,124.00001,404.4462
5.9939613,6.019183,2017-08-31,Phrae Rice research Center,399.99997,410.24255
7.4552984,5.99973,2017-09-02,Phrae Rice research Center,1727.9999,402.31992
7.7600408,6.0186267,2017-09-03,Phrae Rice research Center,2344.0002,410.01376
8.721439,6.0198073,2017-09-04,Phrae Rice research Center,6132.0,410.4993
6.350886,6.024772,2017-09-05,Phrae Rice research Center,572.00006,412.54742
5.288267,6.002036,2017-09-06,Phrae Rice research Center,197.00002,403.25104
5.2832036,6.0242195,2017-09-07,Phrae Rice research Center,195.99997,412.3189
6.522093,6.0147095,2017-09-08,Phrae Rice research Center,679.0,408.40686
4.8202815,6.035404,2017-09-09,Phrae Rice research Center,122.99999,416.9677
8.732949,6.014319,2017-09-10,Phrae Rice research Center,6202.998,408.247
5.880533,6.0203276,2017-09-11,Phrae Rice research Center,357.0001,410.71344
8.001355,5.999725,2017-09-12,Phrae Rice research Center,2984.0005,402.3178
7.9233484,6.030372,2017-09-13,Phrae Rice research Center,2760.0005,414.86975
5.043425,5.99791,2017-09-15,Phrae Rice research Center,154.0,401.58652
4.727388,6.0108232,2017-09-16,Phrae Rice research Center,112.00001,406.8189
6.089045,6.0258446,2017-09-19,Phrae Rice research Center,440.00006,412.99115
4.9767337,6.0151167,2017-09-20,Phrae Rice research Center,144.0,408.57364
4.7957907,6.042526,2017-09-21,Phrae Rice research Center,120.000015,419.95493
4.828314,5.965957,2017-09-23,Phrae Rice research Center,124.00001,388.9261
6.285998,5.760029,2017-09-27,Phrae Rice research Center,535.9999,316.35748
5.9939613,5.7942953,2017-09-28,Phrae Rice research Center,399.99997,327.42065
6.829794,5.755441,2017-09-29,Phrae Rice research Center,924.0002,314.9049
6.2785215,5.765293,2017-09-30,Phrae Rice research Center,532.00006,318.03253
7.375882,5.827619,2017-10-01,Phrae Rice research Center,1596.0,338.5493
7.26473,5.8634996,2017-10-02,Phrae Rice research Center,1427.9998,350.9537
5.5134287,5.901609,2017-10-03,Phrae Rice research Center,246.99998,364.62527
7.2276626,5.890204,2017-10-05,Phrae Rice research Center,1376.0001,360.479
5.9939613,5.9098945,2017-10-06,Phrae Rice research Center,399.99997,367.66724
6.329721,5.7960615,2017-10-09,Phrae Rice research Center,560.00006,328.00122
6.240276,5.7193995,2017-10-11,Phrae Rice research Center,512.0,303.72186
7.388328,5.682823,2017-10-12,Phrae Rice research Center,1616.0004,292.77765
5.9532433,5.688868,2017-10-13,Phrae Rice research Center,383.99997,294.55887
5.0039463,5.680571,2017-10-14,Phrae Rice research Center,148.0,292.11676
5.888878,5.666591,2017-10-15,Phrae Rice research Center,359.99997,288.04755
5.081404,5.6604137,2017-10-17,Phrae Rice research Center,159.99997,286.2675
5.5645204,5.657651,2017-10-18,Phrae Rice research Center,260.0,285.4749
6.4118185,5.677933,2017-10-22,Phrae Rice research Center,608.0001,291.3446
5.3033047,5.7188773,2017-10-23,Phrae Rice research Center,199.99995,303.5628
5.4161005,5.730304,2017-10-24,Phrae Rice research Center,224.00003,307.06284
6.5861716,5.7037053,2017-10-25,Phrae Rice research Center,724.0,298.97687
7.007601,5.712608,2017-10-26,Phrae Rice research Center,1104.0002,301.65933
6.371612,5.716996,2017-10-27,Phrae Rice research Center,584.0001,302.99042
6.2709885,5.7891593,2017-10-28,Phrae Rice research Center,528.0,325.73822
7.3530817,5.8029943,2017-10-29,Phrae Rice research Center,1559.9996,330.29004
5.379897,5.7847123,2017-10-30,Phrae Rice research Center,215.99995,324.28845
5.5174527,5.7638717,2017-10-31,Phrae Rice research Center,247.99995,317.57938
6.9966817,5.7328396,2017-11-01,Phrae Rice research Center,1092.0002,307.84503
6.7393365,5.753972,2017-11-02,Phrae Rice research Center,843.9999,314.44113
5.5174527,5.7750645,2017-11-03,Phrae Rice research Center,247.99995,321.16522
5.7203116,5.7722983,2017-11-04,Phrae Rice research Center,303.99997,320.27527
5.8435445,5.770781,2017-11-06,Phrae Rice research Center,344.00003,319.78818
4.7004805,5.8045053,2017-11-07,Phrae Rice research Center,109.000015,330.79102
7.3783836,5.8208714,2017-11-08,Phrae Rice research Center,1599.9999,336.2658
6.558198,5.8410225,2017-11-09,Phrae Rice research Center,704.0001,343.13104
7.2276626,5.8279605,2017-11-10,Phrae Rice research Center,1376.0001,338.66522
6.315358,5.767206,2017-11-12,Phrae Rice research Center,552.00006,318.64346
6.042633,5.7759576,2017-11-13,Phrae Rice research Center,420.0001,321.45306
4.919981,5.7801037,2017-11-14,Phrae Rice research Center,136.00002,322.79276
5.652489,5.749351,2017-11-15,Phrae Rice research Center,284.0,312.98682
5.17615,5.729564,2017-11-16,Phrae Rice research Center,176.00002,306.83508
4.727388,5.7113314,2017-11-17,Phrae Rice research Center,112.00001,301.27325
7.09091,5.742702,2017-11-18,Phrae Rice research Center,1200.0001,310.90604
6.8638034,5.7695546,2017-11-19,Phrae Rice research Center,956.0,319.39502
5.888878,5.745352,2017-12-10,Phrae Rice research Center,359.99997,311.73364
5.398163,5.718107,2017-12-11,Phrae Rice research Center,220.00003,303.32837
5.081404,5.6962366,2017-12-12,Phrae Rice research Center,159.99997,296.74475
5.6937323,5.7279196,2017-12-13,Phrae Rice research Center,296.00003,306.32922
6.042633,5.7299495,2017-12-14,Phrae Rice research Center,420.0001,306.9537
4.7957907,5.689684,2017-12-16,Phrae Rice research Center,120.000015,294.8001
5.214936,5.620084,2017-10-27,Prachinburi Rice research Center,183.0,274.9125
5.2040067,5.628692,2017-10-28,Prachinburi Rice research Center,181.0,277.2979
4.962845,5.4735327,2017-11-28,Prachinburi Rice research Center,142.00003,237.30055
5.3565865,5.467271,2017-11-30,Prachinburi Rice research Center,211.00003,235.81302
4.75359,5.475582,2017-12-01,Prachinburi Rice research Center,114.99999,237.78943
4.7791233,5.465072,2017-12-02,Prachinburi Rice research Center,117.99998,235.29291
5.2311087,5.4850345,2017-12-03,Prachinburi Rice research Center,186.0,240.05725
4.8202815,5.4884534,2017-12-05,Prachinburi Rice research Center,122.99999,240.88281
7.0483866,5.500639,2015-03-09,Ratchaburi Rice Seed Center2,1150.0002,243.84833
6.4800444,5.498427,2015-03-10,Ratchaburi Rice Seed Center2,650.9999,243.30731
4.75359,5.499193,2015-03-11,Ratchaburi Rice Seed Center2,114.99999,243.4946
6.685861,5.495284,2015-03-12,Ratchaburi Rice Seed Center2,800.0001,242.5407
6.857514,5.4840283,2015-03-14,Ratchaburi Rice Seed Center2,949.9999,239.81483
5.7430034,5.4875154,2015-03-15,Ratchaburi Rice Seed Center2,311.00006,240.65605
6.1114674,5.4845266,2015-03-16,Ratchaburi Rice Seed Center2,450.0,239.93486
5.3565865,5.484062,2015-03-17,Ratchaburi Rice Seed Center2,211.00003,239.823
5.3033047,5.476581,2015-03-18,Ratchaburi Rice Seed Center2,199.99995,238.02809
4.7957907,5.4694233,2015-03-19,Ratchaburi Rice Seed Center2,120.000015,236.32329
5.1119876,5.4713397,2015-03-20,Ratchaburi Rice Seed Center2,164.99997,236.77853
5.3752785,5.4655433,2015-03-21,Ratchaburi Rice Seed Center2,215.00002,235.40425
4.983607,5.460358,2015-03-22,Ratchaburi Rice Seed Center2,145.00003,234.18164
5.755742,5.455929,2015-03-23,Ratchaburi Rice Seed Center2,314.99994,233.14224
5.529429,5.4451346,2015-03-24,Ratchaburi Rice Seed Center2,250.99997,230.62846
4.8675346,5.4404836,2015-03-25,Ratchaburi Rice Seed Center2,129.00003,229.55365
6.4800444,5.463556,2015-03-26,Ratchaburi Rice Seed Center2,650.9999,234.93488
5.963579,5.456073,2015-03-27,Ratchaburi Rice Seed Center2,387.99994,233.17596
6.43294,5.450763,2015-03-28,Ratchaburi Rice Seed Center2,620.99994,231.93588
6.2822666,5.4518237,2015-03-29,Ratchaburi Rice Seed Center2,533.99994,232.18304
6.5834093,5.446948,2015-03-30,Ratchaburi Rice Seed Center2,722.00006,231.04889
6.2785215,5.446396,2015-03-31,Ratchaburi Rice Seed Center2,532.00006,230.92079
6.1136823,5.427903,2015-04-01,Ratchaburi Rice Seed Center2,451.00003,226.67136
6.3664703,5.433054,2015-04-02,Ratchaburi Rice Seed Center2,580.99994,227.84708
5.3752785,5.418635,2015-04-03,Ratchaburi Rice Seed Center2,215.00002,224.57098
4.836282,5.4216657,2015-04-06,Ratchaburi Rice Seed Center2,124.999985,225.25568
5.062595,5.3962574,2015-04-08,Ratchaburi Rice Seed Center2,156.99997,219.57933
4.804021,5.325788,2015-04-20,Ratchaburi Rice Seed Center2,120.99998,204.57028
4.8121843,5.13339,2015-06-11,Ratchaburi Rice Seed Center2,122.0,168.59105
6.1114674,5.335145,2015-08-01,Ratchaburi Rice Seed Center2,450.0,206.50284
5.8636312,5.3313384,2015-08-02,Ratchaburi Rice Seed Center2,351.00003,205.71445
6.437752,5.345303,2015-08-03,Ratchaburi Rice Seed Center2,624.00006,208.6214
5.5012584,5.366225,2015-08-04,Ratchaburi Rice Seed Center2,244.00005,213.05324
5.7462034,5.375088,2015-08-05,Ratchaburi Rice Seed Center2,312.00006,214.95892
5.9939613,5.36072,2015-08-06,Ratchaburi Rice Seed Center2,399.99997,211.8782
5.370638,5.361597,2015-08-07,Ratchaburi Rice Seed Center2,213.99997,212.06496
5.7462034,5.389395,2015-08-08,Ratchaburi Rice Seed Center2,312.00006,218.07086
5.433722,5.432525,2015-08-09,Ratchaburi Rice Seed Center2,228.0,227.72609
5.2311087,5.463116,2015-08-10,Ratchaburi Rice Seed Center2,186.0,234.83118
6.2785215,5.4905505,2015-08-11,Ratchaburi Rice Seed Center2,532.00006,241.39061
5.872118,5.4933257,2015-08-12,Ratchaburi Rice Seed Center2,354.00006,242.06422
6.43294,5.502306,2015-08-13,Ratchaburi Rice Seed Center2,620.99994,244.25684
6.58755,5.5033894,2015-08-14,Ratchaburi Rice Seed Center2,725.0001,244.52269
6.4861608,5.514772,2015-08-15,Ratchaburi Rice Seed Center2,655.0,247.33333
5.866468,5.5555024,2015-08-16,Ratchaburi Rice Seed Center2,351.99997,257.6569
5.5373344,5.5653343,2015-08-17,Ratchaburi Rice Seed Center2,253.00005,260.21252
5.4595857,5.612152,2015-08-18,Ratchaburi Rice Seed Center2,234.00003,272.7327
5.3565865,5.6232686,2015-08-19,Ratchaburi Rice Seed Center2,211.00003,275.79263
6.0210233,5.6828103,2015-08-20,Ratchaburi Rice Seed Center2,410.99997,292.77386
6.261492,5.6865473,2015-08-21,Ratchaburi Rice Seed Center2,523.00006,293.87375
6.025866,5.6571345,2015-08-22,Ratchaburi Rice Seed Center2,413.00003,285.327
5.4553213,5.656071,2015-08-23,Ratchaburi Rice Seed Center2,233.00005,285.0227
5.7838254,5.670443,2015-08-24,Ratchaburi Rice Seed Center2,324.00006,289.16306
6.437752,5.7040367,2015-08-25,Ratchaburi Rice Seed Center2,624.00006,299.0763
5.420535,5.7199135,2015-08-26,Ratchaburi Rice Seed Center2,225.00002,303.87854
6.0776424,5.716412,2015-08-27,Ratchaburi Rice Seed Center2,435.0001,302.8129
5.1059456,5.7025247,2015-08-28,Ratchaburi Rice Seed Center2,164.00002,298.6229
5.7462034,5.6908083,2015-08-29,Ratchaburi Rice Seed Center2,312.00006,295.13287
4.744932,5.7033544,2015-08-30,Ratchaburi Rice Seed Center2,114.00001,298.87158
5.0689044,5.715659,2015-08-31,Ratchaburi Rice Seed Center2,158.00003,302.58423
6.4861608,5.725015,2015-09-01,Ratchaburi Rice Seed Center2,655.0,305.43793
5.866468,5.7053394,2015-09-02,Ratchaburi Rice Seed Center2,351.99997,299.46747
5.5373344,5.706905,2015-09-03,Ratchaburi Rice Seed Center2,253.00005,299.93817
4.8121843,5.699428,2015-09-04,Ratchaburi Rice Seed Center2,122.0,297.69653
5.370638,5.724406,2015-09-05,Ratchaburi Rice Seed Center2,213.99997,305.25122
5.1817837,5.7121863,2015-09-07,Ratchaburi Rice Seed Center2,177.00003,301.53177
5.5412636,5.68105,2015-09-08,Ratchaburi Rice Seed Center2,254.00002,292.25714
5.7745514,5.6972046,2015-09-09,Ratchaburi Rice Seed Center2,320.99994,297.0331
8.307213,5.4859686,2015-09-18,Ratchaburi Rice Seed Center2,4052.0007,240.28253
4.6634393,5.401096,2015-09-27,Ratchaburi Rice Seed Center2,105.000015,220.64919
4.912655,5.4127917,2015-09-28,Ratchaburi Rice Seed Center2,135.0,223.25677
4.8751974,5.4169946,2015-09-29,Ratchaburi Rice Seed Center2,130.00002,224.20128
4.6634393,5.359142,2015-10-05,Ratchaburi Rice Seed Center2,105.000015,211.54247
4.912655,5.3620586,2015-10-06,Ratchaburi Rice Seed Center2,135.0,212.16333
4.8751974,5.363456,2015-10-07,Ratchaburi Rice Seed Center2,130.00002,212.46135
4.836282,5.3477297,2015-10-08,Ratchaburi Rice Seed Center2,124.999985,209.13069
5.370638,5.340715,2015-10-09,Ratchaburi Rice Seed Center2,213.99997,207.66183
5.7745514,5.3365917,2015-10-10,Ratchaburi Rice Seed Center2,320.99994,206.80325
5.4026775,5.329516,2015-10-11,Ratchaburi Rice Seed Center2,221.00003,205.33807
4.912655,5.315408,2015-10-12,Ratchaburi Rice Seed Center2,135.0,202.44754
4.9767337,5.303994,2015-10-13,Ratchaburi Rice Seed Center2,144.0,200.1386
4.8202815,5.301568,2015-10-14,Ratchaburi Rice Seed Center2,122.99999,199.65118
5.4553213,5.311603,2015-10-15,Ratchaburi Rice Seed Center2,233.00005,201.67487
4.983607,5.3153577,2015-10-16,Ratchaburi Rice Seed Center2,145.00003,202.43727
5.880533,5.3333416,2015-10-31,Ratchaburi Rice Seed Center2,357.0001,206.12897
5.9687076,5.3291464,2015-11-01,Ratchaburi Rice Seed Center2,390.0,205.26183
5.5412636,5.3319616,2015-11-02,Ratchaburi Rice Seed Center2,254.00002,205.84332
5.916202,5.334395,2015-11-03,Ratchaburi Rice Seed Center2,370.0,206.34726
5.8607864,5.3505917,2015-11-04,Ratchaburi Rice Seed Center2,350.00006,209.73294
5.5412636,5.3508587,2015-11-05,Ratchaburi Rice Seed Center2,254.00002,209.78922
5.817111,5.347221,2015-11-06,Ratchaburi Rice Seed Center2,334.99994,209.0238
6.0544395,5.348172,2015-11-07,Ratchaburi Rice Seed Center2,425.0001,209.2237
6.300786,5.3336744,2015-11-08,Ratchaburi Rice Seed Center2,544.0001,206.1979
5.549076,5.3369837,2015-11-09,Ratchaburi Rice Seed Center2,256.0,206.88472
5.488938,5.3471026,2015-11-10,Ratchaburi Rice Seed Center2,241.00003,208.99898
4.727388,5.3481226,2015-11-11,Ratchaburi Rice Seed Center2,112.00001,209.21327
4.9904327,5.3415446,2015-11-12,Ratchaburi Rice Seed Center2,146.00003,207.83504
4.828314,5.3426886,2015-11-13,Ratchaburi Rice Seed Center2,124.00001,208.07407
6.297109,5.3398914,2015-11-14,Ratchaburi Rice Seed Center2,541.9999,207.49008
4.727388,5.340018,2015-11-15,Ratchaburi Rice Seed Center2,112.00001,207.51642
5.3752785,5.3293295,2015-11-16,Ratchaburi Rice Seed Center2,215.00002,205.2996
5.043425,5.3194046,2015-11-17,Ratchaburi Rice Seed Center2,154.0,203.26224
5.5412636,5.330597,2015-11-18,Ratchaburi Rice Seed Center2,254.00002,205.56123
4.828314,5.3212337,2015-11-19,Ratchaburi Rice Seed Center2,124.00001,203.6362
4.912655,5.344776,2015-12-01,Ratchaburi Rice Seed Center2,135.0,208.51099
4.8751974,5.337123,2015-12-02,Ratchaburi Rice Seed Center2,130.00002,206.91367
5.888878,5.3426566,2015-12-03,Ratchaburi Rice Seed Center2,359.99997,208.06738
4.836282,5.3430033,2015-12-04,Ratchaburi Rice Seed Center2,124.999985,208.13988
5.3752785,5.349078,2015-12-05,Ratchaburi Rice Seed Center2,215.00002,209.41425
5.7745514,5.3522534,2015-12-06,Ratchaburi Rice Seed Center2,320.99994,210.08344
6.2576675,5.3424335,2015-12-07,Ratchaburi Rice Seed Center2,521.0,208.02074
6.0450053,5.346854,2015-12-08,Ratchaburi Rice Seed Center2,421.0,208.94681
5.786897,5.3388176,2015-12-09,Ratchaburi Rice Seed Center2,324.99994,207.26631
5.198497,5.336313,2015-12-10,Ratchaburi Rice Seed Center2,179.99997,206.7453
5.26269,5.339733,2015-12-11,Ratchaburi Rice Seed Center2,191.99997,207.45706
5.7776523,5.327648,2015-12-12,Ratchaburi Rice Seed Center2,322.0,204.95303
5.4161005,5.325514,2015-12-13,Ratchaburi Rice Seed Center2,224.00003,204.51393
4.983607,5.3251395,2015-12-14,Ratchaburi Rice Seed Center2,145.00003,204.43703
4.8202815,5.329828,2015-12-15,Ratchaburi Rice Seed Center2,122.99999,205.40244
5.3752785,5.336469,2015-12-16,Ratchaburi Rice Seed Center2,215.00002,206.77779
5.786897,5.3293967,2015-12-17,Ratchaburi Rice Seed Center2,324.99994,205.31348
5.583496,5.3352785,2015-12-18,Ratchaburi Rice Seed Center2,264.99994,206.53055
6.0306854,5.339382,2015-12-19,Ratchaburi Rice Seed Center2,415.00006,207.38393
5.786897,5.3442993,2015-12-20,Ratchaburi Rice Seed Center2,324.99994,208.4111
6.4504704,5.3517075,2015-12-21,Ratchaburi Rice Seed Center2,632.0,209.9682
4.962845,5.340624,2015-12-22,Ratchaburi Rice Seed Center2,142.00003,207.64284
5.5373344,5.3430533,2015-12-23,Ratchaburi Rice Seed Center2,253.00005,208.15034
5.370638,5.3278217,2015-12-24,Ratchaburi Rice Seed Center2,213.99997,204.98878
5.7745514,5.33977,2015-12-25,Ratchaburi Rice Seed Center2,320.99994,207.46472
6.240276,5.3485346,2015-12-26,Ratchaburi Rice Seed Center2,512.0,209.2999
4.727388,5.34427,2015-12-27,Ratchaburi Rice Seed Center2,112.00001,208.40501
4.744932,5.3579555,2015-12-28,Ratchaburi Rice Seed Center2,114.00001,211.29047
6.4504704,5.356502,2015-12-29,Ratchaburi Rice Seed Center2,632.0,210.98215
5.3752785,5.3530297,2015-12-30,Ratchaburi Rice Seed Center2,215.00002,210.24734
5.786897,5.363405,2015-12-31,Ratchaburi Rice Seed Center2,324.99994,212.45056
5.4553213,5.3497,2016-01-01,Ratchaburi Rice Seed Center2,233.00005,209.54512
5.3752785,5.349069,2016-01-02,Ratchaburi Rice Seed Center2,215.00002,209.41234
5.5412636,5.347165,2016-01-03,Ratchaburi Rice Seed Center2,254.00002,209.01208
5.46806,5.353911,2016-01-04,Ratchaburi Rice Seed Center2,235.99997,210.43358
5.549076,5.356211,2016-01-05,Ratchaburi Rice Seed Center2,256.0,210.9205
6.0234475,5.3523245,2016-01-06,Ratchaburi Rice Seed Center2,411.99997,210.09842
5.7745514,5.360944,2016-01-07,Ratchaburi Rice Seed Center2,320.99994,211.92581
4.836282,5.356064,2016-01-08,Ratchaburi Rice Seed Center2,124.999985,210.88928
5.4467373,5.3616166,2016-01-09,Ratchaburi Rice Seed Center2,230.99998,212.06912
5.420535,5.3653727,2016-01-10,Ratchaburi Rice Seed Center2,225.00002,212.87093
4.787492,5.3728223,2016-01-11,Ratchaburi Rice Seed Center2,119.00001,214.47012
5.365976,5.365884,2016-01-12,Ratchaburi Rice Seed Center2,212.99997,212.98027
6.2576675,5.370345,2016-01-13,Ratchaburi Rice Seed Center2,521.0,213.93704
6.0210233,5.374487,2016-01-14,Ratchaburi Rice Seed Center2,410.99997,214.8291
5.370638,5.3723593,2016-01-15,Ratchaburi Rice Seed Center2,213.99997,214.37039
5.4553213,5.373904,2016-01-16,Ratchaburi Rice Seed Center2,233.00005,214.70338
4.983607,5.3645725,2016-01-17,Ratchaburi Rice Seed Center2,145.00003,212.69986
5.030438,5.3668714,2016-01-18,Ratchaburi Rice Seed Center2,152.0,213.19168
5.786897,5.371105,2016-01-19,Ratchaburi Rice Seed Center2,324.99994,214.10046
6.0234475,5.3742995,2016-01-20,Ratchaburi Rice Seed Center2,411.99997,214.78867
6.2576675,5.3776164,2016-01-21,Ratchaburi Rice Seed Center2,521.0,215.5056
6.0544395,5.3696775,2016-01-22,Ratchaburi Rice Seed Center2,425.0001,213.7936
5.786897,5.370959,2016-01-23,Ratchaburi Rice Seed Center2,324.99994,214.06897
5.3752785,5.3724637,2016-01-24,Ratchaburi Rice Seed Center2,215.00002,214.39288
5.9053617,5.380358,2016-01-25,Ratchaburi Rice Seed Center2,365.99994,216.10004
6.1290503,5.3859386,2016-01-26,Ratchaburi Rice Seed Center2,458.00003,217.31493
4.836282,5.38179,2016-01-27,Ratchaburi Rice Seed Center2,124.999985,216.41113
5.556828,5.3822956,2016-01-28,Ratchaburi Rice Seed Center2,258.0,216.52104
5.786897,5.380992,2016-01-29,Ratchaburi Rice Seed Center2,324.99994,216.23766
5.293305,5.3826833,2016-01-30,Ratchaburi Rice Seed Center2,198.00002,216.6054
6.0544395,5.3755074,2016-02-01,Ratchaburi Rice Seed Center2,425.0001,215.04945
4.836282,5.3943443,2016-02-02,Ratchaburi Rice Seed Center2,124.999985,219.15775
5.3752785,5.3926983,2016-02-03,Ratchaburi Rice Seed Center2,215.00002,218.79565
4.836282,5.413985,2016-02-04,Ratchaburi Rice Seed Center2,124.999985,223.52449
5.786897,5.4220653,2016-02-05,Ratchaburi Rice Seed Center2,324.99994,225.3461
5.293305,5.4159713,2016-02-06,Ratchaburi Rice Seed Center2,198.00002,223.97095
4.8520303,5.417217,2016-02-08,Ratchaburi Rice Seed Center2,127.0,224.25133
5.236442,5.415612,2016-02-09,Ratchaburi Rice Seed Center2,187.00003,223.89018
5.17615,5.4192076,2016-02-10,Ratchaburi Rice Seed Center2,176.00002,224.7002
5.888878,5.4134007,2016-02-14,Ratchaburi Rice Seed Center2,359.99997,223.39337
4.8751974,5.4328194,2016-02-16,Ratchaburi Rice Seed Center2,130.00002,227.7934
5.934894,5.4514527,2016-02-19,Ratchaburi Rice Seed Center2,376.99994,232.09654
5.771441,5.46322,2016-02-20,Ratchaburi Rice Seed Center2,319.99994,234.85568
5.620401,5.465587,2016-02-21,Ratchaburi Rice Seed Center2,275.0,235.41463
4.8520303,5.456153,2016-02-22,Ratchaburi Rice Seed Center2,127.0,233.19472
5.786897,5.454832,2016-02-23,Ratchaburi Rice Seed Center2,324.99994,232.88559
5.293305,5.455137,2016-02-24,Ratchaburi Rice Seed Center2,198.00002,232.95686
5.786897,5.4591284,2016-02-25,Ratchaburi Rice Seed Center2,324.99994,233.8926
5.293305,5.4707575,2016-02-26,Ratchaburi Rice Seed Center2,198.00002,236.64014
4.8520303,5.4729886,2016-02-28,Ratchaburi Rice Seed Center2,127.0,237.17093
5.236442,5.4736013,2016-02-29,Ratchaburi Rice Seed Center2,187.00003,237.31691
4.836282,5.4834256,2016-03-01,Ratchaburi Rice Seed Center2,124.999985,239.66974
5.605802,5.486397,2016-03-02,Ratchaburi Rice Seed Center2,271.0,240.38588
5.963579,5.481573,2016-03-03,Ratchaburi Rice Seed Center2,387.99994,239.2243
5.620401,5.502908,2016-03-08,Ratchaburi Rice Seed Center2,275.0,244.40459
4.8520303,5.4952397,2016-03-09,Ratchaburi Rice Seed Center2,127.0,242.5299
4.8520303,5.4964695,2016-03-13,Ratchaburi Rice Seed Center2,127.0,242.82957
5.236442,5.4877253,2016-03-14,Ratchaburi Rice Seed Center2,187.00003,240.70676
5.17615,5.4956574,2016-03-15,Ratchaburi Rice Seed Center2,176.00002,242.63165
5.293305,5.491645,2016-03-16,Ratchaburi Rice Seed Center2,198.00002,241.656
4.6634393,5.4829164,2016-03-18,Ratchaburi Rice Seed Center2,105.000015,239.54721
5.3565865,5.4681063,2016-03-19,Ratchaburi Rice Seed Center2,211.00003,236.01093
4.912655,5.4558544,2016-03-23,Ratchaburi Rice Seed Center2,135.0,233.12483
5.0369525,5.408471,2016-04-04,Ratchaburi Rice Seed Center2,152.99998,222.28995
5.293305,5.402323,2016-04-05,Ratchaburi Rice Seed Center2,198.00002,220.9213
4.8520303,5.392798,2016-04-07,Ratchaburi Rice Seed Center2,127.0,218.81757
5.236442,5.373255,2016-04-08,Ratchaburi Rice Seed Center2,187.00003,214.56334
5.17615,5.3703675,2016-04-09,Ratchaburi Rice Seed Center2,176.00002,213.94185
5.0238805,5.3001995,2016-04-20,Ratchaburi Rice Seed Center2,151.0,199.37679
5.293305,5.294514,2016-04-21,Ratchaburi Rice Seed Center2,198.00002,198.24081
4.65396,5.2758837,2016-04-23,Ratchaburi Rice Seed Center2,103.999985,194.56322
5.236442,5.2633934,2016-04-24,Ratchaburi Rice Seed Center2,187.00003,192.13577
5.351858,5.267026,2016-04-25,Ratchaburi Rice Seed Center2,210.0,192.83862
5.379897,5.259822,2016-04-26,Ratchaburi Rice Seed Center2,215.99995,191.4472
4.828314,5.2315326,2016-04-29,Ratchaburi Rice Seed Center2,124.00001,186.0793
4.836282,5.1760125,2016-05-15,Ratchaburi Rice Seed Center2,124.999985,175.97571
5.351858,5.174635,2016-05-16,Ratchaburi Rice Seed Center2,210.0,175.73209
4.9904327,5.1694613,2016-05-17,Ratchaburi Rice Seed Center2,146.00003,174.82008
4.727388,5.1684594,2016-05-18,Ratchaburi Rice Seed Center2,112.00001,174.64404
4.836282,5.1569753,2016-05-19,Ratchaburi Rice Seed Center2,124.999985,172.63846
4.836282,5.127232,2016-06-10,Ratchaburi Rice Seed Center2,124.999985,167.54994
6.1136823,5.1257973,2016-06-14,Ratchaburi Rice Seed Center2,451.00003,167.30827
6.3664703,5.1341863,2016-06-15,Ratchaburi Rice Seed Center2,580.99994,168.72615
5.3752785,5.1233788,2016-06-18,Ratchaburi Rice Seed Center2,215.00002,166.9017
6.4393506,5.130968,2016-07-07,Ratchaburi Rice Seed Center2,625.0001,168.18082
6.261492,5.1255813,2016-07-08,Ratchaburi Rice Seed Center2,523.00006,167.27193
5.8636312,5.1374693,2016-07-09,Ratchaburi Rice Seed Center2,351.00003,169.28429
5.9053617,5.181647,2016-07-10,Ratchaburi Rice Seed Center2,365.99994,176.97566
6.6240654,5.2002606,2016-07-11,Ratchaburi Rice Seed Center2,752.0001,180.31949
5.8777356,5.276043,2016-07-12,Ratchaburi Rice Seed Center2,355.99994,194.59436
6.1290503,5.416448,2016-07-13,Ratchaburi Rice Seed Center2,458.00003,224.07825
6.285998,5.4269676,2016-07-14,Ratchaburi Rice Seed Center2,535.9999,226.45847
6.0306854,5.498915,2016-07-15,Ratchaburi Rice Seed Center2,415.00006,243.42664
5.786897,5.3869357,2016-07-16,Ratchaburi Rice Seed Center2,324.99994,217.53271
6.7511015,5.354198,2016-07-17,Ratchaburi Rice Seed Center2,854.0,210.4943
6.4504704,5.385978,2016-07-18,Ratchaburi Rice Seed Center2,632.0,217.32358
6.0234475,5.507767,2016-07-19,Ratchaburi Rice Seed Center2,411.99997,245.5999
5.46806,5.475957,2016-07-20,Ratchaburi Rice Seed Center2,235.99997,237.87894
6.261492,5.583346,2016-07-21,Ratchaburi Rice Seed Center2,523.00006,264.96
6.0234475,5.5920124,2016-07-22,Ratchaburi Rice Seed Center2,411.99997,267.27496
5.786897,5.6367335,2016-07-23,Ratchaburi Rice Seed Center2,324.99994,279.54483
5.786897,5.7351727,2016-07-24,Ratchaburi Rice Seed Center2,324.99994,308.56644
6.0497336,5.8113523,2016-07-25,Ratchaburi Rice Seed Center2,423.00006,333.07056
6.2576675,5.7689576,2016-07-26,Ratchaburi Rice Seed Center2,521.0,319.2038
6.0210233,5.7212133,2016-07-27,Ratchaburi Rice Seed Center2,410.99997,304.2751
5.46806,5.691396,2016-07-28,Ratchaburi Rice Seed Center2,235.99997,295.30704
5.786897,5.6840034,2016-07-29,Ratchaburi Rice Seed Center2,324.99994,293.12457
6.115892,5.6799784,2016-07-30,Ratchaburi Rice Seed Center2,451.9999,291.94308
6.2989492,5.6629977,2016-07-31,Ratchaburi Rice Seed Center2,543.0,287.01074
6.115892,5.644701,2016-08-01,Ratchaburi Rice Seed Center2,451.9999,281.789
5.8777356,5.6520844,2016-08-02,Ratchaburi Rice Seed Center2,355.99994,283.88464
6.315358,5.662377,2016-08-03,Ratchaburi Rice Seed Center2,552.00006,286.83197
6.0234475,5.6914496,2016-08-04,Ratchaburi Rice Seed Center2,411.99997,295.32288
6.452049,5.686142,2016-08-05,Ratchaburi Rice Seed Center2,632.9999,293.75424
6.1717005,5.675255,2016-08-06,Ratchaburi Rice Seed Center2,477.99994,290.56262
6.7511015,5.6766615,2016-08-07,Ratchaburi Rice Seed Center2,854.0,290.97305
5.549076,5.6865525,2016-08-08,Ratchaburi Rice Seed Center2,256.0,293.8753
6.4846354,5.7392063,2016-08-09,Ratchaburi Rice Seed Center2,654.00006,309.81763
6.1114674,5.746366,2016-08-10,Ratchaburi Rice Seed Center2,450.0,312.05096
5.8777356,5.759919,2016-08-11,Ratchaburi Rice Seed Center2,355.99994,316.3227
6.261492,5.746018,2016-08-12,Ratchaburi Rice Seed Center2,523.00006,311.94202
5.5373344,5.746187,2016-08-13,Ratchaburi Rice Seed Center2,253.00005,311.995
6.0306854,5.745535,2016-08-14,Ratchaburi Rice Seed Center2,415.00006,311.7909
6.4504704,5.760602,2016-08-15,Ratchaburi Rice Seed Center2,632.0,316.53943
5.8777356,5.7542963,2016-08-16,Ratchaburi Rice Seed Center2,355.99994,314.54343
6.464588,5.746517,2016-08-17,Ratchaburi Rice Seed Center2,640.9999,312.0983
6.4907236,5.727649,2016-08-18,Ratchaburi Rice Seed Center2,658.00006,306.24615
6.4393506,5.7190895,2016-08-19,Ratchaburi Rice Seed Center2,625.0001,303.62744
5.786897,5.7124214,2016-08-20,Ratchaburi Rice Seed Center2,324.99994,301.6029
6.0306854,5.683328,2016-08-21,Ratchaburi Rice Seed Center2,415.00006,292.92603
6.1246834,5.6500325,2016-08-22,Ratchaburi Rice Seed Center2,456.0,283.30072
6.2595816,5.6309342,2016-08-23,Ratchaburi Rice Seed Center2,522.00006,277.92258
6.4846354,5.6165066,2016-08-24,Ratchaburi Rice Seed Center2,654.00006,273.92728
5.5053315,5.61595,2016-08-25,Ratchaburi Rice Seed Center2,245.0,273.77432
6.4861608,5.6460447,2016-09-01,Ratchaburi Rice Seed Center2,655.0,282.16925
5.866468,5.6492577,2016-09-02,Ratchaburi Rice Seed Center2,351.99997,283.0805
5.5373344,5.6425424,2016-09-03,Ratchaburi Rice Seed Center2,253.00005,281.1792
6.244167,5.6725516,2016-09-04,Ratchaburi Rice Seed Center2,514.0,289.77554
5.370638,5.6775384,2016-09-05,Ratchaburi Rice Seed Center2,213.99997,291.2292
5.5053315,5.656224,2016-09-06,Ratchaburi Rice Seed Center2,245.0,285.06635
5.8777356,5.669359,2016-09-07,Ratchaburi Rice Seed Center2,355.99994,288.84875
6.6093493,5.634296,2016-09-08,Ratchaburi Rice Seed Center2,741.0,278.86182
6.336826,5.629564,2016-09-09,Ratchaburi Rice Seed Center2,564.00006,277.5406
6.4800444,5.6156945,2016-09-10,Ratchaburi Rice Seed Center2,650.9999,273.7041
6.297109,5.5937715,2016-09-11,Ratchaburi Rice Seed Center2,541.9999,267.74728
6.610696,5.5724897,2016-09-12,Ratchaburi Rice Seed Center2,741.9999,262.08832
6.3350544,5.588766,2016-09-13,Ratchaburi Rice Seed Center2,563.00006,266.40546
6.7357802,5.562625,2016-09-14,Ratchaburi Rice Seed Center2,841.0002,259.50574
6.3207684,5.510112,2016-09-15,Ratchaburi Rice Seed Center2,555.00006,246.17876
6.297109,5.4789805,2016-09-16,Ratchaburi Rice Seed Center2,541.9999,238.60233
6.4846354,5.4612603,2016-09-17,Ratchaburi Rice Seed Center2,654.00006,234.3939
6.3350544,5.45493,2016-09-18,Ratchaburi Rice Seed Center2,563.00006,232.90846
5.5412636,5.4615765,2016-09-19,Ratchaburi Rice Seed Center2,254.00002,234.46834
6.0544395,5.4441977,2016-09-20,Ratchaburi Rice Seed Center2,425.0001,230.41153
6.3044486,5.394288,2016-09-21,Ratchaburi Rice Seed Center2,545.9999,219.14536
5.7838254,5.3361897,2016-09-22,Ratchaburi Rice Seed Center2,324.00006,206.71973
5.549076,5.3419175,2016-09-23,Ratchaburi Rice Seed Center2,256.0,207.91292
6.285998,5.350342,2016-09-24,Ratchaburi Rice Seed Center2,535.9999,209.6803
6.5736804,5.3848367,2016-09-25,Ratchaburi Rice Seed Center2,715.0002,217.0745
5.549076,5.4046135,2016-09-26,Ratchaburi Rice Seed Center2,256.0,221.43024
6.7511015,5.4097533,2016-09-27,Ratchaburi Rice Seed Center2,854.0,222.57643
6.3062754,5.416943,2016-09-28,Ratchaburi Rice Seed Center2,547.00006,224.18968
5.902633,5.412094,2016-09-29,Ratchaburi Rice Seed Center2,364.99994,223.10039
6.3332796,5.429518,2016-09-30,Ratchaburi Rice Seed Center2,562.0,227.03935
4.6634393,5.302678,2016-10-06,Ratchaburi Rice Seed Center2,105.000015,199.87405
5.3565865,5.2999597,2016-10-07,Ratchaburi Rice Seed Center2,211.00003,199.32874
4.912655,5.2902484,2016-10-08,Ratchaburi Rice Seed Center2,135.0,197.3927
4.8751974,5.2918367,2016-10-09,Ratchaburi Rice Seed Center2,130.00002,197.70807
4.6634393,5.298918,2016-10-10,Ratchaburi Rice Seed Center2,105.000015,199.12012
5.3565865,5.3093333,2016-10-11,Ratchaburi Rice Seed Center2,211.00003,201.21536
5.888878,5.307236,2016-10-12,Ratchaburi Rice Seed Center2,359.99997,200.79175
5.1474943,5.3087697,2016-10-13,Ratchaburi Rice Seed Center2,170.99997,201.10143
4.8121843,5.3152633,2016-10-14,Ratchaburi Rice Seed Center2,122.0,202.41806
4.7095304,5.3161573,2016-10-15,Ratchaburi Rice Seed Center2,110.000015,202.6
4.905275,5.3271832,2016-10-16,Ratchaburi Rice Seed Center2,134.00002,204.8573
5.0172796,5.3207793,2016-10-17,Ratchaburi Rice Seed Center2,149.99997,203.54323
4.7004805,5.3208466,2016-10-18,Ratchaburi Rice Seed Center2,109.000015,203.55698
5.6937323,5.326307,2016-10-19,Ratchaburi Rice Seed Center2,296.00003,204.67697
4.9272537,5.32622,2016-10-20,Ratchaburi Rice Seed Center2,137.0,204.65912
4.7361984,5.314168,2016-10-22,Ratchaburi Rice Seed Center2,113.0,202.19537
4.6634393,5.311775,2016-10-23,Ratchaburi Rice Seed Center2,105.000015,201.70976
4.744932,5.3119907,2016-10-25,Ratchaburi Rice Seed Center2,114.00001,201.75345
4.6634393,5.311838,2016-10-26,Ratchaburi Rice Seed Center2,105.000015,201.72252
5.4026775,5.314367,2016-10-27,Ratchaburi Rice Seed Center2,221.00003,202.23578
5.075174,5.3161807,2016-10-28,Ratchaburi Rice Seed Center2,159.0,202.60477
5.17615,5.3153944,2016-10-29,Ratchaburi Rice Seed Center2,176.00002,202.44473
5.327876,5.3256655,2016-10-30,Ratchaburi Rice Seed Center2,204.99998,204.5451
5.379897,5.33188,2016-10-31,Ratchaburi Rice Seed Center2,215.99995,205.82646
6.89467,5.3256407,2016-11-01,Ratchaburi Rice Seed Center2,986.0,204.54001
7.115582,5.3405776,2016-11-02,Ratchaburi Rice Seed Center2,1229.9999,207.63318
6.809039,5.3372974,2016-11-03,Ratchaburi Rice Seed Center2,904.9998,206.94995
6.9555926,5.335679,2016-11-04,Ratchaburi Rice Seed Center2,1048.0,206.61368
7.229114,5.323505,2016-11-05,Ratchaburi Rice Seed Center2,1378.0002,204.10149
7.044033,5.319616,2016-11-06,Ratchaburi Rice Seed Center2,1145.0001,203.30539
6.8875527,5.316251,2016-11-07,Ratchaburi Rice Seed Center2,979.0002,202.61905
6.2989492,5.299157,2016-11-08,Ratchaburi Rice Seed Center2,543.0,199.16803
6.3456364,5.279866,2016-11-09,Ratchaburi Rice Seed Center2,569.0,195.3436
6.5496507,5.292914,2016-11-10,Ratchaburi Rice Seed Center2,697.99994,197.92223
5.872118,5.3106027,2016-11-11,Ratchaburi Rice Seed Center2,354.00006,201.47221
6.6147256,5.313185,2016-11-12,Ratchaburi Rice Seed Center2,745.0,201.99579
6.3350544,5.3070445,2016-11-13,Ratchaburi Rice Seed Center2,563.00006,200.75307
6.3801227,5.3101645,2016-11-14,Ratchaburi Rice Seed Center2,589.00006,201.38351
6.872128,5.3209076,2016-11-15,Ratchaburi Rice Seed Center2,963.99994,203.56946
6.126869,5.33159,2016-11-16,Ratchaburi Rice Seed Center2,457.0,205.76651
6.616065,5.322548,2016-11-17,Ratchaburi Rice Seed Center2,745.9999,203.9053
6.297109,5.3199015,2016-11-18,Ratchaburi Rice Seed Center2,541.9999,203.36374
6.823286,5.3141875,2016-11-19,Ratchaburi Rice Seed Center2,917.99994,202.19936
6.4831076,5.321378,2016-11-20,Ratchaburi Rice Seed Center2,653.0001,203.66577
6.784457,5.3249936,2016-11-21,Ratchaburi Rice Seed Center2,883.0001,204.40704
6.1484685,5.320262,2016-11-22,Ratchaburi Rice Seed Center2,467.0001,203.43742
6.375025,5.32546,2016-11-23,Ratchaburi Rice Seed Center2,586.0,204.50287
6.200509,5.3233075,2016-11-24,Ratchaburi Rice Seed Center2,491.99994,204.061
6.529419,5.3338137,2016-11-25,Ratchaburi Rice Seed Center2,684.00006,206.22676
6.641182,5.3383355,2016-11-26,Ratchaburi Rice Seed Center2,764.9998,207.16592
6.3456364,5.337643,2016-11-27,Ratchaburi Rice Seed Center2,569.0,207.02185
5.988961,5.3414836,2016-11-28,Ratchaburi Rice Seed Center2,397.99994,207.8223
6.6489844,5.3276076,2016-11-29,Ratchaburi Rice Seed Center2,770.9999,204.94469
6.542472,5.3331747,2016-11-30,Ratchaburi Rice Seed Center2,692.99994,206.09439
6.1800165,5.342905,2016-12-01,Ratchaburi Rice Seed Center2,481.99994,208.11932
5.9322453,5.3449354,2016-12-02,Ratchaburi Rice Seed Center2,376.00003,208.54434
6.1984787,5.3396053,2016-12-03,Ratchaburi Rice Seed Center2,491.0,207.43044
5.7430034,5.334644,2016-12-04,Ratchaburi Rice Seed Center2,311.00006,206.39886
6.228511,5.33752,2016-12-05,Ratchaburi Rice Seed Center2,505.99994,206.99626
6.037871,5.3430233,2016-12-06,Ratchaburi Rice Seed Center2,418.0,208.14406
5.8493247,5.3421845,2016-12-07,Ratchaburi Rice Seed Center2,345.99997,207.96872
5.5683446,5.343729,2016-12-08,Ratchaburi Rice Seed Center2,261.00003,208.29172
5.613128,5.3367295,2016-12-09,Ratchaburi Rice Seed Center2,273.00003,206.8319
5.7137327,5.344884,2016-12-10,Ratchaburi Rice Seed Center2,301.99997,208.53357
5.5174527,5.349544,2016-12-11,Ratchaburi Rice Seed Center2,247.99995,209.5123
5.659482,5.3402886,2016-12-12,Ratchaburi Rice Seed Center2,285.99994,207.5729
5.7430034,5.3378983,2016-12-13,Ratchaburi Rice Seed Center2,311.00006,207.07492
5.220356,5.3321366,2016-12-14,Ratchaburi Rice Seed Center2,184.00003,205.87953
5.056246,5.333626,2016-12-15,Ratchaburi Rice Seed Center2,156.0,206.18784
4.9272537,5.3426957,2016-12-16,Ratchaburi Rice Seed Center2,137.0,208.07556
5.1298985,5.3356605,2016-12-17,Ratchaburi Rice Seed Center2,167.99997,206.60982
5.030438,5.3410974,2016-12-18,Ratchaburi Rice Seed Center2,152.0,207.74165
5.2311087,5.341956,2016-12-19,Ratchaburi Rice Seed Center2,186.0,207.92099
5.288267,5.347771,2016-12-20,Ratchaburi Rice Seed Center2,197.00002,209.1394
4.727388,5.35085,2016-12-21,Ratchaburi Rice Seed Center2,112.00001,209.78741
4.9272537,5.349117,2016-12-22,Ratchaburi Rice Seed Center2,137.0,209.42236
4.8441873,5.35168,2016-12-23,Ratchaburi Rice Seed Center2,126.00002,209.96237
4.6728287,5.3470106,2016-12-24,Ratchaburi Rice Seed Center2,105.999985,208.97964
4.8598123,5.3571577,2016-12-26,Ratchaburi Rice Seed Center2,127.999985,211.12119
4.804021,5.3538327,2016-12-27,Ratchaburi Rice Seed Center2,120.99998,210.41705
4.6728287,5.3606477,2016-12-28,Ratchaburi Rice Seed Center2,105.999985,211.86276
4.7095304,5.3516793,2017-01-01,Ratchaburi Rice Seed Center2,110.000015,209.96228
4.6728287,5.3610816,2017-01-02,Ratchaburi Rice Seed Center2,105.999985,211.95515
4.6821313,5.363059,2017-01-04,Ratchaburi Rice Seed Center2,107.00001,212.37668
4.6728287,5.3638897,2017-01-05,Ratchaburi Rice Seed Center2,105.999985,212.55399
4.8520303,5.360028,2017-01-06,Ratchaburi Rice Seed Center2,127.0,211.73087
4.7361984,5.3645205,2017-01-07,Ratchaburi Rice Seed Center2,113.0,212.68875
4.634729,5.361305,2017-01-08,Ratchaburi Rice Seed Center2,101.99999,212.00278
4.828314,5.3622284,2017-01-09,Ratchaburi Rice Seed Center2,124.00001,212.19951
4.6634393,5.365607,2017-01-10,Ratchaburi Rice Seed Center2,105.000015,212.92099
4.744932,5.3670087,2017-01-11,Ratchaburi Rice Seed Center2,114.00001,213.2211
4.6728287,5.3622994,2017-01-12,Ratchaburi Rice Seed Center2,105.999985,212.21466
4.7706847,5.3609176,2017-01-13,Ratchaburi Rice Seed Center2,117.000015,211.92023
4.7361984,5.3624215,2017-01-14,Ratchaburi Rice Seed Center2,113.0,212.24069
4.7957907,5.357458,2017-01-15,Ratchaburi Rice Seed Center2,120.000015,211.1849
4.7004805,5.3633757,2017-01-16,Ratchaburi Rice Seed Center2,109.000015,212.44424
4.7095304,5.354571,2017-01-17,Ratchaburi Rice Seed Center2,110.000015,210.57317
4.7361984,5.493642,2017-03-10,Ratchaburi Rice Seed Center2,113.0,242.14108
6.776507,5.493788,2017-03-11,Ratchaburi Rice Seed Center2,875.99994,242.17656
6.921658,5.495894,2017-03-12,Ratchaburi Rice Seed Center2,1012.9999,242.68927
6.8987145,5.489975,2017-03-13,Ratchaburi Rice Seed Center2,990.0,241.25114
7.4882936,5.485308,2017-03-14,Ratchaburi Rice Seed Center2,1786.0002,240.12325
7.0219765,5.490776,2017-03-15,Ratchaburi Rice Seed Center2,1120.0,241.44528
6.8710914,5.490271,2017-03-16,Ratchaburi Rice Seed Center2,963.00006,241.32289
6.934397,5.4761477,2017-03-17,Ratchaburi Rice Seed Center2,1026.0,237.92451
6.8543544,5.4765964,2017-03-18,Ratchaburi Rice Seed Center2,946.9999,238.03174
6.7417006,5.465727,2017-03-19,Ratchaburi Rice Seed Center2,846.0,235.44766
6.9226437,5.4725957,2017-03-20,Ratchaburi Rice Seed Center2,1013.99976,237.07736
6.7238326,5.472074,2017-03-21,Ratchaburi Rice Seed Center2,831.0001,236.9532
7.1300983,5.472734,2017-03-22,Ratchaburi Rice Seed Center2,1247.9998,237.11029
6.6133842,5.460494,2017-03-23,Ratchaburi Rice Seed Center2,744.0,234.2136
6.419995,5.4511814,2017-03-24,Ratchaburi Rice Seed Center2,612.99994,232.03331
6.3062754,5.4460025,2017-03-25,Ratchaburi Rice Seed Center2,547.00006,230.82957
6.5638556,5.442188,2017-03-26,Ratchaburi Rice Seed Center2,708.0001,229.9469
6.514713,5.420984,2017-03-27,Ratchaburi Rice Seed Center2,674.00006,225.10146
6.371612,5.42138,2017-03-28,Ratchaburi Rice Seed Center2,584.0001,225.19106
6.3044486,5.4127364,2017-03-29,Ratchaburi Rice Seed Center2,545.9999,223.24437
6.6133842,5.417248,2017-03-30,Ratchaburi Rice Seed Center2,744.0,224.2583
6.481577,5.4123807,2017-03-31,Ratchaburi Rice Seed Center2,651.9999,223.16463
6.375025,5.3988647,2017-04-01,Ratchaburi Rice Seed Center2,586.0,220.15521
6.4676986,5.396475,2017-04-02,Ratchaburi Rice Seed Center2,642.9999,219.62729
6.498282,5.3892045,2017-04-03,Ratchaburi Rice Seed Center2,662.9999,218.02908
6.350886,5.388888,2017-04-04,Ratchaburi Rice Seed Center2,572.00006,217.95975
6.475433,5.3829727,2017-04-05,Ratchaburi Rice Seed Center2,648.0001,216.66838
6.001415,5.384451,2017-04-06,Ratchaburi Rice Seed Center2,402.99997,216.99037
5.7745514,5.3794193,2017-04-07,Ratchaburi Rice Seed Center2,320.99994,215.8963
5.6629605,5.3690605,2017-04-08,Ratchaburi Rice Seed Center2,287.0,213.6611
5.351858,5.3647013,2017-04-09,Ratchaburi Rice Seed Center2,210.0,212.72739
5.164786,5.358163,2017-04-10,Ratchaburi Rice Seed Center2,173.99998,211.3345
5.241747,5.349486,2017-04-11,Ratchaburi Rice Seed Center2,187.99997,209.50005
4.828314,5.334749,2017-04-13,Ratchaburi Rice Seed Center2,124.00001,206.42073
4.89784,5.325385,2017-04-14,Ratchaburi Rice Seed Center2,133.00003,204.48747
4.644391,5.3208485,2017-04-16,Ratchaburi Rice Seed Center2,103.000015,203.55737
4.6728287,5.3088427,2017-04-17,Ratchaburi Rice Seed Center2,105.999985,201.11618
5.7745514,5.297376,2017-04-20,Ratchaburi Rice Seed Center2,320.99994,198.81184
4.7957907,5.2919025,2017-04-21,Ratchaburi Rice Seed Center2,120.000015,197.72115
4.8751974,5.2671556,2017-04-24,Ratchaburi Rice Seed Center2,130.00002,192.86377
4.634729,5.255858,2017-04-27,Ratchaburi Rice Seed Center2,101.99999,190.68587
4.634729,5.1551113,2017-06-06,Ratchaburi Rice Seed Center2,101.99999,172.3151
4.6728287,5.1430607,2017-06-14,Ratchaburi Rice Seed Center2,105.999985,170.23907
4.7791233,5.1503158,2017-06-15,Ratchaburi Rice Seed Center2,117.99998,171.48595
4.8441873,5.1462975,2017-06-16,Ratchaburi Rice Seed Center2,126.00002,170.79424
4.744932,5.1425214,2017-06-19,Ratchaburi Rice Seed Center2,114.00001,170.14676
4.919981,5.145233,2017-06-20,Ratchaburi Rice Seed Center2,136.00002,170.6115
4.65396,5.1277056,2017-07-01,Ratchaburi Rice Seed Center2,103.999985,167.62976
4.6634393,5.118707,2017-07-03,Ratchaburi Rice Seed Center2,105.000015,166.11917
4.75359,5.1286354,2017-07-05,Ratchaburi Rice Seed Center2,114.99999,167.78664
4.6728287,5.1249075,2017-07-06,Ratchaburi Rice Seed Center2,105.999985,167.15858
4.8598123,5.1282434,2017-07-07,Ratchaburi Rice Seed Center2,127.999985,167.72049
4.644391,5.154962,2017-07-09,Ratchaburi Rice Seed Center2,103.000015,172.28923
4.75359,5.217865,2017-07-10,Ratchaburi Rice Seed Center2,114.99999,183.53976
5.09375,5.2214937,2017-07-13,Ratchaburi Rice Seed Center2,161.99997,184.21063
4.919981,5.2278447,2017-07-14,Ratchaburi Rice Seed Center2,136.00002,185.39066
5.043425,5.2391863,2017-07-15,Ratchaburi Rice Seed Center2,154.0,187.51663
4.8520303,5.236314,2017-07-16,Ratchaburi Rice Seed Center2,127.0,186.9759
5.0875964,5.2297482,2017-07-17,Ratchaburi Rice Seed Center2,161.00002,185.74579
5.6240177,5.248715,2017-07-18,Ratchaburi Rice Seed Center2,276.00006,189.32153
5.043425,5.2411866,2017-07-19,Ratchaburi Rice Seed Center2,154.0,187.89412
5.236442,5.2238326,2017-07-20,Ratchaburi Rice Seed Center2,187.00003,184.64432
5.332719,5.214317,2017-07-21,Ratchaburi Rice Seed Center2,206.00002,182.88615
5.241747,5.217885,2017-07-22,Ratchaburi Rice Seed Center2,187.99997,183.54346
4.9272537,5.2096853,2017-07-23,Ratchaburi Rice Seed Center2,137.0,182.03645
4.804021,5.2167463,2017-07-24,Ratchaburi Rice Seed Center2,120.99998,183.33345
4.6728287,5.2469935,2017-07-25,Ratchaburi Rice Seed Center2,105.999985,188.9942
4.7361984,5.2729774,2017-07-27,Ratchaburi Rice Seed Center2,113.0,193.99567
4.9904327,5.2807174,2017-07-28,Ratchaburi Rice Seed Center2,146.00003,195.5108
5.521461,5.3088565,2017-07-30,Ratchaburi Rice Seed Center2,249.00003,201.11897
5.7838254,5.3132257,2017-07-31,Ratchaburi Rice Seed Center2,324.00006,202.00401
6.182085,5.3147397,2017-08-01,Ratchaburi Rice Seed Center2,483.00006,202.31158
6.228511,5.3092995,2017-08-02,Ratchaburi Rice Seed Center2,505.99994,201.20853
4.6728287,5.3068686,2017-08-03,Ratchaburi Rice Seed Center2,105.999985,200.71758
4.744932,5.3210163,2017-08-04,Ratchaburi Rice Seed Center2,114.00001,203.5917
4.6821313,5.3113375,2017-08-06,Ratchaburi Rice Seed Center2,107.00001,201.62105
4.9904327,5.394392,2017-08-09,Ratchaburi Rice Seed Center2,146.00003,219.16824
5.030438,5.4155955,2017-08-10,Ratchaburi Rice Seed Center2,152.0,223.88643
4.89784,5.434695,2017-08-11,Ratchaburi Rice Seed Center2,133.00003,228.22287
5.241747,5.4314294,2017-08-12,Ratchaburi Rice Seed Center2,187.99997,227.47559
5.123964,5.446935,2017-08-13,Ratchaburi Rice Seed Center2,166.99997,231.0459
5.4553213,5.4632044,2017-08-14,Ratchaburi Rice Seed Center2,233.00005,234.85197
5.488938,5.4706674,2017-08-15,Ratchaburi Rice Seed Center2,241.00003,236.61871
5.3565865,5.4819846,2017-08-16,Ratchaburi Rice Seed Center2,211.00003,239.32318
5.220356,5.4814315,2017-08-17,Ratchaburi Rice Seed Center2,184.00003,239.19029
4.94876,5.4930587,2017-08-18,Ratchaburi Rice Seed Center2,140.00002,241.99933
5.049856,5.520589,2017-08-19,Ratchaburi Rice Seed Center2,155.00003,248.78209
5.09375,5.55992,2017-08-20,Ratchaburi Rice Seed Center2,161.99997,258.802
4.7957907,5.5905657,2017-08-21,Ratchaburi Rice Seed Center2,120.000015,266.88712
4.919981,5.5777707,2017-08-22,Ratchaburi Rice Seed Center2,136.00002,263.48135
4.744932,5.600553,2017-08-24,Ratchaburi Rice Seed Center2,114.00001,269.576
4.6728287,5.6148033,2017-08-25,Ratchaburi Rice Seed Center2,105.999985,273.45938
4.727388,5.629825,2017-08-27,Ratchaburi Rice Seed Center2,112.00001,277.6134
4.624973,5.6261673,2017-08-28,Ratchaburi Rice Seed Center2,101.0,276.59613
4.8121843,5.6502056,2017-09-01,Ratchaburi Rice Seed Center2,122.0,283.3499
4.7095304,5.637504,2017-09-04,Ratchaburi Rice Seed Center2,110.000015,279.76108
4.882802,5.6222367,2017-09-05,Ratchaburi Rice Seed Center2,131.00002,275.50717
4.962845,5.609273,2017-09-06,Ratchaburi Rice Seed Center2,142.00003,271.9457
4.644391,5.609853,2017-09-08,Ratchaburi Rice Seed Center2,103.000015,272.10403
4.9272537,5.6282315,2017-09-09,Ratchaburi Rice Seed Center2,137.0,277.16974
4.828314,5.616114,2017-09-10,Ratchaburi Rice Seed Center2,124.00001,273.8194
4.7791233,5.6079597,2017-09-11,Ratchaburi Rice Seed Center2,117.99998,271.58752
4.955827,5.5869217,2017-09-12,Ratchaburi Rice Seed Center2,141.00003,265.91272
4.6728287,5.5262737,2017-09-16,Ratchaburi Rice Seed Center2,105.999985,250.2061
4.7361984,5.4985213,2017-09-17,Ratchaburi Rice Seed Center2,113.0,243.33038
4.624973,5.4836483,2017-09-25,Ratchaburi Rice Seed Center2,101.0,239.72334
4.7361984,5.4434085,2017-10-04,Ratchaburi Rice Seed Center2,113.0,230.22899
4.6634393,5.4589005,2017-10-05,Ratchaburi Rice Seed Center2,105.000015,233.83907
4.634729,5.3370957,2017-10-08,Ratchaburi Rice Seed Center2,101.99999,206.90802
4.7361984,5.3220735,2017-10-10,Ratchaburi Rice Seed Center2,113.0,203.8081
4.828314,5.3112307,2017-10-11,Ratchaburi Rice Seed Center2,124.00001,201.59941
4.919981,5.2941914,2017-10-12,Ratchaburi Rice Seed Center2,136.00002,198.1765
5.0039463,5.294461,2017-10-13,Ratchaburi Rice Seed Center2,148.0,198.23016
4.762174,5.2956953,2017-10-17,Ratchaburi Rice Seed Center2,116.00002,198.47627
4.828314,5.2941647,2017-10-18,Ratchaburi Rice Seed Center2,124.00001,198.17117
4.89784,5.2973256,2017-10-19,Ratchaburi Rice Seed Center2,133.00003,198.80174
4.6821313,5.3004627,2017-10-22,Ratchaburi Rice Seed Center2,107.00001,199.42953
4.6728287,5.3034883,2017-10-24,Ratchaburi Rice Seed Center2,105.999985,200.03687
4.962845,5.299124,2017-10-25,Ratchaburi Rice Seed Center2,142.00003,199.16135
4.9904327,5.2955637,2017-10-26,Ratchaburi Rice Seed Center2,146.00003,198.45003
5.030438,5.2687445,2017-10-27,Ratchaburi Rice Seed Center2,152.0,193.17203
4.89784,5.274899,2017-10-28,Ratchaburi Rice Seed Center2,133.00003,194.37074
4.6634393,5.294214,2017-10-30,Ratchaburi Rice Seed Center2,105.000015,198.18097
4.8202815,5.2928257,2017-10-31,Ratchaburi Rice Seed Center2,122.99999,197.90468
4.89784,5.2969265,2017-11-01,Ratchaburi Rice Seed Center2,133.00003,198.72202
4.962845,5.292523,2017-11-02,Ratchaburi Rice Seed Center2,142.00003,197.84445
4.828314,5.2946005,2017-11-03,Ratchaburi Rice Seed Center2,124.00001,198.258
4.691348,5.30579,2017-11-04,Ratchaburi Rice Seed Center2,108.00002,200.50012
4.75359,5.315076,2017-11-05,Ratchaburi Rice Seed Center2,114.99999,202.37994
4.9416423,5.3168883,2017-11-06,Ratchaburi Rice Seed Center2,138.99998,202.7489
4.955827,5.3265195,2017-11-07,Ratchaburi Rice Seed Center2,141.00003,204.72072
5.043425,5.3158274,2017-11-08,Ratchaburi Rice Seed Center2,154.0,202.53284
5.159055,5.325421,2017-11-09,Ratchaburi Rice Seed Center2,172.99998,204.49483
4.905275,5.326544,2017-11-10,Ratchaburi Rice Seed Center2,134.00002,204.72571
4.8202815,5.326927,2017-11-11,Ratchaburi Rice Seed Center2,122.99999,204.8046
5.117994,5.3253884,2017-11-12,Ratchaburi Rice Seed Center2,166.0,204.48816
4.828314,5.3372993,2017-11-13,Ratchaburi Rice Seed Center2,124.00001,206.95035
5.075174,5.3434863,2017-11-14,Ratchaburi Rice Seed Center2,159.0,208.24092
4.7004805,5.3451734,2017-11-15,Ratchaburi Rice Seed Center2,109.000015,208.59421
4.9904327,5.345586,2017-11-16,Ratchaburi Rice Seed Center2,146.00003,208.68068
5.049856,5.3312488,2017-11-17,Ratchaburi Rice Seed Center2,155.00003,205.69592
4.8202815,5.3282747,2017-11-18,Ratchaburi Rice Seed Center2,122.99999,205.08212
4.934474,5.3282223,2017-11-19,Ratchaburi Rice Seed Center2,138.0,205.07132
5.0039463,5.312246,2017-11-20,Ratchaburi Rice Seed Center2,148.0,201.80519
5.0998664,5.322253,2017-11-21,Ratchaburi Rice Seed Center2,163.0,203.84492
5.236442,5.322916,2017-11-22,Ratchaburi Rice Seed Center2,187.00003,203.98074
5.273,5.316308,2017-11-23,Ratchaburi Rice Seed Center2,194.00003,202.63069
5.3565865,5.3136373,2017-11-24,Ratchaburi Rice Seed Center2,211.00003,202.08757
5.587249,5.3187327,2017-11-25,Ratchaburi Rice Seed Center2,266.00003,203.12503
5.164786,5.3287086,2017-11-26,Ratchaburi Rice Seed Center2,173.99998,205.17157
5.605802,5.3327994,2017-11-27,Ratchaburi Rice Seed Center2,271.0,206.0167
5.3471074,5.3330793,2017-11-28,Ratchaburi Rice Seed Center2,208.99997,206.07465
5.9053617,5.335613,2017-11-29,Ratchaburi Rice Seed Center2,365.99994,206.59991
5.771441,5.3300967,2017-11-30,Ratchaburi Rice Seed Center2,319.99994,205.45795
6.0473723,5.334177,2017-12-01,Ratchaburi Rice Seed Center2,422.00006,206.30206
6.2766433,5.332419,2017-12-02,Ratchaburi Rice Seed Center2,530.9999,205.93793
5.926926,5.3423915,2017-12-03,Ratchaburi Rice Seed Center2,374.00006,208.01196
6.188264,5.3470664,2017-12-04,Ratchaburi Rice Seed Center2,485.99988,208.99136
6.3885612,5.3549843,2017-12-05,Ratchaburi Rice Seed Center2,593.9999,210.66064
5.918894,5.356742,2017-12-06,Ratchaburi Rice Seed Center2,371.0,211.03299
5.6629605,5.3524747,2017-12-07,Ratchaburi Rice Seed Center2,287.0,210.13013
5.9107966,5.353711,2017-12-08,Ratchaburi Rice Seed Center2,368.0,210.39134
6.0210233,5.346786,2017-12-09,Ratchaburi Rice Seed Center2,410.99997,208.9325
5.926926,5.342228,2017-12-10,Ratchaburi Rice Seed Center2,374.00006,207.97778
5.9738097,5.340691,2017-12-11,Ratchaburi Rice Seed Center2,392.00006,207.65686
6.212606,5.339117,2017-12-12,Ratchaburi Rice Seed Center2,497.99994,207.32869
5.9375362,5.3395834,2017-12-13,Ratchaburi Rice Seed Center2,378.0,207.42586
5.8493247,5.333837,2017-12-14,Ratchaburi Rice Seed Center2,345.99997,206.2316
6.0473723,5.342736,2017-12-15,Ratchaburi Rice Seed Center2,422.00006,208.08394
5.6347895,5.3375683,2017-12-16,Ratchaburi Rice Seed Center2,278.99997,207.00629
5.9584246,5.333522,2017-12-17,Ratchaburi Rice Seed Center2,385.99994,206.16629
6.1180973,5.3399715,2017-12-18,Ratchaburi Rice Seed Center2,453.00006,207.50677
6.070738,5.338514,2017-12-19,Ratchaburi Rice Seed Center2,432.00006,207.20306
5.7620516,5.347261,2017-12-20,Ratchaburi Rice Seed Center2,317.00006,209.03223
5.8998976,5.3514442,2017-12-21,Ratchaburi Rice Seed Center2,364.00006,209.91269
5.6240177,5.3489175,2017-12-22,Ratchaburi Rice Seed Center2,276.00006,209.38043
5.8435445,5.3485346,2017-12-23,Ratchaburi Rice Seed Center2,344.00003,209.2999
5.5053315,5.3377542,2017-12-24,Ratchaburi Rice Seed Center2,245.0,207.04497
5.7589016,5.3409853,2017-12-25,Ratchaburi Rice Seed Center2,315.99994,207.71826
5.805135,5.34707,2017-12-26,Ratchaburi Rice Seed Center2,330.99994,208.99216
5.5683446,5.3458323,2017-12-27,Ratchaburi Rice Seed Center2,261.00003,208.73239
5.236442,5.3581195,2017-12-28,Ratchaburi Rice Seed Center2,187.00003,211.32529
5.488938,5.3576293,2017-12-29,Ratchaburi Rice Seed Center2,241.00003,211.22124
5.46806,5.376012,2017-12-30,Ratchaburi Rice Seed Center2,235.99997,215.15848
5.620401,5.387196,2017-12-31,Ratchaburi Rice Seed Center2,275.0,217.58961
5.214936,5.3214073,2017-10-27,Ratchaburi Rice research Center,183.0,203.67172
5.2040067,5.3287897,2017-10-28,Ratchaburi Rice research Center,181.0,205.18828
4.962845,5.343931,2017-11-28,Ratchaburi Rice research Center,142.00003,208.33403
5.3565865,5.3388653,2017-11-30,Ratchaburi Rice research Center,211.00003,207.27625
4.75359,5.338755,2017-12-01,Ratchaburi Rice research Center,114.99999,207.2533
4.7791233,5.3409185,2017-12-02,Ratchaburi Rice research Center,117.99998,207.70433
5.2311087,5.347363,2017-12-03,Ratchaburi Rice research Center,186.0,209.05365
4.8202815,5.3563905,2017-12-05,Ratchaburi Rice research Center,122.99999,210.9585
4.983607,5.6483455,2015-05-04,Sakon Nakhon Rice research Center,145.00003,282.82147
5.0689044,5.646459,2015-05-05,Sakon Nakhon Rice research Center,158.00003,282.2866
5.389072,5.627103,2015-05-06,Sakon Nakhon Rice research Center,218.00005,276.85596
5.398163,5.5987167,2015-05-07,Sakon Nakhon Rice research Center,220.00003,269.0796
5.056246,5.6172976,2015-05-10,Sakon Nakhon Rice research Center,156.0,274.14484
5.2257466,5.604985,2015-05-11,Sakon Nakhon Rice research Center,185.0,270.77792
4.7706847,5.5977917,2015-05-12,Sakon Nakhon Rice research Center,117.000015,268.82986
4.6728287,5.6290493,2015-05-15,Sakon Nakhon Rice research Center,105.999985,277.3973
4.962845,5.627549,2016-04-26,Sakon Nakhon Rice research Center,142.00003,276.98
4.691348,5.6086493,2016-04-27,Sakon Nakhon Rice research Center,108.00002,271.77554
4.75359,5.597914,2016-04-29,Sakon Nakhon Rice research Center,114.99999,268.86295
4.7361984,5.581468,2016-05-05,Sakon Nakhon Rice research Center,113.0,264.46106
5.638355,6.195307,2015-08-28,Ubon Ratchathani Rice research Center,280.00003,489.4419
4.65396,6.2003164,2015-08-29,Ubon Ratchathani Rice research Center,103.999985,491.905
4.634729,6.170817,2015-09-01,Ubon Ratchathani Rice research Center,101.99999,477.5769
