y_true,y_pred,date,station_id,y_true_raw,y_pred_raw
4.8751974,5.3399844,2016-09-01,Chachoengsao Rice research Center,130.00002,207.50946
4.836282,5.34205,2016-09-02,Chachoengsao Rice research Center,124.999985,207.94061
4.7095304,5.3480363,2016-09-03,Chachoengsao Rice research Center,110.000015,209.19513
4.8675346,5.353933,2016-09-04,Chachoengsao Rice research Center,129.00003,210.43822
5.351858,5.350837,2016-09-05,Chachoengsao Rice research Center,210.0,209.7847
6.410175,5.353176,2016-09-06,Chachoengsao Rice research Center,607.0,210.27827
7.3192024,5.357812,2016-09-07,Chachoengsao Rice research Center,1508.0,211.26
8.349957,5.358087,2016-09-08,Chachoengsao Rice research Center,4229.001,211.3184
8.18535,5.3648615,2016-09-09,Chachoengsao Rice research Center,3587.0007,212.76163
8.664406,5.359274,2016-09-10,Chachoengsao Rice research Center,5792.0015,211.57054
8.349721,5.35596,2016-09-11,Chachoengsao Rice research Center,4228.0005,210.86725
7.6586995,5.355378,2016-09-12,Chachoengsao Rice research Center,2118.0,210.74403
7.4277387,5.3555813,2016-09-13,Chachoengsao Rice research Center,1680.9998,210.78705
7.098376,5.36253,2016-09-14,Chachoengsao Rice research Center,1209.0002,212.26387
7.536897,5.3623185,2016-09-15,Chachoengsao Rice research Center,1875.0001,212.21872
7.167809,5.364389,2016-09-16,Chachoengsao Rice research Center,1295.9998,212.66064
7.393263,5.361448,2016-09-17,Chachoengsao Rice research Center,1623.9996,212.03316
7.552762,5.363121,2016-09-18,Chachoengsao Rice research Center,1904.9999,212.38991
7.0842266,5.366668,2016-09-19,Chachoengsao Rice research Center,1192.0002,213.1482
7.023759,5.3776946,2016-09-20,Chachoengsao Rice research Center,1121.9999,215.52252
6.9353704,5.3704367,2016-09-21,Chachoengsao Rice research Center,1027.0,213.95671
6.5736804,5.367437,2016-09-22,Chachoengsao Rice research Center,715.0002,213.31285
8.521584,5.372079,2016-09-23,Chachoengsao Rice research Center,5021.0,214.31001
7.5358305,5.3675866,2016-09-24,Chachoengsao Rice research Center,1873.0,213.34494
8.159946,5.3753147,2016-09-25,Chachoengsao Rice research Center,3496.9993,215.00784
7.3957214,5.3767037,2016-09-26,Chachoengsao Rice research Center,1627.9998,215.30809
7.1876574,5.3815475,2016-09-27,Chachoengsao Rice research Center,1322.0002,216.35837
7.002156,5.389198,2016-09-28,Chachoengsao Rice research Center,1097.9998,218.02762
7.0121155,5.3826485,2016-09-29,Chachoengsao Rice research Center,1109.0002,216.59781
6.944087,5.3932896,2016-09-30,Chachoengsao Rice research Center,1035.9998,218.92566
7.4656553,5.393736,2016-10-01,Chachoengsao Rice research Center,1746.0,219.02383
7.362645,5.3922668,2016-10-02,Chachoengsao Rice research Center,1574.9998,218.70084
6.0473723,5.396989,2016-10-03,Chachoengsao Rice research Center,422.00006,219.74074
6.3868794,5.397182,2016-10-04,Chachoengsao Rice research Center,593.00006,219.78337
6.3189683,5.399246,2016-10-05,Chachoengsao Rice research Center,554.0001,220.2396
6.4504704,5.391937,2016-10-06,Chachoengsao Rice research Center,632.0,218.62834
7.0842266,5.391116,2016-10-07,Chachoengsao Rice research Center,1192.0002,218.44818
7.865188,5.393885,2016-10-08,Chachoengsao Rice research Center,2604.0005,219.05667
7.8636513,5.400374,2016-10-09,Chachoengsao Rice research Center,2600.0,220.48923
7.5933743,5.411759,2016-10-10,Chachoengsao Rice research Center,1984.0001,223.02528
7.369601,5.4113617,2016-10-11,Chachoengsao Rice research Center,1586.0001,222.93631
6.505784,5.4125414,2016-10-12,Chachoengsao Rice research Center,668.0,223.20065
5.241747,5.417979,2016-10-13,Chachoengsao Rice research Center,187.99997,224.42303
6.60123,5.416193,2016-10-14,Chachoengsao Rice research Center,735.0,224.02084
5.030438,5.4248385,2016-10-15,Chachoengsao Rice research Center,152.0,225.9747
4.955827,5.418437,2016-10-16,Chachoengsao Rice research Center,141.00003,224.52635
5.09375,5.420261,2016-10-17,Chachoengsao Rice research Center,161.99997,224.93806
4.644391,5.4243774,2016-10-18,Chachoengsao Rice research Center,103.000015,225.87006
4.727388,5.423539,2016-10-19,Chachoengsao Rice research Center,112.00001,225.67996
5.241747,5.426475,2016-10-20,Chachoengsao Rice research Center,187.99997,226.34645
5.081404,5.4257655,2016-10-21,Chachoengsao Rice research Center,159.99997,226.1852
4.7791233,5.426061,2016-11-03,Chachoengsao Rice research Center,117.99998,226.25237
5.6869755,5.4594517,2017-02-16,Chachoengsao Rice research Center,294.00003,233.96855
4.8598123,5.4553576,2017-02-17,Chachoengsao Rice research Center,127.999985,233.00853
5.4930615,5.4645486,2017-02-18,Chachoengsao Rice research Center,242.00003,235.16922
6.1312265,5.456632,2017-02-19,Chachoengsao Rice research Center,459.00003,233.30698
6.44254,5.4557495,2017-02-20,Chachoengsao Rice research Center,627.0,233.10027
6.814543,5.4540567,2017-02-21,Chachoengsao Rice research Center,909.9999,232.70432
7.293698,5.4459977,2017-02-22,Chachoengsao Rice research Center,1470.0002,230.82846
6.82546,5.453485,2017-02-23,Chachoengsao Rice research Center,919.99994,232.57074
6.063785,5.4477677,2017-02-24,Chachoengsao Rice research Center,428.99994,231.23917
4.787492,5.452515,2017-02-25,Chachoengsao Rice research Center,119.00001,232.34431
5.7899604,5.454519,2017-02-26,Chachoengsao Rice research Center,326.00006,232.81233
6.1398845,5.4529247,2017-02-27,Chachoengsao Rice research Center,462.99997,232.43991
5.811141,5.461385,2017-02-28,Chachoengsao Rice research Center,333.0,234.4232
5.433722,5.4643273,2017-03-01,Chachoengsao Rice research Center,228.0,235.11697
5.327876,5.35016,2017-08-18,Chachoengsao Rice research Center,204.99998,209.64203
7.6515956,5.347412,2017-08-19,Chachoengsao Rice research Center,2103.0,209.06396
7.3158836,5.3452497,2017-08-21,Chachoengsao Rice research Center,1503.0002,208.6102
5.0238805,5.3393283,2017-08-22,Chachoengsao Rice research Center,151.0,207.3727
4.644391,5.3419557,2017-08-23,Chachoengsao Rice research Center,103.000015,207.9209
4.65396,5.3456087,2017-08-24,Chachoengsao Rice research Center,103.999985,208.68549
4.804021,5.34417,2017-08-25,Chachoengsao Rice research Center,120.99998,208.38405
4.905275,5.349314,2017-08-27,Chachoengsao Rice research Center,134.00002,209.46391
4.905275,5.347445,2017-08-28,Chachoengsao Rice research Center,134.00002,209.07089
4.89784,5.3457565,2017-08-29,Chachoengsao Rice research Center,133.00003,208.71648
7.3594675,5.341475,2017-08-31,Chachoengsao Rice research Center,1569.9998,207.8205
5.9295893,5.3380814,2017-09-01,Chachoengsao Rice research Center,375.00006,207.11304
6.2363696,5.341351,2017-09-02,Chachoengsao Rice research Center,510.0,207.79462
6.4800444,5.341862,2017-09-03,Chachoengsao Rice research Center,650.9999,207.90137
5.733341,5.3581734,2017-09-08,Chachoengsao Rice research Center,307.99997,211.33673
4.7791233,5.364064,2017-09-09,Chachoengsao Rice research Center,117.99998,212.59126
5.484797,5.42696,2017-10-25,Chachoengsao Rice research Center,240.00002,226.45673
6.424869,5.4203277,2017-10-26,Chachoengsao Rice research Center,616.0,224.95316
6.584791,5.4219937,2017-10-27,Chachoengsao Rice research Center,722.9999,225.32991
4.7957907,5.4338465,2017-10-29,Chachoengsao Rice research Center,120.000015,228.0285
8.418698,5.437497,2017-10-30,Chachoengsao Rice research Center,4530.0015,228.86613
8.048469,5.444549,2017-10-31,Chachoengsao Rice research Center,3127.9995,230.49287
8.038189,5.44276,2017-11-01,Chachoengsao Rice research Center,3095.9993,230.07909
5.620401,5.4442635,2017-11-02,Chachoengsao Rice research Center,275.0,230.42676
6.0063534,5.4434304,2017-11-03,Chachoengsao Rice research Center,405.0001,230.23405
8.458292,5.4388113,2017-11-04,Chachoengsao Rice research Center,4712.9995,229.16843
5.6801724,5.441744,2017-11-05,Chachoengsao Rice research Center,291.99994,229.84439
7.9054418,5.4292974,2017-11-06,Chachoengsao Rice research Center,2711.0002,226.98901
6.052089,5.424442,2017-11-07,Chachoengsao Rice research Center,424.0,225.88467
6.2672005,5.446445,2017-11-08,Chachoengsao Rice research Center,525.99994,230.93217
7.191429,5.4497843,2017-11-09,Chachoengsao Rice research Center,1326.9998,231.70796
6.188264,5.453337,2017-11-10,Chachoengsao Rice research Center,485.99988,232.53622
5.590987,5.489909,2017-11-27,Chachoengsao Rice research Center,267.00006,241.2352
5.164786,5.4928393,2017-11-28,Chachoengsao Rice research Center,173.99998,241.94603
8.465057,5.4891844,2017-11-29,Chachoengsao Rice research Center,4744.9995,241.0597
6.548219,5.491962,2017-11-30,Chachoengsao Rice research Center,697.00006,241.73297
5.379897,5.491658,2017-12-01,Chachoengsao Rice research Center,215.99995,241.65926
4.75359,5.482796,2017-12-02,Chachoengsao Rice research Center,114.99999,239.51831
6.395262,5.4837523,2017-12-03,Chachoengsao Rice research Center,598.0001,239.74837
5.897154,5.4809017,2017-12-05,Chachoengsao Rice research Center,363.0,239.06308
5.411646,5.475077,2017-12-07,Chachoengsao Rice research Center,222.99997,237.66888
6.291569,5.4840293,2018-02-11,Chachoengsao Rice research Center,539.00006,239.81506
4.8202815,5.4703994,2018-02-14,Chachoengsao Rice research Center,122.99999,236.55505
4.8121843,5.4695115,2018-03-09,Chachoengsao Rice research Center,122.0,236.34422
4.7706847,5.4679976,2018-03-10,Chachoengsao Rice research Center,117.000015,235.98517
5.7776523,5.456088,2018-03-12,Chachoengsao Rice research Center,322.0,233.17953
5.220356,5.3435473,2018-06-22,Chachoengsao Rice research Center,184.00003,208.2537
4.7004805,5.345899,2018-06-23,Chachoengsao Rice research Center,109.000015,208.74638
4.882802,5.343307,2018-06-24,Chachoengsao Rice research Center,131.00002,208.2034
5.0172796,5.3246684,2015-08-01,Chai Nat Rice Seed Center 1,149.99997,204.34026
5.370638,5.3281107,2015-08-02,Chai Nat Rice Seed Center 1,213.99997,205.04831
4.75359,5.3212314,2015-08-03,Chai Nat Rice Seed Center 1,114.99999,203.63571
5.370638,5.327185,2015-08-04,Chai Nat Rice Seed Center 1,213.99997,204.8577
4.727388,5.3346167,2015-08-05,Chai Nat Rice Seed Center 1,112.00001,206.39323
5.652489,5.3427277,2015-08-08,Chai Nat Rice Seed Center 1,284.0,208.08224
5.872118,5.3533063,2015-08-09,Chai Nat Rice Seed Center 1,354.00006,210.30579
6.295266,5.356133,2015-08-10,Chai Nat Rice Seed Center 1,541.00006,210.90393
4.962845,5.353852,2015-08-11,Chai Nat Rice Seed Center 1,142.00003,210.42108
5.902633,5.3491025,2015-08-12,Chai Nat Rice Seed Center 1,364.99994,209.41936
5.874931,5.349268,2015-08-13,Chai Nat Rice Seed Center 1,355.00006,209.45418
6.0450053,5.3449864,2015-08-14,Chai Nat Rice Seed Center 1,421.0,208.55504
6.2576675,5.3514585,2015-08-15,Chai Nat Rice Seed Center 1,521.0,209.91571
5.3752785,5.3503637,2015-08-16,Chai Nat Rice Seed Center 1,215.00002,209.68492
6.0210233,5.3517895,2015-08-17,Chai Nat Rice Seed Center 1,410.99997,209.9855
5.3565865,5.3510246,2015-08-18,Chai Nat Rice Seed Center 1,211.00003,209.8242
5.786897,5.353862,2015-08-19,Chai Nat Rice Seed Center 1,324.99994,210.4232
5.0689044,5.3542376,2015-08-20,Chai Nat Rice Seed Center 1,158.00003,210.50266
5.5093884,5.355745,2015-08-21,Chai Nat Rice Seed Center 1,246.00003,210.82169
5.7745514,5.3571253,2015-08-22,Chai Nat Rice Seed Center 1,320.99994,211.1143
4.7361984,5.356798,2015-08-23,Chai Nat Rice Seed Center 1,113.0,211.04492
5.3752785,5.3511496,2015-08-24,Chai Nat Rice Seed Center 1,215.00002,209.85054
5.7745514,5.351938,2015-08-25,Chai Nat Rice Seed Center 1,320.99994,210.0168
5.370638,5.340952,2015-08-28,Chai Nat Rice Seed Center 1,213.99997,207.71129
5.7745514,5.3391232,2015-08-29,Chai Nat Rice Seed Center 1,320.99994,207.32999
6.0234475,5.342698,2015-08-30,Chai Nat Rice Seed Center 1,411.99997,208.07605
5.4595857,5.3390727,2015-08-31,Chai Nat Rice Seed Center 1,234.00003,207.31944
5.3565865,5.3412123,2015-09-01,Chai Nat Rice Seed Center 1,211.00003,207.76564
4.744932,5.338709,2015-09-02,Chai Nat Rice Seed Center 1,114.00001,207.24367
4.836282,5.388944,2015-09-29,Chai Nat Rice Seed Center 1,124.999985,217.97206
5.1416636,5.419274,2015-10-16,Chai Nat Rice Seed Center 1,170.0,224.71516
5.3752785,5.4202943,2015-10-22,Chai Nat Rice Seed Center 1,215.00002,224.9456
4.7095304,5.4204392,2015-10-23,Chai Nat Rice Seed Center 1,110.000015,224.97836
5.365976,5.4151196,2015-10-24,Chai Nat Rice Seed Center 1,212.99997,223.77943
5.42495,5.414888,2015-10-25,Chai Nat Rice Seed Center 1,226.00003,223.72736
5.1416636,5.4102235,2015-10-27,Chai Nat Rice Seed Center 1,170.0,222.68158
4.9767337,5.4153047,2015-11-01,Chai Nat Rice Seed Center 1,144.0,223.82103
4.836282,5.4119873,2015-11-02,Chai Nat Rice Seed Center 1,124.999985,223.07645
5.3565865,5.4151797,2015-11-04,Chai Nat Rice Seed Center 1,211.00003,223.79294
5.370638,5.4163594,2015-11-05,Chai Nat Rice Seed Center 1,213.99997,224.05829
4.983607,5.4208922,2015-11-06,Chai Nat Rice Seed Center 1,145.00003,225.08075
5.4510384,5.4149227,2015-11-07,Chai Nat Rice Seed Center 1,231.99998,223.73517
4.983607,5.413815,2015-11-08,Chai Nat Rice Seed Center 1,145.00003,223.48637
5.549076,5.419415,2015-11-09,Chai Nat Rice Seed Center 1,256.0,224.74702
5.370638,5.4221797,2015-11-10,Chai Nat Rice Seed Center 1,213.99997,225.37201
4.828314,5.4253764,2015-11-11,Chai Nat Rice Seed Center 1,124.00001,226.09682
5.4467373,5.425016,2015-11-12,Chai Nat Rice Seed Center 1,230.99998,226.01495
5.5373344,5.4268537,2015-11-13,Chai Nat Rice Seed Center 1,253.00005,226.43254
4.836282,5.426931,2015-11-14,Chai Nat Rice Seed Center 1,124.999985,226.4501
5.7745514,5.43273,2015-11-15,Chai Nat Rice Seed Center 1,320.99994,227.773
4.9767337,5.437605,2015-11-16,Chai Nat Rice Seed Center 1,144.0,228.89091
5.043425,5.444179,2015-11-17,Chai Nat Rice Seed Center 1,154.0,230.40723
4.919981,5.446077,2015-11-18,Chai Nat Rice Seed Center 1,136.00002,230.84682
4.7957907,5.4469023,2015-11-19,Chai Nat Rice Seed Center 1,120.000015,231.03827
4.836282,5.452962,2015-11-20,Chai Nat Rice Seed Center 1,124.999985,232.4486
5.370638,5.451997,2015-11-21,Chai Nat Rice Seed Center 1,213.99997,232.2234
4.890349,5.4532537,2015-11-24,Chai Nat Rice Seed Center 1,131.99997,232.51674
4.962845,5.4535418,2015-11-25,Chai Nat Rice Seed Center 1,142.00003,232.584
5.056246,5.457662,2015-11-26,Chai Nat Rice Seed Center 1,156.0,233.54843
4.983607,5.45931,2015-11-27,Chai Nat Rice Seed Center 1,145.00003,233.93527
5.4467373,5.455806,2015-11-28,Chai Nat Rice Seed Center 1,230.99998,233.11343
5.370638,5.451404,2015-11-29,Chai Nat Rice Seed Center 1,213.99997,232.0852
5.3565865,5.451161,2015-11-30,Chai Nat Rice Seed Center 1,211.00003,232.02853
5.1416636,5.446734,2015-12-02,Chai Nat Rice Seed Center 1,170.0,230.9992
4.8202815,5.436812,2015-12-04,Chai Nat Rice Seed Center 1,122.99999,228.70868
5.0039463,5.4394293,2015-12-05,Chai Nat Rice Seed Center 1,148.0,229.3107
4.7095304,5.439271,2015-12-08,Chai Nat Rice Seed Center 1,110.000015,229.27425
4.75359,5.4432554,2015-12-09,Chai Nat Rice Seed Center 1,114.99999,230.19359
5.1416636,5.46246,2015-12-12,Chai Nat Rice Seed Center 1,170.0,234.67648
4.836282,5.46121,2015-12-13,Chai Nat Rice Seed Center 1,124.999985,234.38202
4.9767337,5.4604254,2015-12-14,Chai Nat Rice Seed Center 1,144.0,234.19745
4.912655,5.461543,2015-12-15,Chai Nat Rice Seed Center 1,135.0,234.46048
5.365976,5.4610934,2015-12-16,Chai Nat Rice Seed Center 1,212.99997,234.35463
4.8121843,5.4637017,2015-12-17,Chai Nat Rice Seed Center 1,122.0,234.9693
5.7899604,5.4595795,2015-12-18,Chai Nat Rice Seed Center 1,326.00006,233.99858
5.5373344,5.4603353,2015-12-19,Chai Nat Rice Seed Center 1,253.00005,234.17625
4.9972124,5.4676085,2015-12-20,Chai Nat Rice Seed Center 1,147.00002,235.89297
5.3565865,5.465308,2015-12-21,Chai Nat Rice Seed Center 1,211.00003,235.34868
4.983607,5.465945,2015-12-22,Chai Nat Rice Seed Center 1,145.00003,235.49919
4.890349,5.4630733,2015-12-23,Chai Nat Rice Seed Center 1,131.99997,234.82104
5.365976,5.45234,2015-12-24,Chai Nat Rice Seed Center 1,212.99997,232.30348
4.836282,5.454883,2015-12-25,Chai Nat Rice Seed Center 1,124.999985,232.89752
5.4467373,5.450623,2015-12-26,Chai Nat Rice Seed Center 1,230.99998,231.90323
5.4161005,5.4500194,2015-12-27,Chai Nat Rice Seed Center 1,224.00003,231.76266
4.983607,5.4477577,2015-12-28,Chai Nat Rice Seed Center 1,145.00003,231.23685
4.836282,5.44716,2015-12-29,Chai Nat Rice Seed Center 1,124.999985,231.09802
5.480639,5.453665,2015-12-30,Chai Nat Rice Seed Center 1,239.00002,232.61273
4.75359,5.461568,2015-12-31,Chai Nat Rice Seed Center 1,114.99999,234.46632
4.8121843,5.4642363,2016-01-01,Chai Nat Rice Seed Center 1,122.0,235.09547
5.5373344,5.4640427,2016-01-02,Chai Nat Rice Seed Center 1,253.00005,235.04977
4.836282,5.466475,2016-01-03,Chai Nat Rice Seed Center 1,124.999985,235.62462
4.8202815,5.4689484,2016-01-04,Chai Nat Rice Seed Center 1,122.99999,236.2106
5.3752785,5.470748,2016-01-05,Chai Nat Rice Seed Center 1,215.00002,236.63786
4.89784,5.4720483,2016-01-06,Chai Nat Rice Seed Center 1,133.00003,236.94708
4.836282,5.4673805,2016-01-07,Chai Nat Rice Seed Center 1,124.999985,235.83899
5.3752785,5.4582877,2016-01-08,Chai Nat Rice Seed Center 1,215.00002,233.69522
5.398163,5.4615707,2016-01-09,Chai Nat Rice Seed Center 1,220.00003,234.467
4.962845,5.457104,2016-01-10,Chai Nat Rice Seed Center 1,142.00003,233.41762
4.912655,5.454633,2016-01-11,Chai Nat Rice Seed Center 1,135.0,232.8391
5.46806,5.4549866,2016-01-12,Chai Nat Rice Seed Center 1,235.99997,232.92172
5.786897,5.453056,2016-01-13,Chai Nat Rice Seed Center 1,324.99994,232.47054
5.46806,5.44741,2016-01-14,Chai Nat Rice Seed Center 1,235.99997,231.15613
4.836282,5.4580784,2016-01-15,Chai Nat Rice Seed Center 1,124.999985,233.64609
5.549076,5.4586515,2016-01-16,Chai Nat Rice Seed Center 1,256.0,233.78062
5.786897,5.462505,2016-01-17,Chai Nat Rice Seed Center 1,324.99994,234.68704
6.0234475,5.454462,2016-01-18,Chai Nat Rice Seed Center 1,411.99997,232.79907
4.727388,5.4492655,2016-01-19,Chai Nat Rice Seed Center 1,112.00001,231.58727
5.5373344,5.458681,2016-01-20,Chai Nat Rice Seed Center 1,253.00005,233.78757
4.983607,5.4583735,2016-01-21,Chai Nat Rice Seed Center 1,145.00003,233.71536
5.3752785,5.467413,2016-01-22,Chai Nat Rice Seed Center 1,215.00002,235.84666
6.0450053,5.4653087,2016-01-23,Chai Nat Rice Seed Center 1,421.0,235.3488
5.786897,5.4630537,2016-01-24,Chai Nat Rice Seed Center 1,324.99994,234.81644
5.4026775,5.467806,2016-01-25,Chai Nat Rice Seed Center 1,221.00003,235.93974
4.8598123,5.468637,2016-01-26,Chai Nat Rice Seed Center 1,127.999985,236.13675
4.890349,5.4724827,2016-01-27,Chai Nat Rice Seed Center 1,131.99997,237.05046
5.043425,5.470852,2016-01-28,Chai Nat Rice Seed Center 1,154.0,236.66257
4.7095304,5.4693027,2016-01-29,Chai Nat Rice Seed Center 1,110.000015,236.29466
4.75359,5.474082,2016-01-30,Chai Nat Rice Seed Center 1,114.99999,237.43149
4.7957907,5.4447803,2016-02-03,Chai Nat Rice Seed Center 1,120.000015,230.54642
5.888878,5.4576216,2016-02-11,Chai Nat Rice Seed Center 1,359.99997,233.53893
4.8520303,5.444156,2016-02-13,Chai Nat Rice Seed Center 1,127.0,230.40193
4.912655,5.4316254,2016-02-14,Chai Nat Rice Seed Center 1,135.0,227.52037
4.8751974,5.42458,2016-02-15,Chai Nat Rice Seed Center 1,130.00002,225.91605
4.75359,5.4128895,2016-02-17,Chai Nat Rice Seed Center 1,114.99999,223.2787
5.370638,5.417057,2016-02-18,Chai Nat Rice Seed Center 1,213.99997,224.21535
5.525453,5.4203186,2016-02-19,Chai Nat Rice Seed Center 1,250.00003,224.9511
5.620401,5.440274,2016-02-20,Chai Nat Rice Seed Center 1,275.0,229.50528
4.8520303,5.4479237,2016-02-21,Chai Nat Rice Seed Center 1,127.0,231.27539
5.786897,5.45581,2016-02-22,Chai Nat Rice Seed Center 1,324.99994,233.11444
5.293305,5.4531054,2016-02-23,Chai Nat Rice Seed Center 1,198.00002,232.48212
5.1416636,5.4532,2016-02-26,Chai Nat Rice Seed Center 1,170.0,232.50415
5.1416636,5.44482,2016-03-04,Chai Nat Rice Seed Center 1,170.0,230.55557
4.94876,5.415891,2016-03-09,Chai Nat Rice Seed Center 1,140.00002,223.95293
4.836282,5.4305725,2016-03-19,Chai Nat Rice Seed Center 1,124.999985,227.2799
4.7957907,5.426505,2016-03-24,Chai Nat Rice Seed Center 1,120.000015,226.35327
4.7095304,5.4359446,2016-03-26,Chai Nat Rice Seed Center 1,110.000015,228.50954
5.1416636,5.436,2016-03-28,Chai Nat Rice Seed Center 1,170.0,228.52223
5.0172796,5.4317856,2016-04-01,Chai Nat Rice Seed Center 1,149.99997,227.55699
5.7745514,5.424875,2016-04-02,Chai Nat Rice Seed Center 1,320.99994,225.98293
4.7361984,5.416944,2016-04-03,Chai Nat Rice Seed Center 1,113.0,224.1899
5.3752785,5.4162693,2016-04-04,Chai Nat Rice Seed Center 1,215.00002,224.03801
4.727388,5.4145823,2016-04-05,Chai Nat Rice Seed Center 1,112.00001,223.65868
5.370638,5.412669,2016-04-08,Chai Nat Rice Seed Center 1,213.99997,223.2293
5.7745514,5.414761,2016-04-09,Chai Nat Rice Seed Center 1,320.99994,223.69885
6.0234475,5.4126344,2016-04-10,Chai Nat Rice Seed Center 1,411.99997,223.2215
4.962845,5.4048157,2016-04-11,Chai Nat Rice Seed Center 1,142.00003,221.4752
5.902633,5.4088507,2016-04-12,Chai Nat Rice Seed Center 1,364.99994,222.37471
5.3565865,5.4020095,2016-04-13,Chai Nat Rice Seed Center 1,211.00003,220.85178
4.7957907,5.3977847,2016-04-14,Chai Nat Rice Seed Center 1,120.000015,219.91647
4.7361984,5.4049945,2016-04-15,Chai Nat Rice Seed Center 1,113.0,221.515
4.7095304,5.401773,2016-04-17,Chai Nat Rice Seed Center 1,110.000015,220.79932
5.3033047,5.3994255,2016-04-18,Chai Nat Rice Seed Center 1,199.99995,220.27925
5.0689044,5.3902483,2016-04-19,Chai Nat Rice Seed Center 1,158.00003,218.25781
5.1416636,5.3987103,2016-04-20,Chai Nat Rice Seed Center 1,170.0,220.12103
4.634729,5.367425,2016-05-17,Chai Nat Rice Seed Center 1,101.99999,213.3103
4.727388,5.364993,2016-05-18,Chai Nat Rice Seed Center 1,112.00001,212.78976
4.9767337,5.3606257,2016-05-19,Chai Nat Rice Seed Center 1,144.0,211.8581
4.634729,5.3646297,2016-05-20,Chai Nat Rice Seed Center 1,101.99999,212.7121
5.370638,5.363111,2016-05-22,Chai Nat Rice Seed Center 1,213.99997,212.38777
4.890349,5.3688383,2016-05-23,Chai Nat Rice Seed Center 1,131.99997,213.6134
4.7095304,5.3749046,2016-05-25,Chai Nat Rice Seed Center 1,110.000015,214.91928
5.3565865,5.359791,2016-06-01,Chai Nat Rice Seed Center 1,211.00003,211.68045
4.836282,5.3544083,2016-06-04,Chai Nat Rice Seed Center 1,124.999985,210.53876
5.1416636,5.3537493,2016-06-10,Chai Nat Rice Seed Center 1,170.0,210.39941
5.3752785,5.3483605,2016-06-12,Chai Nat Rice Seed Center 1,215.00002,209.2633
4.7095304,5.3465023,2016-06-13,Chai Nat Rice Seed Center 1,110.000015,208.87294
4.836282,5.263475,2016-07-14,Chai Nat Rice Seed Center 1,124.999985,192.15152
5.3752785,5.2788153,2016-07-18,Chai Nat Rice Seed Center 1,215.00002,195.13736
5.786897,5.2358284,2016-07-19,Chai Nat Rice Seed Center 1,324.99994,186.88469
6.0306854,5.203589,2016-07-20,Chai Nat Rice Seed Center 1,415.00006,180.92398
5.463832,5.15993,2016-07-21,Chai Nat Rice Seed Center 1,235.00003,173.15231
5.31812,5.1991,2016-07-22,Chai Nat Rice Seed Center 1,203.0,180.10918
4.836282,5.1916347,2016-07-23,Chai Nat Rice Seed Center 1,124.999985,178.76216
4.8202815,5.245922,2016-07-24,Chai Nat Rice Seed Center 1,122.99999,188.79074
5.786897,5.2659407,2016-07-25,Chai Nat Rice Seed Center 1,324.99994,192.62836
5.5373344,5.287012,2016-07-26,Chai Nat Rice Seed Center 1,253.00005,196.75168
4.9767337,5.3162484,2016-07-27,Chai Nat Rice Seed Center 1,144.0,202.61856
4.919981,5.321827,2016-07-28,Chai Nat Rice Seed Center 1,136.00002,203.75761
5.786897,5.3275,2016-07-29,Chai Nat Rice Seed Center 1,324.99994,204.9225
6.0450053,5.3428006,2016-07-30,Chai Nat Rice Seed Center 1,421.0,208.09749
5.549076,5.346453,2016-07-31,Chai Nat Rice Seed Center 1,256.0,208.86264
6.375025,5.3547144,2016-08-01,Chai Nat Rice Seed Center 1,586.0,210.60353
6.1862087,5.3422666,2016-08-02,Chai Nat Rice Seed Center 1,485.00006,207.98586
6.5496507,5.3384995,2016-08-03,Chai Nat Rice Seed Center 1,697.99994,207.20007
6.2785215,5.340024,2016-08-04,Chai Nat Rice Seed Center 1,532.00006,207.51772
6.1717005,5.337921,2016-08-05,Chai Nat Rice Seed Center 1,477.99994,207.0797
6.452049,5.331595,2016-08-06,Chai Nat Rice Seed Center 1,632.9999,205.76749
6.0544395,5.3278804,2016-08-07,Chai Nat Rice Seed Center 1,425.0001,205.00087
6.313548,5.3258142,2016-08-08,Chai Nat Rice Seed Center 1,551.0,204.57568
5.7745514,5.33337,2016-08-09,Chai Nat Rice Seed Center 1,320.99994,206.13489
5.5373344,5.3368273,2016-08-10,Chai Nat Rice Seed Center 1,253.00005,206.8522
5.902633,5.3334193,2016-08-11,Chai Nat Rice Seed Center 1,364.99994,206.14507
6.0544395,5.339918,2016-08-12,Chai Nat Rice Seed Center 1,425.0001,207.49564
5.902633,5.3371296,2016-08-13,Chai Nat Rice Seed Center 1,364.99994,206.91505
6.437752,5.337608,2016-08-14,Chai Nat Rice Seed Center 1,624.00006,207.01451
6.3044486,5.3405776,2016-08-15,Chai Nat Rice Seed Center 1,545.9999,207.63318
6.3613024,5.340379,2016-08-16,Chai Nat Rice Seed Center 1,577.99994,207.5918
6.4504704,5.341375,2016-08-17,Chai Nat Rice Seed Center 1,632.0,207.79959
5.5412636,5.3392015,2016-08-18,Chai Nat Rice Seed Center 1,254.00002,207.34627
5.786897,5.3381205,2016-08-19,Chai Nat Rice Seed Center 1,324.99994,207.12117
4.983607,5.3392725,2016-08-20,Chai Nat Rice Seed Center 1,145.00003,207.36107
5.786897,5.3405232,2016-08-21,Chai Nat Rice Seed Center 1,324.99994,207.62184
6.43294,5.342136,2016-08-22,Chai Nat Rice Seed Center 1,620.99994,207.95856
5.786897,5.338814,2016-08-23,Chai Nat Rice Seed Center 1,324.99994,207.26552
5.9053617,5.3415504,2016-08-24,Chai Nat Rice Seed Center 1,365.99994,207.83623
5.488938,5.3488636,2016-08-25,Chai Nat Rice Seed Center 1,241.00003,209.3691
5.497168,5.3480005,2016-08-26,Chai Nat Rice Seed Center 1,242.99995,209.18762
5.786897,5.344054,2016-08-27,Chai Nat Rice Seed Center 1,324.99994,208.35979
6.0234475,5.3437705,2016-08-28,Chai Nat Rice Seed Center 1,411.99997,208.30038
5.786897,5.3412743,2016-08-29,Chai Nat Rice Seed Center 1,324.99994,207.77858
5.8348107,5.344931,2016-08-30,Chai Nat Rice Seed Center 1,341.0,208.54346
5.4467373,5.3528395,2016-08-31,Chai Nat Rice Seed Center 1,230.99998,210.20717
6.7511015,5.356218,2016-09-01,Chai Nat Rice Seed Center 1,854.0,210.9219
6.4907236,5.352867,2016-09-02,Chai Nat Rice Seed Center 1,658.00006,210.21301
6.860664,5.3579187,2016-09-03,Chai Nat Rice Seed Center 1,953.0002,211.28267
6.7511015,5.363337,2016-09-04,Chai Nat Rice Seed Center 1,854.0,212.436
6.4907236,5.3699164,2016-09-05,Chai Nat Rice Seed Center 1,658.00006,213.84491
6.6147256,5.370497,2016-09-06,Chai Nat Rice Seed Center 1,745.0,213.96973
6.75227,5.364101,2016-09-07,Chai Nat Rice Seed Center 1,854.9999,212.5991
6.5453496,5.3622503,2016-09-08,Chai Nat Rice Seed Center 1,694.99994,212.2042
6.6147256,5.369819,2016-09-09,Chai Nat Rice Seed Center 1,745.0,213.82402
6.295266,5.3669057,2016-09-10,Chai Nat Rice Seed Center 1,541.00006,213.19904
6.4361506,5.3654313,2016-09-11,Chai Nat Rice Seed Center 1,623.0001,212.88347
6.0306854,5.36724,2016-09-12,Chai Nat Rice Seed Center 1,415.00006,213.27066
5.786897,5.363428,2016-09-13,Chai Nat Rice Seed Center 1,324.99994,212.45544
5.8998976,5.367802,2016-09-14,Chai Nat Rice Seed Center 1,364.00006,213.39114
6.0306854,5.3706203,2016-09-15,Chai Nat Rice Seed Center 1,415.00006,213.99619
5.1416636,5.3741517,2016-09-16,Chai Nat Rice Seed Center 1,170.0,214.75677
4.836282,5.3693485,2016-09-17,Chai Nat Rice Seed Center 1,124.999985,213.72293
5.549076,5.371914,2016-09-18,Chai Nat Rice Seed Center 1,256.0,214.27449
6.4361506,5.374131,2016-09-19,Chai Nat Rice Seed Center 1,623.0001,214.75235
6.295266,5.3813252,2016-09-20,Chai Nat Rice Seed Center 1,541.00006,216.31007
6.2989492,5.3850393,2016-09-21,Chai Nat Rice Seed Center 1,543.0,217.11868
6.4831076,5.385394,2016-09-22,Chai Nat Rice Seed Center 1,653.0001,217.19608
4.983607,5.385306,2016-09-23,Chai Nat Rice Seed Center 1,145.00003,217.17683
6.297109,5.3814063,2016-09-24,Chai Nat Rice Seed Center 1,541.9999,216.3277
5.902633,5.388998,2016-09-25,Chai Nat Rice Seed Center 1,364.99994,217.98386
6.2989492,5.3882675,2016-09-26,Chai Nat Rice Seed Center 1,543.0,217.82394
6.4393506,5.4007726,2016-09-27,Chai Nat Rice Seed Center 1,625.0001,220.57753
6.1654177,5.3911576,2016-09-28,Chai Nat Rice Seed Center 1,474.9999,218.45729
6.4831076,5.4090786,2016-09-29,Chai Nat Rice Seed Center 1,653.0001,222.42563
6.1246834,5.408971,2016-09-30,Chai Nat Rice Seed Center 1,456.0,222.40155
4.7957907,5.4201922,2016-10-01,Chai Nat Rice Seed Center 1,120.000015,224.92255
4.7095304,5.416264,2016-10-03,Chai Nat Rice Seed Center 1,110.000015,224.03682
4.836282,5.4286947,2016-10-04,Chai Nat Rice Seed Center 1,124.999985,226.85164
5.1416636,5.421693,2016-10-07,Chai Nat Rice Seed Center 1,170.0,225.26183
4.836282,5.4181943,2016-10-08,Chai Nat Rice Seed Center 1,124.999985,224.47162
4.9767337,5.4170446,2016-10-09,Chai Nat Rice Seed Center 1,144.0,224.21255
4.912655,5.422786,2016-10-10,Chai Nat Rice Seed Center 1,135.0,225.50935
5.7899604,5.4231367,2016-10-11,Chai Nat Rice Seed Center 1,326.00006,225.58875
5.5373344,5.421727,2016-10-12,Chai Nat Rice Seed Center 1,253.00005,225.26959
5.4467373,5.418755,2016-10-13,Chai Nat Rice Seed Center 1,230.99998,224.59808
5.4161005,5.4199715,2016-10-14,Chai Nat Rice Seed Center 1,224.00003,224.87268
4.983607,5.426306,2016-10-15,Chai Nat Rice Seed Center 1,145.00003,226.30797
5.480639,5.427151,2016-10-16,Chai Nat Rice Seed Center 1,239.00002,226.50021
4.75359,5.4299173,2016-10-17,Chai Nat Rice Seed Center 1,114.99999,227.13039
4.6728287,5.4250884,2017-03-11,Chai Nat Rice Seed Center 1,105.999985,226.03142
5.3565865,5.428883,2017-03-12,Chai Nat Rice Seed Center 1,211.00003,226.89456
5.1474943,5.4319773,2017-03-13,Chai Nat Rice Seed Center 1,170.99997,227.6008
5.2311087,5.427342,2017-03-14,Chai Nat Rice Seed Center 1,186.0,226.54361
5.4553213,5.438063,2017-03-15,Chai Nat Rice Seed Center 1,233.00005,228.99628
5.220356,5.4384875,2017-03-16,Chai Nat Rice Seed Center 1,184.00003,229.0939
5.6240177,5.4379263,2017-03-17,Chai Nat Rice Seed Center 1,276.00006,228.96481
5.488938,5.4385657,2017-03-18,Chai Nat Rice Seed Center 1,241.00003,229.11191
5.214936,5.434197,2017-03-19,Chai Nat Rice Seed Center 1,183.0,228.1088
5.32301,5.443771,2017-03-20,Chai Nat Rice Seed Center 1,204.0,230.31279
4.9972124,5.4419665,2017-03-21,Chai Nat Rice Seed Center 1,147.00002,229.8958
5.056246,5.4450884,2017-03-22,Chai Nat Rice Seed Center 1,156.0,230.61775
5.220356,5.4435043,2017-03-23,Chai Nat Rice Seed Center 1,184.00003,230.25114
5.0998664,5.4380164,2017-03-24,Chai Nat Rice Seed Center 1,163.0,228.98553
5.187386,5.43956,2017-03-25,Chai Nat Rice Seed Center 1,178.00005,229.34079
5.030438,5.438076,2017-03-26,Chai Nat Rice Seed Center 1,152.0,228.99924
5.32301,5.4362655,2017-03-27,Chai Nat Rice Seed Center 1,204.0,228.58319
5.117994,5.4358773,2017-03-28,Chai Nat Rice Seed Center 1,166.0,228.4941
5.247024,5.430037,2017-03-29,Chai Nat Rice Seed Center 1,189.0,227.15768
4.8441873,5.4355106,2017-03-30,Chai Nat Rice Seed Center 1,126.00002,228.40996
4.9272537,5.435781,2017-03-31,Chai Nat Rice Seed Center 1,137.0,228.472
4.8520303,5.4353666,2017-04-01,Chai Nat Rice Seed Center 1,127.0,228.37692
4.65396,5.431386,2017-04-02,Chai Nat Rice Seed Center 1,103.999985,227.46568
4.762174,5.4267025,2017-04-04,Chai Nat Rice Seed Center 1,116.00002,226.39816
4.624973,5.4250774,2017-04-05,Chai Nat Rice Seed Center 1,101.0,226.02893
4.65396,5.4183097,2017-04-09,Chai Nat Rice Seed Center 1,103.999985,224.49763
4.65396,5.337891,2017-07-29,Chai Nat Rice Seed Center 1,103.999985,207.07344
4.75359,5.3404927,2017-07-30,Chai Nat Rice Seed Center 1,114.99999,207.61548
4.9272537,5.3402047,2017-07-31,Chai Nat Rice Seed Center 1,137.0,207.5554
5.056246,5.3445473,2017-08-01,Chai Nat Rice Seed Center 1,156.0,208.46303
5.0039463,5.344894,2017-08-02,Chai Nat Rice Seed Center 1,148.0,208.53566
4.65396,5.343079,2017-08-07,Chai Nat Rice Seed Center 1,103.999985,208.15573
4.7361984,5.3464804,2017-08-09,Chai Nat Rice Seed Center 1,113.0,208.86833
4.65396,5.3486,2017-08-10,Chai Nat Rice Seed Center 1,103.999985,209.31363
5.056246,5.3430114,2017-08-11,Chai Nat Rice Seed Center 1,156.0,208.14157
5.3565865,5.3429694,2017-08-12,Chai Nat Rice Seed Center 1,211.00003,208.13278
4.9767337,5.345017,2017-08-13,Chai Nat Rice Seed Center 1,144.0,208.56143
5.1416636,5.340697,2017-08-14,Chai Nat Rice Seed Center 1,170.0,207.65805
5.247024,5.3468056,2017-08-15,Chai Nat Rice Seed Center 1,189.0,208.9366
4.624973,5.347398,2017-08-16,Chai Nat Rice Seed Center 1,101.0,209.06097
4.644391,5.357579,2017-09-03,Chai Nat Rice Seed Center 1,103.000015,211.2106
4.828314,5.3654895,2017-09-05,Chai Nat Rice Seed Center 1,124.00001,212.8959
4.89784,5.3627295,2017-09-06,Chai Nat Rice Seed Center 1,133.00003,212.30638
4.6728287,5.3637896,2017-09-08,Chai Nat Rice Seed Center 1,105.999985,212.53261
4.744932,5.375554,2017-09-09,Chai Nat Rice Seed Center 1,114.00001,215.05956
4.787492,5.377736,2017-09-10,Chai Nat Rice Seed Center 1,119.00001,215.53151
4.8598123,5.379237,2017-09-11,Chai Nat Rice Seed Center 1,127.999985,215.85678
4.89784,5.378069,2017-09-12,Chai Nat Rice Seed Center 1,133.00003,215.60359
4.65396,5.401619,2017-10-03,Chai Nat Rice Seed Center 1,103.999985,220.76515
4.762174,5.3969474,2017-10-04,Chai Nat Rice Seed Center 1,116.00002,219.73158
4.6728287,5.4161134,2017-10-08,Chai Nat Rice Seed Center 1,105.999985,224.00291
4.8121843,5.4106364,2017-10-09,Chai Nat Rice Seed Center 1,122.0,222.77396
4.6728287,5.425389,2017-10-12,Chai Nat Rice Seed Center 1,105.999985,226.09962
4.744932,5.425498,2017-10-13,Chai Nat Rice Seed Center 1,114.00001,226.12442
4.804021,5.4204016,2017-10-14,Chai Nat Rice Seed Center 1,120.99998,224.96985
4.65396,5.4283767,2017-10-20,Chai Nat Rice Seed Center 1,103.999985,226.77919
4.7095304,5.4270854,2017-10-21,Chai Nat Rice Seed Center 1,110.000015,226.48524
4.8121843,5.428135,2017-10-22,Chai Nat Rice Seed Center 1,122.0,226.72412
4.6821313,5.424554,2017-10-24,Chai Nat Rice Seed Center 1,107.00001,225.9101
4.919981,5.4255176,2017-10-25,Chai Nat Rice Seed Center 1,136.00002,226.12888
4.828314,5.425381,2017-10-26,Chai Nat Rice Seed Center 1,124.00001,226.0979
5.0369525,5.4242606,2017-10-27,Chai Nat Rice Seed Center 1,152.99998,225.84357
5.0039463,5.41635,2017-10-28,Chai Nat Rice Seed Center 1,148.0,224.05614
4.89784,5.418051,2017-10-29,Chai Nat Rice Seed Center 1,133.00003,224.43925
4.65396,5.419731,2017-10-30,Chai Nat Rice Seed Center 1,103.999985,224.8184
4.762174,5.4205513,2017-10-31,Chai Nat Rice Seed Center 1,116.00002,225.0037
4.6821313,5.415511,2017-11-02,Chai Nat Rice Seed Center 1,107.00001,223.86745
4.89784,5.4120445,2017-11-03,Chai Nat Rice Seed Center 1,133.00003,223.08928
4.8520303,5.4154015,2017-11-04,Chai Nat Rice Seed Center 1,127.0,223.84279
4.955827,5.4113765,2017-11-06,Chai Nat Rice Seed Center 1,141.00003,222.93962
4.8598123,5.407255,2017-11-07,Chai Nat Rice Seed Center 1,127.999985,222.0186
4.89784,5.409413,2017-11-08,Chai Nat Rice Seed Center 1,133.00003,222.50032
4.6728287,5.418062,2017-11-09,Chai Nat Rice Seed Center 1,105.999985,224.44183
5.0039463,5.418592,2017-11-10,Chai Nat Rice Seed Center 1,148.0,224.56131
4.9416423,5.423387,2017-11-11,Chai Nat Rice Seed Center 1,138.99998,225.64548
5.049856,5.425368,2017-11-12,Chai Nat Rice Seed Center 1,155.00003,226.09486
5.1059456,5.4234905,2017-11-13,Chai Nat Rice Seed Center 1,164.00002,225.66895
4.9972124,5.422319,2017-11-14,Chai Nat Rice Seed Center 1,147.00002,225.40353
4.934474,5.42798,2017-11-15,Chai Nat Rice Seed Center 1,138.0,226.68884
4.804021,5.433961,2017-11-16,Chai Nat Rice Seed Center 1,120.99998,228.05472
4.919981,5.4357204,2017-11-17,Chai Nat Rice Seed Center 1,136.00002,228.4581
4.8121843,5.438239,2017-11-19,Chai Nat Rice Seed Center 1,122.0,229.03676
5.030438,5.443034,2017-11-20,Chai Nat Rice Seed Center 1,152.0,230.14244
4.955827,5.445907,2017-11-21,Chai Nat Rice Seed Center 1,141.00003,230.80746
5.043425,5.4477997,2017-11-22,Chai Nat Rice Seed Center 1,154.0,231.24658
5.236442,5.4533978,2017-11-23,Chai Nat Rice Seed Center 1,187.00003,232.55037
5.117994,5.4507294,2017-11-24,Chai Nat Rice Seed Center 1,166.0,231.928
5.220356,5.458911,2017-11-25,Chai Nat Rice Seed Center 1,184.00003,233.84152
5.2832036,5.461083,2017-11-26,Chai Nat Rice Seed Center 1,195.99997,234.35216
5.0998664,5.45881,2017-11-27,Chai Nat Rice Seed Center 1,163.0,233.8178
5.209486,5.456499,2017-11-28,Chai Nat Rice Seed Center 1,181.99997,233.27582
5.5012584,5.453257,2017-11-29,Chai Nat Rice Seed Center 1,244.00005,232.51752
5.379897,5.4546504,2017-11-30,Chai Nat Rice Seed Center 1,215.99995,232.84311
5.5134287,5.451107,2017-12-01,Chai Nat Rice Seed Center 1,246.99998,232.01598
5.8998976,5.4424047,2017-12-02,Chai Nat Rice Seed Center 1,364.00006,229.99701
5.669881,5.4418774,2017-12-03,Chai Nat Rice Seed Center 1,289.0,229.87521
5.7430034,5.435222,2017-12-04,Chai Nat Rice Seed Center 1,311.00006,228.3438
5.872118,5.441787,2017-12-05,Chai Nat Rice Seed Center 1,354.00006,229.8543
5.7300997,5.444012,2017-12-06,Chai Nat Rice Seed Center 1,306.99997,230.3686
5.370638,5.447563,2017-12-07,Chai Nat Rice Seed Center 1,213.99997,231.19167
5.4467373,5.4508095,2017-12-08,Chai Nat Rice Seed Center 1,230.99998,231.94666
5.293305,5.4510016,2017-12-09,Chai Nat Rice Seed Center 1,198.00002,231.99142
5.6347895,5.4523196,2017-12-10,Chai Nat Rice Seed Center 1,278.99997,232.2987
5.5093884,5.457027,2017-12-11,Chai Nat Rice Seed Center 1,246.00003,233.3995
5.7589016,5.456642,2017-12-12,Chai Nat Rice Seed Center 1,315.99994,233.30933
5.9532433,5.4527717,2017-12-13,Chai Nat Rice Seed Center 1,383.99997,232.40419
5.616771,5.4495153,2017-12-14,Chai Nat Rice Seed Center 1,274.00003,231.64539
4.762174,5.4585156,2017-12-15,Chai Nat Rice Seed Center 1,116.00002,233.74872
5.7462034,5.4559846,2017-12-16,Chai Nat Rice Seed Center 1,312.00006,233.1553
5.6312118,5.4566326,2017-12-17,Chai Nat Rice Seed Center 1,278.0,233.3071
5.8348107,5.455152,2017-12-18,Chai Nat Rice Seed Center 1,341.0,232.96043
5.560682,5.4506927,2017-12-19,Chai Nat Rice Seed Center 1,259.00006,231.91945
5.7930136,5.4618087,2017-12-20,Chai Nat Rice Seed Center 1,327.0,234.52303
5.6629605,5.4668283,2017-12-21,Chai Nat Rice Seed Center 1,287.0,235.70825
5.187386,5.4688067,2017-12-22,Chai Nat Rice Seed Center 1,178.00005,236.17702
5.7589016,5.4707003,2017-12-23,Chai Nat Rice Seed Center 1,315.99994,236.62654
5.5174527,5.4629383,2017-12-24,Chai Nat Rice Seed Center 1,247.99995,234.78923
5.2832036,5.459436,2017-12-25,Chai Nat Rice Seed Center 1,195.99997,233.96486
5.7838254,5.4503417,2017-12-26,Chai Nat Rice Seed Center 1,324.00006,231.8377
5.902633,5.438385,2017-12-27,Chai Nat Rice Seed Center 1,364.99994,229.07033
5.3565865,5.429666,2017-12-28,Chai Nat Rice Seed Center 1,211.00003,227.07306
5.57973,5.42771,2017-12-29,Chai Nat Rice Seed Center 1,264.00006,226.6274
5.602119,5.43442,2017-12-30,Chai Nat Rice Seed Center 1,270.00003,228.15993
5.641907,5.4434066,2017-12-31,Chai Nat Rice Seed Center 1,281.00003,230.22855
5.220356,5.4474206,2018-01-01,Chai Nat Rice Seed Center 1,184.00003,231.15857
5.379897,5.4450054,2018-01-02,Chai Nat Rice Seed Center 1,215.99995,230.59854
5.4161005,5.447887,2018-01-03,Chai Nat Rice Seed Center 1,224.00003,231.26685
5.332719,5.459465,2018-01-04,Chai Nat Rice Seed Center 1,206.00002,233.97168
5.57973,5.4688654,2018-01-05,Chai Nat Rice Seed Center 1,264.00006,236.19092
5.293305,5.474853,2018-01-06,Chai Nat Rice Seed Center 1,198.00002,237.6154
5.8348107,5.4805393,2018-01-07,Chai Nat Rice Seed Center 1,341.0,238.9761
5.7776523,5.4713264,2018-01-08,Chai Nat Rice Seed Center 1,322.0,236.77536
5.6240177,5.474947,2018-01-09,Chai Nat Rice Seed Center 1,276.00006,237.63782
5.5053315,5.4702797,2018-01-10,Chai Nat Rice Seed Center 1,245.0,236.52661
5.0039463,5.4704504,2018-01-11,Chai Nat Rice Seed Center 1,148.0,236.56717
5.123964,5.469719,2018-01-12,Chai Nat Rice Seed Center 1,166.99997,236.39346
5.370638,5.467361,2018-01-13,Chai Nat Rice Seed Center 1,213.99997,235.83435
5.32301,5.4709606,2018-01-14,Chai Nat Rice Seed Center 1,204.0,236.68842
5.3565865,5.4774585,2018-01-15,Chai Nat Rice Seed Center 1,211.00003,238.2379
5.433722,5.4785748,2018-01-16,Chai Nat Rice Seed Center 1,228.0,238.50511
5.293305,5.4760165,2018-01-17,Chai Nat Rice Seed Center 1,198.00002,237.89319
5.370638,5.470939,2018-01-18,Chai Nat Rice Seed Center 1,213.99997,236.68332
5.463832,5.4611635,2018-01-19,Chai Nat Rice Seed Center 1,235.00003,234.37112
5.4553213,5.459391,2018-01-20,Chai Nat Rice Seed Center 1,233.00005,233.95432
5.5174527,5.4572144,2018-01-21,Chai Nat Rice Seed Center 1,247.99995,233.44344
5.379897,5.458522,2018-01-22,Chai Nat Rice Seed Center 1,215.99995,233.75017
5.488938,5.4573197,2018-01-23,Chai Nat Rice Seed Center 1,241.00003,233.46814
5.3375382,5.457711,2018-01-24,Chai Nat Rice Seed Center 1,207.00003,233.55995
5.2832036,5.4664507,2018-01-25,Chai Nat Rice Seed Center 1,195.99997,235.61887
5.365976,5.4655147,2018-01-26,Chai Nat Rice Seed Center 1,212.99997,235.39749
5.488938,5.4650874,2018-01-27,Chai Nat Rice Seed Center 1,241.00003,235.29651
5.236442,5.464078,2018-01-28,Chai Nat Rice Seed Center 1,187.00003,235.0581
5.463832,5.4613223,2018-01-29,Chai Nat Rice Seed Center 1,235.00003,234.40851
5.5093884,5.47015,2018-01-30,Chai Nat Rice Seed Center 1,246.00003,236.49582
5.4026775,5.470025,2018-01-31,Chai Nat Rice Seed Center 1,221.00003,236.46614
4.744932,5.4744997,2018-02-01,Chai Nat Rice Seed Center 1,114.00001,237.5311
4.919981,5.4734907,2018-02-02,Chai Nat Rice Seed Center 1,136.00002,237.29054
4.9972124,5.4781456,2018-02-03,Chai Nat Rice Seed Center 1,147.00002,238.40234
5.0998664,5.4833193,2018-02-04,Chai Nat Rice Seed Center 1,163.0,239.64415
5.030438,5.48972,2018-02-05,Chai Nat Rice Seed Center 1,152.0,241.18935
5.0106354,5.4962425,2018-02-06,Chai Nat Rice Seed Center 1,149.00002,242.77423
4.8520303,5.492827,2018-02-07,Chai Nat Rice Seed Center 1,127.0,241.94302
4.912655,5.484732,2018-02-08,Chai Nat Rice Seed Center 1,135.0,239.98439
4.8598123,5.4799213,2018-02-09,Chai Nat Rice Seed Center 1,127.999985,238.82785
4.7004805,5.4677496,2018-02-10,Chai Nat Rice Seed Center 1,109.000015,235.9264
4.762174,5.454936,2018-02-11,Chai Nat Rice Seed Center 1,116.00002,232.90991
4.7706847,5.4428997,2018-02-13,Chai Nat Rice Seed Center 1,117.000015,230.11137
4.919981,5.43921,2018-02-14,Chai Nat Rice Seed Center 1,136.00002,229.2602
4.65396,5.4465184,2018-02-16,Chai Nat Rice Seed Center 1,103.999985,230.9492
4.762174,5.4557104,2018-02-18,Chai Nat Rice Seed Center 1,116.00002,233.09111
4.6634393,5.4559045,2018-02-22,Chai Nat Rice Seed Center 1,105.000015,233.13655
4.828314,5.457417,2018-02-23,Chai Nat Rice Seed Center 1,124.00001,233.49095
4.919981,5.4700994,2018-02-25,Chai Nat Rice Seed Center 1,136.00002,236.48381
4.983607,5.473152,2018-02-26,Chai Nat Rice Seed Center 1,145.00003,237.20988
5.0369525,5.472513,2018-02-27,Chai Nat Rice Seed Center 1,152.99998,237.05772
4.828314,5.46913,2018-02-28,Chai Nat Rice Seed Center 1,124.00001,236.25371
4.7361984,5.4659057,2018-03-01,Chai Nat Rice Seed Center 1,113.0,235.48994
4.955827,5.4724393,2018-03-02,Chai Nat Rice Seed Center 1,141.00003,237.04013
4.8441873,5.4699397,2018-03-03,Chai Nat Rice Seed Center 1,126.00002,236.44588
5.0689044,5.467189,2018-03-04,Chai Nat Rice Seed Center 1,158.00003,235.7936
5.164786,5.467489,2018-03-05,Chai Nat Rice Seed Center 1,173.99998,235.86462
5.241747,5.459466,2018-03-06,Chai Nat Rice Seed Center 1,187.99997,233.97191
4.8751974,5.461347,2018-03-07,Chai Nat Rice Seed Center 1,130.00002,234.41434
4.919981,5.4576817,2018-03-08,Chai Nat Rice Seed Center 1,136.00002,233.55302
5.370638,5.4538846,2018-03-09,Chai Nat Rice Seed Center 1,213.99997,232.6641
5.669881,5.454869,2018-03-10,Chai Nat Rice Seed Center 1,289.0,232.89418
5.351858,5.4536858,2018-03-11,Chai Nat Rice Seed Center 1,210.0,232.61765
5.236442,5.4537234,2018-03-12,Chai Nat Rice Seed Center 1,187.00003,232.62643
5.0369525,5.449826,2018-03-13,Chai Nat Rice Seed Center 1,152.99998,231.71762
5.1357985,5.447659,2018-03-14,Chai Nat Rice Seed Center 1,169.0,231.21393
5.3844953,5.4547806,2018-03-15,Chai Nat Rice Seed Center 1,217.00005,232.87355
5.043425,5.448737,2018-03-16,Chai Nat Rice Seed Center 1,154.0,231.46442
5.0998664,5.442112,2018-03-17,Chai Nat Rice Seed Center 1,163.0,229.92938
4.828314,5.4339876,2018-03-18,Chai Nat Rice Seed Center 1,124.00001,228.06084
4.9904327,5.4308085,2018-03-19,Chai Nat Rice Seed Center 1,146.00003,227.33379
4.934474,5.438702,2018-03-20,Chai Nat Rice Seed Center 1,138.0,229.14328
5.075174,5.43882,2018-03-21,Chai Nat Rice Seed Center 1,159.0,229.1704
4.644391,5.4396677,2018-03-23,Chai Nat Rice Seed Center 1,103.000015,229.36562
4.804021,5.43333,2018-03-24,Chai Nat Rice Seed Center 1,120.99998,227.91026
4.6728287,5.4369636,2018-03-28,Chai Nat Rice Seed Center 1,105.999985,228.74352
4.8441873,5.432582,2018-03-30,Chai Nat Rice Seed Center 1,126.00002,227.73906
4.7004805,5.4300613,2018-03-31,Chai Nat Rice Seed Center 1,109.000015,227.16324
4.7095304,5.426475,2018-04-01,Chai Nat Rice Seed Center 1,110.000015,226.34645
5.0039463,5.42602,2018-04-02,Chai Nat Rice Seed Center 1,148.0,226.24304
4.7004805,5.4208875,2018-04-03,Chai Nat Rice Seed Center 1,109.000015,225.07967
4.828314,5.4269595,2018-04-04,Chai Nat Rice Seed Center 1,124.00001,226.45662
4.644391,5.4257,2018-04-05,Chai Nat Rice Seed Center 1,103.000015,226.17035
4.6728287,5.430258,2018-04-07,Chai Nat Rice Seed Center 1,105.999985,227.20807
4.8202815,5.4224777,2018-04-08,Chai Nat Rice Seed Center 1,122.99999,225.43948
4.7706847,5.421688,2018-04-09,Chai Nat Rice Seed Center 1,117.000015,225.26074
4.6634393,5.420829,2018-04-10,Chai Nat Rice Seed Center 1,105.000015,225.0664
4.762174,5.418552,2018-04-12,Chai Nat Rice Seed Center 1,116.00002,224.55228
4.828314,5.4129086,2018-04-13,Chai Nat Rice Seed Center 1,124.00001,223.28297
4.912655,5.4070506,2018-04-14,Chai Nat Rice Seed Center 1,135.0,221.97299
4.9904327,5.4104795,2018-04-15,Chai Nat Rice Seed Center 1,146.00003,222.73886
4.89784,5.3993278,2018-04-16,Chai Nat Rice Seed Center 1,133.00003,220.25763
4.744932,5.397622,2018-04-17,Chai Nat Rice Seed Center 1,114.00001,219.88055
4.8121843,5.3971686,2018-04-18,Chai Nat Rice Seed Center 1,122.0,219.78043
4.644391,5.389924,2018-04-19,Chai Nat Rice Seed Center 1,103.000015,218.18674
4.624973,5.417674,2018-04-28,Chai Nat Rice Seed Center 1,101.0,224.35435
4.744932,5.413098,2018-04-29,Chai Nat Rice Seed Center 1,114.00001,223.32544
4.7957907,5.418848,2018-04-30,Chai Nat Rice Seed Center 1,120.000015,224.61906
4.6728287,5.417549,2018-05-01,Chai Nat Rice Seed Center 1,105.999985,224.3262
4.7706847,5.416609,2018-05-02,Chai Nat Rice Seed Center 1,117.000015,224.11443
4.8598123,5.4096417,2018-05-03,Chai Nat Rice Seed Center 1,127.999985,222.55148
4.6634393,5.4080772,2018-05-06,Chai Nat Rice Seed Center 1,105.000015,222.20201
4.744932,5.4048147,2018-05-07,Chai Nat Rice Seed Center 1,114.00001,221.475
4.919981,5.4055996,2018-05-08,Chai Nat Rice Seed Center 1,136.00002,221.64969
4.828314,5.4016714,2018-05-09,Chai Nat Rice Seed Center 1,124.00001,220.7768
4.75359,5.4023285,2018-05-10,Chai Nat Rice Seed Center 1,114.99999,220.92256
4.8675346,5.400025,2018-05-11,Chai Nat Rice Seed Center 1,129.00003,220.41193
4.919981,5.397896,2018-05-12,Chai Nat Rice Seed Center 1,136.00002,219.94102
4.8121843,5.394485,2018-05-13,Chai Nat Rice Seed Center 1,122.0,219.18872
4.9972124,5.3872433,2018-05-14,Chai Nat Rice Seed Center 1,147.00002,217.59993
4.882802,5.3900456,2018-05-15,Chai Nat Rice Seed Center 1,131.00002,218.2134
4.8520303,5.3889976,2018-05-16,Chai Nat Rice Seed Center 1,127.0,217.98376
5.0039463,5.3900266,2018-05-17,Chai Nat Rice Seed Center 1,148.0,218.20921
4.890349,5.3914704,2018-05-18,Chai Nat Rice Seed Center 1,131.99997,218.52594
4.912655,5.3869843,2018-05-19,Chai Nat Rice Seed Center 1,135.0,217.54333
4.8675346,5.389804,2018-05-20,Chai Nat Rice Seed Center 1,129.00003,218.1604
4.744932,5.38957,2018-05-21,Chai Nat Rice Seed Center 1,114.00001,218.10919
4.6728287,5.384849,2018-05-22,Chai Nat Rice Seed Center 1,105.999985,217.07718
4.8598123,5.3826385,2018-05-23,Chai Nat Rice Seed Center 1,127.999985,216.59564
4.919981,5.378838,2018-05-24,Chai Nat Rice Seed Center 1,136.00002,215.77026
4.828314,5.3801556,2018-05-25,Chai Nat Rice Seed Center 1,124.00001,216.05603
4.955827,5.3775926,2018-05-26,Chai Nat Rice Seed Center 1,141.00003,215.50043
4.8202815,5.372571,2018-05-27,Chai Nat Rice Seed Center 1,122.99999,214.41599
4.912655,5.37563,2018-05-28,Chai Nat Rice Seed Center 1,135.0,215.07593
4.8520303,5.3717623,2018-05-29,Chai Nat Rice Seed Center 1,127.0,214.24185
4.89784,5.377417,2018-05-30,Chai Nat Rice Seed Center 1,133.00003,215.46245
4.8441873,5.3738036,2018-05-31,Chai Nat Rice Seed Center 1,126.00002,214.68167
4.7095304,5.374456,2018-06-01,Chai Nat Rice Seed Center 1,110.000015,214.82242
5.0039463,5.3732986,2018-06-02,Chai Nat Rice Seed Center 1,148.0,214.5728
4.7004805,5.3705454,2018-06-03,Chai Nat Rice Seed Center 1,109.000015,213.98009
4.828314,5.3778186,2018-06-04,Chai Nat Rice Seed Center 1,124.00001,215.54938
4.644391,5.3765306,2018-06-05,Chai Nat Rice Seed Center 1,103.000015,215.27066
4.983607,5.379443,2018-06-06,Chai Nat Rice Seed Center 1,145.00003,215.90146
5.075174,5.376867,2018-06-07,Chai Nat Rice Seed Center 1,159.0,215.34337
5.220356,5.3716035,2018-06-08,Chai Nat Rice Seed Center 1,184.00003,214.20767
5.170484,5.3734164,2018-06-09,Chai Nat Rice Seed Center 1,175.00002,214.59819
4.9698133,5.3672533,2018-06-10,Chai Nat Rice Seed Center 1,143.0,213.27351
4.9272537,5.3623257,2018-06-11,Chai Nat Rice Seed Center 1,137.0,212.22025
5.0689044,5.361963,2018-06-12,Chai Nat Rice Seed Center 1,158.00003,212.14288
5.1474943,5.356226,2018-06-13,Chai Nat Rice Seed Center 1,170.99997,210.92363
5.220356,5.352809,2018-06-14,Chai Nat Rice Seed Center 1,184.00003,210.20071
5.159055,5.3534555,2018-06-15,Chai Nat Rice Seed Center 1,172.99998,210.33733
5.0369525,5.349288,2018-06-16,Chai Nat Rice Seed Center 1,152.99998,209.4584
5.0039463,5.348978,2018-06-17,Chai Nat Rice Seed Center 1,148.0,209.39317
5.1357985,5.3455334,2018-06-18,Chai Nat Rice Seed Center 1,169.0,208.66968
5.2983174,5.3451276,2018-06-19,Chai Nat Rice Seed Center 1,199.00002,208.58463
4.955827,5.347937,2018-06-20,Chai Nat Rice Seed Center 1,141.00003,209.17429
5.170484,5.3415675,2018-06-21,Chai Nat Rice Seed Center 1,175.00002,207.83981
5.220356,5.340756,2018-06-22,Chai Nat Rice Seed Center 1,184.00003,207.6704
5.117994,5.33638,2018-06-23,Chai Nat Rice Seed Center 1,166.0,206.75926
5.0369525,5.337872,2018-06-24,Chai Nat Rice Seed Center 1,152.99998,207.06947
4.9972124,5.338069,2018-06-25,Chai Nat Rice Seed Center 1,147.00002,207.11044
5.0689044,5.339961,2018-06-26,Chai Nat Rice Seed Center 1,158.00003,207.5046
4.9904327,5.332845,2018-06-27,Chai Nat Rice Seed Center 1,146.00003,206.02617
4.919981,5.332945,2018-06-28,Chai Nat Rice Seed Center 1,136.00002,206.0468
4.955827,5.32675,2018-06-29,Chai Nat Rice Seed Center 1,141.00003,204.7681
4.8598123,5.328165,2018-06-30,Chai Nat Rice Seed Center 1,127.999985,205.05952
4.955827,5.3283443,2018-07-01,Chai Nat Rice Seed Center 1,141.00003,205.09647
7.0483866,5.4590077,2015-03-09,Chai Nat Rice Seed Center 2,1150.0002,233.86426
6.4800444,5.4631367,2015-03-10,Chai Nat Rice Seed Center 2,650.9999,234.836
4.75359,5.461903,2015-03-11,Chai Nat Rice Seed Center 2,114.99999,234.54526
6.685861,5.4622545,2015-03-12,Chai Nat Rice Seed Center 2,800.0001,234.62805
6.857514,5.4548373,2015-03-14,Chai Nat Rice Seed Center 2,949.9999,232.88683
5.7430034,5.461319,2015-03-15,Chai Nat Rice Seed Center 2,311.00006,234.40771
6.1114674,5.458745,2015-03-16,Chai Nat Rice Seed Center 2,450.0,233.80257
5.3565865,5.458079,2015-03-17,Chai Nat Rice Seed Center 2,211.00003,233.64621
5.3033047,5.4503055,2015-03-18,Chai Nat Rice Seed Center 2,199.99995,231.82927
4.7957907,5.4416065,2015-03-19,Chai Nat Rice Seed Center 2,120.000015,229.81268
5.1119876,5.44451,2015-03-20,Chai Nat Rice Seed Center 2,164.99997,230.48383
5.3752785,5.44234,2015-03-21,Chai Nat Rice Seed Center 2,215.00002,229.98203
4.983607,5.44199,2015-03-22,Chai Nat Rice Seed Center 2,145.00003,229.9012
5.755742,5.440743,2015-03-23,Chai Nat Rice Seed Center 2,314.99994,229.61346
5.529429,5.437366,2015-03-24,Chai Nat Rice Seed Center 2,250.99997,228.836
4.8675346,5.4135656,2015-03-25,Chai Nat Rice Seed Center 2,129.00003,223.4304
6.4800444,5.423557,2015-03-26,Chai Nat Rice Seed Center 2,650.9999,225.68396
5.963579,5.408048,2015-03-27,Chai Nat Rice Seed Center 2,387.99994,222.19553
6.43294,5.4207397,2015-03-28,Chai Nat Rice Seed Center 2,620.99994,225.04625
6.2822666,5.434055,2015-03-29,Chai Nat Rice Seed Center 2,533.99994,228.07623
6.5834093,5.4393935,2015-03-30,Chai Nat Rice Seed Center 2,722.00006,229.30246
6.2785215,5.4405956,2015-03-31,Chai Nat Rice Seed Center 2,532.00006,229.57948
6.1136823,5.4390616,2015-04-01,Chai Nat Rice Seed Center 2,451.00003,229.22604
6.3664703,5.437025,2015-04-02,Chai Nat Rice Seed Center 2,580.99994,228.75766
5.3752785,5.4360614,2015-04-03,Chai Nat Rice Seed Center 2,215.00002,228.53635
4.836282,5.44124,2015-04-06,Chai Nat Rice Seed Center 2,124.999985,229.72807
5.062595,5.429646,2015-04-08,Chai Nat Rice Seed Center 2,156.99997,227.0685
4.804021,5.4139266,2015-04-20,Chai Nat Rice Seed Center 2,120.99998,223.51143
4.8121843,5.342632,2015-06-11,Chai Nat Rice Seed Center 2,122.0,208.0622
6.1114674,5.321349,2015-08-01,Chai Nat Rice Seed Center 2,450.0,203.65982
5.8636312,5.3196764,2015-08-02,Chai Nat Rice Seed Center 2,351.00003,203.31775
6.437752,5.314327,2015-08-03,Chai Nat Rice Seed Center 2,624.00006,202.22765
5.5012584,5.317785,2015-08-04,Chai Nat Rice Seed Center 2,244.00005,202.93163
5.7462034,5.322978,2015-08-05,Chai Nat Rice Seed Center 2,312.00006,203.99344
5.9939613,5.325799,2015-08-06,Chai Nat Rice Seed Center 2,399.99997,204.57254
5.370638,5.329767,2015-08-07,Chai Nat Rice Seed Center 2,213.99997,205.38992
5.7462034,5.335323,2015-08-08,Chai Nat Rice Seed Center 2,312.00006,206.53973
5.433722,5.348951,2015-08-09,Chai Nat Rice Seed Center 2,228.0,209.38745
5.2311087,5.3488336,2015-08-10,Chai Nat Rice Seed Center 2,186.0,209.36278
6.2785215,5.345303,2015-08-11,Chai Nat Rice Seed Center 2,532.00006,208.6214
5.872118,5.347696,2015-08-12,Chai Nat Rice Seed Center 2,354.00006,209.12358
6.43294,5.3434873,2015-08-13,Chai Nat Rice Seed Center 2,620.99994,208.24112
6.58755,5.3403125,2015-08-14,Chai Nat Rice Seed Center 2,725.0001,207.57788
6.4861608,5.343612,2015-08-15,Chai Nat Rice Seed Center 2,655.0,208.26726
5.866468,5.3434153,2015-08-16,Chai Nat Rice Seed Center 2,351.99997,208.22604
5.5373344,5.344799,2015-08-17,Chai Nat Rice Seed Center 2,253.00005,208.51578
5.4595857,5.3420215,2015-08-18,Chai Nat Rice Seed Center 2,234.00003,207.93463
5.3565865,5.3451304,2015-08-19,Chai Nat Rice Seed Center 2,211.00003,208.58522
6.0210233,5.347502,2015-08-20,Chai Nat Rice Seed Center 2,410.99997,209.0829
6.261492,5.3478227,2015-08-21,Chai Nat Rice Seed Center 2,523.00006,209.15024
6.025866,5.3499174,2015-08-22,Chai Nat Rice Seed Center 2,413.00003,209.59091
5.4553213,5.3455563,2015-08-23,Chai Nat Rice Seed Center 2,233.00005,208.67448
5.7838254,5.344652,2015-08-24,Chai Nat Rice Seed Center 2,324.00006,208.48502
6.437752,5.347902,2015-08-25,Chai Nat Rice Seed Center 2,624.00006,209.16687
5.420535,5.3439507,2015-08-26,Chai Nat Rice Seed Center 2,225.00002,208.33812
6.0776424,5.3442297,2015-08-27,Chai Nat Rice Seed Center 2,435.0001,208.39651
5.1059456,5.3414683,2015-08-28,Chai Nat Rice Seed Center 2,164.00002,207.81909
5.7462034,5.339135,2015-08-29,Chai Nat Rice Seed Center 2,312.00006,207.33246
4.744932,5.338908,2015-08-30,Chai Nat Rice Seed Center 2,114.00001,207.28519
5.0689044,5.338796,2015-08-31,Chai Nat Rice Seed Center 2,158.00003,207.26184
6.4861608,5.3382807,2015-09-01,Chai Nat Rice Seed Center 2,655.0,207.15451
5.866468,5.3395042,2015-09-02,Chai Nat Rice Seed Center 2,351.99997,207.40936
5.5373344,5.3399224,2015-09-03,Chai Nat Rice Seed Center 2,253.00005,207.49654
4.8121843,5.3464704,2015-09-04,Chai Nat Rice Seed Center 2,122.0,208.86624
5.370638,5.346493,2015-09-05,Chai Nat Rice Seed Center 2,213.99997,208.87094
5.1817837,5.3460107,2015-09-07,Chai Nat Rice Seed Center 2,177.00003,208.76979
5.5412636,5.3468523,2015-09-08,Chai Nat Rice Seed Center 2,254.00002,208.94641
5.7745514,5.358962,2015-09-09,Chai Nat Rice Seed Center 2,320.99994,211.50427
8.307213,5.369414,2015-09-18,Chai Nat Rice Seed Center 2,4052.0007,213.73697
4.6634393,5.396906,2015-09-27,Chai Nat Rice Seed Center 2,105.000015,219.72241
4.912655,5.3905125,2015-09-28,Chai Nat Rice Seed Center 2,135.0,218.31575
4.8751974,5.3923225,2015-09-29,Chai Nat Rice Seed Center 2,130.00002,218.71309
4.6634393,5.3938284,2015-10-05,Chai Nat Rice Seed Center 2,105.000015,219.04419
4.912655,5.3938403,2015-10-06,Chai Nat Rice Seed Center 2,135.0,219.04681
4.8751974,5.4000287,2015-10-07,Chai Nat Rice Seed Center 2,130.00002,220.41278
4.836282,5.404071,2015-10-08,Chai Nat Rice Seed Center 2,124.999985,221.30957
5.370638,5.4054246,2015-10-09,Chai Nat Rice Seed Center 2,213.99997,221.61072
5.7745514,5.4125786,2015-10-10,Chai Nat Rice Seed Center 2,320.99994,223.20898
5.4026775,5.4163766,2015-10-11,Chai Nat Rice Seed Center 2,221.00003,224.06215
4.912655,5.4197383,2015-10-12,Chai Nat Rice Seed Center 2,135.0,224.82002
4.9767337,5.4148383,2015-10-13,Chai Nat Rice Seed Center 2,144.0,223.71622
4.8202815,5.4138684,2015-10-14,Chai Nat Rice Seed Center 2,122.99999,223.49837
5.4553213,5.419509,2015-10-15,Chai Nat Rice Seed Center 2,233.00005,224.76823
4.983607,5.4217944,2015-10-16,Chai Nat Rice Seed Center 2,145.00003,225.2848
5.880533,5.415757,2015-10-31,Chai Nat Rice Seed Center 2,357.0001,223.92279
5.9687076,5.4135556,2015-11-01,Chai Nat Rice Seed Center 2,390.0,223.42815
5.5412636,5.41246,2015-11-02,Chai Nat Rice Seed Center 2,254.00002,223.18237
5.916202,5.411571,2015-11-03,Chai Nat Rice Seed Center 2,370.0,222.9832
5.8607864,5.4146333,2015-11-04,Chai Nat Rice Seed Center 2,350.00006,223.67014
5.5412636,5.4192533,2015-11-05,Chai Nat Rice Seed Center 2,254.00002,224.71054
5.817111,5.418205,2015-11-06,Chai Nat Rice Seed Center 2,334.99994,224.47398
6.0544395,5.4163175,2015-11-07,Chai Nat Rice Seed Center 2,425.0001,224.04884
6.300786,5.417227,2015-11-08,Chai Nat Rice Seed Center 2,544.0001,224.25359
5.549076,5.4240527,2015-11-09,Chai Nat Rice Seed Center 2,256.0,225.7964
5.488938,5.4279823,2015-11-10,Chai Nat Rice Seed Center 2,241.00003,226.68938
4.727388,5.4296346,2015-11-11,Chai Nat Rice Seed Center 2,112.00001,227.06589
4.9904327,5.4309964,2015-11-12,Chai Nat Rice Seed Center 2,146.00003,227.3767
4.828314,5.430503,2015-11-13,Chai Nat Rice Seed Center 2,124.00001,227.264
6.297109,5.429098,2015-11-14,Chai Nat Rice Seed Center 2,541.9999,226.94357
4.727388,5.434258,2015-11-15,Chai Nat Rice Seed Center 2,112.00001,228.12277
5.3752785,5.4384956,2015-11-16,Chai Nat Rice Seed Center 2,215.00002,229.09578
5.043425,5.4447494,2015-11-17,Chai Nat Rice Seed Center 2,154.0,230.53925
5.5412636,5.4472795,2015-11-18,Chai Nat Rice Seed Center 2,254.00002,231.1258
4.828314,5.4472322,2015-11-19,Chai Nat Rice Seed Center 2,124.00001,231.11484
4.912655,5.4502344,2015-12-01,Chai Nat Rice Seed Center 2,135.0,231.81273
4.8751974,5.4491005,2015-12-02,Chai Nat Rice Seed Center 2,130.00002,231.54889
5.888878,5.447155,2015-12-03,Chai Nat Rice Seed Center 2,359.99997,231.09691
4.836282,5.4418263,2015-12-04,Chai Nat Rice Seed Center 2,124.999985,229.86343
5.3752785,5.444525,2015-12-05,Chai Nat Rice Seed Center 2,215.00002,230.48724
5.7745514,5.444063,2015-12-06,Chai Nat Rice Seed Center 2,320.99994,230.38042
6.2576675,5.4430118,2015-12-07,Chai Nat Rice Seed Center 2,521.0,230.13727
6.0450053,5.442766,2015-12-08,Chai Nat Rice Seed Center 2,421.0,230.0805
5.786897,5.445535,2015-12-09,Chai Nat Rice Seed Center 2,324.99994,230.72125
5.198497,5.4531875,2015-12-10,Chai Nat Rice Seed Center 2,179.99997,232.50125
5.26269,5.4592905,2015-12-11,Chai Nat Rice Seed Center 2,191.99997,233.93068
5.7776523,5.4646463,2015-12-12,Chai Nat Rice Seed Center 2,322.0,235.1923
5.4161005,5.4652023,2015-12-13,Chai Nat Rice Seed Center 2,224.00003,235.32367
4.983607,5.4605856,2015-12-14,Chai Nat Rice Seed Center 2,145.00003,234.23514
4.8202815,5.460166,2015-12-15,Chai Nat Rice Seed Center 2,122.99999,234.13644
5.3752785,5.4605803,2015-12-16,Chai Nat Rice Seed Center 2,215.00002,234.2339
5.786897,5.461925,2015-12-17,Chai Nat Rice Seed Center 2,324.99994,234.55043
5.583496,5.457479,2015-12-18,Chai Nat Rice Seed Center 2,264.99994,233.5055
6.0306854,5.457352,2015-12-19,Chai Nat Rice Seed Center 2,415.00006,233.47575
5.786897,5.4644513,2015-12-20,Chai Nat Rice Seed Center 2,324.99994,235.14626
6.4504704,5.4635878,2015-12-21,Chai Nat Rice Seed Center 2,632.0,234.94241
4.962845,5.4643016,2015-12-22,Chai Nat Rice Seed Center 2,142.00003,235.1109
5.5373344,5.463613,2015-12-23,Chai Nat Rice Seed Center 2,253.00005,234.94838
5.370638,5.454951,2015-12-24,Chai Nat Rice Seed Center 2,213.99997,232.91336
5.7745514,5.4574413,2015-12-25,Chai Nat Rice Seed Center 2,320.99994,233.49666
6.240276,5.4546013,2015-12-26,Chai Nat Rice Seed Center 2,512.0,232.83162
4.727388,5.453615,2015-12-27,Chai Nat Rice Seed Center 2,112.00001,232.60115
4.744932,5.4543643,2015-12-28,Chai Nat Rice Seed Center 2,114.00001,232.77621
6.4504704,5.451226,2015-12-29,Chai Nat Rice Seed Center 2,632.0,232.04376
5.3752785,5.458818,2015-12-30,Chai Nat Rice Seed Center 2,215.00002,233.8197
5.786897,5.4591246,2015-12-31,Chai Nat Rice Seed Center 2,324.99994,233.89171
5.4553213,5.464163,2016-01-01,Chai Nat Rice Seed Center 2,233.00005,235.07814
5.3752785,5.46646,2016-01-02,Chai Nat Rice Seed Center 2,215.00002,235.62112
5.5412636,5.4651713,2016-01-03,Chai Nat Rice Seed Center 2,254.00002,235.31635
5.46806,5.470325,2016-01-04,Chai Nat Rice Seed Center 2,235.99997,236.53738
5.549076,5.4663715,2016-01-05,Chai Nat Rice Seed Center 2,256.0,235.60014
6.0234475,5.4662247,2016-01-06,Chai Nat Rice Seed Center 2,411.99997,235.5654
5.7745514,5.4645586,2016-01-07,Chai Nat Rice Seed Center 2,320.99994,235.17159
4.836282,5.4564915,2016-01-08,Chai Nat Rice Seed Center 2,124.999985,233.27402
5.4467373,5.4626784,2016-01-09,Chai Nat Rice Seed Center 2,230.99998,234.72797
5.420535,5.456845,2016-01-10,Chai Nat Rice Seed Center 2,225.00002,233.35681
4.787492,5.4562645,2016-01-11,Chai Nat Rice Seed Center 2,119.00001,233.22086
5.365976,5.45541,2016-01-12,Chai Nat Rice Seed Center 2,212.99997,233.0208
6.2576675,5.451506,2016-01-13,Chai Nat Rice Seed Center 2,521.0,232.109
6.0210233,5.447224,2016-01-14,Chai Nat Rice Seed Center 2,410.99997,231.11296
5.370638,5.456571,2016-01-15,Chai Nat Rice Seed Center 2,213.99997,233.29268
5.4553213,5.457074,2016-01-16,Chai Nat Rice Seed Center 2,233.00005,233.41057
4.983607,5.4611464,2016-01-17,Chai Nat Rice Seed Center 2,145.00003,234.36708
5.030438,5.4573727,2016-01-18,Chai Nat Rice Seed Center 2,152.0,233.48056
5.786897,5.456016,2016-01-19,Chai Nat Rice Seed Center 2,324.99994,233.16267
6.0234475,5.4641027,2016-01-20,Chai Nat Rice Seed Center 2,411.99997,235.06395
6.2576675,5.4655824,2016-01-21,Chai Nat Rice Seed Center 2,521.0,235.4135
6.0544395,5.4694395,2016-01-22,Chai Nat Rice Seed Center 2,425.0001,236.32713
5.786897,5.4694557,2016-01-23,Chai Nat Rice Seed Center 2,324.99994,236.33098
5.3752785,5.466742,2016-01-24,Chai Nat Rice Seed Center 2,215.00002,235.68782
5.9053617,5.472614,2016-01-25,Chai Nat Rice Seed Center 2,365.99994,237.08168
6.1290503,5.475418,2016-01-26,Chai Nat Rice Seed Center 2,458.00003,237.75026
4.836282,5.478663,2016-01-27,Chai Nat Rice Seed Center 2,124.999985,238.52625
5.556828,5.476335,2016-01-28,Chai Nat Rice Seed Center 2,258.0,237.96928
5.786897,5.4763494,2016-01-29,Chai Nat Rice Seed Center 2,324.99994,237.9727
5.293305,5.4808545,2016-01-30,Chai Nat Rice Seed Center 2,198.00002,239.05174
6.0544395,5.466306,2016-02-01,Chai Nat Rice Seed Center 2,425.0001,235.58469
4.836282,5.4525824,2016-02-02,Chai Nat Rice Seed Center 2,124.999985,232.36002
5.3752785,5.450232,2016-02-03,Chai Nat Rice Seed Center 2,215.00002,231.81218
4.836282,5.4586854,2016-02-04,Chai Nat Rice Seed Center 2,124.999985,233.78857
5.786897,5.463028,2016-02-05,Chai Nat Rice Seed Center 2,324.99994,234.81036
5.293305,5.471672,2016-02-06,Chai Nat Rice Seed Center 2,198.00002,236.85757
4.8520303,5.4678917,2016-02-08,Chai Nat Rice Seed Center 2,127.0,235.96008
5.236442,5.4729695,2016-02-09,Chai Nat Rice Seed Center 2,187.00003,237.16638
5.17615,5.463993,2016-02-10,Chai Nat Rice Seed Center 2,176.00002,235.03806
5.888878,5.433572,2016-02-14,Chai Nat Rice Seed Center 2,359.99997,227.9656
4.8751974,5.4232144,2016-02-16,Chai Nat Rice Seed Center 2,130.00002,225.60637
5.934894,5.4279194,2016-02-19,Chai Nat Rice Seed Center 2,376.99994,226.67505
5.771441,5.442785,2016-02-20,Chai Nat Rice Seed Center 2,319.99994,230.08481
5.620401,5.4487934,2016-02-21,Chai Nat Rice Seed Center 2,275.0,231.4775
4.8520303,5.4557095,2016-02-22,Chai Nat Rice Seed Center 2,127.0,233.09088
5.786897,5.4545636,2016-02-23,Chai Nat Rice Seed Center 2,324.99994,232.82281
5.293305,5.4498014,2016-02-24,Chai Nat Rice Seed Center 2,198.00002,231.71196
5.786897,5.4560847,2016-02-25,Chai Nat Rice Seed Center 2,324.99994,233.17876
5.293305,5.454548,2016-02-26,Chai Nat Rice Seed Center 2,198.00002,232.81914
4.8520303,5.4540706,2016-02-28,Chai Nat Rice Seed Center 2,127.0,232.70755
5.236442,5.4515877,2016-02-29,Chai Nat Rice Seed Center 2,187.00003,232.128
4.836282,5.459547,2016-03-01,Chai Nat Rice Seed Center 2,124.999985,233.99097
5.605802,5.4591284,2016-03-02,Chai Nat Rice Seed Center 2,271.0,233.8926
5.963579,5.454016,2016-03-03,Chai Nat Rice Seed Center 2,387.99994,232.69485
5.620401,5.432693,2016-03-08,Chai Nat Rice Seed Center 2,275.0,227.76448
4.8520303,5.419678,2016-03-09,Chai Nat Rice Seed Center 2,127.0,224.80646
4.8520303,5.4207344,2016-03-13,Chai Nat Rice Seed Center 2,127.0,225.04507
5.236442,5.4196267,2016-03-14,Chai Nat Rice Seed Center 2,187.00003,224.79482
5.17615,5.4294457,2016-03-15,Chai Nat Rice Seed Center 2,176.00002,227.02283
5.293305,5.4327135,2016-03-16,Chai Nat Rice Seed Center 2,198.00002,227.76917
4.6634393,5.437266,2016-03-18,Chai Nat Rice Seed Center 2,105.000015,228.81299
5.3565865,5.433778,2016-03-19,Chai Nat Rice Seed Center 2,211.00003,228.01279
4.912655,5.433165,2016-03-23,Chai Nat Rice Seed Center 2,135.0,227.8725
5.0369525,5.4234185,2016-04-04,Chai Nat Rice Seed Center 2,152.99998,225.65262
5.293305,5.4209914,2016-04-05,Chai Nat Rice Seed Center 2,198.00002,225.10318
4.8520303,5.42816,2016-04-07,Chai Nat Rice Seed Center 2,127.0,226.72987
5.236442,5.4236927,2016-04-08,Chai Nat Rice Seed Center 2,187.00003,225.71477
5.17615,5.4230156,2016-04-09,Chai Nat Rice Seed Center 2,176.00002,225.56131
5.0238805,5.398918,2016-04-20,Chai Nat Rice Seed Center 2,151.0,220.16702
5.293305,5.39424,2016-04-21,Chai Nat Rice Seed Center 2,198.00002,219.13477
4.65396,5.3922067,2016-04-23,Chai Nat Rice Seed Center 2,103.999985,218.68762
5.236442,5.3887224,2016-04-24,Chai Nat Rice Seed Center 2,187.00003,217.92352
5.351858,5.3977013,2016-04-25,Chai Nat Rice Seed Center 2,210.0,219.89804
5.379897,5.395416,2016-04-26,Chai Nat Rice Seed Center 2,215.99995,219.39377
4.828314,5.379043,2016-04-29,Chai Nat Rice Seed Center 2,124.00001,215.8147
4.836282,5.369999,2016-05-15,Chai Nat Rice Seed Center 2,124.999985,213.86264
5.351858,5.3700776,2016-05-16,Chai Nat Rice Seed Center 2,210.0,213.87955
4.9904327,5.3661385,2016-05-17,Chai Nat Rice Seed Center 2,146.00003,213.03476
4.727388,5.3650274,2016-05-18,Chai Nat Rice Seed Center 2,112.00001,212.7971
4.836282,5.3613853,2016-05-19,Chai Nat Rice Seed Center 2,124.999985,212.01985
4.836282,5.3506813,2016-06-10,Chai Nat Rice Seed Center 2,124.999985,209.75183
6.1136823,5.347553,2016-06-14,Chai Nat Rice Seed Center 2,451.00003,209.09352
6.3664703,5.350174,2016-06-15,Chai Nat Rice Seed Center 2,580.99994,209.64493
5.3752785,5.3294168,2016-06-18,Chai Nat Rice Seed Center 2,215.00002,205.3176
6.4393506,5.348882,2016-07-07,Chai Nat Rice Seed Center 2,625.0001,209.37302
6.261492,5.349942,2016-07-08,Chai Nat Rice Seed Center 2,523.00006,209.59613
5.8636312,5.3470073,2016-07-09,Chai Nat Rice Seed Center 2,351.00003,208.97894
5.9053617,5.352108,2016-07-10,Chai Nat Rice Seed Center 2,365.99994,210.05273
6.6240654,5.34799,2016-07-11,Chai Nat Rice Seed Center 2,752.0001,209.18541
5.8777356,5.328889,2016-07-12,Chai Nat Rice Seed Center 2,355.99994,205.20872
6.1290503,5.2774587,2016-07-13,Chai Nat Rice Seed Center 2,458.00003,194.87146
6.285998,5.2793384,2016-07-14,Chai Nat Rice Seed Center 2,535.9999,195.23999
6.0306854,5.2764807,2016-07-15,Chai Nat Rice Seed Center 2,415.00006,194.68
5.786897,5.305225,2016-07-16,Chai Nat Rice Seed Center 2,324.99994,200.38629
6.7511015,5.32123,2016-07-17,Chai Nat Rice Seed Center 2,854.0,203.6354
6.4504704,5.2831616,2016-07-18,Chai Nat Rice Seed Center 2,632.0,195.9917
6.0234475,5.243683,2016-07-19,Chai Nat Rice Seed Center 2,411.99997,188.36623
5.46806,5.207402,2016-07-20,Chai Nat Rice Seed Center 2,235.99997,181.61905
6.261492,5.163797,2016-07-21,Chai Nat Rice Seed Center 2,523.00006,173.827
6.0234475,5.204672,2016-07-22,Chai Nat Rice Seed Center 2,411.99997,181.1211
5.786897,5.1980753,2016-07-23,Chai Nat Rice Seed Center 2,324.99994,179.92368
5.786897,5.2532945,2016-07-24,Chai Nat Rice Seed Center 2,324.99994,190.19511
6.0497336,5.2700434,2016-07-25,Chai Nat Rice Seed Center 2,423.00006,193.4244
6.2576675,5.289713,2016-07-26,Chai Nat Rice Seed Center 2,521.0,197.2865
6.0210233,5.3163075,2016-07-27,Chai Nat Rice Seed Center 2,410.99997,202.6306
5.46806,5.326322,2016-07-28,Chai Nat Rice Seed Center 2,235.99997,204.68011
5.786897,5.3293285,2016-07-29,Chai Nat Rice Seed Center 2,324.99994,205.29941
6.115892,5.345244,2016-07-30,Chai Nat Rice Seed Center 2,451.9999,208.60901
6.2989492,5.348405,2016-07-31,Chai Nat Rice Seed Center 2,543.0,209.27261
6.115892,5.353143,2016-08-01,Chai Nat Rice Seed Center 2,451.9999,210.27133
5.8777356,5.3434725,2016-08-02,Chai Nat Rice Seed Center 2,355.99994,208.23802
6.315358,5.3389435,2016-08-03,Chai Nat Rice Seed Center 2,552.00006,207.29253
6.0234475,5.3411527,2016-08-04,Chai Nat Rice Seed Center 2,411.99997,207.7532
6.452049,5.3373284,2016-08-05,Chai Nat Rice Seed Center 2,632.9999,206.95639
6.1717005,5.335958,2016-08-06,Chai Nat Rice Seed Center 2,477.99994,206.6716
6.7511015,5.328791,2016-08-07,Chai Nat Rice Seed Center 2,854.0,205.18857
5.549076,5.328283,2016-08-08,Chai Nat Rice Seed Center 2,256.0,205.08379
6.4846354,5.3372555,2016-08-09,Chai Nat Rice Seed Center 2,654.00006,206.94122
6.1114674,5.340627,2016-08-10,Chai Nat Rice Seed Center 2,450.0,207.64352
5.8777356,5.3381124,2016-08-11,Chai Nat Rice Seed Center 2,355.99994,207.11948
6.261492,5.3414097,2016-08-12,Chai Nat Rice Seed Center 2,523.00006,207.80685
5.5373344,5.3404675,2016-08-13,Chai Nat Rice Seed Center 2,253.00005,207.6102
6.0306854,5.336107,2016-08-14,Chai Nat Rice Seed Center 2,415.00006,206.7025
6.4504704,5.343363,2016-08-15,Chai Nat Rice Seed Center 2,632.0,208.21509
5.8777356,5.3400416,2016-08-16,Chai Nat Rice Seed Center 2,355.99994,207.5214
6.464588,5.341752,2016-08-17,Chai Nat Rice Seed Center 2,640.9999,207.87836
6.4907236,5.34057,2016-08-18,Chai Nat Rice Seed Center 2,658.00006,207.63159
6.4393506,5.3386908,2016-08-19,Chai Nat Rice Seed Center 2,625.0001,207.2399
5.786897,5.339697,2016-08-20,Chai Nat Rice Seed Center 2,324.99994,207.44952
6.0306854,5.3405504,2016-08-21,Chai Nat Rice Seed Center 2,415.00006,207.6275
6.1246834,5.3398223,2016-08-22,Chai Nat Rice Seed Center 2,456.0,207.47566
6.2595816,5.336783,2016-08-23,Chai Nat Rice Seed Center 2,522.00006,206.84299
6.4846354,5.3484297,2016-08-24,Chai Nat Rice Seed Center 2,654.00006,209.27783
5.5053315,5.3496485,2016-08-25,Chai Nat Rice Seed Center 2,245.0,209.53427
6.4861608,5.353182,2016-09-01,Chai Nat Rice Seed Center 2,655.0,210.27948
5.866468,5.3489704,2016-09-02,Chai Nat Rice Seed Center 2,351.99997,209.39157
5.5373344,5.3504524,2016-09-03,Chai Nat Rice Seed Center 2,253.00005,209.7036
6.244167,5.3580627,2016-09-04,Chai Nat Rice Seed Center 2,514.0,211.31325
5.370638,5.3620152,2016-09-05,Chai Nat Rice Seed Center 2,213.99997,212.15407
5.5053315,5.3663673,2016-09-06,Chai Nat Rice Seed Center 2,245.0,213.08376
5.8777356,5.360572,2016-09-07,Chai Nat Rice Seed Center 2,355.99994,211.84663
6.6093493,5.361653,2016-09-08,Chai Nat Rice Seed Center 2,741.0,212.07684
6.336826,5.3686366,2016-09-09,Chai Nat Rice Seed Center 2,564.00006,213.57013
6.4800444,5.36845,2016-09-10,Chai Nat Rice Seed Center 2,650.9999,213.53012
6.297109,5.36842,2016-09-11,Chai Nat Rice Seed Center 2,541.9999,213.52368
6.610696,5.3681235,2016-09-12,Chai Nat Rice Seed Center 2,741.9999,213.46007
6.3350544,5.364957,2016-09-13,Chai Nat Rice Seed Center 2,563.00006,212.78201
6.7357802,5.366258,2016-09-14,Chai Nat Rice Seed Center 2,841.0002,213.06038
6.3207684,5.367861,2016-09-15,Chai Nat Rice Seed Center 2,555.00006,213.40372
6.297109,5.3686514,2016-09-16,Chai Nat Rice Seed Center 2,541.9999,213.5733
6.4846354,5.3668303,2016-09-17,Chai Nat Rice Seed Center 2,654.00006,213.1829
6.3350544,5.3676667,2016-09-18,Chai Nat Rice Seed Center 2,563.00006,213.36212
5.5412636,5.371305,2016-09-19,Chai Nat Rice Seed Center 2,254.00002,214.14345
6.0544395,5.3766627,2016-09-20,Chai Nat Rice Seed Center 2,425.0001,215.29922
6.3044486,5.378285,2016-09-21,Chai Nat Rice Seed Center 2,545.9999,215.65039
5.7838254,5.383476,2016-09-22,Chai Nat Rice Seed Center 2,324.00006,216.77791
5.549076,5.3808837,2016-09-23,Chai Nat Rice Seed Center 2,256.0,216.21414
6.285998,5.3824816,2016-09-24,Chai Nat Rice Seed Center 2,535.9999,216.5615
6.5736804,5.3895407,2016-09-25,Chai Nat Rice Seed Center 2,715.0002,218.10272
5.549076,5.392298,2016-09-26,Chai Nat Rice Seed Center 2,256.0,218.70775
6.7511015,5.4005632,2016-09-27,Chai Nat Rice Seed Center 2,854.0,220.53116
6.3062754,5.393663,2016-09-28,Chai Nat Rice Seed Center 2,547.00006,219.00778
5.902633,5.4110675,2016-09-29,Chai Nat Rice Seed Center 2,364.99994,222.87044
6.3332796,5.4086866,2016-09-30,Chai Nat Rice Seed Center 2,562.0,222.33807
4.6634393,5.4326043,2016-10-06,Chai Nat Rice Seed Center 2,105.000015,227.74419
5.3565865,5.4226933,2016-10-07,Chai Nat Rice Seed Center 2,211.00003,225.4883
4.912655,5.417268,2016-10-08,Chai Nat Rice Seed Center 2,135.0,224.26282
4.8751974,5.4164896,2016-10-09,Chai Nat Rice Seed Center 2,130.00002,224.08759
4.6634393,5.4237323,2016-10-10,Chai Nat Rice Seed Center 2,105.000015,225.72374
5.3565865,5.4258223,2016-10-11,Chai Nat Rice Seed Center 2,211.00003,226.19809
5.888878,5.424957,2016-10-12,Chai Nat Rice Seed Center 2,359.99997,226.00154
5.1474943,5.4267755,2016-10-13,Chai Nat Rice Seed Center 2,170.99997,226.41475
4.8121843,5.427414,2016-10-14,Chai Nat Rice Seed Center 2,122.0,226.56
4.7095304,5.4331274,2016-10-15,Chai Nat Rice Seed Center 2,110.000015,227.86388
4.905275,5.4327765,2016-10-16,Chai Nat Rice Seed Center 2,134.00002,227.78357
5.0172796,5.43529,2016-10-17,Chai Nat Rice Seed Center 2,149.99997,228.35931
4.7004805,5.4300666,2016-10-18,Chai Nat Rice Seed Center 2,109.000015,227.16444
5.6937323,5.4230666,2016-10-19,Chai Nat Rice Seed Center 2,296.00003,225.57288
4.9272537,5.4203506,2016-10-20,Chai Nat Rice Seed Center 2,137.0,224.95831
4.7361984,5.41935,2016-10-22,Chai Nat Rice Seed Center 2,113.0,224.73238
4.6634393,5.415087,2016-10-23,Chai Nat Rice Seed Center 2,105.000015,223.77216
4.744932,5.4214797,2016-10-25,Chai Nat Rice Seed Center 2,114.00001,225.21361
4.6634393,5.4316516,2016-10-26,Chai Nat Rice Seed Center 2,105.000015,227.52637
5.4026775,5.431853,2016-10-27,Chai Nat Rice Seed Center 2,221.00003,227.57236
5.075174,5.426754,2016-10-28,Chai Nat Rice Seed Center 2,159.0,226.40988
5.17615,5.4243155,2016-10-29,Chai Nat Rice Seed Center 2,176.00002,225.856
5.327876,5.424256,2016-10-30,Chai Nat Rice Seed Center 2,204.99998,225.84248
5.379897,5.4254456,2016-10-31,Chai Nat Rice Seed Center 2,215.99995,226.11252
6.89467,5.421075,2016-11-01,Chai Nat Rice Seed Center 2,986.0,225.12204
7.115582,5.41851,2016-11-02,Chai Nat Rice Seed Center 2,1229.9999,224.5428
6.809039,5.4180384,2016-11-03,Chai Nat Rice Seed Center 2,904.9998,224.43646
6.9555926,5.4242964,2016-11-04,Chai Nat Rice Seed Center 2,1048.0,225.85167
7.229114,5.426153,2016-11-05,Chai Nat Rice Seed Center 2,1378.0002,226.27328
7.044033,5.429448,2016-11-06,Chai Nat Rice Seed Center 2,1145.0001,227.02338
6.8875527,5.4283314,2016-11-07,Chai Nat Rice Seed Center 2,979.0002,226.76886
6.2989492,5.4309373,2016-11-08,Chai Nat Rice Seed Center 2,543.0,227.36319
6.3456364,5.4358892,2016-11-09,Chai Nat Rice Seed Center 2,569.0,228.49684
6.5496507,5.4389777,2016-11-10,Chai Nat Rice Seed Center 2,697.99994,229.20673
5.872118,5.4359307,2016-11-11,Chai Nat Rice Seed Center 2,354.00006,228.50636
6.6147256,5.436164,2016-11-12,Chai Nat Rice Seed Center 2,745.0,228.55988
6.3350544,5.4335995,2016-11-13,Chai Nat Rice Seed Center 2,563.00006,227.97194
6.3801227,5.429672,2016-11-14,Chai Nat Rice Seed Center 2,589.00006,227.07437
6.872128,5.4383106,2016-11-15,Chai Nat Rice Seed Center 2,963.99994,229.0532
6.126869,5.4414487,2016-11-16,Chai Nat Rice Seed Center 2,457.0,229.77626
6.616065,5.448022,2016-11-17,Chai Nat Rice Seed Center 2,745.9999,231.2982
6.297109,5.4473333,2016-11-18,Chai Nat Rice Seed Center 2,541.9999,231.1383
6.823286,5.4462442,2016-11-19,Chai Nat Rice Seed Center 2,917.99994,230.88562
6.4831076,5.44938,2016-11-20,Chai Nat Rice Seed Center 2,653.0001,231.61388
6.784457,5.4494987,2016-11-21,Chai Nat Rice Seed Center 2,883.0001,231.64151
6.1484685,5.4476767,2016-11-22,Chai Nat Rice Seed Center 2,467.0001,231.21802
6.375025,5.4434404,2016-11-23,Chai Nat Rice Seed Center 2,586.0,230.23637
6.200509,5.4373527,2016-11-24,Chai Nat Rice Seed Center 2,491.99994,228.83293
6.529419,5.4374785,2016-11-25,Chai Nat Rice Seed Center 2,684.00006,228.86186
6.641182,5.435367,2016-11-26,Chai Nat Rice Seed Center 2,764.9998,228.37704
6.3456364,5.4364347,2016-11-27,Chai Nat Rice Seed Center 2,569.0,228.62206
5.988961,5.4355626,2016-11-28,Chai Nat Rice Seed Center 2,397.99994,228.42189
6.6489844,5.4328747,2016-11-29,Chai Nat Rice Seed Center 2,770.9999,227.80605
6.542472,5.4337087,2016-11-30,Chai Nat Rice Seed Center 2,692.99994,227.99695
6.1800165,5.439514,2016-12-01,Chai Nat Rice Seed Center 2,481.99994,229.33026
5.9322453,5.441625,2016-12-02,Chai Nat Rice Seed Center 2,376.00003,229.81699
6.1984787,5.4418015,2016-12-03,Chai Nat Rice Seed Center 2,491.0,229.85771
5.7430034,5.440343,2016-12-04,Chai Nat Rice Seed Center 2,311.00006,229.52121
6.228511,5.4434996,2016-12-05,Chai Nat Rice Seed Center 2,505.99994,230.25005
6.037871,5.442614,2016-12-06,Chai Nat Rice Seed Center 2,418.0,230.04536
5.8493247,5.4405484,2016-12-07,Chai Nat Rice Seed Center 2,345.99997,229.5686
5.5683446,5.4395065,2016-12-08,Chai Nat Rice Seed Center 2,261.00003,229.32849
5.613128,5.4381585,2016-12-09,Chai Nat Rice Seed Center 2,273.00003,229.01822
5.7137327,5.442588,2016-12-10,Chai Nat Rice Seed Center 2,301.99997,230.0393
5.5174527,5.4451914,2016-12-11,Chai Nat Rice Seed Center 2,247.99995,230.6416
5.659482,5.4453487,2016-12-12,Chai Nat Rice Seed Center 2,285.99994,230.67805
5.7430034,5.444903,2016-12-13,Chai Nat Rice Seed Center 2,311.00006,230.5748
5.220356,5.44211,2016-12-14,Chai Nat Rice Seed Center 2,184.00003,229.92894
5.056246,5.44428,2016-12-15,Chai Nat Rice Seed Center 2,156.0,230.43062
4.9272537,5.4439845,2016-12-16,Chai Nat Rice Seed Center 2,137.0,230.36221
5.1298985,5.442629,2016-12-17,Chai Nat Rice Seed Center 2,167.99997,230.04878
5.030438,5.4406705,2016-12-18,Chai Nat Rice Seed Center 2,152.0,229.59674
5.2311087,5.436236,2016-12-19,Chai Nat Rice Seed Center 2,186.0,228.57642
5.288267,5.4436345,2016-12-20,Chai Nat Rice Seed Center 2,197.00002,230.28125
4.727388,5.4447703,2016-12-21,Chai Nat Rice Seed Center 2,112.00001,230.5441
4.9272537,5.4524274,2016-12-22,Chai Nat Rice Seed Center 2,137.0,232.32385
4.8441873,5.4449773,2016-12-23,Chai Nat Rice Seed Center 2,126.00002,230.59201
4.6728287,5.4423156,2016-12-24,Chai Nat Rice Seed Center 2,105.999985,229.97641
4.8598123,5.447855,2016-12-26,Chai Nat Rice Seed Center 2,127.999985,231.25943
4.804021,5.452288,2016-12-27,Chai Nat Rice Seed Center 2,120.99998,232.29137
4.6728287,5.4521995,2016-12-28,Chai Nat Rice Seed Center 2,105.999985,232.27068
4.7095304,5.4555583,2017-01-01,Chai Nat Rice Seed Center 2,110.000015,233.05551
4.6728287,5.4543705,2017-01-02,Chai Nat Rice Seed Center 2,105.999985,232.77766
4.6821313,5.4540796,2017-01-04,Chai Nat Rice Seed Center 2,107.00001,232.70967
4.6728287,5.450135,2017-01-05,Chai Nat Rice Seed Center 2,105.999985,231.78964
4.8520303,5.445667,2017-01-06,Chai Nat Rice Seed Center 2,127.0,230.75175
4.7361984,5.4454284,2017-01-07,Chai Nat Rice Seed Center 2,113.0,230.6965
4.634729,5.447514,2017-01-08,Chai Nat Rice Seed Center 2,101.99999,231.18027
4.828314,5.456968,2017-01-09,Chai Nat Rice Seed Center 2,124.00001,233.38565
4.6634393,5.459704,2017-01-10,Chai Nat Rice Seed Center 2,105.000015,234.02783
4.744932,5.463917,2017-01-11,Chai Nat Rice Seed Center 2,114.00001,235.02005
4.6728287,5.464338,2017-01-12,Chai Nat Rice Seed Center 2,105.999985,235.11945
4.7706847,5.4652505,2017-01-13,Chai Nat Rice Seed Center 2,117.000015,235.33505
4.7361984,5.4647465,2017-01-14,Chai Nat Rice Seed Center 2,113.0,235.21596
4.7957907,5.473483,2017-01-15,Chai Nat Rice Seed Center 2,120.000015,237.28873
4.7004805,5.4806695,2017-01-16,Chai Nat Rice Seed Center 2,109.000015,239.00734
4.7095304,5.4838924,2017-01-17,Chai Nat Rice Seed Center 2,110.000015,239.78212
4.7361984,5.4348116,2017-03-10,Chai Nat Rice Seed Center 2,113.0,228.24965
6.776507,5.4332747,2017-03-11,Chai Nat Rice Seed Center 2,875.99994,227.8976
6.921658,5.433081,2017-03-12,Chai Nat Rice Seed Center 2,1012.9999,227.85329
6.8987145,5.4341145,2017-03-13,Chai Nat Rice Seed Center 2,990.0,228.08989
7.4882936,5.4304647,2017-03-14,Chai Nat Rice Seed Center 2,1786.0002,227.2553
7.0219765,5.439355,2017-03-15,Chai Nat Rice Seed Center 2,1120.0,229.29358
6.8710914,5.4397445,2017-03-16,Chai Nat Rice Seed Center 2,963.00006,229.3833
6.934397,5.440172,2017-03-17,Chai Nat Rice Seed Center 2,1026.0,229.48187
6.8543544,5.44133,2017-03-18,Chai Nat Rice Seed Center 2,946.9999,229.74887
6.7417006,5.4374137,2017-03-19,Chai Nat Rice Seed Center 2,846.0,228.84695
6.9226437,5.4459586,2017-03-20,Chai Nat Rice Seed Center 2,1013.99976,230.8194
6.7238326,5.447513,2017-03-21,Chai Nat Rice Seed Center 2,831.0001,231.18004
7.1300983,5.4479003,2017-03-22,Chai Nat Rice Seed Center 2,1247.9998,231.26996
6.6133842,5.4465213,2017-03-23,Chai Nat Rice Seed Center 2,744.0,230.94987
6.419995,5.444545,2017-03-24,Chai Nat Rice Seed Center 2,612.99994,230.49188
6.3062754,5.4447823,2017-03-25,Chai Nat Rice Seed Center 2,547.00006,230.54686
6.5638556,5.44313,2017-03-26,Chai Nat Rice Seed Center 2,708.0001,230.1646
6.514713,5.443277,2017-03-27,Chai Nat Rice Seed Center 2,674.00006,230.19855
6.371612,5.4393377,2017-03-28,Chai Nat Rice Seed Center 2,584.0001,229.28961
6.3044486,5.4347506,2017-03-29,Chai Nat Rice Seed Center 2,545.9999,228.23566
6.6133842,5.440585,2017-03-30,Chai Nat Rice Seed Center 2,744.0,229.57706
6.481577,5.441225,2017-03-31,Chai Nat Rice Seed Center 2,651.9999,229.72466
6.375025,5.4384966,2017-04-01,Chai Nat Rice Seed Center 2,586.0,229.096
6.4676986,5.4336195,2017-04-02,Chai Nat Rice Seed Center 2,642.9999,227.97653
6.498282,5.4286942,2017-04-03,Chai Nat Rice Seed Center 2,662.9999,226.85153
6.350886,5.430741,2017-04-04,Chai Nat Rice Seed Center 2,572.00006,227.31833
6.475433,5.429106,2017-04-05,Chai Nat Rice Seed Center 2,648.0001,226.94542
6.001415,5.43132,2017-04-06,Chai Nat Rice Seed Center 2,402.99997,227.45065
5.7745514,5.4305463,2017-04-07,Chai Nat Rice Seed Center 2,320.99994,227.27391
5.6629605,5.425099,2017-04-08,Chai Nat Rice Seed Center 2,287.0,226.0338
5.351858,5.4218936,2017-04-09,Chai Nat Rice Seed Center 2,210.0,225.30725
5.164786,5.412802,2017-04-10,Chai Nat Rice Seed Center 2,173.99998,223.25912
5.241747,5.407029,2017-04-11,Chai Nat Rice Seed Center 2,187.99997,221.9682
4.828314,5.407098,2017-04-13,Chai Nat Rice Seed Center 2,124.00001,221.9835
4.89784,5.40659,2017-04-14,Chai Nat Rice Seed Center 2,133.00003,221.8703
4.644391,5.410013,2017-04-16,Chai Nat Rice Seed Center 2,103.000015,222.63454
4.6728287,5.4102626,2017-04-17,Chai Nat Rice Seed Center 2,105.999985,222.69032
5.7745514,5.4092994,2017-04-20,Chai Nat Rice Seed Center 2,320.99994,222.47496
4.7957907,5.406957,2017-04-21,Chai Nat Rice Seed Center 2,120.000015,221.95215
4.8751974,5.3985806,2017-04-24,Chai Nat Rice Seed Center 2,130.00002,220.09236
4.634729,5.3937273,2017-04-27,Chai Nat Rice Seed Center 2,101.99999,219.02194
4.634729,5.3922668,2017-06-06,Chai Nat Rice Seed Center 2,101.99999,218.70084
4.6728287,5.359965,2017-06-14,Chai Nat Rice Seed Center 2,105.999985,211.71747
4.7791233,5.361156,2017-06-15,Chai Nat Rice Seed Center 2,117.99998,211.971
4.8441873,5.357554,2017-06-16,Chai Nat Rice Seed Center 2,126.00002,211.20525
4.744932,5.3485556,2017-06-19,Chai Nat Rice Seed Center 2,114.00001,209.3043
4.919981,5.354491,2017-06-20,Chai Nat Rice Seed Center 2,136.00002,210.55632
4.65396,5.3473034,2017-07-01,Chai Nat Rice Seed Center 2,103.999985,209.04114
4.6634393,5.3412566,2017-07-03,Chai Nat Rice Seed Center 2,105.000015,207.7749
4.75359,5.3400946,2017-07-05,Chai Nat Rice Seed Center 2,114.99999,207.53242
4.6728287,5.339897,2017-07-06,Chai Nat Rice Seed Center 2,105.999985,207.49127
4.8598123,5.342663,2017-07-07,Chai Nat Rice Seed Center 2,127.999985,208.06868
4.644391,5.340345,2017-07-09,Chai Nat Rice Seed Center 2,103.000015,207.58464
4.75359,5.345136,2017-07-10,Chai Nat Rice Seed Center 2,114.99999,208.58643
5.09375,5.343805,2017-07-13,Chai Nat Rice Seed Center 2,161.99997,208.30759
4.919981,5.343304,2017-07-14,Chai Nat Rice Seed Center 2,136.00002,208.2028
5.043425,5.346989,2017-07-15,Chai Nat Rice Seed Center 2,154.0,208.97514
4.8520303,5.344712,2017-07-16,Chai Nat Rice Seed Center 2,127.0,208.4975
5.0875964,5.3482227,2017-07-17,Chai Nat Rice Seed Center 2,161.00002,209.23431
5.6240177,5.3454924,2017-07-18,Chai Nat Rice Seed Center 2,276.00006,208.66109
5.043425,5.344051,2017-07-19,Chai Nat Rice Seed Center 2,154.0,208.35909
5.236442,5.3456016,2017-07-20,Chai Nat Rice Seed Center 2,187.00003,208.68399
5.332719,5.3445425,2017-07-21,Chai Nat Rice Seed Center 2,206.00002,208.46204
5.241747,5.3419843,2017-07-22,Chai Nat Rice Seed Center 2,187.99997,207.92686
4.9272537,5.341331,2017-07-23,Chai Nat Rice Seed Center 2,137.0,207.79044
4.804021,5.3402796,2017-07-24,Chai Nat Rice Seed Center 2,120.99998,207.57101
4.6728287,5.3421674,2017-07-25,Chai Nat Rice Seed Center 2,105.999985,207.96512
4.7361984,5.346003,2017-07-27,Chai Nat Rice Seed Center 2,113.0,208.76819
4.9904327,5.3429904,2017-07-28,Chai Nat Rice Seed Center 2,146.00003,208.13718
5.521461,5.3414235,2017-07-30,Chai Nat Rice Seed Center 2,249.00003,207.80974
5.7838254,5.341585,2017-07-31,Chai Nat Rice Seed Center 2,324.00006,207.8435
6.182085,5.3514395,2017-08-01,Chai Nat Rice Seed Center 2,483.00006,209.91168
6.228511,5.3506413,2017-08-02,Chai Nat Rice Seed Center 2,505.99994,209.7434
4.6728287,5.3558497,2017-08-03,Chai Nat Rice Seed Center 2,105.999985,210.84392
4.744932,5.3564153,2017-08-04,Chai Nat Rice Seed Center 2,114.00001,210.96375
4.6821313,5.350929,2017-08-06,Chai Nat Rice Seed Center 2,107.00001,209.804
4.9904327,5.3478894,2017-08-09,Chai Nat Rice Seed Center 2,146.00003,209.16426
5.030438,5.346913,2017-08-10,Chai Nat Rice Seed Center 2,152.0,208.95912
4.89784,5.341138,2017-08-11,Chai Nat Rice Seed Center 2,133.00003,207.7501
5.241747,5.339617,2017-08-12,Chai Nat Rice Seed Center 2,187.99997,207.43282
5.123964,5.3420606,2017-08-13,Chai Nat Rice Seed Center 2,166.99997,207.94281
5.4553213,5.343307,2017-08-14,Chai Nat Rice Seed Center 2,233.00005,208.2034
5.488938,5.350445,2017-08-15,Chai Nat Rice Seed Center 2,241.00003,209.702
5.3565865,5.348143,2017-08-16,Chai Nat Rice Seed Center 2,211.00003,209.21759
5.220356,5.3445487,2017-08-17,Chai Nat Rice Seed Center 2,184.00003,208.46333
4.94876,5.3457437,2017-08-18,Chai Nat Rice Seed Center 2,140.00002,208.71378
5.049856,5.342,2017-08-19,Chai Nat Rice Seed Center 2,155.00003,207.93015
5.09375,5.3458295,2017-08-20,Chai Nat Rice Seed Center 2,161.99997,208.73178
4.7957907,5.345924,2017-08-21,Chai Nat Rice Seed Center 2,120.000015,208.75159
4.919981,5.3483562,2017-08-22,Chai Nat Rice Seed Center 2,136.00002,209.26239
4.744932,5.3476095,2017-08-24,Chai Nat Rice Seed Center 2,114.00001,209.10544
4.6728287,5.3485823,2017-08-25,Chai Nat Rice Seed Center 2,105.999985,209.30992
4.727388,5.356709,2017-08-27,Chai Nat Rice Seed Center 2,112.00001,211.02602
4.624973,5.3567133,2017-08-28,Chai Nat Rice Seed Center 2,101.0,211.02693
4.8121843,5.3546977,2017-09-01,Chai Nat Rice Seed Center 2,122.0,210.6
4.7095304,5.353886,2017-09-04,Chai Nat Rice Seed Center 2,110.000015,210.42834
4.882802,5.364886,2017-09-05,Chai Nat Rice Seed Center 2,131.00002,212.76682
4.962845,5.358971,2017-09-06,Chai Nat Rice Seed Center 2,142.00003,211.5062
4.644391,5.360664,2017-09-08,Chai Nat Rice Seed Center 2,103.000015,211.86621
4.9272537,5.371464,2017-09-09,Chai Nat Rice Seed Center 2,137.0,214.17761
4.828314,5.3748894,2017-09-10,Chai Nat Rice Seed Center 2,124.00001,214.91599
4.7791233,5.3750105,2017-09-11,Chai Nat Rice Seed Center 2,117.99998,214.94214
4.955827,5.3786845,2017-09-12,Chai Nat Rice Seed Center 2,141.00003,215.73697
4.6728287,5.3844256,2017-09-16,Chai Nat Rice Seed Center 2,105.999985,216.98486
4.7361984,5.3858867,2017-09-17,Chai Nat Rice Seed Center 2,113.0,217.30359
4.624973,5.3807087,2017-09-25,Chai Nat Rice Seed Center 2,101.0,216.17613
4.7361984,5.389309,2017-10-04,Chai Nat Rice Seed Center 2,113.0,218.05196
4.6634393,5.390104,2017-10-05,Chai Nat Rice Seed Center 2,105.000015,218.22614
4.634729,5.4048495,2017-10-08,Chai Nat Rice Seed Center 2,101.99999,221.48274
4.7361984,5.420091,2017-10-10,Chai Nat Rice Seed Center 2,113.0,224.89972
4.828314,5.420537,2017-10-11,Chai Nat Rice Seed Center 2,124.00001,225.00046
4.919981,5.422749,2017-10-12,Chai Nat Rice Seed Center 2,136.00002,225.50093
5.0039463,5.423803,2017-10-13,Chai Nat Rice Seed Center 2,148.0,225.73975
4.762174,5.4325767,2017-10-17,Chai Nat Rice Seed Center 2,116.00002,227.73787
4.828314,5.436741,2017-10-18,Chai Nat Rice Seed Center 2,124.00001,228.69237
4.89784,5.430091,2017-10-19,Chai Nat Rice Seed Center 2,133.00003,227.16998
4.6821313,5.432774,2017-10-22,Chai Nat Rice Seed Center 2,107.00001,227.78302
4.6728287,5.426681,2017-10-24,Chai Nat Rice Seed Center 2,105.999985,226.39328
4.962845,5.424855,2017-10-25,Chai Nat Rice Seed Center 2,142.00003,225.97849
4.9904327,5.425723,2017-10-26,Chai Nat Rice Seed Center 2,146.00003,226.17555
5.030438,5.423273,2017-10-27,Chai Nat Rice Seed Center 2,152.0,225.61966
4.89784,5.420227,2017-10-28,Chai Nat Rice Seed Center 2,133.00003,224.93042
4.6634393,5.419278,2017-10-30,Chai Nat Rice Seed Center 2,105.000015,224.71613
4.8202815,5.421473,2017-10-31,Chai Nat Rice Seed Center 2,122.99999,225.2121
4.89784,5.423078,2017-11-01,Chai Nat Rice Seed Center 2,133.00003,225.57547
4.962845,5.41872,2017-11-02,Chai Nat Rice Seed Center 2,142.00003,224.59013
4.828314,5.4183407,2017-11-03,Chai Nat Rice Seed Center 2,124.00001,224.50462
4.691348,5.4177747,2017-11-04,Chai Nat Rice Seed Center 2,108.00002,224.37703
4.75359,5.4175773,2017-11-05,Chai Nat Rice Seed Center 2,114.99999,224.33253
4.9416423,5.411813,2017-11-06,Chai Nat Rice Seed Center 2,138.99998,223.03735
4.955827,5.4080176,2017-11-07,Chai Nat Rice Seed Center 2,141.00003,222.1887
5.043425,5.407249,2017-11-08,Chai Nat Rice Seed Center 2,154.0,222.01721
5.159055,5.413486,2017-11-09,Chai Nat Rice Seed Center 2,172.99998,223.41254
4.905275,5.4126577,2017-11-10,Chai Nat Rice Seed Center 2,134.00002,223.22673
4.8202815,5.4148903,2017-11-11,Chai Nat Rice Seed Center 2,122.99999,223.72789
5.117994,5.4131474,2017-11-12,Chai Nat Rice Seed Center 2,166.0,223.33656
4.828314,5.413319,2017-11-13,Chai Nat Rice Seed Center 2,124.00001,223.37508
5.075174,5.415859,2017-11-14,Chai Nat Rice Seed Center 2,159.0,223.94574
4.7004805,5.423448,2017-11-15,Chai Nat Rice Seed Center 2,109.000015,225.65932
4.9904327,5.4273205,2017-11-16,Chai Nat Rice Seed Center 2,146.00003,226.53873
5.049856,5.4297333,2017-11-17,Chai Nat Rice Seed Center 2,155.00003,227.08841
4.8202815,5.4320517,2017-11-18,Chai Nat Rice Seed Center 2,122.99999,227.61781
4.934474,5.4349203,2017-11-19,Chai Nat Rice Seed Center 2,138.0,228.27458
5.0039463,5.441586,2017-11-20,Chai Nat Rice Seed Center 2,148.0,229.80795
5.0998664,5.4443784,2017-11-21,Chai Nat Rice Seed Center 2,163.0,230.45335
5.236442,5.447911,2017-11-22,Chai Nat Rice Seed Center 2,187.00003,231.2724
5.273,5.4497952,2017-11-23,Chai Nat Rice Seed Center 2,194.00003,231.71051
5.3565865,5.449069,2017-11-24,Chai Nat Rice Seed Center 2,211.00003,231.54158
5.587249,5.4538646,2017-11-25,Chai Nat Rice Seed Center 2,266.00003,232.65942
5.164786,5.4570017,2017-11-26,Chai Nat Rice Seed Center 2,173.99998,233.39359
5.605802,5.456039,2017-11-27,Chai Nat Rice Seed Center 2,271.0,233.16803
5.3471074,5.4542317,2017-11-28,Chai Nat Rice Seed Center 2,208.99997,232.74522
5.9053617,5.4514737,2017-11-29,Chai Nat Rice Seed Center 2,365.99994,232.10144
5.771441,5.4516687,2017-11-30,Chai Nat Rice Seed Center 2,319.99994,232.1469
6.0473723,5.45022,2017-12-01,Chai Nat Rice Seed Center 2,422.00006,231.8094
6.2766433,5.4418597,2017-12-02,Chai Nat Rice Seed Center 2,530.9999,229.87114
5.926926,5.4403305,2017-12-03,Chai Nat Rice Seed Center 2,374.00006,229.51836
6.188264,5.4348025,2017-12-04,Chai Nat Rice Seed Center 2,485.99988,228.24757
6.3885612,5.4388604,2017-12-05,Chai Nat Rice Seed Center 2,593.9999,229.17972
5.918894,5.4398656,2017-12-06,Chai Nat Rice Seed Center 2,371.0,229.41121
5.6629605,5.441348,2017-12-07,Chai Nat Rice Seed Center 2,287.0,229.75305
5.9107966,5.4440556,2017-12-08,Chai Nat Rice Seed Center 2,368.0,230.37865
6.0210233,5.4457154,2017-12-09,Chai Nat Rice Seed Center 2,410.99997,230.76303
5.926926,5.4481096,2017-12-10,Chai Nat Rice Seed Center 2,374.00006,231.31859
5.9738097,5.453695,2017-12-11,Chai Nat Rice Seed Center 2,392.00006,232.61975
6.212606,5.4531984,2017-12-12,Chai Nat Rice Seed Center 2,497.99994,232.50381
5.9375362,5.448163,2017-12-13,Chai Nat Rice Seed Center 2,378.0,231.331
5.8493247,5.448147,2017-12-14,Chai Nat Rice Seed Center 2,345.99997,231.32722
6.0473723,5.454445,2017-12-15,Chai Nat Rice Seed Center 2,422.00006,232.79504
5.6347895,5.4520407,2017-12-16,Chai Nat Rice Seed Center 2,278.99997,232.23364
5.9584246,5.4513235,2017-12-17,Chai Nat Rice Seed Center 2,385.99994,232.06642
6.1180973,5.4519167,2017-12-18,Chai Nat Rice Seed Center 2,453.00006,232.20471
6.070738,5.4501476,2017-12-19,Chai Nat Rice Seed Center 2,432.00006,231.79253
5.7620516,5.4583144,2017-12-20,Chai Nat Rice Seed Center 2,317.00006,233.70148
5.8998976,5.4660153,2017-12-21,Chai Nat Rice Seed Center 2,364.00006,235.51587
5.6240177,5.4714584,2017-12-22,Chai Nat Rice Seed Center 2,276.00006,236.80676
5.8435445,5.4716673,2017-12-23,Chai Nat Rice Seed Center 2,344.00003,236.85645
5.5053315,5.4653087,2017-12-24,Chai Nat Rice Seed Center 2,245.0,235.3488
5.7589016,5.4603653,2017-12-25,Chai Nat Rice Seed Center 2,315.99994,234.18332
5.805135,5.4508314,2017-12-26,Chai Nat Rice Seed Center 2,330.99994,231.95177
5.5683446,5.438471,2017-12-27,Chai Nat Rice Seed Center 2,261.00003,229.09007
5.236442,5.42858,2017-12-28,Chai Nat Rice Seed Center 2,187.00003,226.82545
5.488938,5.4270844,2017-12-29,Chai Nat Rice Seed Center 2,241.00003,226.48503
5.46806,5.4333096,2017-12-30,Chai Nat Rice Seed Center 2,235.99997,227.90556
5.620401,5.4395776,2017-12-31,Chai Nat Rice Seed Center 2,275.0,229.34486
5.293305,5.444038,2018-01-01,Chai Nat Rice Seed Center 2,198.00002,230.37457
5.5134287,5.442438,2018-01-02,Chai Nat Rice Seed Center 2,246.99998,230.00471
5.587249,5.4489465,2018-01-03,Chai Nat Rice Seed Center 2,266.00003,231.51308
5.8377304,5.459303,2018-01-04,Chai Nat Rice Seed Center 2,342.0,233.9336
5.755742,5.466835,2018-01-05,Chai Nat Rice Seed Center 2,314.99994,235.70982
5.6629605,5.4722714,2018-01-06,Chai Nat Rice Seed Center 2,287.0,237.00018
5.1059456,5.4758067,2018-01-07,Chai Nat Rice Seed Center 2,164.00002,237.84306
5.583496,5.4683285,2018-01-08,Chai Nat Rice Seed Center 2,264.99994,236.0636
5.7430034,5.4714546,2018-01-09,Chai Nat Rice Seed Center 2,311.00006,236.80586
5.488938,5.471422,2018-01-10,Chai Nat Rice Seed Center 2,241.00003,236.79814
5.365976,5.4676795,2018-01-11,Chai Nat Rice Seed Center 2,212.99997,235.9098
5.488938,5.4655,2018-01-12,Chai Nat Rice Seed Center 2,241.00003,235.394
5.46806,5.467679,2018-01-13,Chai Nat Rice Seed Center 2,235.99997,235.9097
5.332719,5.467313,2018-01-14,Chai Nat Rice Seed Center 2,206.00002,235.82295
5.370638,5.476235,2018-01-15,Chai Nat Rice Seed Center 2,213.99997,237.94536
5.616771,5.476193,2018-01-16,Chai Nat Rice Seed Center 2,274.00003,237.93533
5.488938,5.4788613,2018-01-17,Chai Nat Rice Seed Center 2,241.00003,238.57376
5.587249,5.4764314,2018-01-18,Chai Nat Rice Seed Center 2,266.00003,237.99231
5.463832,5.4668174,2018-01-19,Chai Nat Rice Seed Center 2,235.00003,235.70564
5.521461,5.467438,2018-01-20,Chai Nat Rice Seed Center 2,249.00003,235.85265
5.389072,5.464693,2018-01-21,Chai Nat Rice Seed Center 2,218.00005,235.20334
5.42495,5.4649715,2018-01-22,Chai Nat Rice Seed Center 2,226.00003,235.26913
5.4510384,5.463909,2018-01-23,Chai Nat Rice Seed Center 2,231.99998,235.01825
5.288267,5.4603376,2018-01-24,Chai Nat Rice Seed Center 2,197.00002,234.17682
5.3565865,5.4675837,2018-01-25,Chai Nat Rice Seed Center 2,211.00003,235.8871
5.236442,5.464453,2018-01-26,Chai Nat Rice Seed Center 2,187.00003,235.1467
5.2832036,5.4618325,2018-01-27,Chai Nat Rice Seed Center 2,195.99997,234.52864
5.4467373,5.4602823,2018-01-28,Chai Nat Rice Seed Center 2,230.99998,234.1638
5.4161005,5.4601645,2018-01-29,Chai Nat Rice Seed Center 2,224.00003,234.13611
5.4722705,5.467594,2018-01-30,Chai Nat Rice Seed Center 2,236.99995,235.88959
5.488938,5.468639,2018-01-31,Chai Nat Rice Seed Center 2,241.00003,236.1372
4.8520303,5.47311,2018-02-01,Chai Nat Rice Seed Center 2,127.0,237.19989
4.919981,5.473444,2018-02-02,Chai Nat Rice Seed Center 2,136.00002,237.27942
5.0039463,5.4766464,2018-02-03,Chai Nat Rice Seed Center 2,148.0,238.04372
5.075174,5.484569,2018-02-04,Chai Nat Rice Seed Center 2,159.0,239.9451
5.117994,5.4871635,2018-02-05,Chai Nat Rice Seed Center 2,166.0,240.57103
5.164786,5.4922733,2018-02-06,Chai Nat Rice Seed Center 2,173.99998,241.80856
5.0039463,5.490499,2018-02-07,Chai Nat Rice Seed Center 2,148.0,241.37813
4.9904327,5.481151,2018-02-08,Chai Nat Rice Seed Center 2,146.00003,239.12296
4.8121843,5.4781795,2018-02-09,Chai Nat Rice Seed Center 2,122.0,238.41046
4.9416423,5.4699774,2018-02-10,Chai Nat Rice Seed Center 2,138.99998,236.45482
5.043425,5.4595065,2018-02-11,Chai Nat Rice Seed Center 2,154.0,233.98143
4.89784,5.4597273,2018-02-12,Chai Nat Rice Seed Center 2,133.00003,234.03333
4.8520303,5.451286,2018-02-13,Chai Nat Rice Seed Center 2,127.0,232.05765
4.75359,5.444185,2018-02-14,Chai Nat Rice Seed Center 2,114.99999,230.40855
4.7004805,5.4514213,2018-02-15,Chai Nat Rice Seed Center 2,109.000015,232.0892
4.744932,5.451955,2018-02-16,Chai Nat Rice Seed Center 2,114.00001,232.21362
4.804021,5.455644,2018-02-17,Chai Nat Rice Seed Center 2,120.99998,233.07559
4.7706847,5.454399,2018-02-21,Chai Nat Rice Seed Center 2,117.000015,232.78435
4.644391,5.4564943,2018-02-22,Chai Nat Rice Seed Center 2,103.000015,233.27469
4.762174,5.457408,2018-02-23,Chai Nat Rice Seed Center 2,116.00002,233.48883
4.912655,5.456923,2018-02-24,Chai Nat Rice Seed Center 2,135.0,233.37514
4.9904327,5.4665527,2018-02-25,Chai Nat Rice Seed Center 2,146.00003,235.643
5.0039463,5.468531,2018-02-26,Chai Nat Rice Seed Center 2,148.0,236.11165
5.0369525,5.46909,2018-02-27,Chai Nat Rice Seed Center 2,152.99998,236.2442
4.828314,5.467799,2018-02-28,Chai Nat Rice Seed Center 2,124.00001,235.93816
5.587249,5.465058,2018-03-01,Chai Nat Rice Seed Center 2,266.00003,235.28952
5.220356,5.4709206,2018-03-02,Chai Nat Rice Seed Center 2,184.00003,236.6789
5.0369525,5.4677496,2018-03-03,Chai Nat Rice Seed Center 2,152.99998,235.9264
5.31812,5.4677706,2018-03-04,Chai Nat Rice Seed Center 2,203.0,235.93138
4.8598123,5.466523,2018-03-05,Chai Nat Rice Seed Center 2,127.999985,235.63602
5.0106354,5.4598675,2018-03-06,Chai Nat Rice Seed Center 2,149.00002,234.06627
5.17615,5.463605,2018-03-07,Chai Nat Rice Seed Center 2,176.00002,234.94646
5.379897,5.4617705,2018-03-08,Chai Nat Rice Seed Center 2,215.99995,234.51404
5.6312118,5.457713,2018-03-09,Chai Nat Rice Seed Center 2,278.0,233.5604
5.4467373,5.4567413,2018-03-10,Chai Nat Rice Seed Center 2,230.99998,233.33257
5.293305,5.455374,2018-03-11,Chai Nat Rice Seed Center 2,198.00002,233.01231
5.7430034,5.455219,2018-03-12,Chai Nat Rice Seed Center 2,311.00006,232.97606
5.488938,5.453159,2018-03-13,Chai Nat Rice Seed Center 2,241.00003,232.49458
5.560682,5.4501233,2018-03-14,Chai Nat Rice Seed Center 2,259.00006,231.78687
5.17615,5.455431,2018-03-15,Chai Nat Rice Seed Center 2,176.00002,233.02571
4.912655,5.450007,2018-03-16,Chai Nat Rice Seed Center 2,135.0,231.75978
5.1059456,5.4446692,2018-03-17,Chai Nat Rice Seed Center 2,164.00002,230.52069
5.365976,5.436322,2018-03-18,Chai Nat Rice Seed Center 2,212.99997,228.59622
5.241747,5.431943,2018-03-19,Chai Nat Rice Seed Center 2,187.99997,227.59296
5.32301,5.4401646,2018-03-20,Chai Nat Rice Seed Center 2,204.0,229.4801
5.389072,5.437868,2018-03-21,Chai Nat Rice Seed Center 2,218.00005,228.95143
5.278115,5.4390054,2018-03-22,Chai Nat Rice Seed Center 2,195.00003,229.21309
5.2522736,5.438354,2018-03-23,Chai Nat Rice Seed Center 2,190.00003,229.06319
5.117994,5.43416,2018-03-24,Chai Nat Rice Seed Center 2,166.0,228.10037
4.9972124,5.4394007,2018-03-25,Chai Nat Rice Seed Center 2,147.00002,229.30411
5.159055,5.440271,2018-03-26,Chai Nat Rice Seed Center 2,172.99998,229.50462
5.273,5.4412594,2018-03-27,Chai Nat Rice Seed Center 2,194.00003,229.73257
5.379897,5.4398103,2018-03-28,Chai Nat Rice Seed Center 2,215.99995,229.39847
5.327876,5.438081,2018-03-29,Chai Nat Rice Seed Center 2,204.99998,229.00034
5.214936,5.437659,2018-03-30,Chai Nat Rice Seed Center 2,183.0,228.9033
5.043425,5.4387083,2018-03-31,Chai Nat Rice Seed Center 2,154.0,229.14471
5.056246,5.436929,2018-04-01,Chai Nat Rice Seed Center 2,156.0,228.73563
5.0039463,5.435649,2018-04-02,Chai Nat Rice Seed Center 2,148.0,228.44168
5.170484,5.432153,2018-04-03,Chai Nat Rice Seed Center 2,175.00002,227.64104
5.220356,5.4413123,2018-04-04,Chai Nat Rice Seed Center 2,184.00003,229.7448
4.727388,5.441871,2018-04-05,Chai Nat Rice Seed Center 2,112.00001,229.87378
4.6728287,5.44202,2018-04-06,Chai Nat Rice Seed Center 2,105.999985,229.90813
4.8598123,5.442639,2018-04-07,Chai Nat Rice Seed Center 2,127.999985,230.05109
4.9904327,5.4339304,2018-04-08,Chai Nat Rice Seed Center 2,146.00003,228.04773
4.912655,5.4331145,2018-04-09,Chai Nat Rice Seed Center 2,135.0,227.86093
4.8751974,5.428828,2018-04-10,Chai Nat Rice Seed Center 2,130.00002,226.88196
4.836282,5.4253426,2018-04-11,Chai Nat Rice Seed Center 2,124.999985,226.08913
5.0039463,5.427163,2018-04-12,Chai Nat Rice Seed Center 2,148.0,226.50293
5.117994,5.420138,2018-04-13,Chai Nat Rice Seed Center 2,166.0,224.91026
4.7957907,5.413988,2018-04-14,Chai Nat Rice Seed Center 2,120.000015,223.52524
4.955827,5.4130764,2018-04-15,Chai Nat Rice Seed Center 2,141.00003,223.32063
4.89784,5.4014206,2018-04-16,Chai Nat Rice Seed Center 2,133.00003,220.72116
4.6728287,5.40011,2018-04-17,Chai Nat Rice Seed Center 2,105.999985,220.43073
4.7706847,5.400158,2018-04-18,Chai Nat Rice Seed Center 2,117.000015,220.44139
4.691348,5.41543,2018-04-26,Chai Nat Rice Seed Center 2,108.00002,223.84923
4.962845,5.4180503,2018-04-27,Chai Nat Rice Seed Center 2,142.00003,224.43915
4.744932,5.408727,2018-04-29,Chai Nat Rice Seed Center 2,114.00001,222.34712
4.804021,5.4116373,2018-04-30,Chai Nat Rice Seed Center 2,120.99998,222.99805
4.65396,5.409501,2018-05-01,Chai Nat Rice Seed Center 2,103.999985,222.52003
4.75359,5.4099355,2018-05-02,Chai Nat Rice Seed Center 2,114.99999,222.61716
4.7957907,5.4025326,2018-05-03,Chai Nat Rice Seed Center 2,120.000015,220.96786
4.8441873,5.3964276,2018-05-04,Chai Nat Rice Seed Center 2,126.00002,219.61688
4.65396,5.411443,2018-05-06,Chai Nat Rice Seed Center 2,103.999985,222.95457
4.7791233,5.409939,2018-05-07,Chai Nat Rice Seed Center 2,117.99998,222.6179
4.912655,5.4125643,2018-05-08,Chai Nat Rice Seed Center 2,135.0,223.20578
4.8520303,5.408203,2018-05-09,Chai Nat Rice Seed Center 2,127.0,222.2301
4.6728287,5.407749,2018-05-10,Chai Nat Rice Seed Center 2,105.999985,222.1288
4.7361984,5.407671,2018-05-11,Chai Nat Rice Seed Center 2,113.0,222.11136
4.8598123,5.4053454,2018-05-12,Chai Nat Rice Seed Center 2,127.999985,221.59311
4.75359,5.400722,2018-05-13,Chai Nat Rice Seed Center 2,114.99999,220.56633
4.919981,5.392455,2018-05-14,Chai Nat Rice Seed Center 2,136.00002,218.74222
4.7957907,5.391489,2018-05-15,Chai Nat Rice Seed Center 2,120.000015,218.53003
4.828314,5.395327,2018-05-16,Chai Nat Rice Seed Center 2,124.00001,219.37422
4.919981,5.390662,2018-05-17,Chai Nat Rice Seed Center 2,136.00002,218.34859
4.691348,5.397139,2018-05-18,Chai Nat Rice Seed Center 2,108.00002,219.7739
4.6634393,5.391918,2018-05-19,Chai Nat Rice Seed Center 2,105.000015,218.62427
4.8520303,5.3947716,2018-05-20,Chai Nat Rice Seed Center 2,127.0,219.25183
4.7004805,5.393846,2018-05-21,Chai Nat Rice Seed Center 2,109.000015,219.04807
4.744932,5.3910084,2018-05-22,Chai Nat Rice Seed Center 2,114.00001,218.42453
4.7706847,5.387653,2018-05-23,Chai Nat Rice Seed Center 2,117.000015,217.68948
4.65396,5.3802876,2018-05-24,Chai Nat Rice Seed Center 2,103.999985,216.08472
4.8441873,5.383778,2018-05-25,Chai Nat Rice Seed Center 2,126.00002,216.84375
4.8598123,5.3800054,2018-05-26,Chai Nat Rice Seed Center 2,127.999985,216.02344
4.7957907,5.3823605,2018-05-27,Chai Nat Rice Seed Center 2,120.000015,216.53516
4.744932,5.3826714,2018-05-28,Chai Nat Rice Seed Center 2,114.00001,216.6028
4.836282,5.381101,2018-05-29,Chai Nat Rice Seed Center 2,124.999985,216.26138
4.905275,5.3837147,2018-05-30,Chai Nat Rice Seed Center 2,134.00002,216.82994
4.691348,5.3911524,2018-05-31,Chai Nat Rice Seed Center 2,108.00002,218.45615
5.056246,5.3893356,2018-06-01,Chai Nat Rice Seed Center 2,156.0,218.0578
5.0039463,5.392178,2018-06-02,Chai Nat Rice Seed Center 2,148.0,218.68134
5.170484,5.390961,2018-06-03,Chai Nat Rice Seed Center 2,175.00002,218.41418
5.220356,5.393654,2018-06-04,Chai Nat Rice Seed Center 2,184.00003,219.0058
4.727388,5.3938513,2018-06-05,Chai Nat Rice Seed Center 2,112.00001,219.04922
5.0039463,5.392767,2018-06-06,Chai Nat Rice Seed Center 2,148.0,218.81075
5.170484,5.390854,2018-06-07,Chai Nat Rice Seed Center 2,175.00002,218.39064
5.075174,5.3817654,2018-06-08,Chai Nat Rice Seed Center 2,159.0,216.40573
5.1059456,5.3774557,2018-06-09,Chai Nat Rice Seed Center 2,164.00002,215.47081
5.3565865,5.3721766,2018-06-10,Chai Nat Rice Seed Center 2,211.00003,214.33105
4.983607,5.3656254,2018-06-11,Chai Nat Rice Seed Center 2,145.00003,212.92497
5.1474943,5.3627586,2018-06-12,Chai Nat Rice Seed Center 2,170.99997,212.31259
5.117994,5.356291,2018-06-13,Chai Nat Rice Seed Center 2,166.0,210.93738
5.3752785,5.352424,2018-06-14,Chai Nat Rice Seed Center 2,215.00002,210.11946
5.236442,5.3542995,2018-06-15,Chai Nat Rice Seed Center 2,187.00003,210.51576
5.0369525,5.3511043,2018-06-16,Chai Nat Rice Seed Center 2,152.99998,209.84099
5.273,5.3535285,2018-06-17,Chai Nat Rice Seed Center 2,194.00003,210.35274
4.983607,5.352613,2018-06-18,Chai Nat Rice Seed Center 2,145.00003,210.15933
5.1298985,5.350523,2018-06-19,Chai Nat Rice Seed Center 2,167.99997,209.71848
5.192957,5.354052,2018-06-20,Chai Nat Rice Seed Center 2,179.00002,210.46342
5.0039463,5.347944,2018-06-21,Chai Nat Rice Seed Center 2,148.0,209.17569
5.236442,5.347111,2018-06-22,Chai Nat Rice Seed Center 2,187.00003,209.00078
5.267858,5.3444357,2018-06-23,Chai Nat Rice Seed Center 2,192.99997,208.43967
5.09375,5.3436327,2018-06-24,Chai Nat Rice Seed Center 2,161.99997,208.27155
5.0689044,5.343572,2018-06-25,Chai Nat Rice Seed Center 2,158.00003,208.25888
4.9904327,5.343821,2018-06-26,Chai Nat Rice Seed Center 2,146.00003,208.31097
5.062595,5.3416295,2018-06-27,Chai Nat Rice Seed Center 2,156.99997,207.85275
4.962845,5.339228,2018-06-28,Chai Nat Rice Seed Center 2,142.00003,207.35184
4.934474,5.3358965,2018-06-29,Chai Nat Rice Seed Center 2,138.0,206.65883
5.17615,5.3364596,2018-06-30,Chai Nat Rice Seed Center 2,176.00002,206.7758
5.1298985,5.3345156,2018-07-01,Chai Nat Rice Seed Center 2,167.99997,206.37227
5.1416636,5.4639525,2015-02-09,Chai Nat Rice research Center,170.0,235.0285
5.525453,5.4616604,2015-02-10,Chai Nat Rice research Center,250.00003,234.4881
5.220356,5.4551883,2015-02-11,Chai Nat Rice research Center,184.00003,232.96892
4.9972124,5.4337907,2015-02-14,Chai Nat Rice research Center,147.00002,228.01573
4.7791233,5.4367075,2015-02-15,Chai Nat Rice research Center,117.99998,228.6847
5.26269,5.432227,2015-02-17,Chai Nat Rice research Center,191.99997,227.65793
4.828314,5.4437704,2015-02-22,Chai Nat Rice research Center,124.00001,230.31268
5.5174527,5.442503,2015-02-23,Chai Nat Rice research Center,247.99995,230.0197
4.919981,5.445357,2015-02-24,Chai Nat Rice research Center,136.00002,230.67993
5.030438,5.453391,2015-03-01,Chai Nat Rice research Center,152.0,232.5488
4.7957907,5.46396,2015-03-05,Chai Nat Rice research Center,120.000015,235.0303
6.6933236,5.3262815,2015-07-23,Chai Nat Rice research Center,805.99994,204.67177
4.983607,5.3282757,2015-07-24,Chai Nat Rice research Center,145.00003,205.08232
6.329721,5.332629,2015-07-25,Chai Nat Rice research Center,560.00006,205.98146
5.192957,5.334631,2015-08-05,Chai Nat Rice research Center,179.00002,206.3962
5.081404,5.3402305,2015-08-06,Chai Nat Rice research Center,159.99997,207.56078
5.902633,5.36158,2015-08-09,Chai Nat Rice research Center,364.99994,212.0613
6.985642,5.353456,2015-08-15,Chai Nat Rice research Center,1080.0001,210.33743
6.232448,5.353161,2015-08-16,Chai Nat Rice research Center,508.00003,210.27505
5.8081427,5.3525286,2015-08-17,Chai Nat Rice research Center,332.00006,210.14151
5.9814143,5.357591,2015-08-21,Chai Nat Rice research Center,395.00006,211.21313
9.298443,5.353364,2015-08-23,Chai Nat Rice research Center,10920.0,210.31798
7.901377,5.3506126,2015-09-08,Chai Nat Rice research Center,2699.9995,209.73737
7.6014023,5.3652873,2015-09-09,Chai Nat Rice research Center,1999.9999,212.85266
4.7957907,5.4296417,2015-11-14,Chai Nat Rice research Center,120.000015,227.06752
5.7071104,5.436732,2015-11-15,Chai Nat Rice research Center,300.00003,228.69028
5.771441,5.442095,2015-11-16,Chai Nat Rice research Center,319.99994,229.92542
5.081404,5.450202,2015-11-17,Chai Nat Rice research Center,159.99997,231.80519
5.484797,5.459393,2015-11-22,Chai Nat Rice research Center,240.00002,233.95477
5.5012584,5.4643326,2015-11-28,Chai Nat Rice research Center,244.00005,235.11821
5.1059456,5.4521284,2015-12-09,Chai Nat Rice research Center,164.00002,232.2541
6.089045,5.427377,2016-02-18,Chai Nat Rice research Center,440.00006,226.55165
4.804021,5.462348,2016-02-23,Chai Nat Rice research Center,120.99998,234.65009
5.771441,5.460258,2016-03-03,Chai Nat Rice research Center,319.99994,234.15808
7.7497535,5.4533362,2016-03-04,Chai Nat Rice research Center,2320.0002,232.536
5.1474943,5.444997,2016-03-05,Chai Nat Rice research Center,170.99997,230.59654
4.905275,5.448409,2016-03-06,Chai Nat Rice research Center,134.00002,231.38815
4.624973,5.421446,2016-03-10,Chai Nat Rice research Center,101.0,225.20595
5.4510384,5.4414997,2016-03-27,Chai Nat Rice research Center,231.99998,229.78804
4.644391,5.4379354,2016-03-28,Chai Nat Rice research Center,103.000015,228.96689
4.7706847,5.439532,2016-03-30,Chai Nat Rice research Center,117.000015,229.33432
5.3033047,5.352186,2016-07-11,Chai Nat Rice research Center,199.99995,210.06923
5.480639,5.332305,2016-07-12,Chai Nat Rice research Center,239.00002,205.91435
5.159055,5.3379583,2016-07-29,Chai Nat Rice research Center,172.99998,207.08743
4.7791233,5.356576,2016-07-31,Chai Nat Rice research Center,117.99998,210.99782
6.50279,5.3652754,2016-08-01,Chai Nat Rice research Center,665.99994,212.85011
4.8121843,5.352102,2016-08-04,Chai Nat Rice research Center,122.0,210.05142
4.7957907,5.34862,2016-08-05,Chai Nat Rice research Center,120.000015,209.31784
5.1059456,5.3444533,2016-08-06,Chai Nat Rice research Center,164.00002,208.44336
5.0238805,5.335338,2016-08-08,Chai Nat Rice research Center,151.0,206.54291
9.413853,5.342177,2016-08-09,Chai Nat Rice research Center,12256.002,207.96712
6.753438,5.3400893,2016-08-11,Chai Nat Rice research Center,856.00006,207.53134
8.705,5.343535,2016-08-13,Chai Nat Rice research Center,6032.0015,208.2511
5.676754,5.3471375,2016-08-16,Chai Nat Rice research Center,291.00006,209.00629
5.926926,5.343873,2016-08-19,Chai Nat Rice research Center,374.00006,208.32185
5.313206,5.3456526,2016-08-20,Chai Nat Rice research Center,202.00005,208.69469
5.46806,5.3452516,2016-08-21,Chai Nat Rice research Center,235.99997,208.61061
8.315077,5.3444643,2016-08-22,Chai Nat Rice research Center,4083.9993,208.44565
5.9427996,5.339619,2016-08-23,Chai Nat Rice research Center,380.00006,207.43332
7.3323693,5.3559813,2016-08-28,Chai Nat Rice research Center,1528.0002,210.8718
4.94876,5.3605685,2016-09-01,Chai Nat Rice research Center,140.00002,211.84592
5.3936276,5.3728824,2016-09-05,Chai Nat Rice research Center,219.00003,214.48308
4.905275,5.370311,2016-09-08,Chai Nat Rice research Center,134.00002,213.92966
4.9767337,5.3771515,2016-09-18,Chai Nat Rice research Center,144.0,215.40497
6.9536843,5.42599,2016-11-04,Chai Nat Rice research Center,1046.0001,226.23622
6.2785215,5.429045,2016-11-05,Chai Nat Rice research Center,532.00006,226.93152
6.5834093,5.4280367,2016-11-06,Chai Nat Rice research Center,722.00006,226.70175
5.214936,5.437128,2016-11-09,Chai Nat Rice research Center,183.0,228.78131
5.4293456,5.4382825,2016-11-11,Chai Nat Rice research Center,227.0,229.04674
4.89784,5.44108,2016-11-12,Chai Nat Rice research Center,133.00003,229.69122
4.8202815,5.4455657,2016-11-15,Chai Nat Rice research Center,122.99999,230.72833
6.5117455,5.4471407,2016-11-28,Chai Nat Rice research Center,672.00006,231.0936
6.216606,5.4607153,2017-02-09,Chai Nat Rice research Center,500.00003,234.26566
4.955827,5.4595094,2017-02-10,Chai Nat Rice research Center,141.00003,233.9821
5.918894,5.458013,2017-02-12,Chai Nat Rice research Center,371.0,233.63077
5.9814143,5.460064,2017-02-13,Chai Nat Rice research Center,395.00006,234.11246
5.3033047,5.456638,2017-02-14,Chai Nat Rice research Center,199.99995,233.30832
5.3612924,5.4666615,2017-02-15,Chai Nat Rice research Center,212.00005,235.66875
5.351858,5.4597764,2017-02-16,Chai Nat Rice research Center,210.0,234.04486
5.2257466,5.4574604,2017-02-17,Chai Nat Rice research Center,185.0,233.50113
5.4380794,5.4536657,2017-02-18,Chai Nat Rice research Center,229.00002,232.61296
5.5373344,5.4455576,2017-02-19,Chai Nat Rice research Center,253.00005,230.72646
6.2690964,5.4513817,2017-02-20,Chai Nat Rice research Center,527.00006,232.07999
7.7393594,5.4482107,2017-02-21,Chai Nat Rice research Center,2296.0005,231.34207
6.3885612,5.4489293,2017-02-22,Chai Nat Rice research Center,593.9999,231.5091
5.9939613,5.444031,2017-02-23,Chai Nat Rice research Center,399.99997,230.37291
6.0354815,5.4432926,2017-02-25,Chai Nat Rice research Center,417.0,230.2022
6.240276,5.443941,2017-02-27,Chai Nat Rice research Center,512.0,230.35217
5.4026775,5.4438515,2017-02-28,Chai Nat Rice research Center,221.00003,230.33144
6.1984787,5.449446,2017-03-01,Chai Nat Rice research Center,491.0,231.6293
4.905275,5.469901,2017-03-05,Chai Nat Rice research Center,134.00002,236.4367
5.602119,5.4628625,2017-03-06,Chai Nat Rice research Center,270.00003,234.77135
8.810012,5.4397974,2017-03-10,Chai Nat Rice research Center,6699.999,229.39551
8.268989,5.4361186,2017-03-11,Chai Nat Rice research Center,3900.0015,228.54948
10.243561,5.4377975,2017-03-12,Chai Nat Rice research Center,28100.01,228.93521
10.328135,5.440629,2017-03-13,Chai Nat Rice research Center,30580.012,229.58717
9.3843775,5.436363,2017-03-14,Chai Nat Rice research Center,11899.997,228.60564
10.358409,5.447139,2017-03-15,Chai Nat Rice research Center,31519.988,231.09314
6.703188,5.446932,2017-03-16,Chai Nat Rice research Center,813.9999,231.04512
8.499844,5.446402,2017-03-17,Chai Nat Rice research Center,4913.0,230.92223
6.2841344,5.447966,2017-03-18,Chai Nat Rice research Center,535.0001,231.28525
8.611958,5.4423738,2017-03-19,Chai Nat Rice research Center,5495.999,229.98984
5.220356,5.453262,2017-03-20,Chai Nat Rice research Center,184.00003,232.51863
8.2892885,5.454352,2017-03-21,Chai Nat Rice research Center,3980.0007,232.77332
8.083637,5.457057,2017-03-22,Chai Nat Rice research Center,3240.0,233.40656
6.4504704,5.4560213,2017-03-23,Chai Nat Rice research Center,632.0,233.16391
6.508769,5.452343,2017-03-24,Chai Nat Rice research Center,669.99994,232.30415
6.0450053,5.451413,2017-03-25,Chai Nat Rice research Center,421.0,232.08733
5.8435445,5.450353,2017-03-26,Chai Nat Rice research Center,344.00003,231.84038
5.398163,5.44973,2017-03-27,Chai Nat Rice research Center,220.00003,231.69531
5.26269,5.445083,2017-03-28,Chai Nat Rice research Center,191.99997,230.61653
5.7268476,5.4347363,2017-04-03,Chai Nat Rice research Center,305.99997,228.23238
4.7791233,5.434691,2017-04-06,Chai Nat Rice research Center,117.99998,228.222
5.433722,5.432295,2017-04-08,Chai Nat Rice research Center,228.0,227.67342
5.4510384,5.433043,2017-04-09,Chai Nat Rice research Center,231.99998,227.84456
5.755742,5.418815,2017-04-13,Chai Nat Rice research Center,314.99994,224.61165
4.8751974,5.417805,2017-04-14,Chai Nat Rice research Center,130.00002,224.38391
5.327876,5.4219794,2017-04-15,Chai Nat Rice research Center,204.99998,225.32668
4.75359,5.348843,2017-07-14,Chai Nat Rice research Center,114.99999,209.36478
6.5971456,5.342445,2017-07-30,Chai Nat Rice research Center,731.9999,208.02313
10.152728,5.3440733,2017-07-31,Chai Nat Rice research Center,25660.012,208.36377
7.9405837,5.3542614,2017-08-01,Chai Nat Rice research Center,2807.9995,210.50769
5.786897,5.356177,2017-08-02,Chai Nat Rice research Center,324.99994,210.91322
5.733341,5.364565,2017-08-03,Chai Nat Rice research Center,307.99997,212.69824
5.7960577,5.368456,2017-08-05,Chai Nat Rice research Center,328.0,213.53134
5.4764633,5.3563766,2017-08-08,Chai Nat Rice research Center,237.99994,210.95557
4.8520303,5.369771,2017-08-28,Chai Nat Rice research Center,127.0,213.81367
5.1298985,5.464586,2017-11-24,Chai Nat Rice research Center,167.99997,235.17801
5.869297,5.4690394,2017-11-25,Chai Nat Rice research Center,353.00003,236.23221
5.7745514,5.472038,2017-11-26,Chai Nat Rice research Center,320.99994,236.94458
5.723585,5.4714007,2017-11-27,Chai Nat Rice research Center,305.0,236.79305
4.9904327,5.4679813,2017-11-28,Chai Nat Rice research Center,146.00003,235.98132
5.986452,5.466074,2017-11-29,Chai Nat Rice research Center,397.00003,235.52975
5.030438,5.4628463,2017-12-01,Chai Nat Rice research Center,152.0,234.76753
5.3471074,5.455225,2017-12-02,Chai Nat Rice research Center,208.99997,232.97751
6.184149,5.4529204,2017-12-06,Chai Nat Rice research Center,483.99994,232.43892
5.198497,5.4579897,2017-12-07,Chai Nat Rice research Center,179.99997,233.62527
4.8675346,5.4726167,2018-01-04,Chai Nat Rice research Center,129.00003,237.08237
5.1817837,5.4723043,2018-03-04,Chai Nat Rice research Center,177.00003,237.00801
5.192957,5.4730153,2018-03-05,Chai Nat Rice research Center,179.00002,237.17729
4.8520303,5.455848,2018-03-09,Chai Nat Rice research Center,127.0,233.12338
4.744932,5.4567447,2018-03-10,Chai Nat Rice research Center,114.00001,233.33334
5.0106354,5.4567785,2018-03-11,Chai Nat Rice research Center,149.00002,233.34128
4.890349,5.431703,2018-04-03,Chai Nat Rice research Center,131.99997,227.53813
4.962845,5.4394364,2018-04-05,Chai Nat Rice research Center,142.00003,229.31235
5.4026775,5.444495,2018-04-07,Chai Nat Rice research Center,221.00003,230.48041
5.187386,5.4376693,2018-04-08,Chai Nat Rice research Center,178.00005,228.90572
5.8141303,5.4392757,2018-04-09,Chai Nat Rice research Center,333.99994,229.27534
5.480639,5.435412,2018-04-10,Chai Nat Rice research Center,239.00002,228.38731
4.727388,5.486766,2015-04-08,Chiang Mai Rice research Center,112.00001,240.47498
5.209486,5.484059,2017-03-20,Chiang Mai Rice research Center,181.99997,239.82219
4.6634393,5.432996,2016-09-11,Chiangrai Rice research Center,105.000015,227.83376
5.525453,5.435986,2016-09-17,Chiangrai Rice research Center,250.00003,228.51906
4.7184987,5.449608,2016-09-22,Chiangrai Rice research Center,110.999985,231.6669
4.94876,5.454894,2017-04-26,Chiangrai Rice research Center,140.00002,232.90009
4.6821313,5.457158,2017-05-03,Chiangrai Rice research Center,107.00001,233.43025
4.6728287,5.447209,2017-05-11,Chiangrai Rice research Center,105.999985,231.10942
4.9904327,5.4719486,2017-10-09,Chiangrai Rice research Center,146.00003,236.92337
4.787492,5.344906,2015-08-07,Khlong Luang Rice research Center,119.00001,208.53815
5.480639,5.343076,2015-08-08,Khlong Luang Rice research Center,239.00002,208.15514
5.525453,5.3541093,2015-08-09,Khlong Luang Rice research Center,250.00003,210.47552
5.198497,5.3496933,2015-08-12,Khlong Luang Rice research Center,179.99997,209.54372
5.669881,5.3477654,2015-08-13,Khlong Luang Rice research Center,289.0,209.13821
5.866468,5.3408127,2015-08-14,Khlong Luang Rice research Center,351.99997,207.68224
5.4424176,5.3287635,2015-08-17,Khlong Luang Rice research Center,229.99998,205.18286
5.846439,5.3349113,2015-08-19,Khlong Luang Rice research Center,345.00003,206.45436
5.638355,5.3457136,2015-08-23,Khlong Luang Rice research Center,280.00003,208.70749
5.525453,5.3428845,2015-08-24,Khlong Luang Rice research Center,250.00003,208.11505
5.0172796,5.4447637,2015-11-13,Khlong Luang Rice research Center,149.99997,230.54256
5.043425,5.461951,2015-11-27,Khlong Luang Rice research Center,154.0,234.55649
5.1416636,5.468736,2015-11-28,Khlong Luang Rice research Center,170.0,236.16028
5.0689044,5.459662,2015-11-29,Khlong Luang Rice research Center,158.00003,234.01796
5.1119876,5.4605584,2015-11-30,Khlong Luang Rice research Center,164.99997,234.22874
5.1119876,5.460039,2015-12-01,Khlong Luang Rice research Center,164.99997,234.10663
5.0998664,5.4507093,2015-12-02,Khlong Luang Rice research Center,163.0,231.92332
5.1532917,5.4586043,2015-12-03,Khlong Luang Rice research Center,172.00002,233.76953
4.983607,5.45632,2015-12-04,Khlong Luang Rice research Center,145.00003,233.23381
5.062595,5.4587374,2015-12-05,Khlong Luang Rice research Center,156.99997,233.80077
5.1357985,5.4591255,2015-12-06,Khlong Luang Rice research Center,169.0,233.89192
5.0039463,5.455549,2015-12-07,Khlong Luang Rice research Center,148.0,233.05328
5.030438,5.464055,2015-12-08,Khlong Luang Rice research Center,152.0,235.05269
5.075174,5.466712,2015-12-09,Khlong Luang Rice research Center,159.0,235.68071
4.890349,5.472233,2015-12-10,Khlong Luang Rice research Center,131.99997,236.991
5.075174,5.4756966,2015-12-11,Khlong Luang Rice research Center,159.0,237.81676
5.0039463,5.4670143,2015-12-12,Khlong Luang Rice research Center,148.0,235.75227
5.030438,5.476106,2015-12-13,Khlong Luang Rice research Center,152.0,237.9146
4.962845,5.4714584,2015-12-14,Khlong Luang Rice research Center,142.00003,236.80676
4.836282,5.4669666,2015-12-15,Khlong Luang Rice research Center,124.999985,235.74098
4.7184987,5.468258,2015-12-16,Khlong Luang Rice research Center,110.999985,236.04688
4.691348,5.479384,2015-12-22,Khlong Luang Rice research Center,108.00002,238.69899
4.634729,5.4678454,2015-12-29,Khlong Luang Rice research Center,101.99999,235.94913
4.8751974,5.4675627,2015-12-30,Khlong Luang Rice research Center,130.00002,235.88213
4.7184987,5.4656973,2015-12-31,Khlong Luang Rice research Center,110.999985,235.44066
4.7706847,5.4675984,2016-01-01,Khlong Luang Rice research Center,117.000015,235.8906
4.644391,5.4785805,2016-01-02,Khlong Luang Rice research Center,103.000015,238.50648
4.6634393,5.480468,2016-01-03,Khlong Luang Rice research Center,105.000015,238.95894
5.278115,5.477571,2016-01-07,Khlong Luang Rice research Center,195.00003,238.26483
5.214936,5.4718003,2016-01-08,Khlong Luang Rice research Center,183.0,236.88809
4.727388,5.4746165,2016-01-09,Khlong Luang Rice research Center,112.00001,237.55898
4.7706847,5.46746,2016-01-11,Khlong Luang Rice research Center,117.000015,235.85785
5.164786,5.4676223,2016-01-12,Khlong Luang Rice research Center,173.99998,235.89626
5.655992,5.4731183,2016-01-13,Khlong Luang Rice research Center,285.00006,237.20183
5.4930615,5.4757414,2016-01-14,Khlong Luang Rice research Center,242.00003,237.82747
5.7137327,5.4835734,2016-01-15,Khlong Luang Rice research Center,301.99997,239.70532
5.5947113,5.4833546,2016-01-16,Khlong Luang Rice research Center,267.99997,239.65263
5.209486,5.478725,2016-01-17,Khlong Luang Rice research Center,181.99997,238.54109
5.043425,5.4887223,2016-01-18,Khlong Luang Rice research Center,154.0,240.94788
6.052089,5.5031295,2016-01-29,Khlong Luang Rice research Center,424.0,244.4589
5.7004437,5.5082765,2016-01-30,Khlong Luang Rice research Center,298.00006,245.72552
5.0689044,5.5068355,2016-01-31,Khlong Luang Rice research Center,158.00003,245.37024
5.2311087,5.496302,2016-02-01,Khlong Luang Rice research Center,186.0,242.78876
5.9375362,5.487258,2016-02-05,Khlong Luang Rice research Center,378.0,240.59384
8.674368,5.449438,2016-02-18,Khlong Luang Rice research Center,5850.0,231.62741
4.7706847,5.454429,2016-02-19,Khlong Luang Rice research Center,117.000015,232.79137
5.3375382,5.472746,2016-02-22,Khlong Luang Rice research Center,207.00003,237.11313
4.8121843,5.484712,2016-02-23,Khlong Luang Rice research Center,122.0,239.97957
7.9813914,5.493219,2016-02-25,Khlong Luang Rice research Center,2924.9995,242.03827
6.7417006,5.4896793,2016-02-26,Khlong Luang Rice research Center,846.0,241.17953
7.344073,5.489126,2016-02-27,Khlong Luang Rice research Center,1546.0,241.04562
7.4860525,5.4915967,2016-02-28,Khlong Luang Rice research Center,1781.9998,241.64433
4.94876,5.4900665,2016-03-01,Khlong Luang Rice research Center,140.00002,241.27333
6.774224,5.4693394,2017-01-01,Khlong Luang Rice research Center,873.99994,236.30338
6.9650803,5.476904,2017-01-02,Khlong Luang Rice research Center,1057.9999,238.10527
6.8426833,5.475647,2017-01-03,Khlong Luang Rice research Center,936.0,237.80492
6.719013,5.475376,2017-01-04,Khlong Luang Rice research Center,827.00006,237.74025
5.669881,5.4699397,2017-01-05,Khlong Luang Rice research Center,289.0,236.44588
7.0085053,5.4652834,2017-01-07,Khlong Luang Rice research Center,1105.0002,235.34282
7.057037,5.464252,2017-01-08,Khlong Luang Rice research Center,1159.9999,235.09918
7.044033,5.466714,2017-01-09,Khlong Luang Rice research Center,1145.0001,235.68115
6.6240654,5.474031,2017-01-11,Khlong Luang Rice research Center,752.0001,237.41931
7.967973,5.471935,2017-02-01,Khlong Luang Rice research Center,2886.0,236.92007
8.940236,5.478861,2017-02-02,Khlong Luang Rice research Center,7631.999,238.57364
9.226312,5.4777446,2017-02-04,Khlong Luang Rice research Center,10159.995,238.30637
9.219994,5.4746246,2017-02-05,Khlong Luang Rice research Center,10096.0,237.5609
8.8560915,5.4713097,2017-02-06,Khlong Luang Rice research Center,7016.003,236.7714
9.202409,5.4799953,2017-02-07,Khlong Luang Rice research Center,9919.998,238.84557
6.1923623,5.4715333,2017-02-08,Khlong Luang Rice research Center,487.9999,236.82457
4.691348,5.473594,2017-02-10,Khlong Luang Rice research Center,108.00002,237.3152
9.323758,5.467963,2017-02-11,Khlong Luang Rice research Center,11199.998,235.97704
5.8406415,5.466057,2017-02-15,Khlong Luang Rice research Center,342.99994,235.5257
8.051023,5.466877,2017-02-16,Khlong Luang Rice research Center,3136.001,235.71976
8.3395,5.462848,2017-02-17,Khlong Luang Rice research Center,4184.998,234.76797
8.266421,5.4731574,2017-02-18,Khlong Luang Rice research Center,3889.9995,237.21114
8.460411,5.4665914,2017-02-19,Khlong Luang Rice research Center,4722.9995,235.65216
8.639941,5.4671946,2017-02-20,Khlong Luang Rice research Center,5651.9976,235.79495
4.890349,5.464213,2017-02-21,Khlong Luang Rice research Center,131.99997,235.08995
4.8598123,5.4614224,2017-02-25,Khlong Luang Rice research Center,127.999985,234.43207
5.214936,5.4595227,2017-02-26,Khlong Luang Rice research Center,183.0,233.98524
5.056246,5.460491,2017-02-27,Khlong Luang Rice research Center,156.0,234.21292
4.9767337,5.4690695,2017-02-28,Khlong Luang Rice research Center,144.0,236.23933
6.6554403,5.474909,2017-03-01,Khlong Luang Rice research Center,776.0,237.62871
5.273,5.4790916,2017-03-02,Khlong Luang Rice research Center,194.00003,238.62894
7.0219765,5.475414,2017-03-03,Khlong Luang Rice research Center,1120.0,237.74924
6.350886,5.474374,2017-03-04,Khlong Luang Rice research Center,572.00006,237.50107
5.9427996,5.480398,2017-03-05,Khlong Luang Rice research Center,380.00006,238.94223
5.1817837,5.4799128,2017-03-06,Khlong Luang Rice research Center,177.00003,238.82578
6.037871,5.3399105,2017-07-27,Khlong Luang Rice research Center,418.0,207.49405
5.9295893,5.3408313,2017-07-28,Khlong Luang Rice research Center,375.00006,207.68611
5.638355,5.338959,2017-07-29,Khlong Luang Rice research Center,280.00003,207.2958
7.2041492,5.347293,2017-08-10,Khlong Luang Rice research Center,1344.0,209.03894
6.753438,5.3413215,2017-08-11,Khlong Luang Rice research Center,856.00006,207.78844
6.0844994,5.341588,2017-08-12,Khlong Luang Rice research Center,437.99997,207.8441
5.8777356,5.3482866,2017-08-13,Khlong Luang Rice research Center,355.99994,209.24776
5.220356,5.3500433,2017-08-14,Khlong Luang Rice research Center,184.00003,209.61742
5.1532917,5.3583984,2017-08-15,Khlong Luang Rice research Center,172.00002,211.38452
7.482119,5.3446236,2017-09-01,Khlong Luang Rice research Center,1775.0002,208.47902
6.371612,5.3480186,2017-09-02,Khlong Luang Rice research Center,584.0001,209.19142
5.4026775,5.347869,2017-09-03,Khlong Luang Rice research Center,221.00003,209.15996
5.609472,5.456236,2017-12-08,Khlong Luang Rice research Center,272.0,233.21416
5.8377304,5.503731,2018-02-03,Khlong Luang Rice research Center,342.0,244.60652
6.3613024,5.503536,2018-02-04,Khlong Luang Rice research Center,577.99994,244.55875
6.3062754,5.500627,2018-02-05,Khlong Luang Rice research Center,547.00006,243.84541
6.070738,5.500024,2018-02-06,Khlong Luang Rice research Center,432.00006,243.69777
8.771991,5.507997,2018-02-07,Khlong Luang Rice research Center,6450.002,245.65659
6.8679743,5.5208755,2018-02-09,Khlong Luang Rice research Center,959.9999,248.85368
7.337588,5.521459,2018-02-10,Khlong Luang Rice research Center,1536.0001,248.99954
7.1300983,5.5103426,2018-02-11,Khlong Luang Rice research Center,1247.9998,246.23581
6.499787,5.500572,2018-02-12,Khlong Luang Rice research Center,663.9999,243.83199
6.660575,5.499287,2018-02-13,Khlong Luang Rice research Center,779.9998,243.51756
6.8426833,5.495628,2018-02-14,Khlong Luang Rice research Center,936.0,242.62445
5.164786,5.477119,2018-02-17,Khlong Luang Rice research Center,173.99998,238.1567
5.0369525,5.484731,2018-02-18,Khlong Luang Rice research Center,152.99998,239.98416
5.3033047,5.481445,2018-02-19,Khlong Luang Rice research Center,199.99995,239.1935
5.0369525,5.4863467,2018-02-23,Khlong Luang Rice research Center,152.99998,240.3738
5.6664267,5.4888964,2018-02-24,Khlong Luang Rice research Center,288.0,240.98999
6.1923623,5.492579,2018-02-25,Khlong Luang Rice research Center,487.9999,241.8828
4.905275,5.3346386,2015-07-08,Lopburi Rice Seed Center,134.00002,206.39778
4.983607,5.3327966,2015-07-11,Lopburi Rice Seed Center,145.00003,206.0161
6.9920964,5.3346963,2015-07-27,Lopburi Rice Seed Center,1087.0,206.40974
4.75359,5.3491383,2015-08-17,Lopburi Rice Seed Center,114.99999,209.42688
4.762174,5.3491783,2015-08-27,Lopburi Rice Seed Center,116.00002,209.43532
5.0039463,5.3467693,2015-08-28,Lopburi Rice Seed Center,148.0,208.92899
4.634729,5.3526,2015-09-07,Lopburi Rice Seed Center,101.99999,210.15662
5.1298985,5.3528423,2015-09-08,Lopburi Rice Seed Center,167.99997,210.20776
5.1357985,5.4299583,2017-10-28,Lopburi Rice Seed Center,169.0,227.13974
4.634729,5.426115,2017-10-29,Lopburi Rice Seed Center,101.99999,226.26462
5.1357985,5.425807,2017-10-28,Lopburi Rice research Center,169.0,226.19461
4.634729,5.425699,2017-10-29,Lopburi Rice research Center,101.99999,226.17014
4.8751974,5.449329,2015-03-22,Mae Hong Son Rice research Center,130.00002,231.60202
4.744932,5.460938,2015-03-23,Mae Hong Son Rice research Center,114.00001,234.31804
5.2311087,5.4015503,2015-09-23,Mae Hong Son Rice research Center,186.0,220.74992
4.8598123,5.436847,2015-10-15,Mae Hong Son Rice research Center,127.999985,228.7168
5.241747,5.430068,2017-04-04,Mae Hong Son Rice research Center,187.99997,227.16476
5.1119876,5.428188,2017-04-05,Mae Hong Son Rice research Center,164.99997,226.73618
5.3082676,5.417373,2017-04-06,Mae Hong Son Rice research Center,200.99997,224.28656
4.7361984,5.425614,2017-04-07,Mae Hong Son Rice research Center,113.0,226.15074
4.7706847,5.42383,2017-04-08,Mae Hong Son Rice research Center,117.000015,225.74591
4.762174,5.426663,2017-04-09,Mae Hong Son Rice research Center,116.00002,226.38916
4.7095304,5.4181395,2017-04-10,Mae Hong Son Rice research Center,110.000015,224.45926
4.836282,5.408388,2017-04-11,Mae Hong Son Rice research Center,124.999985,222.27142
4.7957907,5.4042034,2017-08-10,Nakhon Ratchasima Rice research Center,120.000015,221.33904
5.0172796,5.4313226,2017-08-26,Nakhon Ratchasima Rice research Center,149.99997,227.45119
5.3033047,5.426496,2017-08-27,Nakhon Ratchasima Rice research Center,199.99995,226.35121
6.1114674,5.4340215,2017-08-28,Nakhon Ratchasima Rice research Center,450.0,228.06859
5.771441,5.4270015,2017-08-29,Nakhon Ratchasima Rice research Center,319.99994,226.46616
8.188967,5.431616,2017-08-30,Nakhon Ratchasima Rice research Center,3599.9995,227.51819
6.8035054,5.420949,2017-08-31,Nakhon Ratchasima Rice research Center,900.0001,225.09358
6.4567695,5.4057426,2017-09-01,Nakhon Ratchasima Rice research Center,635.9999,221.68153
5.846439,5.4041543,2017-09-02,Nakhon Ratchasima Rice research Center,345.00003,221.32812
5.638355,5.40301,2017-09-03,Nakhon Ratchasima Rice research Center,280.00003,221.07382
5.5947113,5.4047575,2017-09-04,Nakhon Ratchasima Rice research Center,267.99997,221.46227
5.1416636,5.40346,2017-09-05,Nakhon Ratchasima Rice research Center,170.0,221.17381
4.7957907,5.4073963,2017-09-07,Nakhon Ratchasima Rice research Center,120.000015,222.05008
4.983607,5.4290323,2017-10-08,Nakhon Ratchasima Rice research Center,145.00003,226.92857
4.912655,5.4357934,2017-10-09,Nakhon Ratchasima Rice research Center,135.0,228.47484
5.4510384,5.447077,2017-10-10,Nakhon Ratchasima Rice research Center,231.99998,231.07877
5.062595,5.3817735,2015-09-18,Nakhon Sawan Rice Seed Center,156.99997,216.4075
5.081404,5.385495,2015-09-19,Nakhon Sawan Rice Seed Center,159.99997,217.21814
5.056246,5.3928175,2015-09-20,Nakhon Sawan Rice Seed Center,156.0,218.82187
5.075174,5.3943224,2015-09-21,Nakhon Sawan Rice Seed Center,159.0,219.15292
6.0450053,5.374805,2016-09-13,Nakhon Sawan Rice Seed Center,421.0,214.89777
5.241747,5.4453135,2017-02-14,Nakhon Sawan Rice Seed Center,187.99997,230.66989
5.267858,5.453624,2017-02-15,Nakhon Sawan Rice Seed Center,192.99997,232.60316
5.192957,5.4523873,2017-02-16,Nakhon Sawan Rice Seed Center,179.00002,232.3145
4.804021,5.4527197,2017-02-17,Nakhon Sawan Rice Seed Center,120.99998,232.39206
4.962845,5.452908,2017-02-18,Nakhon Sawan Rice Seed Center,142.00003,232.43602
4.804021,5.43436,2017-03-14,Nakhon Sawan Rice Seed Center,120.99998,228.14615
5.891644,5.444758,2017-03-15,Nakhon Sawan Rice Seed Center,360.99994,230.54123
5.370638,5.4449697,2017-03-17,Nakhon Sawan Rice Seed Center,213.99997,230.59026
5.560682,5.446291,2017-03-18,Nakhon Sawan Rice Seed Center,259.00006,230.89645
5.8636312,5.441766,2017-03-19,Nakhon Sawan Rice Seed Center,351.00003,229.84946
4.9767337,5.366965,2017-07-28,Nakhon Sawan Rice Seed Center,144.0,213.2117
5.2311087,5.362545,2017-07-29,Nakhon Sawan Rice Seed Center,186.0,212.26703
6.4876842,5.3673043,2017-07-30,Nakhon Sawan Rice Seed Center,656.0001,213.28445
7.0475173,5.3631163,2017-07-31,Nakhon Sawan Rice Seed Center,1149.0001,212.38889
7.2806973,5.368448,2017-08-03,Nakhon Sawan Rice Seed Center,1451.0002,213.52962
6.562444,5.3722034,2017-08-04,Nakhon Sawan Rice Seed Center,707.0001,214.3368
6.659294,5.367725,2017-08-06,Nakhon Sawan Rice Seed Center,779.0002,213.37459
5.6347895,5.362672,2017-08-07,Nakhon Sawan Rice Seed Center,278.99997,212.29407
6.795706,5.360799,2017-08-08,Nakhon Sawan Rice Seed Center,893.0,211.89494
7.320527,5.3629265,2017-08-09,Nakhon Sawan Rice Seed Center,1510.0002,212.34839
6.280396,5.366264,2017-08-10,Nakhon Sawan Rice Seed Center,533.00006,213.06161
6.8112445,5.358587,2017-08-11,Nakhon Sawan Rice Seed Center,907.0001,211.42453
7.734559,5.362277,2017-08-12,Nakhon Sawan Rice Seed Center,2285.0005,212.20988
6.369901,5.3606453,2017-08-13,Nakhon Sawan Rice Seed Center,583.0001,211.86226
6.2186003,5.3562956,2017-08-14,Nakhon Sawan Rice Seed Center,501.0001,210.93839
5.7037826,5.383228,2017-08-30,Nakhon Sawan Rice Seed Center,299.00003,216.72392
6.783325,5.3763356,2017-09-02,Nakhon Sawan Rice Seed Center,882.0,215.22849
7.156956,5.373342,2017-09-03,Nakhon Sawan Rice Seed Center,1281.9998,214.58215
6.5366917,5.377145,2017-09-04,Nakhon Sawan Rice Seed Center,689.00006,215.40352
5.3612924,5.386816,2017-09-05,Nakhon Sawan Rice Seed Center,212.00005,217.50656
4.7706847,5.381195,2017-09-06,Nakhon Sawan Rice Seed Center,117.000015,216.28178
4.65396,5.3992977,2017-09-10,Nakhon Sawan Rice Seed Center,103.999985,220.25098
5.0875964,5.481662,2017-11-30,Nakhon Sawan Rice Seed Center,161.00002,239.24562
5.6970935,5.4781814,2017-12-01,Nakhon Sawan Rice Seed Center,297.0,238.4109
6.0450053,5.471211,2017-12-02,Nakhon Sawan Rice Seed Center,421.0,236.74792
6.3868794,5.4719644,2017-12-03,Nakhon Sawan Rice Seed Center,593.00006,236.92711
6.4504704,5.46465,2017-12-04,Nakhon Sawan Rice Seed Center,632.0,235.1932
6.659294,5.47215,2017-12-05,Nakhon Sawan Rice Seed Center,779.0002,236.97125
5.3471074,5.4717584,2017-12-06,Nakhon Sawan Rice Seed Center,208.99997,236.8781
5.247024,5.4791927,2017-12-07,Nakhon Sawan Rice Seed Center,189.0,238.65317
5.117994,5.477447,2017-12-08,Nakhon Sawan Rice Seed Center,166.0,238.23517
5.220356,5.4787445,2017-12-09,Nakhon Sawan Rice Seed Center,184.00003,238.54578
4.890349,5.4804664,2017-12-10,Nakhon Sawan Rice Seed Center,131.99997,238.95859
5.886104,5.467539,2018-03-11,Nakhon Sawan Rice Seed Center,359.00003,235.87648
5.3082676,5.46578,2018-03-12,Nakhon Sawan Rice Seed Center,200.99997,235.46017
5.17615,5.462826,2018-03-13,Nakhon Sawan Rice Seed Center,176.00002,234.7627
4.9272537,5.4578185,2018-03-14,Nakhon Sawan Rice Seed Center,137.0,233.58511
4.727388,5.4587245,2018-03-16,Nakhon Sawan Rice Seed Center,112.00001,233.79774
4.634729,5.4475713,2018-03-17,Nakhon Sawan Rice Seed Center,101.99999,231.19354
4.882802,5.4457083,2018-03-27,Nakhon Sawan Rice Seed Center,131.00002,230.76137
6.0935698,5.433421,2018-04-06,Nakhon Sawan Rice Seed Center,442.0,227.9311
6.0844994,5.436649,2018-04-07,Nakhon Sawan Rice Seed Center,437.99997,228.67123
6.5889263,5.4329042,2018-04-10,Nakhon Sawan Rice Seed Center,725.9999,227.8128
6.2576675,5.430352,2018-04-11,Nakhon Sawan Rice Seed Center,521.0,227.22961
5.5947113,5.4337263,2018-04-12,Nakhon Sawan Rice Seed Center,267.99997,228.00099
6.322565,5.4279027,2018-04-13,Nakhon Sawan Rice Seed Center,555.9999,226.67125
6.1944056,5.4238076,2018-04-14,Nakhon Sawan Rice Seed Center,489.0001,225.74083
5.6312118,5.4128814,2018-04-18,Nakhon Sawan Rice Seed Center,278.0,223.27689
5.669881,5.407124,2018-04-19,Nakhon Sawan Rice Seed Center,289.0,221.98935
4.624973,5.4161067,2018-04-21,Nakhon Sawan Rice Seed Center,101.0,224.00142
5.7838254,5.4141574,2018-04-22,Nakhon Sawan Rice Seed Center,324.00006,223.56325
4.8202815,5.4119368,2018-04-23,Nakhon Sawan Rice Seed Center,122.99999,223.06512
5.996452,5.4126062,2018-04-24,Nakhon Sawan Rice Seed Center,400.9999,223.21518
4.962845,5.3774033,2017-10-31,Nakhon Si Thammarat Rice research Center,142.00003,215.45946
4.836282,5.4533267,2015-09-19,Nong Khai Rice research Center,124.999985,232.53377
5.1532917,5.4568796,2015-09-20,Nong Khai Rice research Center,172.00002,233.36497
6.475433,5.4527555,2015-09-23,Nong Khai Rice research Center,648.0001,232.4004
6.263398,5.448548,2015-09-24,Nong Khai Rice research Center,523.99994,231.42041
5.9322453,5.4539557,2015-09-25,Nong Khai Rice research Center,376.00003,232.6807
5.7960577,5.447832,2015-09-26,Nong Khai Rice research Center,328.0,231.25412
5.351858,5.451232,2015-09-27,Nong Khai Rice research Center,210.0,232.04509
4.744932,5.468019,2015-10-03,Nong Khai Rice research Center,114.00001,235.99025
5.1817837,5.4655867,2018-04-20,Nong Khai Rice research Center,177.00003,235.4145
5.4553213,5.4582067,2018-04-22,Nong Khai Rice research Center,233.00005,233.6762
4.8441873,5.463789,2018-04-23,Nong Khai Rice research Center,126.00002,234.9899
4.65396,5.4565325,2018-04-24,Nong Khai Rice research Center,103.999985,233.28363
5.5134287,5.467052,2018-05-02,Nong Khai Rice research Center,246.99998,235.76118
5.1532917,5.477344,2018-05-05,Nong Khai Rice research Center,172.00002,238.21053
5.888878,5.4718475,2018-05-07,Nong Khai Rice research Center,359.99997,236.89932
4.934474,5.476593,2018-05-08,Nong Khai Rice research Center,138.0,238.03094
5.602119,5.4736605,2018-05-09,Nong Khai Rice research Center,270.00003,237.331
4.727388,5.469782,2018-05-14,Nong Khai Rice research Center,112.00001,236.4084
4.7957907,5.434537,2015-11-04,Pathum Thani Rice research Center,120.000015,228.18669
4.7004805,5.436595,2015-11-12,Pathum Thani Rice research Center,109.000015,228.65886
5.2257466,5.3364024,2016-08-08,Pathum Thani Rice research Center,185.0,206.76392
6.4002576,5.337721,2016-08-23,Pathum Thani Rice research Center,601.00006,207.03802
5.805135,5.340954,2016-08-25,Pathum Thani Rice research Center,330.99994,207.71169
5.888878,5.337479,2016-08-29,Pathum Thani Rice research Center,359.99997,206.98773
7.0335064,5.3428416,2016-08-30,Pathum Thani Rice research Center,1132.9999,208.10606
5.8777356,5.3439326,2016-08-31,Pathum Thani Rice research Center,355.99994,208.33432
7.152269,5.346004,2016-09-01,Pathum Thani Rice research Center,1276.0,208.76839
6.3350544,5.36176,2016-09-05,Pathum Thani Rice research Center,563.00006,212.0997
4.89784,5.362957,2016-09-06,Pathum Thani Rice research Center,133.00003,212.3549
6.7007313,5.3672967,2016-09-07,Pathum Thani Rice research Center,812.0001,213.2828
6.838405,5.3660746,2016-09-08,Pathum Thani Rice research Center,931.99994,213.02109
6.331502,5.362006,2016-09-12,Pathum Thani Rice research Center,561.00006,212.15215
5.572154,5.3632007,2016-09-13,Pathum Thani Rice research Center,262.0,212.40689
6.6267176,5.373026,2016-09-14,Pathum Thani Rice research Center,753.9999,214.514
5.2040067,5.3709173,2016-09-15,Pathum Thani Rice research Center,181.0,214.06006
5.1119876,5.3872437,2016-09-20,Pathum Thani Rice research Center,164.99997,217.60004
5.0369525,5.3811994,2016-09-21,Pathum Thani Rice research Center,152.99998,216.28271
5.209486,5.3775697,2016-09-22,Pathum Thani Rice research Center,181.99997,215.49548
5.1817837,5.3877554,2016-09-26,Pathum Thani Rice research Center,177.00003,217.71191
4.7184987,5.468253,2017-02-15,Pathum Thani Rice research Center,110.999985,236.04575
4.836282,5.459136,2017-03-14,Pathum Thani Rice research Center,124.999985,233.8944
4.962845,5.359202,2017-10-31,Pattani Rice research Center,142.00003,211.55524
5.327876,5.364556,2017-11-02,Phatthalung Rice research Center,204.99998,212.69629
5.313206,5.3986244,2017-11-10,Phatthalung Rice research Center,202.00005,220.10207
5.4467373,5.41064,2017-11-29,Phatthalung Rice research Center,230.99998,222.7747
7.1316986,5.417197,2017-11-30,Phatthalung Rice research Center,1250.0001,224.24692
6.857514,5.4177227,2017-12-01,Phatthalung Rice research Center,949.9999,224.36531
5.236442,5.480322,2015-02-17,Phitsanulok Rice Seed Center,187.00003,238.92392
5.411646,5.4854517,2015-02-18,Phitsanulok Rice Seed Center,222.99997,240.15785
5.638355,5.4839196,2015-02-19,Phitsanulok Rice Seed Center,280.00003,239.78867
5.7745514,5.4920607,2015-02-20,Phitsanulok Rice Seed Center,320.99994,241.75693
5.7300997,5.4861574,2015-02-21,Phitsanulok Rice Seed Center,306.99997,240.3281
5.7589016,5.4750185,2015-02-22,Phitsanulok Rice Seed Center,315.99994,237.65488
5.7071104,5.4851,2015-02-23,Phitsanulok Rice Seed Center,300.00003,240.073
5.6937323,5.488098,2015-02-24,Phitsanulok Rice Seed Center,296.00003,240.7969
5.7071104,5.4919176,2015-02-25,Phitsanulok Rice Seed Center,300.00003,241.72221
5.886104,5.490268,2015-02-26,Phitsanulok Rice Seed Center,359.00003,241.32219
5.556828,5.487795,2015-02-27,Phitsanulok Rice Seed Center,258.0,240.72359
5.7462034,5.4937954,2015-02-28,Phitsanulok Rice Seed Center,312.00006,242.17842
5.351858,5.4911547,2015-03-03,Phitsanulok Rice Seed Center,210.0,241.5371
5.2832036,5.488303,2015-03-04,Phitsanulok Rice Seed Center,195.99997,240.8465
4.8121843,5.37821,2017-07-01,Phitsanulok Rice Seed Center,122.0,215.63417
5.123964,5.3763986,2017-07-02,Phitsanulok Rice Seed Center,166.99997,215.2421
5.0369525,5.378385,2017-07-03,Phitsanulok Rice Seed Center,152.99998,215.67209
5.123964,5.377946,2017-07-04,Phitsanulok Rice Seed Center,166.99997,215.57695
5.0689044,5.3819504,2017-07-05,Phitsanulok Rice Seed Center,158.00003,216.44597
5.192957,5.3802876,2017-07-06,Phitsanulok Rice Seed Center,179.00002,216.08472
5.2311087,5.376718,2017-07-07,Phitsanulok Rice Seed Center,186.0,215.31119
5.288267,5.3856506,2017-07-08,Phitsanulok Rice Seed Center,197.00002,217.25206
5.043425,5.379852,2017-07-09,Phitsanulok Rice Seed Center,154.0,215.99011
5.3565865,5.3823934,2017-07-10,Phitsanulok Rice Seed Center,211.00003,216.54231
5.525453,5.3813076,2017-07-11,Phitsanulok Rice Seed Center,250.00003,216.30624
5.4380794,5.378531,2017-07-12,Phitsanulok Rice Seed Center,229.00002,215.7037
5.549076,5.5108438,2015-02-20,Phrae Rice research Center,256.0,246.35976
4.7706847,5.509253,2015-02-21,Phrae Rice research Center,117.000015,245.96658
6.5778613,5.4951096,2015-02-22,Phrae Rice research Center,718.0,242.4982
5.948035,5.504106,2015-02-23,Phrae Rice research Center,381.9999,244.69872
6.338594,5.5037384,2015-02-24,Phrae Rice research Center,564.99994,244.6084
6.461468,5.5075827,2015-02-25,Phrae Rice research Center,639.0,245.5544
5.6347895,5.5077577,2015-02-26,Phrae Rice research Center,278.99997,245.59755
6.315358,5.4947844,2015-02-27,Phrae Rice research Center,552.00006,242.41902
5.652489,5.5051026,2015-02-28,Phrae Rice research Center,284.0,244.9437
5.0238805,5.4974003,2015-03-01,Phrae Rice research Center,151.0,243.05663
6.0282784,5.5040293,2015-03-03,Phrae Rice research Center,413.99994,244.67986
5.32301,5.506275,2015-03-05,Phrae Rice research Center,204.0,245.23224
5.6240177,5.5078893,2015-03-07,Phrae Rice research Center,276.00006,245.63
5.6240177,5.501974,2015-03-08,Phrae Rice research Center,276.00006,244.17546
5.560682,5.4855905,2015-03-09,Phrae Rice research Center,259.00006,240.19131
5.8833222,5.4698877,2015-03-31,Phrae Rice research Center,357.99994,236.43353
4.890349,5.463981,2015-04-01,Phrae Rice research Center,131.99997,235.03525
5.9939613,5.4753184,2015-04-02,Phrae Rice research Center,399.99997,237.72647
5.056246,5.430222,2015-04-15,Phrae Rice research Center,156.0,227.1999
5.826,5.4266815,2015-04-25,Phrae Rice research Center,338.00003,226.39339
6.424869,5.3967247,2015-05-25,Phrae Rice research Center,616.0,219.68243
5.062595,5.3974795,2015-05-26,Phrae Rice research Center,156.99997,219.84908
5.4026775,5.396468,2015-05-27,Phrae Rice research Center,221.00003,219.62582
4.65396,5.3797183,2015-07-22,Phrae Rice research Center,103.999985,215.96115
4.65396,5.376075,2015-07-25,Phrae Rice research Center,103.999985,215.17209
6.3099184,5.407612,2015-09-12,Phrae Rice research Center,549.00006,222.09816
7.2174435,5.415371,2015-09-14,Phrae Rice research Center,1362.0,223.83594
7.6029005,5.4184628,2015-09-15,Phrae Rice research Center,2003.0001,224.53217
4.955827,5.4146085,2015-09-16,Phrae Rice research Center,141.00003,223.66457
6.539586,5.42059,2015-09-17,Phrae Rice research Center,691.00006,225.01242
6.475433,5.415438,2015-09-18,Phrae Rice research Center,648.0001,223.85104
5.6240177,5.4246483,2015-09-19,Phrae Rice research Center,276.00006,225.93152
6.285998,5.4261165,2015-09-20,Phrae Rice research Center,535.9999,226.26494
6.3613024,5.422511,2015-09-21,Phrae Rice research Center,577.99994,225.44704
5.075174,5.426641,2015-10-06,Phrae Rice research Center,159.0,226.38417
7.309212,5.4371624,2015-10-08,Phrae Rice research Center,1492.9998,228.78922
5.5174527,5.444283,2015-10-10,Phrae Rice research Center,247.99995,230.43129
6.4052286,5.458419,2015-10-15,Phrae Rice research Center,604.0001,233.726
7.7463007,5.449023,2015-10-16,Phrae Rice research Center,2312.0,231.53082
5.5412636,5.445281,2015-10-17,Phrae Rice research Center,254.00002,230.66237
5.7620516,5.449536,2015-10-20,Phrae Rice research Center,317.00006,231.65016
5.560682,5.4540696,2015-10-21,Phrae Rice research Center,259.00006,232.70734
6.052089,5.454577,2015-10-22,Phrae Rice research Center,424.0,232.82593
5.2832036,5.4632726,2015-10-23,Phrae Rice research Center,195.99997,234.86806
6.228511,5.4685297,2015-10-24,Phrae Rice research Center,505.99994,236.11131
5.8081427,5.4756255,2015-10-25,Phrae Rice research Center,332.00006,237.79979
5.1059456,5.4732394,2015-10-26,Phrae Rice research Center,164.00002,237.23068
4.762174,5.4771943,2015-10-29,Phrae Rice research Center,116.00002,238.17471
5.4424176,5.4803205,2015-11-11,Phrae Rice research Center,229.99998,238.92358
5.1474943,5.4764676,2015-11-12,Phrae Rice research Center,170.99997,238.00098
6.063785,5.4872017,2015-11-13,Phrae Rice research Center,428.99994,240.58025
5.817111,5.4837418,2015-11-14,Phrae Rice research Center,334.99994,239.74583
8.029107,5.488441,2015-11-16,Phrae Rice research Center,3068.0,240.87982
9.33565,5.48113,2015-11-17,Phrae Rice research Center,11333.998,239.11792
8.339262,5.491009,2015-11-18,Phrae Rice research Center,4184.0,241.50183
5.655992,5.4900427,2015-11-22,Phrae Rice research Center,285.00006,241.26755
5.241747,5.4880238,2016-03-07,Phrae Rice research Center,187.99997,240.77892
4.94876,5.4758935,2016-03-08,Phrae Rice research Center,140.00002,237.8638
4.691348,5.4739275,2016-03-14,Phrae Rice research Center,108.00002,237.39465
5.0689044,5.465587,2016-03-17,Phrae Rice research Center,158.00003,235.41463
4.644391,5.462515,2016-03-21,Phrae Rice research Center,103.000015,234.6894
4.890349,5.462953,2016-03-24,Phrae Rice research Center,131.99997,234.79271
6.315358,5.4499145,2016-03-29,Phrae Rice research Center,552.00006,231.73825
6.391917,5.449357,2016-03-30,Phrae Rice research Center,596.00006,231.60855
5.1474943,5.4458075,2016-03-31,Phrae Rice research Center,170.99997,230.78436
5.32301,5.431045,2016-04-06,Phrae Rice research Center,204.0,227.3878
4.762174,5.429172,2016-04-10,Phrae Rice research Center,116.00002,226.96042
6.0958247,5.397044,2016-08-27,Phrae Rice research Center,443.00006,219.75294
5.529429,5.4111366,2016-09-06,Phrae Rice research Center,250.99997,222.88593
4.8598123,5.4132705,2016-09-07,Phrae Rice research Center,127.999985,223.36417
5.5683446,5.4092035,2016-09-08,Phrae Rice research Center,261.00003,222.45355
6.315358,5.4175735,2016-09-10,Phrae Rice research Center,552.00006,224.33168
6.350886,5.407462,2016-09-11,Phrae Rice research Center,572.00006,222.06476
4.644391,5.4091663,2016-09-13,Phrae Rice research Center,103.000015,222.44524
4.8441873,5.4073367,2016-09-14,Phrae Rice research Center,126.00002,222.03679
6.7912216,5.406547,2016-09-16,Phrae Rice research Center,889.0001,221.86073
6.20859,5.407619,2016-09-17,Phrae Rice research Center,496.0,222.09976
5.7004437,5.419943,2016-09-19,Phrae Rice research Center,298.00006,224.86621
4.804021,5.432291,2016-09-21,Phrae Rice research Center,120.99998,227.67255
5.370638,5.4348,2016-09-22,Phrae Rice research Center,213.99997,228.24702
4.7184987,5.4340496,2016-09-23,Phrae Rice research Center,110.999985,228.07503
5.0238805,5.4329386,2016-09-24,Phrae Rice research Center,151.0,227.82066
5.0238805,5.4543962,2016-10-09,Phrae Rice research Center,151.0,232.78368
4.804021,5.4603505,2016-10-10,Phrae Rice research Center,120.99998,234.17984
5.0172796,5.4545813,2016-10-12,Phrae Rice research Center,149.99997,232.82693
5.081404,5.4543033,2016-10-13,Phrae Rice research Center,159.99997,232.76195
5.587249,5.4611263,2016-10-18,Phrae Rice research Center,266.00003,234.36237
4.934474,5.4616303,2016-10-19,Phrae Rice research Center,138.0,234.48103
6.206576,5.4643793,2016-10-20,Phrae Rice research Center,494.99997,235.12924
5.755742,5.466239,2016-10-21,Phrae Rice research Center,314.99994,235.56877
5.278115,5.463145,2016-10-23,Phrae Rice research Center,195.00003,234.83792
4.9904327,5.4715195,2016-10-30,Phrae Rice research Center,146.00003,236.82129
5.3423343,5.470331,2016-11-03,Phrae Rice research Center,208.0,236.53885
5.3033047,5.478359,2016-11-06,Phrae Rice research Center,199.99995,238.45349
4.7004805,5.4905157,2016-11-09,Phrae Rice research Center,109.000015,241.38217
5.1119876,5.492446,2016-11-10,Phrae Rice research Center,164.99997,241.85048
6.5453496,5.4809556,2016-11-12,Phrae Rice research Center,694.99994,239.07602
8.494538,5.4866595,2016-11-13,Phrae Rice research Center,4886.999,240.44931
8.106816,5.48615,2016-11-14,Phrae Rice research Center,3316.001,240.32626
7.4436636,5.493748,2016-11-15,Phrae Rice research Center,1707.9999,242.16693
6.8617115,5.495887,2016-11-16,Phrae Rice research Center,954.0001,242.68753
7.614805,5.4846554,2016-11-17,Phrae Rice research Center,2026.9998,239.96588
5.786897,5.493327,2016-11-18,Phrae Rice research Center,324.99994,242.06458
8.600615,5.501917,2016-11-19,Phrae Rice research Center,5433.9985,244.16142
8.610501,5.5011835,2016-11-20,Phrae Rice research Center,5487.9995,243.9817
8.672829,5.5127563,2016-11-21,Phrae Rice research Center,5841.001,246.8333
6.8554087,5.5049734,2016-11-22,Phrae Rice research Center,947.9999,244.91191
6.6618547,5.5136437,2016-11-23,Phrae Rice research Center,781.0,247.05333
7.2889276,5.513364,2016-11-24,Phrae Rice research Center,1462.9998,246.9839
7.8709297,5.5134788,2016-11-25,Phrae Rice research Center,2619.0002,247.0124
8.166784,5.5142317,2016-11-26,Phrae Rice research Center,3521.0,247.1992
7.590347,5.5030246,2016-11-27,Phrae Rice research Center,1977.9998,244.43314
5.771441,5.498988,2016-11-29,Phrae Rice research Center,319.99994,243.44447
4.691348,5.500768,2016-11-30,Phrae Rice research Center,108.00002,243.87997
5.8833222,5.4969816,2016-12-01,Phrae Rice research Center,357.99994,242.95447
5.030438,5.487542,2016-12-02,Phrae Rice research Center,152.0,240.6625
5.332719,5.497576,2016-12-03,Phrae Rice research Center,206.00002,243.09958
4.94876,5.487148,2016-12-07,Phrae Rice research Center,140.00002,240.56723
4.7004805,5.493283,2016-12-08,Phrae Rice research Center,109.000015,242.0538
5.117994,5.4981766,2016-12-12,Phrae Rice research Center,166.0,243.24615
4.7957907,5.5036244,2016-12-13,Phrae Rice research Center,120.000015,244.58041
4.644391,5.516664,2016-12-21,Phrae Rice research Center,103.000015,247.80365
5.0369525,5.5049124,2016-12-22,Phrae Rice research Center,152.99998,244.89691
4.955827,5.5127506,2016-12-24,Phrae Rice research Center,141.00003,246.83188
4.9416423,5.514949,2016-12-26,Phrae Rice research Center,138.99998,247.37727
4.9972124,5.499925,2017-02-26,Phrae Rice research Center,147.00002,243.67361
5.4764633,5.4902577,2017-02-27,Phrae Rice research Center,237.99994,241.31966
4.787492,5.499165,2017-03-01,Phrae Rice research Center,119.00001,243.48772
5.497168,5.4998074,2017-03-02,Phrae Rice research Center,242.99995,243.6448
5.575949,5.499288,2017-03-03,Phrae Rice research Center,263.00003,243.51779
7.7475967,5.4877324,2017-03-04,Phrae Rice research Center,2314.9998,240.7085
9.168998,5.497179,2017-03-05,Phrae Rice research Center,9594.004,243.00264
8.115222,5.4900746,2017-03-06,Phrae Rice research Center,3344.0,241.27528
8.383204,5.490376,2017-03-07,Phrae Rice research Center,4371.9995,241.34831
6.5072775,5.480447,2017-03-08,Phrae Rice research Center,668.9999,238.9539
5.8141303,5.4716835,2017-03-09,Phrae Rice research Center,333.99994,236.86029
9.497322,5.4770036,2017-03-10,Phrae Rice research Center,13322.998,238.1291
8.768886,5.4701753,2017-03-11,Phrae Rice research Center,6430.002,236.50182
7.2909746,5.465641,2017-03-12,Phrae Rice research Center,1465.9998,235.42737
8.395025,5.4744406,2017-03-13,Phrae Rice research Center,4423.9985,237.517
7.9116907,5.4718194,2017-03-14,Phrae Rice research Center,2728.0005,236.89262
7.375882,5.478465,2017-03-15,Phrae Rice research Center,1596.0,238.47885
8.575651,5.4717007,2017-03-16,Phrae Rice research Center,5300.002,236.86438
5.7170277,5.4597535,2017-03-17,Phrae Rice research Center,303.0,234.03949
7.3336763,5.4649825,2017-03-18,Phrae Rice research Center,1529.9999,235.27173
5.7620516,5.459247,2017-03-19,Phrae Rice research Center,317.00006,233.92049
7.4529824,5.4647555,2017-03-20,Phrae Rice research Center,1724.0001,235.21811
5.0106354,5.463945,2017-03-21,Phrae Rice research Center,149.00002,235.0267
8.613412,5.4550977,2017-03-22,Phrae Rice research Center,5503.999,232.94772
5.948035,5.4691854,2017-03-23,Phrae Rice research Center,381.9999,236.26683
5.846439,5.464401,2017-03-24,Phrae Rice research Center,345.00003,235.13431
5.6312118,5.468274,2017-03-25,Phrae Rice research Center,278.0,236.05072
6.8926415,5.456055,2017-03-28,Phrae Rice research Center,983.9999,233.17183
4.75359,5.450024,2017-03-29,Phrae Rice research Center,114.99999,231.76378
8.49964,5.4530754,2017-03-30,Phrae Rice research Center,4912.002,232.4751
7.256297,5.4519625,2017-03-31,Phrae Rice research Center,1415.9998,232.2154
6.1675167,5.453162,2017-04-02,Phrae Rice research Center,476.0001,232.49536
6.061457,5.450982,2017-04-03,Phrae Rice research Center,428.0001,231.98686
7.6420445,5.4540877,2017-04-04,Phrae Rice research Center,2083.0002,232.71156
7.2909746,5.451823,2017-04-05,Phrae Rice research Center,1465.9998,232.18292
7.2548847,5.4455,2017-04-06,Phrae Rice research Center,1413.9999,230.71309
7.1196356,5.452731,2017-04-07,Phrae Rice research Center,1235.0,232.39473
6.632002,5.4512167,2017-04-08,Phrae Rice research Center,758.00006,232.04153
5.7525725,5.4568906,2017-04-09,Phrae Rice research Center,313.99997,233.36754
6.0063534,5.4523273,2017-04-10,Phrae Rice research Center,405.0001,232.30048
7.035269,5.4542413,2017-04-11,Phrae Rice research Center,1135.0002,232.74745
6.3885612,5.4576607,2017-04-12,Phrae Rice research Center,593.9999,233.5481
6.795706,5.4495335,2017-04-16,Phrae Rice research Center,893.0,231.6496
7.2605224,5.43712,2017-04-18,Phrae Rice research Center,1421.9996,228.77945
6.1484685,5.43099,2017-04-19,Phrae Rice research Center,467.0001,227.37527
6.4599047,5.433928,2017-04-20,Phrae Rice research Center,638.0001,228.04718
5.164786,5.4343915,2017-04-21,Phrae Rice research Center,173.99998,228.15337
5.0689044,5.44085,2017-04-23,Phrae Rice research Center,158.00003,229.63809
5.241747,5.434284,2017-04-24,Phrae Rice research Center,187.99997,228.12878
5.3936276,5.433518,2017-04-27,Phrae Rice research Center,219.00003,227.95328
4.828314,5.434513,2017-04-29,Phrae Rice research Center,124.00001,228.18123
5.236442,5.407161,2017-05-12,Phrae Rice research Center,187.00003,221.99765
4.955827,5.407399,2017-05-19,Phrae Rice research Center,141.00003,222.05072
5.192957,5.418918,2017-05-21,Phrae Rice research Center,179.00002,224.63489
4.912655,5.411822,2017-05-22,Phrae Rice research Center,135.0,223.03938
5.236442,5.423075,2017-05-23,Phrae Rice research Center,187.00003,225.57481
5.6664267,5.3858905,2017-08-13,Phrae Rice research Center,288.0,217.30441
5.926926,5.3866963,2017-08-14,Phrae Rice research Center,374.00006,217.48041
4.828314,5.4077406,2017-08-30,Phrae Rice research Center,124.00001,222.12689
5.9939613,5.407325,2017-08-31,Phrae Rice research Center,399.99997,222.03412
7.4552984,5.4010334,2017-09-02,Phrae Rice research Center,1727.9999,220.63535
7.7600408,5.401782,2017-09-03,Phrae Rice research Center,2344.0002,220.80133
8.721439,5.405121,2017-09-04,Phrae Rice research Center,6132.0,221.54312
6.350886,5.4054794,2017-09-05,Phrae Rice research Center,572.00006,221.62292
5.288267,5.404374,2017-09-06,Phrae Rice research Center,197.00002,221.377
5.2832036,5.401325,2017-09-07,Phrae Rice research Center,195.99997,220.70003
6.522093,5.402342,2017-09-08,Phrae Rice research Center,679.0,220.92552
4.8202815,5.4102206,2017-09-09,Phrae Rice research Center,122.99999,222.68094
8.732949,5.414078,2017-09-10,Phrae Rice research Center,6202.998,223.54547
5.880533,5.4074984,2017-09-11,Phrae Rice research Center,357.0001,222.07285
8.001355,5.4102354,2017-09-12,Phrae Rice research Center,2984.0005,222.68423
7.9233484,5.41518,2017-09-13,Phrae Rice research Center,2760.0005,223.79305
5.043425,5.423799,2017-09-15,Phrae Rice research Center,154.0,225.73888
4.727388,5.411806,2017-09-16,Phrae Rice research Center,112.00001,223.03586
6.089045,5.416085,2017-09-19,Phrae Rice research Center,440.00006,223.99649
4.9767337,5.421817,2017-09-20,Phrae Rice research Center,144.0,225.28989
4.7957907,5.4202003,2017-09-21,Phrae Rice research Center,120.000015,224.92438
4.828314,5.4270205,2017-09-23,Phrae Rice research Center,124.00001,226.47049
6.285998,5.464612,2017-09-27,Phrae Rice research Center,535.9999,235.1842
5.9939613,5.4680185,2017-09-28,Phrae Rice research Center,399.99997,235.99014
6.829794,5.4710646,2017-09-29,Phrae Rice research Center,924.0002,236.71312
6.2785215,5.4698777,2017-09-30,Phrae Rice research Center,532.00006,236.43115
7.375882,5.4687777,2017-10-01,Phrae Rice research Center,1596.0,236.1701
7.26473,5.4491825,2017-10-02,Phrae Rice research Center,1427.9998,231.56796
5.5134287,5.4498773,2017-10-03,Phrae Rice research Center,246.99998,231.7296
7.2276626,5.4483776,2017-10-05,Phrae Rice research Center,1376.0001,231.38084
5.9939613,5.444585,2017-10-06,Phrae Rice research Center,399.99997,230.50116
6.329721,5.454074,2017-10-09,Phrae Rice research Center,560.00006,232.70834
6.240276,5.472634,2017-10-11,Phrae Rice research Center,512.0,237.08646
7.388328,5.4700937,2017-10-12,Phrae Rice research Center,1616.0004,236.48245
5.9532433,5.473361,2017-10-13,Phrae Rice research Center,383.99997,237.25964
5.0039463,5.473446,2017-10-14,Phrae Rice research Center,148.0,237.27986
5.888878,5.4816537,2017-10-15,Phrae Rice research Center,359.99997,239.24367
5.081404,5.471509,2017-10-17,Phrae Rice research Center,159.99997,236.81879
5.5645204,5.4704785,2017-10-18,Phrae Rice research Center,260.0,236.57385
6.4118185,5.4674544,2017-10-22,Phrae Rice research Center,608.0001,235.85649
5.3033047,5.46952,2017-10-23,Phrae Rice research Center,199.99995,236.34627
5.4161005,5.471451,2017-10-24,Phrae Rice research Center,224.00003,236.80495
6.5861716,5.469078,2017-10-25,Phrae Rice research Center,724.0,236.24136
7.007601,5.4653378,2017-10-26,Phrae Rice research Center,1104.0002,235.35567
6.371612,5.4617043,2017-10-27,Phrae Rice research Center,584.0001,234.49843
6.2709885,5.4658885,2017-10-28,Phrae Rice research Center,528.0,235.48589
7.3530817,5.46312,2017-10-29,Phrae Rice research Center,1559.9996,234.83206
5.379897,5.4737453,2017-10-30,Phrae Rice research Center,215.99995,237.35123
5.5174527,5.4638047,2017-10-31,Phrae Rice research Center,247.99995,234.9936
6.9966817,5.461764,2017-11-01,Phrae Rice research Center,1092.0002,234.51247
6.7393365,5.464406,2017-11-02,Phrae Rice research Center,843.9999,235.13556
5.5174527,5.463128,2017-11-03,Phrae Rice research Center,247.99995,234.83398
5.7203116,5.470758,2017-11-04,Phrae Rice research Center,303.99997,236.64024
5.8435445,5.4668713,2017-11-06,Phrae Rice research Center,344.00003,235.7184
4.7004805,5.4653225,2017-11-07,Phrae Rice research Center,109.000015,235.35207
7.3783836,5.4625697,2017-11-08,Phrae Rice research Center,1599.9999,234.70233
6.558198,5.4707747,2017-11-09,Phrae Rice research Center,704.0001,236.64421
7.2276626,5.475109,2017-11-10,Phrae Rice research Center,1376.0001,237.67651
6.315358,5.4691505,2017-11-12,Phrae Rice research Center,552.00006,236.25856
6.042633,5.4707646,2017-11-13,Phrae Rice research Center,420.0001,236.64183
4.919981,5.471963,2017-11-14,Phrae Rice research Center,136.00002,236.92677
5.652489,5.4728827,2017-11-15,Phrae Rice research Center,284.0,237.14572
5.17615,5.477403,2017-11-16,Phrae Rice research Center,176.00002,238.22467
4.727388,5.473882,2017-11-17,Phrae Rice research Center,112.00001,237.38385
7.09091,5.4839,2017-11-18,Phrae Rice research Center,1200.0001,239.78395
6.8638034,5.486168,2017-11-19,Phrae Rice research Center,956.0,240.33063
5.888878,5.509886,2017-12-10,Phrae Rice research Center,359.99997,246.1229
5.398163,5.512307,2017-12-11,Phrae Rice research Center,220.00003,246.722
5.081404,5.504509,2017-12-12,Phrae Rice research Center,159.99997,244.79773
5.6937323,5.511049,2017-12-13,Phrae Rice research Center,296.00003,246.41048
6.042633,5.508671,2017-12-14,Phrae Rice research Center,420.0001,245.82283
4.7957907,5.5098705,2017-12-16,Phrae Rice research Center,120.000015,246.11913
4.7957907,5.511019,2018-02-28,Phrae Rice research Center,120.000015,246.40315
5.8777356,5.491614,2018-03-13,Phrae Rice research Center,355.99994,241.6485
4.8598123,5.4906974,2018-03-14,Phrae Rice research Center,127.999985,241.42621
5.6937323,5.4966807,2018-03-15,Phrae Rice research Center,296.00003,242.88109
6.4118185,5.4912486,2018-03-16,Phrae Rice research Center,608.0001,241.55988
5.572154,5.470845,2018-03-17,Phrae Rice research Center,262.0,236.66098
7.0184016,5.475628,2018-03-18,Phrae Rice research Center,1115.9998,237.80035
6.517671,5.475754,2018-03-19,Phrae Rice research Center,675.9999,237.83043
6.107023,5.483901,2018-03-20,Phrae Rice research Center,447.99994,239.78418
5.771441,5.481256,2018-03-21,Phrae Rice research Center,319.99994,239.14815
8.514189,5.4748034,2018-03-22,Phrae Rice research Center,4984.0005,237.60356
6.932448,5.4823427,2018-03-23,Phrae Rice research Center,1024.0,239.40926
8.803424,5.4765596,2018-03-24,Phrae Rice research Center,6655.998,238.02296
9.207235,5.4779587,2018-03-25,Phrae Rice research Center,9967.998,238.3576
8.418257,5.467091,2018-03-27,Phrae Rice research Center,4528.0015,235.77045
7.0184016,5.4764705,2018-03-28,Phrae Rice research Center,1115.9998,238.00165
8.393216,5.4706726,2018-03-29,Phrae Rice research Center,4416.0005,236.61996
7.0219765,5.4692025,2018-03-30,Phrae Rice research Center,1120.0,236.2709
4.691348,5.461505,2018-03-31,Phrae Rice research Center,108.00002,234.45149
6.052089,5.455854,2018-04-01,Phrae Rice research Center,424.0,233.12471
7.9058104,5.4633365,2018-04-02,Phrae Rice research Center,2712.0,234.88313
5.8081427,5.456855,2018-04-03,Phrae Rice research Center,332.00006,233.35916
5.030438,5.458549,2018-04-09,Phrae Rice research Center,152.0,233.75655
5.6937323,5.45188,2018-04-12,Phrae Rice research Center,296.00003,232.19615
5.484797,5.462613,2018-04-13,Phrae Rice research Center,240.00002,234.71255
5.9532433,5.447339,2018-04-17,Phrae Rice research Center,383.99997,231.13963
7.09091,5.4597297,2018-04-18,Phrae Rice research Center,1200.0001,234.03387
5.484797,5.45392,2018-04-19,Phrae Rice research Center,240.00002,232.67235
7.0501227,5.45253,2018-04-20,Phrae Rice research Center,1152.0002,232.34776
7.9986715,5.44666,2018-04-21,Phrae Rice research Center,2976.0005,230.98206
7.192182,5.4372444,2018-04-22,Phrae Rice research Center,1328.0,228.80806
6.285998,5.4472814,2018-04-23,Phrae Rice research Center,535.9999,231.12624
7.077498,5.444274,2018-04-24,Phrae Rice research Center,1183.9999,230.42918
5.609472,5.450053,2018-04-25,Phrae Rice research Center,272.0,231.77055
4.94876,5.445348,2018-04-26,Phrae Rice research Center,140.00002,230.67784
5.5333896,5.438228,2018-04-27,Phrae Rice research Center,252.00002,229.03423
5.6664267,5.441428,2018-04-30,Phrae Rice research Center,288.0,229.77153
6.285998,5.4224358,2018-05-23,Phrae Rice research Center,535.9999,225.42998
7.077498,5.4210916,2018-05-24,Phrae Rice research Center,1183.9999,225.12582
5.609472,5.4200315,2018-05-25,Phrae Rice research Center,272.0,224.88625
4.94876,5.4226165,2018-05-26,Phrae Rice research Center,140.00002,225.4709
5.5333896,5.4194617,2018-05-27,Phrae Rice research Center,252.00002,224.75757
5.6664267,5.41799,2018-05-30,Phrae Rice research Center,288.0,224.42561
5.214936,5.426296,2017-10-27,Prachinburi Rice research Center,183.0,226.3058
5.2040067,5.4291744,2017-10-28,Prachinburi Rice research Center,181.0,226.96097
4.962845,5.4705086,2017-11-28,Prachinburi Rice research Center,142.00003,236.581
5.3565865,5.4694734,2017-11-30,Prachinburi Rice research Center,211.00003,236.33517
4.75359,5.4690304,2017-12-01,Prachinburi Rice research Center,114.99999,236.23006
4.7791233,5.45987,2017-12-02,Prachinburi Rice research Center,117.99998,234.06683
5.2311087,5.4603267,2017-12-03,Prachinburi Rice research Center,186.0,234.17424
4.8202815,5.4585443,2017-12-05,Prachinburi Rice research Center,122.99999,233.75543
7.0483866,5.4371486,2015-03-09,Ratchaburi Rice Seed Center2,1150.0002,228.78603
6.4800444,5.4317355,2015-03-10,Ratchaburi Rice Seed Center2,650.9999,227.54555
4.75359,5.430117,2015-03-11,Ratchaburi Rice Seed Center2,114.99999,227.17596
6.685861,5.4262133,2015-03-12,Ratchaburi Rice Seed Center2,800.0001,226.28694
6.857514,5.420067,2015-03-14,Ratchaburi Rice Seed Center2,949.9999,224.89423
5.7430034,5.424131,2015-03-15,Ratchaburi Rice Seed Center2,311.00006,225.81415
6.1114674,5.4245257,2015-03-16,Ratchaburi Rice Seed Center2,450.0,225.90372
5.3565865,5.4230094,2015-03-17,Ratchaburi Rice Seed Center2,211.00003,225.5599
5.3033047,5.421016,2015-03-18,Ratchaburi Rice Seed Center2,199.99995,225.10878
4.7957907,5.4175787,2015-03-19,Ratchaburi Rice Seed Center2,120.000015,224.33286
5.1119876,5.4210424,2015-03-20,Ratchaburi Rice Seed Center2,164.99997,225.11472
5.3752785,5.418146,2015-03-21,Ratchaburi Rice Seed Center2,215.00002,224.46075
4.983607,5.418592,2015-03-22,Ratchaburi Rice Seed Center2,145.00003,224.56131
5.755742,5.417728,2015-03-23,Ratchaburi Rice Seed Center2,314.99994,224.3665
5.529429,5.4119406,2015-03-24,Ratchaburi Rice Seed Center2,250.99997,223.06598
4.8675346,5.3882303,2015-03-25,Ratchaburi Rice Seed Center2,129.00003,217.81581
6.4800444,5.399336,2015-03-26,Ratchaburi Rice Seed Center2,650.9999,220.25943
5.963579,5.3847632,2015-03-27,Ratchaburi Rice Seed Center2,387.99994,217.05847
6.43294,5.397555,2015-03-28,Ratchaburi Rice Seed Center2,620.99994,219.8657
6.2822666,5.408222,2015-03-29,Ratchaburi Rice Seed Center2,533.99994,222.23438
6.5834093,5.4164023,2015-03-30,Ratchaburi Rice Seed Center2,722.00006,224.06795
6.2785215,5.414863,2015-03-31,Ratchaburi Rice Seed Center2,532.00006,223.72179
6.1136823,5.418881,2015-04-01,Ratchaburi Rice Seed Center2,451.00003,224.6265
6.3664703,5.420441,2015-04-02,Ratchaburi Rice Seed Center2,580.99994,224.97879
5.3752785,5.4184995,2015-04-03,Ratchaburi Rice Seed Center2,215.00002,224.54044
4.836282,5.42409,2015-04-06,Ratchaburi Rice Seed Center2,124.999985,225.80484
5.062595,5.405023,2015-04-08,Ratchaburi Rice Seed Center2,156.99997,221.52136
4.804021,5.39199,2015-04-20,Ratchaburi Rice Seed Center2,120.99998,218.64008
4.8121843,5.3270884,2015-06-11,Ratchaburi Rice Seed Center2,122.0,204.83777
6.1114674,5.314487,2015-08-01,Ratchaburi Rice Seed Center2,450.0,202.26021
5.8636312,5.3070226,2015-08-02,Ratchaburi Rice Seed Center2,351.00003,200.74864
6.437752,5.304513,2015-08-03,Ratchaburi Rice Seed Center2,624.00006,200.24297
5.5012584,5.304845,2015-08-04,Ratchaburi Rice Seed Center2,244.00005,200.30977
5.7462034,5.3104,2015-08-05,Ratchaburi Rice Seed Center2,312.00006,201.43118
5.9939613,5.3067694,2015-08-06,Ratchaburi Rice Seed Center2,399.99997,200.69757
5.370638,5.310997,2015-08-07,Ratchaburi Rice Seed Center2,213.99997,201.55208
5.7462034,5.315558,2015-08-08,Ratchaburi Rice Seed Center2,312.00006,202.47801
5.433722,5.328337,2015-08-09,Ratchaburi Rice Seed Center2,228.0,205.095
5.2311087,5.334488,2015-08-10,Ratchaburi Rice Seed Center2,186.0,206.36653
6.2785215,5.3321834,2015-08-11,Ratchaburi Rice Seed Center2,532.00006,205.88919
5.872118,5.3331356,2015-08-12,Ratchaburi Rice Seed Center2,354.00006,206.0863
6.43294,5.3293934,2015-08-13,Ratchaburi Rice Seed Center2,620.99994,205.31277
6.58755,5.3264613,2015-08-14,Ratchaburi Rice Seed Center2,725.0001,204.70874
6.4861608,5.32794,2015-08-15,Ratchaburi Rice Seed Center2,655.0,205.01315
5.866468,5.3288884,2015-08-16,Ratchaburi Rice Seed Center2,351.99997,205.20863
5.5373344,5.3288684,2015-08-17,Ratchaburi Rice Seed Center2,253.00005,205.2045
5.4595857,5.334729,2015-08-18,Ratchaburi Rice Seed Center2,234.00003,206.41656
5.3565865,5.3309665,2015-08-19,Ratchaburi Rice Seed Center2,211.00003,205.63759
6.0210233,5.3446617,2015-08-20,Ratchaburi Rice Seed Center2,410.99997,208.487
6.261492,5.3422785,2015-08-21,Ratchaburi Rice Seed Center2,523.00006,207.98834
6.025866,5.347245,2015-08-22,Ratchaburi Rice Seed Center2,413.00003,209.02892
5.4553213,5.3368287,2015-08-23,Ratchaburi Rice Seed Center2,233.00005,206.85251
5.7838254,5.3360977,2015-08-24,Ratchaburi Rice Seed Center2,324.00006,206.70062
6.437752,5.3380065,2015-08-25,Ratchaburi Rice Seed Center2,624.00006,207.09746
5.420535,5.336087,2015-08-26,Ratchaburi Rice Seed Center2,225.00002,206.69844
6.0776424,5.335385,2015-08-27,Ratchaburi Rice Seed Center2,435.0001,206.55261
5.1059456,5.32845,2015-08-28,Ratchaburi Rice Seed Center2,164.00002,205.11829
5.7462034,5.3216386,2015-08-29,Ratchaburi Rice Seed Center2,312.00006,203.71906
4.744932,5.3222857,2015-08-30,Ratchaburi Rice Seed Center2,114.00001,203.85156
5.0689044,5.3216467,2015-08-31,Ratchaburi Rice Seed Center2,158.00003,203.72072
6.4861608,5.32681,2015-09-01,Ratchaburi Rice Seed Center2,655.0,204.78046
5.866468,5.3254704,2015-09-02,Ratchaburi Rice Seed Center2,351.99997,204.50502
5.5373344,5.325314,2015-09-03,Ratchaburi Rice Seed Center2,253.00005,204.47287
4.8121843,5.3271966,2015-09-04,Ratchaburi Rice Seed Center2,122.0,204.86005
5.370638,5.3304152,2015-09-05,Ratchaburi Rice Seed Center2,213.99997,205.52371
5.1817837,5.331675,2015-09-07,Ratchaburi Rice Seed Center2,177.00003,205.78406
5.5412636,5.334336,2015-09-08,Ratchaburi Rice Seed Center2,254.00002,206.33499
5.7745514,5.3474197,2015-09-09,Ratchaburi Rice Seed Center2,320.99994,209.06558
8.307213,5.358822,2015-09-18,Ratchaburi Rice Seed Center2,4052.0007,211.47447
4.6634393,5.377172,2015-09-27,Ratchaburi Rice Seed Center2,105.000015,215.4094
4.912655,5.37639,2015-09-28,Ratchaburi Rice Seed Center2,135.0,215.24023
4.8751974,5.3730493,2015-09-29,Ratchaburi Rice Seed Center2,130.00002,214.51904
4.6634393,5.364154,2015-10-05,Ratchaburi Rice Seed Center2,105.000015,212.61041
4.912655,5.362474,2015-10-06,Ratchaburi Rice Seed Center2,135.0,212.25188
4.8751974,5.3703184,2015-10-07,Ratchaburi Rice Seed Center2,130.00002,213.93129
4.836282,5.3742237,2015-10-08,Ratchaburi Rice Seed Center2,124.999985,214.77231
5.370638,5.381996,2015-10-09,Ratchaburi Rice Seed Center2,213.99997,216.45592
5.7745514,5.393145,2015-10-10,Ratchaburi Rice Seed Center2,320.99994,218.89389
5.4026775,5.398973,2015-10-11,Ratchaburi Rice Seed Center2,221.00003,220.17914
4.912655,5.4044604,2015-10-12,Ratchaburi Rice Seed Center2,135.0,221.3962
4.9767337,5.4030867,2015-10-13,Ratchaburi Rice Seed Center2,144.0,221.09088
4.8202815,5.4001255,2015-10-14,Ratchaburi Rice Seed Center2,122.99999,220.4342
5.4553213,5.4038143,2015-10-15,Ratchaburi Rice Seed Center2,233.00005,221.25255
4.983607,5.405171,2015-10-16,Ratchaburi Rice Seed Center2,145.00003,221.55426
5.880533,5.4037247,2015-10-31,Ratchaburi Rice Seed Center2,357.0001,221.23262
5.9687076,5.401173,2015-11-01,Ratchaburi Rice Seed Center2,390.0,220.6663
5.5412636,5.395225,2015-11-02,Ratchaburi Rice Seed Center2,254.00002,219.35173
5.916202,5.3986645,2015-11-03,Ratchaburi Rice Seed Center2,370.0,220.11092
5.8607864,5.4025536,2015-11-04,Ratchaburi Rice Seed Center2,350.00006,220.9725
5.5412636,5.4045997,2015-11-05,Ratchaburi Rice Seed Center2,254.00002,221.42715
5.817111,5.4080877,2015-11-06,Ratchaburi Rice Seed Center2,334.99994,222.20435
6.0544395,5.4095287,2015-11-07,Ratchaburi Rice Seed Center2,425.0001,222.52621
6.300786,5.4047284,2015-11-08,Ratchaburi Rice Seed Center2,544.0001,221.4558
5.549076,5.4153814,2015-11-09,Ratchaburi Rice Seed Center2,256.0,223.83829
5.488938,5.4181685,2015-11-10,Ratchaburi Rice Seed Center2,241.00003,224.46582
4.727388,5.4220524,2015-11-11,Ratchaburi Rice Seed Center2,112.00001,225.34319
4.9904327,5.426753,2015-11-12,Ratchaburi Rice Seed Center2,146.00003,226.40965
4.828314,5.426051,2015-11-13,Ratchaburi Rice Seed Center2,124.00001,226.25009
6.297109,5.426225,2015-11-14,Ratchaburi Rice Seed Center2,541.9999,226.28964
4.727388,5.4325852,2015-11-15,Ratchaburi Rice Seed Center2,112.00001,227.73982
5.3752785,5.4369736,2015-11-16,Ratchaburi Rice Seed Center2,215.00002,228.74582
5.043425,5.439513,2015-11-17,Ratchaburi Rice Seed Center2,154.0,229.33003
5.5412636,5.4399657,2015-11-18,Ratchaburi Rice Seed Center2,254.00002,229.43428
4.828314,5.4410653,2015-11-19,Ratchaburi Rice Seed Center2,124.00001,229.6878
4.912655,5.4254746,2015-12-01,Ratchaburi Rice Seed Center2,135.0,226.11913
4.8751974,5.4252043,2015-12-02,Ratchaburi Rice Seed Center2,130.00002,226.05772
5.888878,5.4261303,2015-12-03,Ratchaburi Rice Seed Center2,359.99997,226.26808
4.836282,5.4236226,2015-12-04,Ratchaburi Rice Seed Center2,124.999985,225.69888
5.3752785,5.4297724,2015-12-05,Ratchaburi Rice Seed Center2,215.00002,227.09732
5.7745514,5.426033,2015-12-06,Ratchaburi Rice Seed Center2,320.99994,226.24597
6.2576675,5.4317355,2015-12-07,Ratchaburi Rice Seed Center2,521.0,227.54555
6.0450053,5.428639,2015-12-08,Ratchaburi Rice Seed Center2,421.0,226.83893
5.786897,5.430545,2015-12-09,Ratchaburi Rice Seed Center2,324.99994,227.27359
5.198497,5.442394,2015-12-10,Ratchaburi Rice Seed Center2,179.99997,229.99448
5.26269,5.4457803,2015-12-11,Ratchaburi Rice Seed Center2,191.99997,230.77806
5.7776523,5.4502354,2015-12-12,Ratchaburi Rice Seed Center2,322.0,231.81296
5.4161005,5.455923,2015-12-13,Ratchaburi Rice Seed Center2,224.00003,233.1409
4.983607,5.4508233,2015-12-14,Ratchaburi Rice Seed Center2,145.00003,231.94987
4.8202815,5.4534297,2015-12-15,Ratchaburi Rice Seed Center2,122.99999,232.55783
5.3752785,5.4501677,2015-12-16,Ratchaburi Rice Seed Center2,215.00002,231.7972
5.786897,5.451568,2015-12-17,Ratchaburi Rice Seed Center2,324.99994,232.12344
5.583496,5.4489126,2015-12-18,Ratchaburi Rice Seed Center2,264.99994,231.5052
6.0306854,5.4414473,2015-12-19,Ratchaburi Rice Seed Center2,415.00006,229.77594
5.786897,5.4476576,2015-12-20,Ratchaburi Rice Seed Center2,324.99994,231.2136
6.4504704,5.447095,2015-12-21,Ratchaburi Rice Seed Center2,632.0,231.08296
4.962845,5.4494104,2015-12-22,Ratchaburi Rice Seed Center2,142.00003,231.62099
5.5373344,5.44739,2015-12-23,Ratchaburi Rice Seed Center2,253.00005,231.15147
5.370638,5.443638,2015-12-24,Ratchaburi Rice Seed Center2,213.99997,230.28203
5.7745514,5.4415984,2015-12-25,Ratchaburi Rice Seed Center2,320.99994,229.81082
6.240276,5.43745,2015-12-26,Ratchaburi Rice Seed Center2,512.0,228.85529
4.727388,5.439538,2015-12-27,Ratchaburi Rice Seed Center2,112.00001,229.33574
4.744932,5.4381504,2015-12-28,Ratchaburi Rice Seed Center2,114.00001,229.01636
6.4504704,5.432688,2015-12-29,Ratchaburi Rice Seed Center2,632.0,227.7634
5.3752785,5.4436283,2015-12-30,Ratchaburi Rice Seed Center2,215.00002,230.27982
5.786897,5.44181,2015-12-31,Ratchaburi Rice Seed Center2,324.99994,229.8597
5.4553213,5.4453006,2016-01-01,Ratchaburi Rice Seed Center2,233.00005,230.6669
5.3752785,5.446441,2016-01-02,Ratchaburi Rice Seed Center2,215.00002,230.93129
5.5412636,5.443918,2016-01-03,Ratchaburi Rice Seed Center2,254.00002,230.34688
5.46806,5.448095,2016-01-04,Ratchaburi Rice Seed Center2,235.99997,231.31516
5.549076,5.4516277,2016-01-05,Ratchaburi Rice Seed Center2,256.0,232.13734
6.0234475,5.45244,2016-01-06,Ratchaburi Rice Seed Center2,411.99997,232.32674
5.7745514,5.451457,2016-01-07,Ratchaburi Rice Seed Center2,320.99994,232.09755
4.836282,5.4453845,2016-01-08,Ratchaburi Rice Seed Center2,124.999985,230.68634
5.4467373,5.4504046,2016-01-09,Ratchaburi Rice Seed Center2,230.99998,231.85237
5.420535,5.4437137,2016-01-10,Ratchaburi Rice Seed Center2,225.00002,230.29956
4.787492,5.4449763,2016-01-11,Ratchaburi Rice Seed Center2,119.00001,230.5918
5.365976,5.4422593,2016-01-12,Ratchaburi Rice Seed Center2,212.99997,229.96341
6.2576675,5.443233,2016-01-13,Ratchaburi Rice Seed Center2,521.0,230.18842
6.0210233,5.438457,2016-01-14,Ratchaburi Rice Seed Center2,410.99997,229.08688
5.370638,5.4523716,2016-01-15,Ratchaburi Rice Seed Center2,213.99997,232.31082
5.4553213,5.447944,2016-01-16,Ratchaburi Rice Seed Center2,233.00005,231.28015
4.983607,5.4466414,2016-01-17,Ratchaburi Rice Seed Center2,145.00003,230.97775
5.030438,5.4460664,2016-01-18,Ratchaburi Rice Seed Center2,152.0,230.84438
5.786897,5.4412875,2016-01-19,Ratchaburi Rice Seed Center2,324.99994,229.73907
6.0234475,5.4516063,2016-01-20,Ratchaburi Rice Seed Center2,411.99997,232.13234
6.2576675,5.4511843,2016-01-21,Ratchaburi Rice Seed Center2,521.0,232.03398
6.0544395,5.452701,2016-01-22,Ratchaburi Rice Seed Center2,425.0001,232.38771
5.786897,5.45224,2016-01-23,Ratchaburi Rice Seed Center2,324.99994,232.28012
5.3752785,5.446886,2016-01-24,Ratchaburi Rice Seed Center2,215.00002,231.0345
5.9053617,5.453695,2016-01-25,Ratchaburi Rice Seed Center2,365.99994,232.61975
6.1290503,5.4562063,2016-01-26,Ratchaburi Rice Seed Center2,458.00003,233.20723
4.836282,5.456755,2016-01-27,Ratchaburi Rice Seed Center2,124.999985,233.33582
5.556828,5.4554243,2016-01-28,Ratchaburi Rice Seed Center2,258.0,233.02415
5.786897,5.450984,2016-01-29,Ratchaburi Rice Seed Center2,324.99994,231.9873
5.293305,5.45766,2016-01-30,Ratchaburi Rice Seed Center2,198.00002,233.54799
6.0544395,5.453216,2016-02-01,Ratchaburi Rice Seed Center2,425.0001,232.50793
4.836282,5.445801,2016-02-02,Ratchaburi Rice Seed Center2,124.999985,230.7828
5.3752785,5.4419613,2016-02-03,Ratchaburi Rice Seed Center2,215.00002,229.89459
4.836282,5.452004,2016-02-04,Ratchaburi Rice Seed Center2,124.999985,232.22507
5.786897,5.454435,2016-02-05,Ratchaburi Rice Seed Center2,324.99994,232.79271
5.293305,5.459624,2016-02-06,Ratchaburi Rice Seed Center2,198.00002,234.009
4.8520303,5.446209,2016-02-08,Ratchaburi Rice Seed Center2,127.0,230.87744
5.236442,5.4522853,2016-02-09,Ratchaburi Rice Seed Center2,187.00003,232.2907
5.17615,5.44653,2016-02-10,Ratchaburi Rice Seed Center2,176.00002,230.95186
5.888878,5.420699,2016-02-14,Ratchaburi Rice Seed Center2,359.99997,225.0371
4.8751974,5.409054,2016-02-16,Ratchaburi Rice Seed Center2,130.00002,222.42009
5.934894,5.413672,2016-02-19,Ratchaburi Rice Seed Center2,376.99994,223.45427
5.771441,5.43299,2016-02-20,Ratchaburi Rice Seed Center2,319.99994,227.83244
5.620401,5.4349337,2016-02-21,Ratchaburi Rice Seed Center2,275.0,228.27763
4.8520303,5.4383645,2016-02-22,Ratchaburi Rice Seed Center2,127.0,229.06561
5.786897,5.442173,2016-02-23,Ratchaburi Rice Seed Center2,324.99994,229.94348
5.293305,5.4400373,2016-02-24,Ratchaburi Rice Seed Center2,198.00002,229.45078
5.786897,5.4469385,2016-02-25,Ratchaburi Rice Seed Center2,324.99994,231.04666
5.293305,5.4458933,2016-02-26,Ratchaburi Rice Seed Center2,198.00002,230.80426
4.8520303,5.4465685,2016-02-28,Ratchaburi Rice Seed Center2,127.0,230.96082
5.236442,5.438444,2016-02-29,Ratchaburi Rice Seed Center2,187.00003,229.08392
4.836282,5.4421763,2016-03-01,Ratchaburi Rice Seed Center2,124.999985,229.94424
5.605802,5.4432993,2016-03-02,Ratchaburi Rice Seed Center2,271.0,230.20374
5.963579,5.441079,2016-03-03,Ratchaburi Rice Seed Center2,387.99994,229.691
5.620401,5.4210734,2016-03-08,Ratchaburi Rice Seed Center2,275.0,225.12172
4.8520303,5.409131,2016-03-09,Ratchaburi Rice Seed Center2,127.0,222.43735
4.8520303,5.4015675,2016-03-13,Ratchaburi Rice Seed Center2,127.0,220.75374
5.236442,5.4007235,2016-03-14,Ratchaburi Rice Seed Center2,187.00003,220.56665
5.17615,5.4083366,2016-03-15,Ratchaburi Rice Seed Center2,176.00002,222.25992
5.293305,5.411717,2016-03-16,Ratchaburi Rice Seed Center2,198.00002,223.01588
4.6634393,5.416633,2016-03-18,Ratchaburi Rice Seed Center2,105.000015,224.1199
5.3565865,5.412519,2016-03-19,Ratchaburi Rice Seed Center2,211.00003,223.19562
4.912655,5.4157667,2016-03-23,Ratchaburi Rice Seed Center2,135.0,223.92493
5.0369525,5.4129677,2016-04-04,Ratchaburi Rice Seed Center2,152.99998,223.29623
5.293305,5.413135,2016-04-05,Ratchaburi Rice Seed Center2,198.00002,223.33379
4.8520303,5.415217,2016-04-07,Ratchaburi Rice Seed Center2,127.0,223.8013
5.236442,5.4070697,2016-04-08,Ratchaburi Rice Seed Center2,187.00003,221.97723
5.17615,5.405314,2016-04-09,Ratchaburi Rice Seed Center2,176.00002,221.58609
5.0238805,5.3711476,2016-04-20,Ratchaburi Rice Seed Center2,151.0,214.10959
5.293305,5.3709326,2016-04-21,Ratchaburi Rice Seed Center2,198.00002,214.06334
4.65396,5.3687415,2016-04-23,Ratchaburi Rice Seed Center2,103.999985,213.59264
5.236442,5.365162,2016-04-24,Ratchaburi Rice Seed Center2,187.00003,212.82585
5.351858,5.370318,2016-04-25,Ratchaburi Rice Seed Center2,210.0,213.93118
5.379897,5.372724,2016-04-26,Ratchaburi Rice Seed Center2,215.99995,214.44896
4.828314,5.3604746,2016-04-29,Ratchaburi Rice Seed Center2,124.00001,211.82593
4.836282,5.345688,2016-05-15,Ratchaburi Rice Seed Center2,124.999985,208.70209
5.351858,5.3463573,2016-05-16,Ratchaburi Rice Seed Center2,210.0,208.84253
4.9904327,5.3447857,2016-05-17,Ratchaburi Rice Seed Center2,146.00003,208.51297
4.727388,5.3440146,2016-05-18,Ratchaburi Rice Seed Center2,112.00001,208.3515
4.836282,5.3395963,2016-05-19,Ratchaburi Rice Seed Center2,124.999985,207.42854
4.836282,5.338898,2016-06-10,Ratchaburi Rice Seed Center2,124.999985,207.2831
6.1136823,5.326852,2016-06-14,Ratchaburi Rice Seed Center2,451.00003,204.7891
6.3664703,5.3287296,2016-06-15,Ratchaburi Rice Seed Center2,580.99994,205.17589
5.3752785,5.3173056,2016-06-18,Ratchaburi Rice Seed Center2,215.00002,202.83392
6.4393506,5.3354955,2016-07-07,Ratchaburi Rice Seed Center2,625.0001,206.57556
6.261492,5.3316374,2016-07-08,Ratchaburi Rice Seed Center2,523.00006,205.77628
5.8636312,5.3331513,2016-07-09,Ratchaburi Rice Seed Center2,351.00003,206.08955
5.9053617,5.336883,2016-07-10,Ratchaburi Rice Seed Center2,365.99994,206.8638
6.6240654,5.330898,2016-07-11,Ratchaburi Rice Seed Center2,752.0001,205.6234
5.8777356,5.3014555,2016-07-12,Ratchaburi Rice Seed Center2,355.99994,199.62862
6.1290503,5.242655,2016-07-13,Ratchaburi Rice Seed Center2,458.00003,188.17165
6.285998,5.244191,2016-07-14,Ratchaburi Rice Seed Center2,535.9999,188.46251
6.0306854,5.244927,2016-07-15,Ratchaburi Rice Seed Center2,415.00006,188.60196
5.786897,5.2860327,2016-07-16,Ratchaburi Rice Seed Center2,324.99994,196.55809
6.7511015,5.3047,2016-07-17,Ratchaburi Rice Seed Center2,854.0,200.2806
6.4504704,5.2728133,2016-07-18,Ratchaburi Rice Seed Center2,632.0,193.96368
6.0234475,5.2359695,2016-07-19,Ratchaburi Rice Seed Center2,411.99997,186.91121
5.46806,5.199706,2016-07-20,Ratchaburi Rice Seed Center2,235.99997,180.21896
6.261492,5.154119,2016-07-21,Ratchaburi Rice Seed Center2,523.00006,172.1432
6.0234475,5.1964574,2016-07-22,Ratchaburi Rice Seed Center2,411.99997,179.6312
5.786897,5.191366,2016-07-23,Ratchaburi Rice Seed Center2,324.99994,178.71391
5.786897,5.230851,2016-07-24,Ratchaburi Rice Seed Center2,324.99994,185.95187
6.0497336,5.239354,2016-07-25,Ratchaburi Rice Seed Center2,423.00006,187.54828
6.2576675,5.2579336,2016-07-26,Ratchaburi Rice Seed Center2,521.0,191.08417
6.0210233,5.284767,2016-07-27,Ratchaburi Rice Seed Center2,410.99997,196.30823
5.46806,5.2961087,2016-07-28,Ratchaburi Rice Seed Center2,235.99997,198.55876
5.786897,5.3025475,2016-07-29,Ratchaburi Rice Seed Center2,324.99994,199.84781
6.115892,5.3193536,2016-07-30,Ratchaburi Rice Seed Center2,451.9999,203.2518
6.2989492,5.318318,2016-07-31,Ratchaburi Rice Seed Center2,543.0,203.04037
6.115892,5.322524,2016-08-01,Ratchaburi Rice Seed Center2,451.9999,203.90042
5.8777356,5.3158746,2016-08-02,Ratchaburi Rice Seed Center2,355.99994,202.54245
6.315358,5.317361,2016-08-03,Ratchaburi Rice Seed Center2,552.00006,202.8452
6.0234475,5.3189526,2016-08-04,Ratchaburi Rice Seed Center2,411.99997,203.16992
6.452049,5.3169975,2016-08-05,Ratchaburi Rice Seed Center2,632.9999,202.77115
6.1717005,5.3121147,2016-08-06,Ratchaburi Rice Seed Center2,477.99994,201.7786
6.7511015,5.3088603,2016-08-07,Ratchaburi Rice Seed Center2,854.0,201.11975
5.549076,5.3071494,2016-08-08,Ratchaburi Rice Seed Center2,256.0,200.77423
6.4846354,5.315902,2016-08-09,Ratchaburi Rice Seed Center2,654.00006,202.54808
6.1114674,5.319462,2016-08-10,Ratchaburi Rice Seed Center2,450.0,203.27393
5.8777356,5.3196545,2016-08-11,Ratchaburi Rice Seed Center2,355.99994,203.31326
6.261492,5.3185444,2016-08-12,Ratchaburi Rice Seed Center2,523.00006,203.0866
5.5373344,5.322139,2016-08-13,Ratchaburi Rice Seed Center2,253.00005,203.82149
6.0306854,5.319067,2016-08-14,Ratchaburi Rice Seed Center2,415.00006,203.19328
6.4504704,5.323511,2016-08-15,Ratchaburi Rice Seed Center2,632.0,204.10275
5.8777356,5.323257,2016-08-16,Ratchaburi Rice Seed Center2,355.99994,204.05064
6.464588,5.3253746,2016-08-17,Ratchaburi Rice Seed Center2,640.9999,204.48532
6.4907236,5.3207145,2016-08-18,Ratchaburi Rice Seed Center2,658.00006,203.52997
6.4393506,5.321214,2016-08-19,Ratchaburi Rice Seed Center2,625.0001,203.6322
5.786897,5.3221927,2016-08-20,Ratchaburi Rice Seed Center2,324.99994,203.83252
6.0306854,5.3236804,2016-08-21,Ratchaburi Rice Seed Center2,415.00006,204.13748
6.1246834,5.3216114,2016-08-22,Ratchaburi Rice Seed Center2,456.0,203.7135
6.2595816,5.3215704,2016-08-23,Ratchaburi Rice Seed Center2,522.00006,203.7051
6.4846354,5.3188705,2016-08-24,Ratchaburi Rice Seed Center2,654.00006,203.15317
5.5053315,5.320997,2016-08-25,Ratchaburi Rice Seed Center2,245.0,203.5878
6.4861608,5.3262987,2016-09-01,Ratchaburi Rice Seed Center2,655.0,204.6753
5.866468,5.322883,2016-09-02,Ratchaburi Rice Seed Center2,351.99997,203.974
5.5373344,5.3239226,2016-09-03,Ratchaburi Rice Seed Center2,253.00005,204.18718
6.244167,5.331717,2016-09-04,Ratchaburi Rice Seed Center2,514.0,205.79274
5.370638,5.3344197,2016-09-05,Ratchaburi Rice Seed Center2,213.99997,206.35239
5.5053315,5.337241,2016-09-06,Ratchaburi Rice Seed Center2,245.0,206.93825
5.8777356,5.338831,2016-09-07,Ratchaburi Rice Seed Center2,355.99994,207.26909
6.6093493,5.33706,2016-09-08,Ratchaburi Rice Seed Center2,741.0,206.90057
6.336826,5.349024,2016-09-09,Ratchaburi Rice Seed Center2,564.00006,209.4028
6.4800444,5.348671,2016-09-10,Ratchaburi Rice Seed Center2,650.9999,209.32858
6.297109,5.3502374,2016-09-11,Ratchaburi Rice Seed Center2,541.9999,209.6583
6.610696,5.3500423,2016-09-12,Ratchaburi Rice Seed Center2,741.9999,209.61722
6.3350544,5.348225,2016-09-13,Ratchaburi Rice Seed Center2,563.00006,209.23483
6.7357802,5.35856,2016-09-14,Ratchaburi Rice Seed Center2,841.0002,211.41885
6.3207684,5.3619475,2016-09-15,Ratchaburi Rice Seed Center2,555.00006,212.13965
6.297109,5.3629923,2016-09-16,Ratchaburi Rice Seed Center2,541.9999,212.36243
6.4846354,5.3598237,2016-09-17,Ratchaburi Rice Seed Center2,654.00006,211.68744
6.3350544,5.361055,2016-09-18,Ratchaburi Rice Seed Center2,563.00006,211.94946
5.5412636,5.361257,2016-09-19,Ratchaburi Rice Seed Center2,254.00002,211.99252
6.0544395,5.371474,2016-09-20,Ratchaburi Rice Seed Center2,425.0001,214.17976
6.3044486,5.374974,2016-09-21,Ratchaburi Rice Seed Center2,545.9999,214.9342
5.7838254,5.366762,2016-09-22,Ratchaburi Rice Seed Center2,324.00006,213.1683
5.549076,5.365638,2016-09-23,Ratchaburi Rice Seed Center2,256.0,212.92763
6.285998,5.3628697,2016-09-24,Ratchaburi Rice Seed Center2,535.9999,212.33629
6.5736804,5.3725595,2016-09-25,Ratchaburi Rice Seed Center2,715.0002,214.41353
5.549076,5.3730493,2016-09-26,Ratchaburi Rice Seed Center2,256.0,214.51904
6.7511015,5.382819,2016-09-27,Ratchaburi Rice Seed Center2,854.0,216.63496
6.3062754,5.3738456,2016-09-28,Ratchaburi Rice Seed Center2,547.00006,214.69073
5.902633,5.3689737,2016-09-29,Ratchaburi Rice Seed Center2,364.99994,213.64247
6.3332796,5.376768,2016-09-30,Ratchaburi Rice Seed Center2,562.0,215.32202
4.6634393,5.391201,2016-10-06,Ratchaburi Rice Seed Center2,105.000015,218.46681
5.3565865,5.388724,2016-10-07,Ratchaburi Rice Seed Center2,211.00003,217.92383
4.912655,5.3905015,2016-10-08,Ratchaburi Rice Seed Center2,135.0,218.31334
4.8751974,5.391603,2016-10-09,Ratchaburi Rice Seed Center2,130.00002,218.55505
4.6634393,5.398412,2016-10-10,Ratchaburi Rice Seed Center2,105.000015,220.05515
5.3565865,5.403442,2016-10-11,Ratchaburi Rice Seed Center2,211.00003,221.16978
5.888878,5.4008193,2016-10-12,Ratchaburi Rice Seed Center2,359.99997,220.58789
5.1474943,5.3997293,2016-10-13,Ratchaburi Rice Seed Center2,170.99997,220.34648
4.8121843,5.399627,2016-10-14,Ratchaburi Rice Seed Center2,122.0,220.3239
4.7095304,5.3995233,2016-10-15,Ratchaburi Rice Seed Center2,110.000015,220.30089
4.905275,5.4009614,2016-10-16,Ratchaburi Rice Seed Center2,134.00002,220.61938
5.0172796,5.4005837,2016-10-17,Ratchaburi Rice Seed Center2,149.99997,220.5357
4.7004805,5.3946185,2016-10-18,Ratchaburi Rice Seed Center2,109.000015,219.21812
5.6937323,5.3943014,2016-10-19,Ratchaburi Rice Seed Center2,296.00003,219.1483
4.9272537,5.3984785,2016-10-20,Ratchaburi Rice Seed Center2,137.0,220.06981
4.7361984,5.4005537,2016-10-22,Ratchaburi Rice Seed Center2,113.0,220.52905
4.6634393,5.404049,2016-10-23,Ratchaburi Rice Seed Center2,105.000015,221.30469
4.744932,5.4094105,2016-10-25,Ratchaburi Rice Seed Center2,114.00001,222.49979
4.6634393,5.408225,2016-10-26,Ratchaburi Rice Seed Center2,105.000015,222.23502
5.4026775,5.4122863,2016-10-27,Ratchaburi Rice Seed Center2,221.00003,223.14346
5.075174,5.40522,2016-10-28,Ratchaburi Rice Seed Center2,159.0,221.56519
5.17615,5.400422,2016-10-29,Ratchaburi Rice Seed Center2,176.00002,220.4999
5.327876,5.3999,2016-10-30,Ratchaburi Rice Seed Center2,204.99998,220.38428
5.379897,5.397956,2016-10-31,Ratchaburi Rice Seed Center2,215.99995,219.9543
6.89467,5.3979864,2016-11-01,Ratchaburi Rice Seed Center2,986.0,219.96104
7.115582,5.403197,2016-11-02,Ratchaburi Rice Seed Center2,1229.9999,221.11534
6.809039,5.4041176,2016-11-03,Ratchaburi Rice Seed Center2,904.9998,221.31995
6.9555926,5.4195857,2016-11-04,Ratchaburi Rice Seed Center2,1048.0,224.78555
7.229114,5.418849,2016-11-05,Ratchaburi Rice Seed Center2,1378.0002,224.61928
7.044033,5.4320393,2016-11-06,Ratchaburi Rice Seed Center2,1145.0001,227.61497
6.8875527,5.4298005,2016-11-07,Ratchaburi Rice Seed Center2,979.0002,227.10373
6.2989492,5.4374957,2016-11-08,Ratchaburi Rice Seed Center2,543.0,228.86581
6.3456364,5.4435134,2016-11-09,Ratchaburi Rice Seed Center2,569.0,230.25323
6.5496507,5.450846,2016-11-10,Ratchaburi Rice Seed Center2,697.99994,231.9552
5.872118,5.451406,2016-11-11,Ratchaburi Rice Seed Center2,354.00006,232.08566
6.6147256,5.4468045,2016-11-12,Ratchaburi Rice Seed Center2,745.0,231.01558
6.3350544,5.441852,2016-11-13,Ratchaburi Rice Seed Center2,563.00006,229.86938
6.3801227,5.435676,2016-11-14,Ratchaburi Rice Seed Center2,589.00006,228.44792
6.872128,5.4412656,2016-11-15,Ratchaburi Rice Seed Center2,963.99994,229.73401
6.126869,5.4385686,2016-11-16,Ratchaburi Rice Seed Center2,457.0,229.11256
6.616065,5.4394426,2016-11-17,Ratchaburi Rice Seed Center2,745.9999,229.31378
6.297109,5.4362187,2016-11-18,Ratchaburi Rice Seed Center2,541.9999,228.57246
6.823286,5.4377656,2016-11-19,Ratchaburi Rice Seed Center2,917.99994,228.92786
6.4831076,5.4412265,2016-11-20,Ratchaburi Rice Seed Center2,653.0001,229.72499
6.784457,5.441874,2016-11-21,Ratchaburi Rice Seed Center2,883.0001,229.87445
6.1484685,5.445688,2016-11-22,Ratchaburi Rice Seed Center2,467.0001,230.75662
6.375025,5.4427476,2016-11-23,Ratchaburi Rice Seed Center2,586.0,230.07622
6.200509,5.438643,2016-11-24,Ratchaburi Rice Seed Center2,491.99994,229.12968
6.529419,5.4362636,2016-11-25,Ratchaburi Rice Seed Center2,684.00006,228.58276
6.641182,5.4369125,2016-11-26,Ratchaburi Rice Seed Center2,764.9998,228.7318
6.3456364,5.437003,2016-11-27,Ratchaburi Rice Seed Center2,569.0,228.75261
5.988961,5.4368777,2016-11-28,Ratchaburi Rice Seed Center2,397.99994,228.7238
6.6489844,5.4318256,2016-11-29,Ratchaburi Rice Seed Center2,770.9999,227.56615
6.542472,5.4347796,2016-11-30,Ratchaburi Rice Seed Center2,692.99994,228.24232
6.1800165,5.43767,2016-12-01,Ratchaburi Rice Seed Center2,481.99994,228.90593
5.9322453,5.4403334,2016-12-02,Ratchaburi Rice Seed Center2,376.00003,229.51901
6.1984787,5.445254,2016-12-03,Ratchaburi Rice Seed Center2,491.0,230.65608
5.7430034,5.4438515,2016-12-04,Ratchaburi Rice Seed Center2,311.00006,230.33144
6.228511,5.4452424,2016-12-05,Ratchaburi Rice Seed Center2,505.99994,230.65343
6.037871,5.4430723,2016-12-06,Ratchaburi Rice Seed Center2,418.0,230.15126
5.8493247,5.439833,2016-12-07,Ratchaburi Rice Seed Center2,345.99997,229.40375
5.5683446,5.4367356,2016-12-08,Ratchaburi Rice Seed Center2,261.00003,228.69116
5.613128,5.4362807,2016-12-09,Ratchaburi Rice Seed Center2,273.00003,228.5867
5.7137327,5.4386353,2016-12-10,Ratchaburi Rice Seed Center2,301.99997,229.12793
5.5174527,5.438641,2016-12-11,Ratchaburi Rice Seed Center2,247.99995,229.12924
5.659482,5.443443,2016-12-12,Ratchaburi Rice Seed Center2,285.99994,230.23692
5.7430034,5.439113,2016-12-13,Ratchaburi Rice Seed Center2,311.00006,229.2379
5.220356,5.437577,2016-12-14,Ratchaburi Rice Seed Center2,184.00003,228.88445
5.056246,5.438043,2016-12-15,Ratchaburi Rice Seed Center2,156.0,228.99167
4.9272537,5.4393506,2016-12-16,Ratchaburi Rice Seed Center2,137.0,229.29259
5.1298985,5.438859,2016-12-17,Ratchaburi Rice Seed Center2,167.99997,229.1794
5.030438,5.437342,2016-12-18,Ratchaburi Rice Seed Center2,152.0,228.83052
5.2311087,5.430598,2016-12-19,Ratchaburi Rice Seed Center2,186.0,227.28568
5.288267,5.4334416,2016-12-20,Ratchaburi Rice Seed Center2,197.00002,227.9358
4.727388,5.4371986,2016-12-21,Ratchaburi Rice Seed Center2,112.00001,228.79753
4.9272537,5.4408917,2016-12-22,Ratchaburi Rice Seed Center2,137.0,229.64777
4.8441873,5.442874,2016-12-23,Ratchaburi Rice Seed Center2,126.00002,230.10542
4.6728287,5.440546,2016-12-24,Ratchaburi Rice Seed Center2,105.999985,229.56805
4.8598123,5.446279,2016-12-26,Ratchaburi Rice Seed Center2,127.999985,230.89369
4.804021,5.452273,2016-12-27,Ratchaburi Rice Seed Center2,120.99998,232.2878
4.6728287,5.451902,2016-12-28,Ratchaburi Rice Seed Center2,105.999985,232.20128
4.7095304,5.4523997,2017-01-01,Ratchaburi Rice Seed Center2,110.000015,232.3174
4.6728287,5.449145,2017-01-02,Ratchaburi Rice Seed Center2,105.999985,231.5592
4.6821313,5.451105,2017-01-04,Ratchaburi Rice Seed Center2,107.00001,232.01553
4.6728287,5.4461527,2017-01-05,Ratchaburi Rice Seed Center2,105.999985,230.8644
4.8520303,5.4432583,2017-01-06,Ratchaburi Rice Seed Center2,127.0,230.19426
4.7361984,5.434067,2017-01-07,Ratchaburi Rice Seed Center2,113.0,228.07896
4.634729,5.4324946,2017-01-08,Ratchaburi Rice Seed Center2,101.99999,227.7191
4.828314,5.4413543,2017-01-09,Ratchaburi Rice Seed Center2,124.00001,229.75447
4.6634393,5.4438396,2017-01-10,Ratchaburi Rice Seed Center2,105.000015,230.32867
4.744932,5.4479613,2017-01-11,Ratchaburi Rice Seed Center2,114.00001,231.28413
4.6728287,5.454803,2017-01-12,Ratchaburi Rice Seed Center2,105.999985,232.87878
4.7706847,5.4560804,2017-01-13,Ratchaburi Rice Seed Center2,117.000015,233.17775
4.7361984,5.453863,2017-01-14,Ratchaburi Rice Seed Center2,113.0,232.65909
4.7957907,5.463778,2017-01-15,Ratchaburi Rice Seed Center2,120.000015,234.9873
4.7004805,5.471356,2017-01-16,Ratchaburi Rice Seed Center2,109.000015,236.78238
4.7095304,5.473373,2017-01-17,Ratchaburi Rice Seed Center2,110.000015,237.26248
4.7361984,5.4294753,2017-03-10,Ratchaburi Rice Seed Center2,113.0,227.02957
6.776507,5.4223623,2017-03-11,Ratchaburi Rice Seed Center2,875.99994,225.41336
6.921658,5.425687,2017-03-12,Ratchaburi Rice Seed Center2,1012.9999,226.16733
6.8987145,5.420655,2017-03-13,Ratchaburi Rice Seed Center2,990.0,225.02707
7.4882936,5.411218,2017-03-14,Ratchaburi Rice Seed Center2,1786.0002,222.90417
7.0219765,5.41693,2017-03-15,Ratchaburi Rice Seed Center2,1120.0,224.18678
6.8710914,5.416361,2017-03-16,Ratchaburi Rice Seed Center2,963.00006,224.05861
6.934397,5.4124207,2017-03-17,Ratchaburi Rice Seed Center2,1026.0,223.1736
6.8543544,5.414666,2017-03-18,Ratchaburi Rice Seed Center2,946.9999,223.67754
6.7417006,5.406727,2017-03-19,Ratchaburi Rice Seed Center2,846.0,221.9008
6.9226437,5.4102683,2017-03-20,Ratchaburi Rice Seed Center2,1013.99976,222.69159
6.7238326,5.4127235,2017-03-21,Ratchaburi Rice Seed Center2,831.0001,223.24149
7.1300983,5.4143147,2017-03-22,Ratchaburi Rice Seed Center2,1247.9998,223.59859
6.6133842,5.4125986,2017-03-23,Ratchaburi Rice Seed Center2,744.0,223.21347
6.419995,5.4066877,2017-03-24,Ratchaburi Rice Seed Center2,612.99994,221.89209
6.3062754,5.4115086,2017-03-25,Ratchaburi Rice Seed Center2,547.00006,222.96921
6.5638556,5.4176006,2017-03-26,Ratchaburi Rice Seed Center2,708.0001,224.3378
6.514713,5.414211,2017-03-27,Ratchaburi Rice Seed Center2,674.00006,223.57524
6.371612,5.4160004,2017-03-28,Ratchaburi Rice Seed Center2,584.0001,223.9775
6.3044486,5.407708,2017-03-29,Ratchaburi Rice Seed Center2,545.9999,222.11964
6.6133842,5.4148226,2017-03-30,Ratchaburi Rice Seed Center2,744.0,223.71268
6.481577,5.41705,2017-03-31,Ratchaburi Rice Seed Center2,651.9999,224.21373
6.375025,5.4121337,2017-04-01,Ratchaburi Rice Seed Center2,586.0,223.10925
6.4676986,5.4131207,2017-04-02,Ratchaburi Rice Seed Center2,642.9999,223.33058
6.498282,5.4100566,2017-04-03,Ratchaburi Rice Seed Center2,662.9999,222.64424
6.350886,5.4138045,2017-04-04,Ratchaburi Rice Seed Center2,572.00006,223.48402
6.475433,5.4144096,2017-04-05,Ratchaburi Rice Seed Center2,648.0001,223.6199
6.001415,5.416197,2017-04-06,Ratchaburi Rice Seed Center2,402.99997,224.0217
5.7745514,5.416421,2017-04-07,Ratchaburi Rice Seed Center2,320.99994,224.07213
5.6629605,5.409511,2017-04-08,Ratchaburi Rice Seed Center2,287.0,222.52228
5.351858,5.408768,2017-04-09,Ratchaburi Rice Seed Center2,210.0,222.35628
5.164786,5.40225,2017-04-10,Ratchaburi Rice Seed Center2,173.99998,220.90509
5.241747,5.3940916,2017-04-11,Ratchaburi Rice Seed Center2,187.99997,219.10211
4.828314,5.395442,2017-04-13,Ratchaburi Rice Seed Center2,124.00001,219.39954
4.89784,5.3883233,2017-04-14,Ratchaburi Rice Seed Center2,133.00003,217.83615
4.644391,5.3905425,2017-04-16,Ratchaburi Rice Seed Center2,103.000015,218.32234
4.6728287,5.3884454,2017-04-17,Ratchaburi Rice Seed Center2,105.999985,217.86287
5.7745514,5.389445,2017-04-20,Ratchaburi Rice Seed Center2,320.99994,218.08173
4.7957907,5.38999,2017-04-21,Ratchaburi Rice Seed Center2,120.000015,218.20116
4.8751974,5.3789134,2017-04-24,Ratchaburi Rice Seed Center2,130.00002,215.78659
4.634729,5.380028,2017-04-27,Ratchaburi Rice Seed Center2,101.99999,216.0283
4.634729,5.3749123,2017-06-06,Ratchaburi Rice Seed Center2,101.99999,214.92093
4.6728287,5.33603,2017-06-14,Ratchaburi Rice Seed Center2,105.999985,206.68655
4.7791233,5.3401165,2017-06-15,Ratchaburi Rice Seed Center2,117.99998,207.537
4.8441873,5.3389835,2017-06-16,Ratchaburi Rice Seed Center2,126.00002,207.30087
4.744932,5.332865,2017-06-19,Ratchaburi Rice Seed Center2,114.00001,206.03032
4.919981,5.3326526,2017-06-20,Ratchaburi Rice Seed Center2,136.00002,205.9863
4.65396,5.3146787,2017-07-01,Ratchaburi Rice Seed Center2,103.999985,202.29918
4.6634393,5.3105817,2017-07-03,Ratchaburi Rice Seed Center2,105.000015,201.46797
4.75359,5.3100133,2017-07-05,Ratchaburi Rice Seed Center2,114.99999,201.35292
4.6728287,5.3089585,2017-07-06,Ratchaburi Rice Seed Center2,105.999985,201.13959
4.8598123,5.313991,2017-07-07,Ratchaburi Rice Seed Center2,127.999985,202.15944
4.644391,5.3177056,2017-07-09,Ratchaburi Rice Seed Center2,103.000015,202.9155
4.75359,5.333929,2017-07-10,Ratchaburi Rice Seed Center2,114.99999,206.25067
5.09375,5.328936,2017-07-13,Ratchaburi Rice Seed Center2,161.99997,205.21846
4.919981,5.325005,2017-07-14,Ratchaburi Rice Seed Center2,136.00002,204.4094
5.043425,5.3306184,2017-07-15,Ratchaburi Rice Seed Center2,154.0,205.56567
4.8520303,5.3272386,2017-07-16,Ratchaburi Rice Seed Center2,127.0,204.8687
5.0875964,5.328207,2017-07-17,Ratchaburi Rice Seed Center2,161.00002,205.06816
5.6240177,5.328555,2017-07-18,Ratchaburi Rice Seed Center2,276.00006,205.13991
5.043425,5.3335104,2017-07-19,Ratchaburi Rice Seed Center2,154.0,206.16393
5.236442,5.333189,2017-07-20,Ratchaburi Rice Seed Center2,187.00003,206.09735
5.332719,5.332854,2017-07-21,Ratchaburi Rice Seed Center2,206.00002,206.02795
5.241747,5.329559,2017-07-22,Ratchaburi Rice Seed Center2,187.99997,205.34692
4.9272537,5.324479,2017-07-23,Ratchaburi Rice Seed Center2,137.0,204.30139
4.804021,5.320713,2017-07-24,Ratchaburi Rice Seed Center2,120.99998,203.52966
4.6728287,5.3249793,2017-07-25,Ratchaburi Rice Seed Center2,105.999985,204.40411
4.7361984,5.3274927,2017-07-27,Ratchaburi Rice Seed Center2,113.0,204.92102
4.9904327,5.3238444,2017-07-28,Ratchaburi Rice Seed Center2,146.00003,204.17114
5.521461,5.320955,2017-07-30,Ratchaburi Rice Seed Center2,249.00003,203.57912
5.7838254,5.3190637,2017-07-31,Ratchaburi Rice Seed Center2,324.00006,203.1926
6.182085,5.3205333,2017-08-01,Ratchaburi Rice Seed Center2,483.00006,203.4929
6.228511,5.316873,2017-08-02,Ratchaburi Rice Seed Center2,505.99994,202.74579
4.6728287,5.3126864,2017-08-03,Ratchaburi Rice Seed Center2,105.999985,201.89456
4.744932,5.3132625,2017-08-04,Ratchaburi Rice Seed Center2,114.00001,202.01147
4.6821313,5.311123,2017-08-06,Ratchaburi Rice Seed Center2,107.00001,201.57758
4.9904327,5.3197284,2017-08-09,Ratchaburi Rice Seed Center2,146.00003,203.32837
5.030438,5.322446,2017-08-10,Ratchaburi Rice Seed Center2,152.0,203.8844
4.89784,5.322985,2017-08-11,Ratchaburi Rice Seed Center2,133.00003,203.99492
5.241747,5.3226337,2017-08-12,Ratchaburi Rice Seed Center2,187.99997,203.92288
5.123964,5.3258605,2017-08-13,Ratchaburi Rice Seed Center2,166.99997,204.58519
5.4553213,5.3256483,2017-08-14,Ratchaburi Rice Seed Center2,233.00005,204.54156
5.488938,5.333161,2017-08-15,Ratchaburi Rice Seed Center2,241.00003,206.09152
5.3565865,5.3325057,2017-08-16,Ratchaburi Rice Seed Center2,211.00003,205.9559
5.220356,5.3298087,2017-08-17,Ratchaburi Rice Seed Center2,184.00003,205.39848
4.94876,5.3332524,2017-08-18,Ratchaburi Rice Seed Center2,140.00002,206.11049
5.049856,5.328111,2017-08-19,Ratchaburi Rice Seed Center2,155.00003,205.04842
5.09375,5.3313236,2017-08-20,Ratchaburi Rice Seed Center2,161.99997,205.7114
4.7957907,5.330323,2017-08-21,Ratchaburi Rice Seed Center2,120.000015,205.50471
4.919981,5.332333,2017-08-22,Ratchaburi Rice Seed Center2,136.00002,205.92017
4.744932,5.3302927,2017-08-24,Ratchaburi Rice Seed Center2,114.00001,205.49841
4.6728287,5.3332767,2017-08-25,Ratchaburi Rice Seed Center2,105.999985,206.11552
4.727388,5.338002,2017-08-27,Ratchaburi Rice Seed Center2,112.00001,207.09656
4.624973,5.33393,2017-08-28,Ratchaburi Rice Seed Center2,101.0,206.25087
4.8121843,5.3394365,2017-09-01,Ratchaburi Rice Seed Center2,122.0,207.39525
4.7095304,5.335581,2017-09-04,Ratchaburi Rice Seed Center2,110.000015,206.59329
4.882802,5.345725,2017-09-05,Ratchaburi Rice Seed Center2,131.00002,208.70988
4.962845,5.342417,2017-09-06,Ratchaburi Rice Seed Center2,142.00003,208.01724
4.644391,5.344275,2017-09-08,Ratchaburi Rice Seed Center2,103.000015,208.406
4.9272537,5.3555098,2017-09-09,Ratchaburi Rice Seed Center2,137.0,210.7719
4.828314,5.354837,2017-09-10,Ratchaburi Rice Seed Center2,124.00001,210.62946
4.7791233,5.350752,2017-09-11,Ratchaburi Rice Seed Center2,117.99998,209.76671
4.955827,5.3523655,2017-09-12,Ratchaburi Rice Seed Center2,141.00003,210.10709
4.6728287,5.3594236,2017-09-16,Ratchaburi Rice Seed Center2,105.999985,211.60237
4.7361984,5.3617196,2017-09-17,Ratchaburi Rice Seed Center2,113.0,212.09106
4.624973,5.3553042,2017-09-25,Ratchaburi Rice Seed Center2,101.0,210.72838
4.7361984,5.3582945,2017-10-04,Ratchaburi Rice Seed Center2,113.0,211.36246
4.6634393,5.364021,2017-10-05,Ratchaburi Rice Seed Center2,105.000015,212.582
4.634729,5.3824177,2017-10-08,Ratchaburi Rice Seed Center2,101.99999,216.5476
4.7361984,5.401071,2017-10-10,Ratchaburi Rice Seed Center2,113.0,220.64368
4.828314,5.4120436,2017-10-11,Ratchaburi Rice Seed Center2,124.00001,223.08907
4.919981,5.4196014,2017-10-12,Ratchaburi Rice Seed Center2,136.00002,224.78911
5.0039463,5.419472,2017-10-13,Ratchaburi Rice Seed Center2,148.0,224.75993
4.762174,5.41588,2017-10-17,Ratchaburi Rice Seed Center2,116.00002,223.95045
4.828314,5.4194736,2017-10-18,Ratchaburi Rice Seed Center2,124.00001,224.76025
4.89784,5.4117174,2017-10-19,Ratchaburi Rice Seed Center2,133.00003,223.01599
4.6821313,5.410728,2017-10-22,Ratchaburi Rice Seed Center2,107.00001,222.79445
4.6728287,5.404363,2017-10-24,Ratchaburi Rice Seed Center2,105.999985,221.37456
4.962845,5.405778,2017-10-25,Ratchaburi Rice Seed Center2,142.00003,221.68939
4.9904327,5.410603,2017-10-26,Ratchaburi Rice Seed Center2,146.00003,222.76648
5.030438,5.407626,2017-10-27,Ratchaburi Rice Seed Center2,152.0,222.10135
4.89784,5.412466,2017-10-28,Ratchaburi Rice Seed Center2,133.00003,223.18375
4.6634393,5.4148917,2017-10-30,Ratchaburi Rice Seed Center2,105.000015,223.72821
4.8202815,5.418796,2017-10-31,Ratchaburi Rice Seed Center2,122.99999,224.60735
4.89784,5.4219136,2017-11-01,Ratchaburi Rice Seed Center2,133.00003,225.31178
4.962845,5.419951,2017-11-02,Ratchaburi Rice Seed Center2,142.00003,224.86804
4.828314,5.4117985,2017-11-03,Ratchaburi Rice Seed Center2,124.00001,223.03415
4.691348,5.411836,2017-11-04,Ratchaburi Rice Seed Center2,108.00002,223.04259
4.75359,5.4062138,2017-11-05,Ratchaburi Rice Seed Center2,114.99999,221.78647
4.9416423,5.4050956,2017-11-06,Ratchaburi Rice Seed Center2,138.99998,221.53749
4.955827,5.4017673,2017-11-07,Ratchaburi Rice Seed Center2,141.00003,220.79803
5.043425,5.396453,2017-11-08,Ratchaburi Rice Seed Center2,154.0,219.62247
5.159055,5.3997865,2017-11-09,Ratchaburi Rice Seed Center2,172.99998,220.35915
4.905275,5.400438,2017-11-10,Ratchaburi Rice Seed Center2,134.00002,220.50337
4.8202815,5.399864,2017-11-11,Ratchaburi Rice Seed Center2,122.99999,220.37634
5.117994,5.3974957,2017-11-12,Ratchaburi Rice Seed Center2,166.0,219.85266
4.828314,5.404142,2017-11-13,Ratchaburi Rice Seed Center2,124.00001,221.32536
5.075174,5.405672,2017-11-14,Ratchaburi Rice Seed Center2,159.0,221.66582
4.7004805,5.4134364,2017-11-15,Ratchaburi Rice Seed Center2,109.000015,223.4014
4.9904327,5.416968,2017-11-16,Ratchaburi Rice Seed Center2,146.00003,224.19527
5.049856,5.4208407,2017-11-17,Ratchaburi Rice Seed Center2,155.00003,225.0691
4.8202815,5.4249005,2017-11-18,Ratchaburi Rice Seed Center2,122.99999,225.98877
4.934474,5.4320836,2017-11-19,Ratchaburi Rice Seed Center2,138.0,227.62512
5.0039463,5.4408326,2017-11-20,Ratchaburi Rice Seed Center2,148.0,229.63412
5.0998664,5.4489098,2017-11-21,Ratchaburi Rice Seed Center2,163.0,231.50455
5.236442,5.4515376,2017-11-22,Ratchaburi Rice Seed Center2,187.00003,232.11633
5.273,5.450769,2017-11-23,Ratchaburi Rice Seed Center2,194.00003,231.93721
5.3565865,5.4486876,2017-11-24,Ratchaburi Rice Seed Center2,211.00003,231.45288
5.587249,5.44711,2017-11-25,Ratchaburi Rice Seed Center2,266.00003,231.0865
5.164786,5.452185,2017-11-26,Ratchaburi Rice Seed Center2,173.99998,232.26733
5.605802,5.449067,2017-11-27,Ratchaburi Rice Seed Center2,271.0,231.54114
5.3471074,5.4480257,2017-11-28,Ratchaburi Rice Seed Center2,208.99997,231.29909
5.9053617,5.4477735,2017-11-29,Ratchaburi Rice Seed Center2,365.99994,231.2405
5.771441,5.448296,2017-11-30,Ratchaburi Rice Seed Center2,319.99994,231.36191
6.0473723,5.449609,2017-12-01,Ratchaburi Rice Seed Center2,422.00006,231.66713
6.2766433,5.4453216,2017-12-02,Ratchaburi Rice Seed Center2,530.9999,230.67177
5.926926,5.4382668,2017-12-03,Ratchaburi Rice Seed Center2,374.00006,229.04312
6.188264,5.4301314,2017-12-04,Ratchaburi Rice Seed Center2,485.99988,227.17923
6.3885612,5.434504,2017-12-05,Ratchaburi Rice Seed Center2,593.9999,228.17915
5.918894,5.432389,2017-12-06,Ratchaburi Rice Seed Center2,371.0,227.6949
5.6629605,5.432264,2017-12-07,Ratchaburi Rice Seed Center2,287.0,227.66632
5.9107966,5.4327154,2017-12-08,Ratchaburi Rice Seed Center2,368.0,227.7696
6.0210233,5.429839,2017-12-09,Ratchaburi Rice Seed Center2,410.99997,227.11255
5.926926,5.4391093,2017-12-10,Ratchaburi Rice Seed Center2,374.00006,229.23703
5.9738097,5.4429903,2017-12-11,Ratchaburi Rice Seed Center2,392.00006,230.13231
6.212606,5.442637,2017-12-12,Ratchaburi Rice Seed Center2,497.99994,230.05066
5.9375362,5.4441056,2017-12-13,Ratchaburi Rice Seed Center2,378.0,230.39024
5.8493247,5.444248,2017-12-14,Ratchaburi Rice Seed Center2,345.99997,230.42323
6.0473723,5.4472904,2017-12-15,Ratchaburi Rice Seed Center2,422.00006,231.12834
5.6347895,5.4471016,2017-12-16,Ratchaburi Rice Seed Center2,278.99997,231.08452
5.9584246,5.445348,2017-12-17,Ratchaburi Rice Seed Center2,385.99994,230.67784
6.1180973,5.441934,2017-12-18,Ratchaburi Rice Seed Center2,453.00006,229.88832
6.070738,5.4427667,2017-12-19,Ratchaburi Rice Seed Center2,432.00006,230.08063
5.7620516,5.449193,2017-12-20,Ratchaburi Rice Seed Center2,317.00006,231.5704
5.8998976,5.4520288,2017-12-21,Ratchaburi Rice Seed Center2,364.00006,232.23085
5.6240177,5.454255,2017-12-22,Ratchaburi Rice Seed Center2,276.00006,232.75069
5.8435445,5.4538593,2017-12-23,Ratchaburi Rice Seed Center2,344.00003,232.65819
5.5053315,5.4463325,2017-12-24,Ratchaburi Rice Seed Center2,245.0,230.90608
5.7589016,5.4435806,2017-12-25,Ratchaburi Rice Seed Center2,315.99994,230.26878
5.805135,5.4319077,2017-12-26,Ratchaburi Rice Seed Center2,330.99994,227.58488
5.5683446,5.4222965,2017-12-27,Ratchaburi Rice Seed Center2,261.00003,225.39845
5.236442,5.407998,2017-12-28,Ratchaburi Rice Seed Center2,187.00003,222.18434
5.488938,5.403776,2017-12-29,Ratchaburi Rice Seed Center2,241.00003,221.24406
5.46806,5.4121904,2017-12-30,Ratchaburi Rice Seed Center2,235.99997,223.12198
5.620401,5.412556,2017-12-31,Ratchaburi Rice Seed Center2,275.0,223.20396
5.293305,5.4207716,2018-01-01,Ratchaburi Rice Seed Center2,198.00002,225.05348
5.5134287,5.4250684,2018-01-02,Ratchaburi Rice Seed Center2,246.99998,226.02687
5.587249,5.4264336,2018-01-03,Ratchaburi Rice Seed Center2,266.00003,226.33702
5.8377304,5.4440436,2018-01-04,Ratchaburi Rice Seed Center2,342.0,230.3759
5.755742,5.4484696,2018-01-05,Ratchaburi Rice Seed Center2,314.99994,231.40224
5.6629605,5.4597187,2018-01-06,Ratchaburi Rice Seed Center2,287.0,234.0313
5.1059456,5.465145,2018-01-07,Ratchaburi Rice Seed Center2,164.00002,235.31015
5.583496,5.4600263,2018-01-08,Ratchaburi Rice Seed Center2,264.99994,234.1036
5.7430034,5.4686456,2018-01-09,Ratchaburi Rice Seed Center2,311.00006,236.1388
5.488938,5.463766,2018-01-10,Ratchaburi Rice Seed Center2,241.00003,234.9845
5.365976,5.4647923,2018-01-11,Ratchaburi Rice Seed Center2,212.99997,235.22678
5.488938,5.4659534,2018-01-12,Ratchaburi Rice Seed Center2,241.00003,235.50122
5.46806,5.460332,2018-01-13,Ratchaburi Rice Seed Center2,235.99997,234.17548
5.332719,5.460532,2018-01-14,Ratchaburi Rice Seed Center2,206.00002,234.22258
5.370638,5.465932,2018-01-15,Ratchaburi Rice Seed Center2,213.99997,235.49614
5.616771,5.464623,2018-01-16,Ratchaburi Rice Seed Center2,274.00003,235.1868
5.488938,5.4711065,2018-01-17,Ratchaburi Rice Seed Center2,241.00003,236.7231
5.587249,5.466601,2018-01-18,Ratchaburi Rice Seed Center2,266.00003,235.65442
5.463832,5.459827,2018-01-19,Ratchaburi Rice Seed Center2,235.00003,234.05675
5.521461,5.455134,2018-01-20,Ratchaburi Rice Seed Center2,249.00003,232.9562
5.389072,5.448001,2018-01-21,Ratchaburi Rice Seed Center2,218.00005,231.29332
5.42495,5.4512615,2018-01-22,Ratchaburi Rice Seed Center2,226.00003,232.05199
5.4510384,5.4454594,2018-01-23,Ratchaburi Rice Seed Center2,231.99998,230.70369
5.288267,5.4446034,2018-01-24,Ratchaburi Rice Seed Center2,197.00002,230.50546
5.3565865,5.4545918,2018-01-25,Ratchaburi Rice Seed Center2,211.00003,232.82939
5.236442,5.4524717,2018-01-26,Ratchaburi Rice Seed Center2,187.00003,232.3342
5.2832036,5.452564,2018-01-27,Ratchaburi Rice Seed Center2,195.99997,232.35567
5.4467373,5.4529357,2018-01-28,Ratchaburi Rice Seed Center2,230.99998,232.44247
5.4161005,5.4473424,2018-01-29,Ratchaburi Rice Seed Center2,224.00003,231.14041
5.4722705,5.4571505,2018-01-30,Ratchaburi Rice Seed Center2,236.99995,233.42847
5.488938,5.460808,2018-01-31,Ratchaburi Rice Seed Center2,241.00003,234.28741
4.8520303,5.461351,2018-02-01,Ratchaburi Rice Seed Center2,127.0,234.41524
4.919981,5.463473,2018-02-02,Ratchaburi Rice Seed Center2,136.00002,234.9153
5.0039463,5.4607244,2018-02-03,Ratchaburi Rice Seed Center2,148.0,234.26778
5.075174,5.4684887,2018-02-04,Ratchaburi Rice Seed Center2,159.0,236.1016
5.117994,5.466871,2018-02-05,Ratchaburi Rice Seed Center2,166.0,235.71829
5.164786,5.469418,2018-02-06,Ratchaburi Rice Seed Center2,173.99998,236.32204
5.0039463,5.4669623,2018-02-07,Ratchaburi Rice Seed Center2,148.0,235.73996
4.9904327,5.4635153,2018-02-08,Ratchaburi Rice Seed Center2,146.00003,234.92531
4.8121843,5.4686584,2018-02-09,Ratchaburi Rice Seed Center2,122.0,236.14185
4.9416423,5.457294,2018-02-10,Ratchaburi Rice Seed Center2,138.99998,233.46211
5.043425,5.4505835,2018-02-11,Ratchaburi Rice Seed Center2,154.0,231.89401
4.89784,5.448551,2018-02-12,Ratchaburi Rice Seed Center2,133.00003,231.42119
4.8520303,5.444104,2018-02-13,Ratchaburi Rice Seed Center2,127.0,230.38991
4.75359,5.442353,2018-02-14,Ratchaburi Rice Seed Center2,114.99999,229.985
4.7004805,5.4502935,2018-02-15,Ratchaburi Rice Seed Center2,109.000015,231.8265
4.744932,5.45155,2018-02-16,Ratchaburi Rice Seed Center2,114.00001,232.11922
4.804021,5.4493213,2018-02-17,Ratchaburi Rice Seed Center2,120.99998,231.60023
4.7706847,5.4472585,2018-02-21,Ratchaburi Rice Seed Center2,117.000015,231.12093
4.644391,5.4488473,2018-02-22,Ratchaburi Rice Seed Center2,103.000015,231.49002
4.762174,5.448592,2018-02-23,Ratchaburi Rice Seed Center2,116.00002,231.43071
4.912655,5.4432254,2018-02-24,Ratchaburi Rice Seed Center2,135.0,230.18665
4.9904327,5.4521995,2018-02-25,Ratchaburi Rice Seed Center2,146.00003,232.27068
5.0039463,5.452438,2018-02-26,Ratchaburi Rice Seed Center2,148.0,232.3263
5.0369525,5.450589,2018-02-27,Ratchaburi Rice Seed Center2,152.99998,231.89534
4.828314,5.4494624,2018-02-28,Ratchaburi Rice Seed Center2,124.00001,231.63307
5.587249,5.4421835,2018-03-01,Ratchaburi Rice Seed Center2,266.00003,229.9459
5.220356,5.4519405,2018-03-02,Ratchaburi Rice Seed Center2,184.00003,232.21028
5.0369525,5.4522805,2018-03-03,Ratchaburi Rice Seed Center2,152.99998,232.28958
5.31812,5.4517183,2018-03-04,Ratchaburi Rice Seed Center2,203.0,232.15846
4.8598123,5.455718,2018-03-05,Ratchaburi Rice Seed Center2,127.999985,233.0929
5.0106354,5.4528065,2018-03-06,Ratchaburi Rice Seed Center2,149.00002,232.41231
5.17615,5.4613023,2018-03-07,Ratchaburi Rice Seed Center2,176.00002,234.40378
5.379897,5.464524,2018-03-08,Ratchaburi Rice Seed Center2,215.99995,235.16336
5.6312118,5.458342,2018-03-09,Ratchaburi Rice Seed Center2,278.0,233.70798
5.4467373,5.4516563,2018-03-10,Ratchaburi Rice Seed Center2,230.99998,232.14401
5.293305,5.448337,2018-03-11,Ratchaburi Rice Seed Center2,198.00002,231.37143
5.7430034,5.4449725,2018-03-12,Ratchaburi Rice Seed Center2,311.00006,230.59091
5.488938,5.443956,2018-03-13,Ratchaburi Rice Seed Center2,241.00003,230.35559
5.560682,5.438742,2018-03-14,Ratchaburi Rice Seed Center2,259.00006,229.15251
5.17615,5.443944,2018-03-15,Ratchaburi Rice Seed Center2,176.00002,230.35284
4.912655,5.4462404,2018-03-16,Ratchaburi Rice Seed Center2,135.0,230.88474
5.1059456,5.448754,2018-03-17,Ratchaburi Rice Seed Center2,164.00002,231.46829
5.365976,5.444977,2018-03-18,Ratchaburi Rice Seed Center2,212.99997,230.5919
5.241747,5.4445925,2018-03-19,Ratchaburi Rice Seed Center2,187.99997,230.50291
5.32301,5.4524198,2018-03-20,Ratchaburi Rice Seed Center2,204.0,232.32207
5.389072,5.4506674,2018-03-21,Ratchaburi Rice Seed Center2,218.00005,231.91356
5.278115,5.447543,2018-03-22,Ratchaburi Rice Seed Center2,195.00003,231.18701
5.2522736,5.4415016,2018-03-23,Ratchaburi Rice Seed Center2,190.00003,229.78848
5.117994,5.4358554,2018-03-24,Ratchaburi Rice Seed Center2,166.0,228.48907
4.9972124,5.436198,2018-03-25,Ratchaburi Rice Seed Center2,147.00002,228.56776
5.159055,5.4306026,2018-03-26,Ratchaburi Rice Seed Center2,172.99998,227.28676
5.273,5.4270353,2018-03-27,Ratchaburi Rice Seed Center2,194.00003,226.47386
5.379897,5.4264584,2018-03-28,Ratchaburi Rice Seed Center2,215.99995,226.34265
5.327876,5.4251275,2018-03-29,Ratchaburi Rice Seed Center2,204.99998,226.0403
5.214936,5.433665,2018-03-30,Ratchaburi Rice Seed Center2,183.0,227.98691
5.043425,5.431573,2018-03-31,Ratchaburi Rice Seed Center2,154.0,227.50839
5.056246,5.4318476,2018-04-01,Ratchaburi Rice Seed Center2,156.0,227.57115
5.0039463,5.432867,2018-04-02,Ratchaburi Rice Seed Center2,148.0,227.80429
5.170484,5.431536,2018-04-03,Ratchaburi Rice Seed Center2,175.00002,227.5
5.220356,5.435337,2018-04-04,Ratchaburi Rice Seed Center2,184.00003,228.37015
4.727388,5.4337635,2018-04-05,Ratchaburi Rice Seed Center2,112.00001,228.0095
4.6728287,5.432894,2018-04-06,Ratchaburi Rice Seed Center2,105.999985,227.81052
4.8598123,5.432209,2018-04-07,Ratchaburi Rice Seed Center2,127.999985,227.6538
4.9904327,5.421455,2018-04-08,Ratchaburi Rice Seed Center2,146.00003,225.208
4.912655,5.4168596,2018-04-09,Ratchaburi Rice Seed Center2,135.0,224.1709
4.8751974,5.414696,2018-04-10,Ratchaburi Rice Seed Center2,130.00002,223.68428
4.836282,5.407144,2018-04-11,Ratchaburi Rice Seed Center2,124.999985,221.99382
5.0039463,5.4089913,2018-04-12,Ratchaburi Rice Seed Center2,148.0,222.40613
5.117994,5.406196,2018-04-13,Ratchaburi Rice Seed Center2,166.0,221.78253
4.7957907,5.40547,2018-04-14,Ratchaburi Rice Seed Center2,120.000015,221.6208
4.955827,5.4066544,2018-04-15,Ratchaburi Rice Seed Center2,141.00003,221.88464
4.89784,5.3973894,2018-04-16,Ratchaburi Rice Seed Center2,133.00003,219.82916
4.6728287,5.394937,2018-04-17,Ratchaburi Rice Seed Center2,105.999985,219.28827
4.7706847,5.3930645,2018-04-18,Ratchaburi Rice Seed Center2,117.000015,218.87616
4.691348,5.3843575,2018-04-26,Ratchaburi Rice Seed Center2,108.00002,216.97
4.962845,5.388455,2018-04-27,Ratchaburi Rice Seed Center2,142.00003,217.86496
4.744932,5.3805294,2018-04-29,Ratchaburi Rice Seed Center2,114.00001,216.1372
4.804021,5.3807073,2018-04-30,Ratchaburi Rice Seed Center2,120.99998,216.17583
4.65396,5.380124,2018-05-01,Ratchaburi Rice Seed Center2,103.999985,216.04921
4.75359,5.3777637,2018-05-02,Ratchaburi Rice Seed Center2,114.99999,215.5375
4.7957907,5.372628,2018-05-03,Ratchaburi Rice Seed Center2,120.000015,214.42831
4.8441873,5.371448,2018-05-04,Ratchaburi Rice Seed Center2,126.00002,214.17422
4.65396,5.4022217,2018-05-06,Ratchaburi Rice Seed Center2,103.999985,220.89886
4.7791233,5.404571,2018-05-07,Ratchaburi Rice Seed Center2,117.99998,221.42079
4.912655,5.4184613,2018-05-08,Ratchaburi Rice Seed Center2,135.0,224.53183
4.8520303,5.408958,2018-05-09,Ratchaburi Rice Seed Center2,127.0,222.39868
4.6728287,5.410738,2018-05-10,Ratchaburi Rice Seed Center2,105.999985,222.79669
4.7361984,5.4026427,2018-05-11,Ratchaburi Rice Seed Center2,113.0,220.99231
4.8598123,5.403492,2018-05-12,Ratchaburi Rice Seed Center2,127.999985,221.18091
4.75359,5.396308,2018-05-13,Ratchaburi Rice Seed Center2,114.99999,219.59048
4.919981,5.383029,2018-05-14,Ratchaburi Rice Seed Center2,136.00002,216.68063
4.7957907,5.37782,2018-05-15,Ratchaburi Rice Seed Center2,120.000015,215.54968
4.828314,5.3715816,2018-05-16,Ratchaburi Rice Seed Center2,124.00001,214.20296
4.919981,5.367155,2018-05-17,Ratchaburi Rice Seed Center2,136.00002,213.25247
4.691348,5.367163,2018-05-18,Ratchaburi Rice Seed Center2,108.00002,213.25421
4.6634393,5.371634,2018-05-19,Ratchaburi Rice Seed Center2,105.000015,214.21423
4.8520303,5.3743258,2018-05-20,Ratchaburi Rice Seed Center2,127.0,214.79433
4.7004805,5.377692,2018-05-21,Ratchaburi Rice Seed Center2,109.000015,215.52202
4.744932,5.373402,2018-05-22,Ratchaburi Rice Seed Center2,114.00001,214.5951
4.7706847,5.370347,2018-05-23,Ratchaburi Rice Seed Center2,117.000015,213.93744
4.65396,5.36382,2018-05-24,Ratchaburi Rice Seed Center2,103.999985,212.53912
4.8441873,5.3667693,2018-05-25,Ratchaburi Rice Seed Center2,126.00002,213.16983
4.8598123,5.363992,2018-05-26,Ratchaburi Rice Seed Center2,127.999985,212.5759
4.7957907,5.3566256,2018-05-27,Ratchaburi Rice Seed Center2,120.000015,211.00833
4.744932,5.352604,2018-05-28,Ratchaburi Rice Seed Center2,114.00001,210.15741
4.836282,5.353277,2018-05-29,Ratchaburi Rice Seed Center2,124.999985,210.29964
4.905275,5.354851,2018-05-30,Ratchaburi Rice Seed Center2,134.00002,210.63239
4.691348,5.3575053,2018-05-31,Ratchaburi Rice Seed Center2,108.00002,211.19493
5.056246,5.3580093,2018-06-01,Ratchaburi Rice Seed Center2,156.0,211.30191
5.0039463,5.3626885,2018-06-02,Ratchaburi Rice Seed Center2,148.0,212.29764
5.170484,5.3631663,2018-06-03,Ratchaburi Rice Seed Center2,175.00002,212.39957
5.220356,5.373806,2018-06-04,Ratchaburi Rice Seed Center2,184.00003,214.68219
4.727388,5.370612,2018-06-05,Ratchaburi Rice Seed Center2,112.00001,213.99443
5.0039463,5.365853,2018-06-06,Ratchaburi Rice Seed Center2,148.0,212.97363
5.170484,5.364448,2018-06-07,Ratchaburi Rice Seed Center2,175.00002,212.67328
5.075174,5.3585815,2018-06-08,Ratchaburi Rice Seed Center2,159.0,211.42342
5.1059456,5.359276,2018-06-09,Ratchaburi Rice Seed Center2,164.00002,211.57095
5.3565865,5.352402,2018-06-10,Ratchaburi Rice Seed Center2,211.00003,210.11484
4.983607,5.3437905,2018-06-11,Ratchaburi Rice Seed Center2,145.00003,208.30458
5.1474943,5.339961,2018-06-12,Ratchaburi Rice Seed Center2,170.99997,207.5046
5.117994,5.3365026,2018-06-13,Ratchaburi Rice Seed Center2,166.0,206.78473
5.3752785,5.3337955,2018-06-14,Ratchaburi Rice Seed Center2,215.00002,206.223
5.236442,5.339786,2018-06-15,Ratchaburi Rice Seed Center2,187.00003,207.46811
5.0369525,5.3441105,2018-06-16,Ratchaburi Rice Seed Center2,152.99998,208.37157
5.273,5.3440514,2018-06-17,Ratchaburi Rice Seed Center2,194.00003,208.35919
4.983607,5.3475866,2018-06-18,Ratchaburi Rice Seed Center2,145.00003,209.10063
5.1298985,5.3459287,2018-06-19,Ratchaburi Rice Seed Center2,167.99997,208.7526
5.192957,5.3436055,2018-06-20,Ratchaburi Rice Seed Center2,179.00002,208.26587
5.0039463,5.3395195,2018-06-21,Ratchaburi Rice Seed Center2,148.0,207.41254
5.236442,5.3345246,2018-06-22,Ratchaburi Rice Seed Center2,187.00003,206.37415
5.267858,5.33183,2018-06-23,Ratchaburi Rice Seed Center2,192.99997,205.8161
5.09375,5.3288207,2018-06-24,Ratchaburi Rice Seed Center2,161.99997,205.19467
5.0689044,5.3264694,2018-06-25,Ratchaburi Rice Seed Center2,158.00003,204.71042
4.9904327,5.3212886,2018-06-26,Ratchaburi Rice Seed Center2,146.00003,203.64742
5.062595,5.3213806,2018-06-27,Ratchaburi Rice Seed Center2,156.99997,203.66626
4.962845,5.315494,2018-06-28,Ratchaburi Rice Seed Center2,142.00003,202.46501
4.934474,5.3143215,2018-06-29,Ratchaburi Rice Seed Center2,138.0,202.22658
5.17615,5.314851,2018-06-30,Ratchaburi Rice Seed Center2,176.00002,202.33417
5.1298985,5.3146963,2018-07-01,Ratchaburi Rice Seed Center2,167.99997,202.30276
5.214936,5.4108143,2017-10-27,Ratchaburi Rice research Center,183.0,222.81377
5.2040067,5.409835,2017-10-28,Ratchaburi Rice research Center,181.0,222.59467
4.962845,5.450664,2017-11-28,Ratchaburi Rice research Center,142.00003,231.91278
5.3565865,5.4524703,2017-11-30,Ratchaburi Rice research Center,211.00003,232.33386
4.75359,5.4594436,2017-12-01,Ratchaburi Rice research Center,114.99999,233.96664
4.7791233,5.454458,2017-12-02,Ratchaburi Rice research Center,117.99998,232.79817
5.2311087,5.44711,2017-12-03,Ratchaburi Rice research Center,186.0,231.0865
4.8202815,5.4404073,2017-12-05,Ratchaburi Rice research Center,122.99999,229.53606
4.983607,5.463882,2015-05-04,Sakon Nakhon Rice research Center,145.00003,235.01184
5.0689044,5.4641795,2015-05-05,Sakon Nakhon Rice research Center,158.00003,235.08208
5.389072,5.4632792,2015-05-06,Sakon Nakhon Rice research Center,218.00005,234.86963
5.398163,5.4570723,2015-05-07,Sakon Nakhon Rice research Center,220.00003,233.41013
5.056246,5.4552155,2015-05-10,Sakon Nakhon Rice research Center,156.0,232.97528
5.2257466,5.453272,2015-05-11,Sakon Nakhon Rice research Center,185.0,232.52097
4.7706847,5.448726,2015-05-12,Sakon Nakhon Rice research Center,117.000015,231.46187
4.6728287,5.4469547,2015-05-15,Sakon Nakhon Rice research Center,105.999985,231.05043
4.962845,5.446619,2016-04-26,Sakon Nakhon Rice research Center,142.00003,230.97255
4.691348,5.4420996,2016-04-27,Sakon Nakhon Rice research Center,108.00002,229.92651
4.75359,5.452343,2016-04-29,Sakon Nakhon Rice research Center,114.99999,232.30415
4.7361984,5.4603634,2016-05-05,Sakon Nakhon Rice research Center,113.0,234.18288
5.6629605,5.4538183,2018-04-22,Sakon Nakhon Rice research Center,287.0,232.6486
5.3033047,5.4635634,2018-04-23,Sakon Nakhon Rice research Center,199.99995,234.93668
5.5645204,5.474576,2018-05-08,Sakon Nakhon Rice research Center,260.0,237.5493
5.3565865,5.4831133,2018-05-09,Sakon Nakhon Rice research Center,211.00003,239.59459
5.609472,5.4823728,2018-05-10,Sakon Nakhon Rice research Center,272.0,239.41649
5.6312118,5.484957,2018-05-12,Sakon Nakhon Rice research Center,278.0,240.03864
4.7361984,5.488179,2018-05-13,Sakon Nakhon Rice research Center,113.0,240.81651
5.638355,5.405899,2015-08-28,Ubon Ratchathani Rice research Center,280.00003,221.71637
4.65396,5.404753,2015-08-29,Ubon Ratchathani Rice research Center,103.999985,221.4613
4.634729,5.4026823,2015-09-01,Ubon Ratchathani Rice research Center,101.99999,221.0011
