y_true,y_pred,date,station_id,y_true_raw,y_pred_raw
4.8751974,5.70087,2016-09-01,Chachoengsao Rice research Center,130.00002,298.12753
4.836282,5.70092,2016-09-02,Chachoengsao Rice research Center,124.999985,298.14252
4.7095304,5.706482,2016-09-03,Chachoengsao Rice research Center,110.000015,299.81094
4.8675346,5.713294,2016-09-04,Chachoengsao Rice research Center,129.00003,301.86707
5.351858,5.7117105,2016-09-05,Chachoengsao Rice research Center,210.0,301.38785
6.410175,5.714115,2016-09-06,Chachoengsao Rice research Center,607.0,302.11588
7.3192024,5.7160673,2016-09-07,Chachoengsao Rice research Center,1508.0,302.7082
8.349957,5.712563,2016-09-08,Chachoengsao Rice research Center,4229.001,301.64575
8.18535,5.716801,2016-09-09,Chachoengsao Rice research Center,3587.0007,302.93115
8.664406,5.712254,2016-09-10,Chachoengsao Rice research Center,5792.0015,301.55228
8.349721,5.708622,2016-09-11,Chachoengsao Rice research Center,4228.0005,300.45538
7.6586995,5.709167,2016-09-12,Chachoengsao Rice research Center,2118.0,300.61972
7.4277387,5.707932,2016-09-13,Chachoengsao Rice research Center,1680.9998,300.24744
7.098376,5.716231,2016-09-14,Chachoengsao Rice research Center,1209.0002,302.75787
7.536897,5.7159257,2016-09-15,Chachoengsao Rice research Center,1875.0001,302.66516
7.167809,5.718042,2016-09-16,Chachoengsao Rice research Center,1295.9998,303.30847
7.393263,5.714404,2016-09-17,Chachoengsao Rice research Center,1623.9996,302.20346
7.552762,5.7152495,2016-09-18,Chachoengsao Rice research Center,1904.9999,302.45993
7.0842266,5.719171,2016-09-19,Chachoengsao Rice research Center,1192.0002,303.65228
7.023759,5.7321067,2016-09-20,Chachoengsao Rice research Center,1121.9999,307.61874
6.9353704,5.724432,2016-09-21,Chachoengsao Rice research Center,1027.0,305.25925
6.5736804,5.7223816,2016-09-22,Chachoengsao Rice research Center,715.0002,304.63196
8.521584,5.7241583,2016-09-23,Chachoengsao Rice research Center,5021.0,305.17545
7.5358305,5.718973,2016-09-24,Chachoengsao Rice research Center,1873.0,303.59198
8.159946,5.7273574,2016-09-25,Chachoengsao Rice research Center,3496.9993,306.1565
7.3957214,5.729022,2016-09-26,Chachoengsao Rice research Center,1627.9998,306.6682
7.1876574,5.736399,2016-09-27,Chachoengsao Rice research Center,1322.0002,308.94635
7.002156,5.7445,2016-09-28,Chachoengsao Rice research Center,1097.9998,311.4674
7.0121155,5.736462,2016-09-29,Chachoengsao Rice research Center,1109.0002,308.96585
6.944087,5.7483144,2016-09-30,Chachoengsao Rice research Center,1035.9998,312.6615
7.4656553,5.7488394,2016-10-01,Chachoengsao Rice research Center,1746.0,312.8262
7.362645,5.746758,2016-10-02,Chachoengsao Rice research Center,1574.9998,312.1737
6.0473723,5.7512774,2016-10-03,Chachoengsao Rice research Center,422.00006,313.5923
6.3868794,5.7497196,2016-10-04,Chachoengsao Rice research Center,593.00006,313.10257
6.3189683,5.7512946,2016-10-05,Chachoengsao Rice research Center,554.0001,313.5977
6.4504704,5.7444043,2016-10-06,Chachoengsao Rice research Center,632.0,311.43747
7.0842266,5.7442675,2016-10-07,Chachoengsao Rice research Center,1192.0002,311.3947
7.865188,5.7442408,2016-10-08,Chachoengsao Rice research Center,2604.0005,311.38635
7.8636513,5.750773,2016-10-09,Chachoengsao Rice research Center,2600.0,313.4336
7.5933743,5.7625437,2016-10-10,Chachoengsao Rice research Center,1984.0001,317.1566
7.369601,5.761657,2016-10-11,Chachoengsao Rice research Center,1586.0001,316.8747
6.505784,5.7641683,2016-10-12,Chachoengsao Rice research Center,668.0,317.6739
5.241747,5.7688184,2016-10-13,Chachoengsao Rice research Center,187.99997,319.1592
6.60123,5.765844,2016-10-14,Chachoengsao Rice research Center,735.0,318.2083
5.030438,5.7755275,2016-10-15,Chachoengsao Rice research Center,152.0,321.3144
4.955827,5.767685,2016-10-16,Chachoengsao Rice research Center,141.00003,318.7965
5.09375,5.7713275,2016-10-17,Chachoengsao Rice research Center,161.99997,319.96353
4.644391,5.7738543,2016-10-18,Chachoengsao Rice research Center,103.000015,320.77554
4.727388,5.7723675,2016-10-19,Chachoengsao Rice research Center,112.00001,320.2975
5.241747,5.7771177,2016-10-20,Chachoengsao Rice research Center,187.99997,321.82736
5.081404,5.7761564,2016-10-21,Chachoengsao Rice research Center,159.99997,321.51718
4.7791233,5.7778807,2016-11-03,Chachoengsao Rice research Center,117.99998,322.07376
5.0172796,5.6920915,2015-08-01,Chai Nat Rice Seed Center 1,149.99997,295.51312
5.370638,5.695983,2015-08-02,Chai Nat Rice Seed Center 1,213.99997,296.66925
4.75359,5.6891704,2015-08-03,Chai Nat Rice Seed Center 1,114.99999,294.64825
5.370638,5.693696,2015-08-04,Chai Nat Rice Seed Center 1,213.99997,295.98926
4.727388,5.700359,2015-08-05,Chai Nat Rice Seed Center 1,112.00001,297.97467
5.652489,5.709657,2015-08-08,Chai Nat Rice Seed Center 1,284.0,300.7676
5.872118,5.717054,2015-08-09,Chai Nat Rice Seed Center 1,354.00006,303.00797
6.295266,5.7176623,2015-08-10,Chai Nat Rice Seed Center 1,541.00006,303.193
4.962845,5.7171655,2015-08-11,Chai Nat Rice Seed Center 1,142.00003,303.04187
5.902633,5.712191,2015-08-12,Chai Nat Rice Seed Center 1,364.99994,301.53323
5.874931,5.713338,2015-08-13,Chai Nat Rice Seed Center 1,355.00006,301.88037
6.0450053,5.709231,2015-08-14,Chai Nat Rice Seed Center 1,421.0,300.63898
6.2576675,5.714542,2015-08-15,Chai Nat Rice Seed Center 1,521.0,302.24527
5.3752785,5.713564,2015-08-16,Chai Nat Rice Seed Center 1,215.00002,301.94882
6.0210233,5.7147875,2015-08-17,Chai Nat Rice Seed Center 1,410.99997,302.31973
5.3565865,5.7143993,2015-08-18,Chai Nat Rice Seed Center 1,211.00003,302.20203
5.786897,5.716249,2015-08-19,Chai Nat Rice Seed Center 1,324.99994,302.76337
5.0689044,5.717204,2015-08-20,Chai Nat Rice Seed Center 1,158.00003,303.05362
5.5093884,5.717894,2015-08-21,Chai Nat Rice Seed Center 1,246.00003,303.2635
5.7745514,5.7196374,2015-08-22,Chai Nat Rice Seed Center 1,320.99994,303.79437
4.7361984,5.72008,2015-08-23,Chai Nat Rice Seed Center 1,113.0,303.9293
5.3752785,5.7121286,2015-08-24,Chai Nat Rice Seed Center 1,215.00002,301.51434
5.7745514,5.712958,2015-08-25,Chai Nat Rice Seed Center 1,320.99994,301.7653
5.370638,5.7012877,2015-08-28,Chai Nat Rice Seed Center 1,213.99997,298.2525
5.7745514,5.6998353,2015-08-29,Chai Nat Rice Seed Center 1,320.99994,297.81818
6.0234475,5.703105,2015-08-30,Chai Nat Rice Seed Center 1,411.99997,298.7968
5.4595857,5.697357,2015-08-31,Chai Nat Rice Seed Center 1,234.00003,297.07858
5.3565865,5.700048,2015-09-01,Chai Nat Rice Seed Center 1,211.00003,297.88174
4.744932,5.6987495,2015-09-02,Chai Nat Rice Seed Center 1,114.00001,297.4939
4.836282,5.742434,2015-09-29,Chai Nat Rice Seed Center 1,124.999985,310.82248
5.1416636,5.7681484,2015-10-16,Chai Nat Rice Seed Center 1,170.0,318.9448
5.3752785,5.7697425,2015-10-22,Chai Nat Rice Seed Center 1,215.00002,319.4552
4.7095304,5.7695727,2015-10-23,Chai Nat Rice Seed Center 1,110.000015,319.40082
5.365976,5.764417,2015-10-24,Chai Nat Rice Seed Center 1,212.99997,317.7532
5.42495,5.7635636,2015-10-25,Chai Nat Rice Seed Center 1,226.00003,317.48126
5.1416636,5.7592707,2015-10-27,Chai Nat Rice Seed Center 1,170.0,316.11697
4.9767337,5.7651906,2015-11-01,Chai Nat Rice Seed Center 1,144.0,317.99985
4.836282,5.7626514,2015-11-02,Chai Nat Rice Seed Center 1,124.999985,317.1909
5.3565865,5.7662735,2015-11-04,Chai Nat Rice Seed Center 1,211.00003,318.34546
5.370638,5.7666445,2015-11-05,Chai Nat Rice Seed Center 1,213.99997,318.46396
4.983607,5.7705183,2015-11-06,Chai Nat Rice Seed Center 1,145.00003,319.70392
5.4510384,5.765775,2015-11-07,Chai Nat Rice Seed Center 1,231.99998,318.18637
4.983607,5.764276,2015-11-08,Chai Nat Rice Seed Center 1,145.00003,317.70822
5.549076,5.7681355,2015-11-09,Chai Nat Rice Seed Center 1,256.0,318.94067
5.370638,5.7691455,2015-11-10,Chai Nat Rice Seed Center 1,213.99997,319.26395
4.828314,5.7721114,2015-11-11,Chai Nat Rice Seed Center 1,124.00001,320.21524
5.4467373,5.7728148,2015-11-12,Chai Nat Rice Seed Center 1,230.99998,320.44122
5.5373344,5.7749715,2015-11-13,Chai Nat Rice Seed Center 1,253.00005,321.13525
4.836282,5.775343,2015-11-14,Chai Nat Rice Seed Center 1,124.999985,321.25494
5.7745514,5.782017,2015-11-15,Chai Nat Rice Seed Center 1,320.99994,323.41296
4.9767337,5.786753,2015-11-16,Chai Nat Rice Seed Center 1,144.0,324.953
5.043425,5.79361,2015-11-17,Chai Nat Rice Seed Center 1,154.0,327.1957
4.919981,5.795292,2015-11-18,Chai Nat Rice Seed Center 1,136.00002,327.74814
4.7957907,5.797151,2015-11-19,Chai Nat Rice Seed Center 1,120.000015,328.35992
4.836282,5.8014364,2015-11-20,Chai Nat Rice Seed Center 1,124.999985,329.77435
5.370638,5.7997775,2015-11-21,Chai Nat Rice Seed Center 1,213.99997,329.22607
4.890349,5.803166,2015-11-24,Chai Nat Rice Seed Center 1,131.99997,330.34692
4.962845,5.804127,2015-11-25,Chai Nat Rice Seed Center 1,142.00003,330.6656
5.056246,5.8068595,2015-11-26,Chai Nat Rice Seed Center 1,156.0,331.57303
4.983607,5.8096743,2015-11-27,Chai Nat Rice Seed Center 1,145.00003,332.51047
5.4467373,5.8055425,2015-11-28,Chai Nat Rice Seed Center 1,230.99998,331.1353
5.370638,5.801513,2015-11-29,Chai Nat Rice Seed Center 1,213.99997,329.79974
5.3565865,5.800498,2015-11-30,Chai Nat Rice Seed Center 1,211.00003,329.4641
5.1416636,5.796099,2015-12-02,Chai Nat Rice Seed Center 1,170.0,328.01364
4.8202815,5.786175,2015-12-04,Chai Nat Rice Seed Center 1,122.99999,324.76453
5.0039463,5.7889743,2015-12-05,Chai Nat Rice Seed Center 1,148.0,325.67776
4.7095304,5.789716,2015-12-08,Chai Nat Rice Seed Center 1,110.000015,325.9201
4.75359,5.794601,2015-12-09,Chai Nat Rice Seed Center 1,114.99999,327.52106
5.1416636,5.817839,2015-12-12,Chai Nat Rice Seed Center 1,170.0,335.2447
4.836282,5.816938,2015-12-13,Chai Nat Rice Seed Center 1,124.999985,334.9418
4.9767337,5.8151875,2015-12-14,Chai Nat Rice Seed Center 1,144.0,334.35425
4.912655,5.8143177,2015-12-15,Chai Nat Rice Seed Center 1,135.0,334.0627
5.365976,5.8119407,2015-12-16,Chai Nat Rice Seed Center 1,212.99997,333.2672
4.8121843,5.8156796,2015-12-17,Chai Nat Rice Seed Center 1,122.0,334.51932
5.7899604,5.8107433,2015-12-18,Chai Nat Rice Seed Center 1,326.00006,332.86722
5.5373344,5.812098,2015-12-19,Chai Nat Rice Seed Center 1,253.00005,333.3198
4.9972124,5.81852,2015-12-20,Chai Nat Rice Seed Center 1,147.00002,335.47372
5.3565865,5.815887,2015-12-21,Chai Nat Rice Seed Center 1,211.00003,334.58893
4.983607,5.8181233,2015-12-22,Chai Nat Rice Seed Center 1,145.00003,335.34027
4.890349,5.8157663,2015-12-23,Chai Nat Rice Seed Center 1,131.99997,334.54843
5.365976,5.804815,2015-12-24,Chai Nat Rice Seed Center 1,212.99997,330.89374
4.836282,5.807835,2015-12-25,Chai Nat Rice Seed Center 1,124.999985,331.89764
5.4467373,5.8028255,2015-12-26,Chai Nat Rice Seed Center 1,230.99998,330.23413
5.4161005,5.8036003,2015-12-27,Chai Nat Rice Seed Center 1,224.00003,330.49088
4.983607,5.801315,2015-12-28,Chai Nat Rice Seed Center 1,145.00003,329.73413
4.836282,5.800769,2015-12-29,Chai Nat Rice Seed Center 1,124.999985,329.55362
5.480639,5.80709,2015-12-30,Chai Nat Rice Seed Center 1,239.00002,331.64966
4.75359,5.8149905,2015-12-31,Chai Nat Rice Seed Center 1,114.99999,334.2882
4.8121843,5.8186693,2016-01-01,Chai Nat Rice Seed Center 1,122.0,335.52396
5.5373344,5.8197517,2016-01-02,Chai Nat Rice Seed Center 1,253.00005,335.8884
4.836282,5.8230243,2016-01-03,Chai Nat Rice Seed Center 1,124.999985,336.99268
4.8202815,5.8247237,2016-01-04,Chai Nat Rice Seed Center 1,122.99999,337.56757
5.3752785,5.825055,2016-01-05,Chai Nat Rice Seed Center 1,215.00002,337.6798
4.89784,5.827132,2016-01-06,Chai Nat Rice Seed Center 1,133.00003,338.384
4.836282,5.8221245,2016-01-07,Chai Nat Rice Seed Center 1,124.999985,336.68872
5.3752785,5.8135138,2016-01-08,Chai Nat Rice Seed Center 1,215.00002,333.79346
5.398163,5.817501,2016-01-09,Chai Nat Rice Seed Center 1,220.00003,335.13104
4.962845,5.8122244,2016-01-10,Chai Nat Rice Seed Center 1,142.00003,333.36206
4.912655,5.810086,2016-01-11,Chai Nat Rice Seed Center 1,135.0,332.64774
5.46806,5.8115096,2016-01-12,Chai Nat Rice Seed Center 1,235.99997,333.12314
5.786897,5.809368,2016-01-13,Chai Nat Rice Seed Center 1,324.99994,332.4084
5.46806,5.8039165,2016-01-14,Chai Nat Rice Seed Center 1,235.99997,330.5957
4.836282,5.8150396,2016-01-15,Chai Nat Rice Seed Center 1,124.999985,334.3047
5.549076,5.8151546,2016-01-16,Chai Nat Rice Seed Center 1,256.0,334.34323
5.786897,5.8206234,2016-01-17,Chai Nat Rice Seed Center 1,324.99994,336.1822
6.0234475,5.812219,2016-01-18,Chai Nat Rice Seed Center 1,411.99997,333.3603
4.727388,5.8065515,2016-01-19,Chai Nat Rice Seed Center 1,112.00001,331.4706
5.5373344,5.815196,2016-01-20,Chai Nat Rice Seed Center 1,253.00005,334.35712
4.983607,5.814129,2016-01-21,Chai Nat Rice Seed Center 1,145.00003,333.99945
5.3752785,5.8258934,2016-01-22,Chai Nat Rice Seed Center 1,215.00002,337.96384
6.0450053,5.8245287,2016-01-23,Chai Nat Rice Seed Center 1,421.0,337.50156
5.786897,5.82244,2016-01-24,Chai Nat Rice Seed Center 1,324.99994,336.79532
5.4026775,5.8257756,2016-01-25,Chai Nat Rice Seed Center 1,221.00003,337.9239
4.8598123,5.825266,2016-01-26,Chai Nat Rice Seed Center 1,127.999985,337.7512
4.890349,5.8302336,2016-01-27,Chai Nat Rice Seed Center 1,131.99997,339.43817
5.043425,5.8298426,2016-01-28,Chai Nat Rice Seed Center 1,154.0,339.3051
4.7095304,5.8285737,2016-01-29,Chai Nat Rice Seed Center 1,110.000015,338.87357
4.75359,5.833105,2016-01-30,Chai Nat Rice Seed Center 1,114.99999,340.41718
4.7957907,5.8052645,2016-02-03,Chai Nat Rice Seed Center 1,120.000015,331.043
5.888878,5.8188186,2016-02-11,Chai Nat Rice Seed Center 1,359.99997,335.5742
4.8520303,5.807021,2016-02-13,Chai Nat Rice Seed Center 1,127.0,331.6268
4.912655,5.795224,2016-02-14,Chai Nat Rice Seed Center 1,135.0,327.7259
4.8751974,5.7872224,2016-02-15,Chai Nat Rice Seed Center 1,130.00002,325.10596
4.75359,5.775091,2016-02-17,Chai Nat Rice Seed Center 1,114.99999,321.1738
5.370638,5.780142,2016-02-18,Chai Nat Rice Seed Center 1,213.99997,322.8051
5.525453,5.784354,2016-02-19,Chai Nat Rice Seed Center 1,250.00003,324.172
5.620401,5.8042336,2016-02-20,Chai Nat Rice Seed Center 1,275.0,330.70087
4.8520303,5.8113246,2016-02-21,Chai Nat Rice Seed Center 1,127.0,333.06134
5.786897,5.8206224,2016-02-22,Chai Nat Rice Seed Center 1,324.99994,336.18185
5.293305,5.819027,2016-02-23,Chai Nat Rice Seed Center 1,198.00002,335.64432
5.1416636,5.815871,2016-02-26,Chai Nat Rice Seed Center 1,170.0,334.5835
5.1416636,5.8096485,2016-03-04,Chai Nat Rice Seed Center 1,170.0,332.5019
4.94876,5.7814026,2016-03-09,Chai Nat Rice Seed Center 1,140.00002,323.21362
4.836282,5.8013134,2016-03-19,Chai Nat Rice Seed Center 1,124.999985,329.73364
4.7957907,5.797837,2016-03-24,Chai Nat Rice Seed Center 1,120.000015,328.58582
4.7095304,5.8036723,2016-03-26,Chai Nat Rice Seed Center 1,110.000015,330.51477
5.1416636,5.806096,2016-03-28,Chai Nat Rice Seed Center 1,170.0,331.31924
5.0172796,5.8021784,2016-04-01,Chai Nat Rice Seed Center 1,149.99997,330.01987
5.7745514,5.794919,2016-04-02,Chai Nat Rice Seed Center 1,320.99994,327.62555
4.7361984,5.789547,2016-04-03,Chai Nat Rice Seed Center 1,113.0,325.86493
5.3752785,5.7868276,2016-04-04,Chai Nat Rice Seed Center 1,215.00002,324.97723
4.727388,5.786528,2016-04-05,Chai Nat Rice Seed Center 1,112.00001,324.87964
5.370638,5.787756,2016-04-08,Chai Nat Rice Seed Center 1,213.99997,325.28003
5.7745514,5.7881255,2016-04-09,Chai Nat Rice Seed Center 1,320.99994,325.40063
6.0234475,5.785365,2016-04-10,Chai Nat Rice Seed Center 1,411.99997,324.50085
4.962845,5.7786574,2016-04-11,Chai Nat Rice Seed Center 1,142.00003,322.32483
5.902633,5.7834454,2016-04-12,Chai Nat Rice Seed Center 1,364.99994,323.8766
5.3565865,5.7764535,2016-04-13,Chai Nat Rice Seed Center 1,211.00003,321.613
4.7957907,5.7748103,2016-04-14,Chai Nat Rice Seed Center 1,120.000015,321.08334
4.7361984,5.778575,2016-04-15,Chai Nat Rice Seed Center 1,113.0,322.29816
4.7095304,5.7759047,2016-04-17,Chai Nat Rice Seed Center 1,110.000015,321.436
5.3033047,5.773591,2016-04-18,Chai Nat Rice Seed Center 1,199.99995,320.69086
5.0689044,5.7655344,2016-04-19,Chai Nat Rice Seed Center 1,158.00003,318.10953
5.1416636,5.772091,2016-04-20,Chai Nat Rice Seed Center 1,170.0,320.20865
4.634729,5.7447066,2016-05-17,Chai Nat Rice Seed Center 1,101.99999,311.53192
4.727388,5.7425995,2016-05-18,Chai Nat Rice Seed Center 1,112.00001,310.87408
4.9767337,5.738114,2016-05-19,Chai Nat Rice Seed Center 1,144.0,309.47827
4.634729,5.741302,2016-05-20,Chai Nat Rice Seed Center 1,101.99999,310.4697
5.370638,5.7414837,2016-05-22,Chai Nat Rice Seed Center 1,213.99997,310.52628
4.890349,5.7471504,2016-05-23,Chai Nat Rice Seed Center 1,131.99997,312.29663
4.7095304,5.7539625,2016-05-25,Chai Nat Rice Seed Center 1,110.000015,314.4381
5.3565865,5.739038,2016-06-01,Chai Nat Rice Seed Center 1,211.00003,309.76532
4.836282,5.730974,2016-06-04,Chai Nat Rice Seed Center 1,124.999985,307.26944
5.1416636,5.730534,2016-06-10,Chai Nat Rice Seed Center 1,170.0,307.1338
5.3752785,5.725755,2016-06-12,Chai Nat Rice Seed Center 1,215.00002,305.66476
4.7095304,5.7243595,2016-06-13,Chai Nat Rice Seed Center 1,110.000015,305.23706
4.836282,5.633095,2016-07-14,Chai Nat Rice Seed Center 1,124.999985,278.52585
5.3752785,5.642122,2016-07-18,Chai Nat Rice Seed Center 1,215.00002,281.06055
5.786897,5.5994983,2016-07-19,Chai Nat Rice Seed Center 1,324.99994,269.29077
6.0306854,5.564343,2016-07-20,Chai Nat Rice Seed Center 1,415.00006,259.9537
5.463832,5.5210295,2016-07-21,Chai Nat Rice Seed Center 1,235.00003,248.89217
5.31812,5.565141,2016-07-22,Chai Nat Rice Seed Center 1,203.0,260.16208
4.836282,5.5517035,2016-07-23,Chai Nat Rice Seed Center 1,124.999985,256.67612
4.8202815,5.6174507,2016-07-24,Chai Nat Rice Seed Center 1,122.99999,274.18695
5.786897,5.635663,2016-07-25,Chai Nat Rice Seed Center 1,324.99994,279.24466
5.5373344,5.663058,2016-07-26,Chai Nat Rice Seed Center 1,253.00005,287.028
4.9767337,5.689401,2016-07-27,Chai Nat Rice Seed Center 1,144.0,294.7165
4.919981,5.6966686,2016-07-28,Chai Nat Rice Seed Center 1,136.00002,296.8734
5.786897,5.7030106,2016-07-29,Chai Nat Rice Seed Center 1,324.99994,298.76852
6.0450053,5.716085,2016-07-30,Chai Nat Rice Seed Center 1,421.0,302.71353
5.549076,5.7176504,2016-07-31,Chai Nat Rice Seed Center 1,256.0,303.18936
6.375025,5.7247143,2016-08-01,Chai Nat Rice Seed Center 1,586.0,305.34573
6.1862087,5.714115,2016-08-02,Chai Nat Rice Seed Center 1,485.00006,302.11588
6.5496507,5.7081966,2016-08-03,Chai Nat Rice Seed Center 1,697.99994,300.32718
6.2785215,5.7091794,2016-08-04,Chai Nat Rice Seed Center 1,532.00006,300.62344
6.1717005,5.7052603,2016-08-05,Chai Nat Rice Seed Center 1,477.99994,299.44366
6.452049,5.6978526,2016-08-06,Chai Nat Rice Seed Center 1,632.9999,297.22632
6.0544395,5.6955414,2016-08-07,Chai Nat Rice Seed Center 1,425.0001,296.53784
6.313548,5.68978,2016-08-08,Chai Nat Rice Seed Center 1,551.0,294.8286
5.7745514,5.696424,2016-08-09,Chai Nat Rice Seed Center 1,320.99994,296.80057
5.5373344,5.7003164,2016-08-10,Chai Nat Rice Seed Center 1,253.00005,297.96198
5.902633,5.69581,2016-08-11,Chai Nat Rice Seed Center 1,364.99994,296.6177
6.0544395,5.7024693,2016-08-12,Chai Nat Rice Seed Center 1,425.0001,298.60632
5.902633,5.699436,2016-08-13,Chai Nat Rice Seed Center 1,364.99994,297.69894
6.437752,5.699716,2016-08-14,Chai Nat Rice Seed Center 1,624.00006,297.78256
6.3044486,5.7019124,2016-08-15,Chai Nat Rice Seed Center 1,545.9999,298.4395
6.3613024,5.700659,2016-08-16,Chai Nat Rice Seed Center 1,577.99994,298.06436
6.4504704,5.7012353,2016-08-17,Chai Nat Rice Seed Center 1,632.0,298.23682
5.5412636,5.6997714,2016-08-18,Chai Nat Rice Seed Center 1,254.00002,297.79907
5.786897,5.699734,2016-08-19,Chai Nat Rice Seed Center 1,324.99994,297.78796
4.983607,5.698931,2016-08-20,Chai Nat Rice Seed Center 1,145.00003,297.54816
5.786897,5.6992927,2016-08-21,Chai Nat Rice Seed Center 1,324.99994,297.65607
6.43294,5.703294,2016-08-22,Chai Nat Rice Seed Center 1,620.99994,298.85342
5.786897,5.7002563,2016-08-23,Chai Nat Rice Seed Center 1,324.99994,297.94403
5.9053617,5.7014756,2016-08-24,Chai Nat Rice Seed Center 1,365.99994,298.30875
5.488938,5.7084007,2016-08-25,Chai Nat Rice Seed Center 1,241.00003,300.38867
5.497168,5.7060366,2016-08-26,Chai Nat Rice Seed Center 1,242.99995,299.677
5.786897,5.7026563,2016-08-27,Chai Nat Rice Seed Center 1,324.99994,298.66232
6.0234475,5.703108,2016-08-28,Chai Nat Rice Seed Center 1,411.99997,298.79767
5.786897,5.700183,2016-08-29,Chai Nat Rice Seed Center 1,324.99994,297.92206
5.8348107,5.7047477,2016-08-30,Chai Nat Rice Seed Center 1,341.0,299.2897
5.4467373,5.711904,2016-08-31,Chai Nat Rice Seed Center 1,230.99998,301.44638
6.7511015,5.7180634,2016-09-01,Chai Nat Rice Seed Center 1,854.0,303.315
6.4907236,5.7156835,2016-09-02,Chai Nat Rice Seed Center 1,658.00006,302.5916
6.860664,5.71914,2016-09-03,Chai Nat Rice Seed Center 1,953.0002,303.64282
6.7511015,5.7258515,2016-09-04,Chai Nat Rice Seed Center 1,854.0,305.6943
6.4907236,5.730731,2016-09-05,Chai Nat Rice Seed Center 1,658.00006,307.1945
6.6147256,5.7312145,2016-09-06,Chai Nat Rice Seed Center 1,745.0,307.34354
6.75227,5.7243915,2016-09-07,Chai Nat Rice Seed Center 1,854.9999,305.24686
6.5453496,5.719586,2016-09-08,Chai Nat Rice Seed Center 1,694.99994,303.7787
6.6147256,5.7245235,2016-09-09,Chai Nat Rice Seed Center 1,745.0,305.2873
6.295266,5.720964,2016-09-10,Chai Nat Rice Seed Center 1,541.00006,304.19897
6.4361506,5.718199,2016-09-11,Chai Nat Rice Seed Center 1,623.0001,303.3562
6.0306854,5.7205105,2016-09-12,Chai Nat Rice Seed Center 1,415.00006,304.0606
5.786897,5.718102,2016-09-13,Chai Nat Rice Seed Center 1,324.99994,303.32675
5.8998976,5.72244,2016-09-14,Chai Nat Rice Seed Center 1,364.00006,304.64972
6.0306854,5.7248516,2016-09-15,Chai Nat Rice Seed Center 1,415.00006,305.3878
5.1416636,5.7264957,2016-09-16,Chai Nat Rice Seed Center 1,170.0,305.89197
4.836282,5.7215,2016-09-17,Chai Nat Rice Seed Center 1,124.999985,304.3626
5.549076,5.7253447,2016-09-18,Chai Nat Rice Seed Center 1,256.0,305.5389
6.4361506,5.7287173,2016-09-19,Chai Nat Rice Seed Center 1,623.0001,306.5745
6.295266,5.7365193,2016-09-20,Chai Nat Rice Seed Center 1,541.00006,308.98358
6.2989492,5.7392335,2016-09-21,Chai Nat Rice Seed Center 1,543.0,309.82608
6.4831076,5.739728,2016-09-22,Chai Nat Rice Seed Center 1,653.0001,309.9798
4.983607,5.73838,2016-09-23,Chai Nat Rice Seed Center 1,145.00003,309.56088
6.297109,5.7344246,2016-09-24,Chai Nat Rice Seed Center 1,541.9999,308.33493
5.902633,5.742166,2016-09-25,Chai Nat Rice Seed Center 1,364.99994,310.73892
6.2989492,5.742106,2016-09-26,Chai Nat Rice Seed Center 1,543.0,310.72018
6.4393506,5.75591,2016-09-27,Chai Nat Rice Seed Center 1,625.0001,315.053
6.1654177,5.7512507,2016-09-28,Chai Nat Rice Seed Center 1,474.9999,313.58386
6.4831076,5.7683477,2016-09-29,Chai Nat Rice Seed Center 1,653.0001,319.00854
6.1246834,5.768223,2016-09-30,Chai Nat Rice Seed Center 1,456.0,318.96857
4.7957907,5.7783656,2016-10-01,Chai Nat Rice Seed Center 1,120.000015,322.23047
4.7095304,5.777704,2016-10-03,Chai Nat Rice Seed Center 1,110.000015,322.0166
4.836282,5.7887435,2016-10-04,Chai Nat Rice Seed Center 1,124.999985,325.6024
5.1416636,5.7766027,2016-10-07,Chai Nat Rice Seed Center 1,170.0,321.66116
4.836282,5.770431,2016-10-08,Chai Nat Rice Seed Center 1,124.999985,319.67593
4.9767337,5.770899,2016-10-09,Chai Nat Rice Seed Center 1,144.0,319.82596
4.912655,5.774735,2016-10-10,Chai Nat Rice Seed Center 1,135.0,321.05908
5.7899604,5.7735076,2016-10-11,Chai Nat Rice Seed Center 1,326.00006,320.66403
5.5373344,5.7714906,2016-10-12,Chai Nat Rice Seed Center 1,253.00005,320.01587
5.4467373,5.7695518,2016-10-13,Chai Nat Rice Seed Center 1,230.99998,319.3941
5.4161005,5.772215,2016-10-14,Chai Nat Rice Seed Center 1,224.00003,320.24847
4.983607,5.777308,2016-10-15,Chai Nat Rice Seed Center 1,145.00003,321.8888
5.480639,5.777316,2016-10-16,Chai Nat Rice Seed Center 1,239.00002,321.89142
4.75359,5.7789536,2016-10-17,Chai Nat Rice Seed Center 1,114.99999,322.42056
7.0483866,5.8277016,2015-03-09,Chai Nat Rice Seed Center 2,1150.0002,338.57727
6.4800444,5.8334384,2015-03-10,Chai Nat Rice Seed Center 2,650.9999,340.53098
4.75359,5.834115,2015-03-11,Chai Nat Rice Seed Center 2,114.99999,340.76215
6.685861,5.834316,2015-03-12,Chai Nat Rice Seed Center 2,800.0001,340.83075
6.857514,5.8280454,2015-03-14,Chai Nat Rice Seed Center 2,949.9999,338.69406
5.7430034,5.8327837,2015-03-15,Chai Nat Rice Seed Center 2,311.00006,340.30746
6.1114674,5.829981,2015-03-16,Chai Nat Rice Seed Center 2,450.0,339.35217
5.3565865,5.829442,2015-03-17,Chai Nat Rice Seed Center 2,211.00003,339.16882
5.3033047,5.821338,2015-03-18,Chai Nat Rice Seed Center 2,199.99995,336.42328
4.7957907,5.813967,2015-03-19,Chai Nat Rice Seed Center 2,120.000015,333.9453
5.1119876,5.81452,2015-03-20,Chai Nat Rice Seed Center 2,164.99997,334.13046
5.3752785,5.812504,2015-03-21,Chai Nat Rice Seed Center 2,215.00002,333.4555
4.983607,5.8133674,2015-03-22,Chai Nat Rice Seed Center 2,145.00003,333.74445
5.755742,5.8118873,2015-03-23,Chai Nat Rice Seed Center 2,314.99994,333.24933
5.529429,5.8099265,2015-03-24,Chai Nat Rice Seed Center 2,250.99997,332.5946
4.8675346,5.77933,2015-03-25,Chai Nat Rice Seed Center 2,129.00003,322.54227
6.4800444,5.7966523,2015-03-26,Chai Nat Rice Seed Center 2,650.9999,328.19568
5.963579,5.7759614,2015-03-27,Chai Nat Rice Seed Center 2,387.99994,321.45428
6.43294,5.7976155,2015-03-28,Chai Nat Rice Seed Center 2,620.99994,328.5129
6.2822666,5.80856,2015-03-29,Chai Nat Rice Seed Center 2,533.99994,332.13904
6.5834093,5.8137035,2015-03-30,Chai Nat Rice Seed Center 2,722.00006,333.857
6.2785215,5.8155274,2015-03-31,Chai Nat Rice Seed Center 2,532.00006,334.4683
6.1136823,5.8146195,2015-04-01,Chai Nat Rice Seed Center 2,451.00003,334.16385
6.3664703,5.812643,2015-04-02,Chai Nat Rice Seed Center 2,580.99994,333.50208
5.3752785,5.8125925,2015-04-03,Chai Nat Rice Seed Center 2,215.00002,333.48517
4.836282,5.8162785,2015-04-06,Chai Nat Rice Seed Center 2,124.999985,334.72034
5.062595,5.805908,2015-04-08,Chai Nat Rice Seed Center 2,156.99997,331.2568
4.804021,5.7938094,2015-04-20,Chai Nat Rice Seed Center 2,120.99998,327.2611
4.8121843,5.7203827,2015-06-11,Chai Nat Rice Seed Center 2,122.0,304.02164
6.1114674,5.6880555,2015-08-01,Chai Nat Rice Seed Center 2,450.0,294.31882
5.8636312,5.6861587,2015-08-02,Chai Nat Rice Seed Center 2,351.00003,293.75916
6.437752,5.6807613,2015-08-03,Chai Nat Rice Seed Center 2,624.00006,292.17255
5.5012584,5.683911,2015-08-04,Chai Nat Rice Seed Center 2,244.00005,293.09735
5.7462034,5.6910763,2015-08-05,Chai Nat Rice Seed Center 2,312.00006,295.21225
5.9939613,5.695511,2015-08-06,Chai Nat Rice Seed Center 2,399.99997,296.52875
5.370638,5.700038,2015-08-07,Chai Nat Rice Seed Center 2,213.99997,297.87875
5.7462034,5.7038207,2015-08-08,Chai Nat Rice Seed Center 2,312.00006,299.01147
5.433722,5.7151775,2015-08-09,Chai Nat Rice Seed Center 2,228.0,302.43808
5.2311087,5.713377,2015-08-10,Chai Nat Rice Seed Center 2,186.0,301.8922
6.2785215,5.7106657,2015-08-11,Chai Nat Rice Seed Center 2,532.00006,301.07208
5.872118,5.7110124,2015-08-12,Chai Nat Rice Seed Center 2,354.00006,301.17682
6.43294,5.707061,2015-08-13,Chai Nat Rice Seed Center 2,620.99994,299.9851
6.58755,5.7040358,2015-08-14,Chai Nat Rice Seed Center 2,725.0001,299.076
6.4861608,5.706714,2015-08-15,Chai Nat Rice Seed Center 2,655.0,299.8808
5.866468,5.7060337,2015-08-16,Chai Nat Rice Seed Center 2,351.99997,299.67615
5.5373344,5.7077446,2015-08-17,Chai Nat Rice Seed Center 2,253.00005,300.19098
5.4595857,5.7050667,2015-08-18,Chai Nat Rice Seed Center 2,234.00003,299.3855
5.3565865,5.7078133,2015-08-19,Chai Nat Rice Seed Center 2,211.00003,300.21167
6.0210233,5.7094145,2015-08-20,Chai Nat Rice Seed Center 2,410.99997,300.69437
6.261492,5.708529,2015-08-21,Chai Nat Rice Seed Center 2,523.00006,300.42734
6.025866,5.711294,2015-08-22,Chai Nat Rice Seed Center 2,413.00003,301.262
5.4553213,5.707565,2015-08-23,Chai Nat Rice Seed Center 2,233.00005,300.13684
5.7838254,5.706168,2015-08-24,Chai Nat Rice Seed Center 2,324.00006,299.71655
6.437752,5.708411,2015-08-25,Chai Nat Rice Seed Center 2,624.00006,300.39185
5.420535,5.7036686,2015-08-26,Chai Nat Rice Seed Center 2,225.00002,298.96585
6.0776424,5.703932,2015-08-27,Chai Nat Rice Seed Center 2,435.0001,299.0448
5.1059456,5.7033734,2015-08-28,Chai Nat Rice Seed Center 2,164.00002,298.87732
5.7462034,5.7007394,2015-08-29,Chai Nat Rice Seed Center 2,312.00006,298.08847
4.744932,5.700272,2015-08-30,Chai Nat Rice Seed Center 2,114.00001,297.94873
5.0689044,5.6987066,2015-08-31,Chai Nat Rice Seed Center 2,158.00003,297.4811
6.4861608,5.6972146,2015-09-01,Chai Nat Rice Seed Center 2,655.0,297.0361
5.866468,5.6998315,2015-09-02,Chai Nat Rice Seed Center 2,351.99997,297.81705
5.5373344,5.7002215,2015-09-03,Chai Nat Rice Seed Center 2,253.00005,297.93362
4.8121843,5.706835,2015-09-04,Chai Nat Rice Seed Center 2,122.0,299.91708
5.370638,5.7054377,2015-09-05,Chai Nat Rice Seed Center 2,213.99997,299.49698
5.1817837,5.705803,2015-09-07,Chai Nat Rice Seed Center 2,177.00003,299.60675
5.5412636,5.7050533,2015-09-08,Chai Nat Rice Seed Center 2,254.00002,299.3815
5.7745514,5.7154665,2015-09-09,Chai Nat Rice Seed Center 2,320.99994,302.52576
8.307213,5.724506,2015-09-18,Chai Nat Rice Seed Center 2,4052.0007,305.2819
4.6634393,5.7521114,2015-09-27,Chai Nat Rice Seed Center 2,105.000015,313.85477
4.912655,5.7455463,2015-09-28,Chai Nat Rice Seed Center 2,135.0,311.79446
4.8751974,5.7470756,2015-09-29,Chai Nat Rice Seed Center 2,130.00002,312.27316
4.6634393,5.7504015,2015-10-05,Chai Nat Rice Seed Center 2,105.000015,313.31683
4.912655,5.7509165,2015-10-06,Chai Nat Rice Seed Center 2,135.0,313.47873
4.8751974,5.7565613,2015-10-07,Chai Nat Rice Seed Center 2,130.00002,315.25894
4.836282,5.757728,2015-10-08,Chai Nat Rice Seed Center 2,124.999985,315.62817
5.370638,5.759511,2015-10-09,Chai Nat Rice Seed Center 2,213.99997,316.19318
5.7745514,5.7650294,2015-10-10,Chai Nat Rice Seed Center 2,320.99994,317.94843
5.4026775,5.767026,2015-10-11,Chai Nat Rice Seed Center 2,221.00003,318.58585
4.912655,5.771094,2015-10-12,Chai Nat Rice Seed Center 2,135.0,319.88855
4.9767337,5.7667193,2015-10-13,Chai Nat Rice Seed Center 2,144.0,318.48788
4.8202815,5.765137,2015-10-14,Chai Nat Rice Seed Center 2,122.99999,317.9828
5.4553213,5.770048,2015-10-15,Chai Nat Rice Seed Center 2,233.00005,319.55316
4.983607,5.7719173,2015-10-16,Chai Nat Rice Seed Center 2,145.00003,320.1529
5.880533,5.767818,2015-10-31,Chai Nat Rice Seed Center 2,357.0001,318.83908
5.9687076,5.7644243,2015-11-01,Chai Nat Rice Seed Center 2,390.0,317.7555
5.5412636,5.7640667,2015-11-02,Chai Nat Rice Seed Center 2,254.00002,317.6415
5.916202,5.7631617,2015-11-03,Chai Nat Rice Seed Center 2,370.0,317.35327
5.8607864,5.7670045,2015-11-04,Chai Nat Rice Seed Center 2,350.00006,318.57898
5.5412636,5.7706857,2015-11-05,Chai Nat Rice Seed Center 2,254.00002,319.7576
5.817111,5.770061,2015-11-06,Chai Nat Rice Seed Center 2,334.99994,319.55728
6.0544395,5.7683277,2015-11-07,Chai Nat Rice Seed Center 2,425.0001,319.00214
6.300786,5.768328,2015-11-08,Chai Nat Rice Seed Center 2,544.0001,319.00232
5.549076,5.774,2015-11-09,Chai Nat Rice Seed Center 2,256.0,320.8225
5.488938,5.7765346,2015-11-10,Chai Nat Rice Seed Center 2,241.00003,321.63916
4.727388,5.7782326,2015-11-11,Chai Nat Rice Seed Center 2,112.00001,322.18747
4.9904327,5.780318,2015-11-12,Chai Nat Rice Seed Center 2,146.00003,322.8621
4.828314,5.780238,2015-11-13,Chai Nat Rice Seed Center 2,124.00001,322.8363
6.297109,5.7792635,2015-11-14,Chai Nat Rice Seed Center 2,541.9999,322.5208
4.727388,5.784822,2015-11-15,Chai Nat Rice Seed Center 2,112.00001,324.32413
5.3752785,5.789434,2015-11-16,Chai Nat Rice Seed Center 2,215.00002,325.82797
5.043425,5.795699,2015-11-17,Chai Nat Rice Seed Center 2,154.0,327.88202
5.5412636,5.7982945,2015-11-18,Chai Nat Rice Seed Center 2,254.00002,328.73672
4.828314,5.798902,2015-11-19,Chai Nat Rice Seed Center 2,124.00001,328.9371
4.912655,5.800463,2015-12-01,Chai Nat Rice Seed Center 2,135.0,329.45258
4.8751974,5.800119,2015-12-02,Chai Nat Rice Seed Center 2,130.00002,329.33884
5.888878,5.7984915,2015-12-03,Chai Nat Rice Seed Center 2,359.99997,328.80167
4.836282,5.792984,2015-12-04,Chai Nat Rice Seed Center 2,124.999985,326.9903
5.3752785,5.7956214,2015-12-05,Chai Nat Rice Seed Center 2,215.00002,327.85648
5.7745514,5.795026,2015-12-06,Chai Nat Rice Seed Center 2,320.99994,327.66068
6.2576675,5.7948136,2015-12-07,Chai Nat Rice Seed Center 2,521.0,327.59094
6.0450053,5.7942514,2015-12-08,Chai Nat Rice Seed Center 2,421.0,327.40625
5.786897,5.797289,2015-12-09,Chai Nat Rice Seed Center 2,324.99994,328.4053
5.198497,5.805588,2015-12-10,Chai Nat Rice Seed Center 2,179.99997,331.15036
5.26269,5.812713,2015-12-11,Chai Nat Rice Seed Center 2,191.99997,333.5255
5.7776523,5.8189945,2015-12-12,Chai Nat Rice Seed Center 2,322.0,335.63342
5.4161005,5.8196383,2015-12-13,Chai Nat Rice Seed Center 2,224.00003,335.85016
4.983607,5.8148055,2015-12-14,Chai Nat Rice Seed Center 2,145.00003,334.2262
4.8202815,5.8124504,2015-12-15,Chai Nat Rice Seed Center 2,122.99999,333.43762
5.3752785,5.8119416,2015-12-16,Chai Nat Rice Seed Center 2,215.00002,333.26752
5.786897,5.8141317,2015-12-17,Chai Nat Rice Seed Center 2,324.99994,334.0004
5.583496,5.809558,2015-12-18,Chai Nat Rice Seed Center 2,264.99994,332.47168
6.0306854,5.8100343,2015-12-19,Chai Nat Rice Seed Center 2,415.00006,332.63055
5.786897,5.817295,2015-12-20,Chai Nat Rice Seed Center 2,324.99994,335.0618
6.4504704,5.816207,2015-12-21,Chai Nat Rice Seed Center 2,632.0,334.69632
4.962845,5.8178873,2015-12-22,Chai Nat Rice Seed Center 2,142.00003,335.2609
5.5373344,5.817367,2015-12-23,Chai Nat Rice Seed Center 2,253.00005,335.086
5.370638,5.8083053,2015-12-24,Chai Nat Rice Seed Center 2,213.99997,332.0542
5.7745514,5.810793,2015-12-25,Chai Nat Rice Seed Center 2,320.99994,332.88376
6.240276,5.8073554,2015-12-26,Chai Nat Rice Seed Center 2,512.0,331.738
4.727388,5.8075604,2015-12-27,Chai Nat Rice Seed Center 2,112.00001,331.80624
4.744932,5.8083787,2015-12-28,Chai Nat Rice Seed Center 2,114.00001,332.07867
6.4504704,5.805528,2015-12-29,Chai Nat Rice Seed Center 2,632.0,331.13055
5.3752785,5.813976,2015-12-30,Chai Nat Rice Seed Center 2,215.00002,333.94818
5.786897,5.8138676,2015-12-31,Chai Nat Rice Seed Center 2,324.99994,333.91193
5.4553213,5.8205023,2016-01-01,Chai Nat Rice Seed Center 2,233.00005,336.14136
5.3752785,5.822242,2016-01-02,Chai Nat Rice Seed Center 2,215.00002,336.72833
5.5412636,5.8206716,2016-01-03,Chai Nat Rice Seed Center 2,254.00002,336.19843
5.46806,5.824682,2016-01-04,Chai Nat Rice Seed Center 2,235.99997,337.55353
5.549076,5.8200417,2016-01-05,Chai Nat Rice Seed Center 2,256.0,335.98608
6.0234475,5.821013,2016-01-06,Chai Nat Rice Seed Center 2,411.99997,336.31357
5.7745514,5.8194933,2016-01-07,Chai Nat Rice Seed Center 2,320.99994,335.80136
4.836282,5.811823,2016-01-08,Chai Nat Rice Seed Center 2,124.999985,333.22784
5.4467373,5.8191967,2016-01-09,Chai Nat Rice Seed Center 2,230.99998,335.70148
5.420535,5.8127675,2016-01-10,Chai Nat Rice Seed Center 2,225.00002,333.5437
4.787492,5.812621,2016-01-11,Chai Nat Rice Seed Center 2,119.00001,333.49472
5.365976,5.8125896,2016-01-12,Chai Nat Rice Seed Center 2,212.99997,333.4842
6.2576675,5.8086777,2016-01-13,Chai Nat Rice Seed Center 2,521.0,332.17825
6.0210233,5.8042126,2016-01-14,Chai Nat Rice Seed Center 2,410.99997,330.6939
5.370638,5.814154,2016-01-15,Chai Nat Rice Seed Center 2,213.99997,334.0079
5.4553213,5.8147373,2016-01-16,Chai Nat Rice Seed Center 2,233.00005,334.20334
4.983607,5.8207955,2016-01-17,Chai Nat Rice Seed Center 2,145.00003,336.24023
5.030438,5.8166533,2016-01-18,Chai Nat Rice Seed Center 2,152.0,334.8462
5.786897,5.814841,2016-01-19,Chai Nat Rice Seed Center 2,324.99994,334.23804
6.0234475,5.821958,2016-01-20,Chai Nat Rice Seed Center 2,411.99997,336.6325
6.2576675,5.823521,2016-01-21,Chai Nat Rice Seed Center 2,521.0,337.16068
6.0544395,5.8289533,2016-01-22,Chai Nat Rice Seed Center 2,425.0001,339.0026
5.786897,5.829504,2016-01-23,Chai Nat Rice Seed Center 2,324.99994,339.1899
5.3752785,5.826369,2016-01-24,Chai Nat Rice Seed Center 2,215.00002,338.125
5.9053617,5.83106,2016-01-25,Chai Nat Rice Seed Center 2,365.99994,339.71964
6.1290503,5.8337884,2016-01-26,Chai Nat Rice Seed Center 2,458.00003,340.65054
4.836282,5.838258,2016-01-27,Chai Nat Rice Seed Center 2,124.999985,342.1809
5.556828,5.8364263,2016-01-28,Chai Nat Rice Seed Center 2,258.0,341.55295
5.786897,5.8367333,2016-01-29,Chai Nat Rice Seed Center 2,324.99994,341.65817
5.293305,5.8402677,2016-01-30,Chai Nat Rice Seed Center 2,198.00002,342.87137
6.0544395,5.8274436,2016-02-01,Chai Nat Rice Seed Center 2,425.0001,338.4897
4.836282,5.813929,2016-02-02,Chai Nat Rice Seed Center 2,124.999985,333.93253
5.3752785,5.8109865,2016-02-03,Chai Nat Rice Seed Center 2,215.00002,332.94843
4.836282,5.81834,2016-02-04,Chai Nat Rice Seed Center 2,124.999985,335.4131
5.786897,5.8211303,2016-02-05,Chai Nat Rice Seed Center 2,324.99994,336.35315
5.293305,5.831307,2016-02-06,Chai Nat Rice Seed Center 2,198.00002,339.8038
4.8520303,5.8302197,2016-02-08,Chai Nat Rice Seed Center 2,127.0,339.43347
5.236442,5.8351045,2016-02-09,Chai Nat Rice Seed Center 2,187.00003,341.10046
5.17615,5.8261185,2016-02-10,Chai Nat Rice Seed Center 2,176.00002,338.04013
5.888878,5.7977614,2016-02-14,Chai Nat Rice Seed Center 2,359.99997,328.56097
4.8751974,5.7855825,2016-02-16,Chai Nat Rice Seed Center 2,130.00002,324.57166
5.934894,5.7931886,2016-02-19,Chai Nat Rice Seed Center 2,376.99994,327.0574
5.771441,5.807983,2016-02-20,Chai Nat Rice Seed Center 2,319.99994,331.94687
5.620401,5.813432,2016-02-21,Chai Nat Rice Seed Center 2,275.0,333.76614
4.8520303,5.821256,2016-02-22,Chai Nat Rice Seed Center 2,127.0,336.39563
5.786897,5.820748,2016-02-23,Chai Nat Rice Seed Center 2,324.99994,336.22415
5.293305,5.816052,2016-02-24,Chai Nat Rice Seed Center 2,198.00002,334.6443
5.786897,5.8206058,2016-02-25,Chai Nat Rice Seed Center 2,324.99994,336.17624
5.293305,5.818585,2016-02-26,Chai Nat Rice Seed Center 2,198.00002,335.49554
4.8520303,5.8195252,2016-02-28,Chai Nat Rice Seed Center 2,127.0,335.8121
5.236442,5.818143,2016-02-29,Chai Nat Rice Seed Center 2,187.00003,335.34683
4.836282,5.8247104,2016-03-01,Chai Nat Rice Seed Center 2,124.999985,337.56305
5.605802,5.824487,2016-03-02,Chai Nat Rice Seed Center 2,271.0,337.48752
5.963579,5.8198385,2016-03-03,Chai Nat Rice Seed Center 2,387.99994,335.91766
5.620401,5.79858,2016-03-08,Chai Nat Rice Seed Center 2,275.0,328.83093
4.8520303,5.785772,2016-03-09,Chai Nat Rice Seed Center 2,127.0,324.6333
4.8520303,5.792762,2016-03-13,Chai Nat Rice Seed Center 2,127.0,326.91742
5.236442,5.7920446,2016-03-14,Chai Nat Rice Seed Center 2,187.00003,326.68234
5.17615,5.799955,2016-03-15,Chai Nat Rice Seed Center 2,176.00002,329.28467
5.293305,5.8023453,2016-03-16,Chai Nat Rice Seed Center 2,198.00002,330.0751
4.6634393,5.8088226,2016-03-18,Chai Nat Rice Seed Center 2,105.000015,332.22656
5.3565865,5.806448,2016-03-19,Chai Nat Rice Seed Center 2,211.00003,331.43622
4.912655,5.804204,2016-03-23,Chai Nat Rice Seed Center 2,135.0,330.69104
5.0369525,5.797437,2016-04-04,Chai Nat Rice Seed Center 2,152.99998,328.45416
5.293305,5.7966475,2016-04-05,Chai Nat Rice Seed Center 2,198.00002,328.1941
4.8520303,5.803822,2016-04-07,Chai Nat Rice Seed Center 2,127.0,330.5644
5.236442,5.801963,2016-04-08,Chai Nat Rice Seed Center 2,187.00003,329.94852
5.17615,5.7994876,2016-04-09,Chai Nat Rice Seed Center 2,176.00002,329.13037
5.0238805,5.773326,2016-04-20,Chai Nat Rice Seed Center 2,151.0,320.6056
5.293305,5.7681665,2016-04-21,Chai Nat Rice Seed Center 2,198.00002,318.95056
4.65396,5.7687073,2016-04-23,Chai Nat Rice Seed Center 2,103.999985,319.12363
5.236442,5.767128,2016-04-24,Chai Nat Rice Seed Center 2,187.00003,318.61847
5.351858,5.774162,2016-04-25,Chai Nat Rice Seed Center 2,210.0,320.87454
5.379897,5.7715096,2016-04-26,Chai Nat Rice Seed Center 2,215.99995,320.022
4.828314,5.7557383,2016-04-29,Chai Nat Rice Seed Center 2,124.00001,314.99875
4.836282,5.7481093,2016-05-15,Chai Nat Rice Seed Center 2,124.999985,312.5972
5.351858,5.747682,2016-05-16,Chai Nat Rice Seed Center 2,210.0,312.46326
4.9904327,5.7449155,2016-05-17,Chai Nat Rice Seed Center 2,146.00003,311.5972
4.727388,5.743918,2016-05-18,Chai Nat Rice Seed Center 2,112.00001,311.28552
4.836282,5.739986,2016-05-19,Chai Nat Rice Seed Center 2,124.999985,310.06003
4.836282,5.730678,2016-06-10,Chai Nat Rice Seed Center 2,124.999985,307.17816
6.1136823,5.7262383,2016-06-14,Chai Nat Rice Seed Center 2,451.00003,305.81293
6.3664703,5.726604,2016-06-15,Chai Nat Rice Seed Center 2,580.99994,305.92517
5.3752785,5.7057033,2016-06-18,Chai Nat Rice Seed Center 2,215.00002,299.57678
6.4393506,5.726264,2016-07-07,Chai Nat Rice Seed Center 2,625.0001,305.82083
6.261492,5.7261868,2016-07-08,Chai Nat Rice Seed Center 2,523.00006,305.79715
5.8636312,5.72247,2016-07-09,Chai Nat Rice Seed Center 2,351.00003,304.6589
5.9053617,5.725831,2016-07-10,Chai Nat Rice Seed Center 2,365.99994,305.68802
6.6240654,5.7212577,2016-07-11,Chai Nat Rice Seed Center 2,752.0001,304.28864
5.8777356,5.6932206,2016-07-12,Chai Nat Rice Seed Center 2,355.99994,295.8481
6.1290503,5.644668,2016-07-13,Chai Nat Rice Seed Center 2,458.00003,281.7797
6.285998,5.65207,2016-07-14,Chai Nat Rice Seed Center 2,535.9999,283.88058
6.0306854,5.6460915,2016-07-15,Chai Nat Rice Seed Center 2,415.00006,282.18246
5.786897,5.6786065,2016-07-16,Chai Nat Rice Seed Center 2,324.99994,291.5415
6.7511015,5.6926885,2016-07-17,Chai Nat Rice Seed Center 2,854.0,295.6902
6.4504704,5.6476502,2016-07-18,Chai Nat Rice Seed Center 2,632.0,282.62424
6.0234475,5.60987,2016-07-19,Chai Nat Rice Seed Center 2,411.99997,272.1087
5.46806,5.5690556,2016-07-20,Chai Nat Rice Seed Center 2,235.99997,261.18637
6.261492,5.525143,2016-07-21,Chai Nat Rice Seed Center 2,523.00006,249.92226
6.0234475,5.571951,2016-07-22,Chai Nat Rice Seed Center 2,411.99997,261.9466
5.786897,5.5588155,2016-07-23,Chai Nat Rice Seed Center 2,324.99994,258.51526
5.786897,5.6236277,2016-07-24,Chai Nat Rice Seed Center 2,324.99994,275.89203
6.0497336,5.639791,2016-07-25,Chai Nat Rice Seed Center 2,423.00006,280.4039
6.2576675,5.666465,2016-07-26,Chai Nat Rice Seed Center 2,521.0,288.01102
6.0210233,5.6893477,2016-07-27,Chai Nat Rice Seed Center 2,410.99997,294.70068
5.46806,5.702348,2016-07-28,Chai Nat Rice Seed Center 2,235.99997,298.57004
5.786897,5.7049637,2016-07-29,Chai Nat Rice Seed Center 2,324.99994,299.35458
6.115892,5.718958,2016-07-30,Chai Nat Rice Seed Center 2,451.9999,303.58734
6.2989492,5.720742,2016-07-31,Chai Nat Rice Seed Center 2,543.0,304.13132
6.115892,5.7229996,2016-08-01,Chai Nat Rice Seed Center 2,451.9999,304.8209
5.8777356,5.7148023,2016-08-02,Chai Nat Rice Seed Center 2,355.99994,302.32422
6.315358,5.708838,2016-08-03,Chai Nat Rice Seed Center 2,552.00006,300.5205
6.0234475,5.7102294,2016-08-04,Chai Nat Rice Seed Center 2,411.99997,300.9403
6.452049,5.70474,2016-08-05,Chai Nat Rice Seed Center 2,632.9999,299.2874
6.1717005,5.703113,2016-08-06,Chai Nat Rice Seed Center 2,477.99994,298.79926
6.7511015,5.696416,2016-08-07,Chai Nat Rice Seed Center 2,854.0,296.79816
5.549076,5.693331,2016-08-08,Chai Nat Rice Seed Center 2,256.0,295.88083
6.4846354,5.701515,2016-08-09,Chai Nat Rice Seed Center 2,654.00006,298.3206
6.1114674,5.7043195,2016-08-10,Chai Nat Rice Seed Center 2,450.0,299.16113
5.8777356,5.7007813,2016-08-11,Chai Nat Rice Seed Center 2,355.99994,298.101
6.261492,5.704312,2016-08-12,Chai Nat Rice Seed Center 2,523.00006,299.15884
5.5373344,5.703777,2016-08-13,Chai Nat Rice Seed Center 2,253.00005,298.99832
6.0306854,5.6988397,2016-08-14,Chai Nat Rice Seed Center 2,415.00006,297.5208
6.4504704,5.705386,2016-08-15,Chai Nat Rice Seed Center 2,632.0,299.4815
5.8777356,5.7008557,2016-08-16,Chai Nat Rice Seed Center 2,355.99994,298.12326
6.464588,5.702704,2016-08-17,Chai Nat Rice Seed Center 2,640.9999,298.6766
6.4907236,5.703002,2016-08-18,Chai Nat Rice Seed Center 2,658.00006,298.76593
6.4393506,5.7013946,2016-08-19,Chai Nat Rice Seed Center 2,625.0001,298.2845
5.786897,5.7021327,2016-08-20,Chai Nat Rice Seed Center 2,324.99994,298.5055
6.0306854,5.702115,2016-08-21,Chai Nat Rice Seed Center 2,415.00006,298.50018
6.1246834,5.701929,2016-08-22,Chai Nat Rice Seed Center 2,456.0,298.4445
6.2595816,5.7007484,2016-08-23,Chai Nat Rice Seed Center 2,522.00006,298.0912
6.4846354,5.7116003,2016-08-24,Chai Nat Rice Seed Center 2,654.00006,301.35455
5.5053315,5.712437,2016-08-25,Chai Nat Rice Seed Center 2,245.0,301.60767
6.4861608,5.7148194,2016-09-01,Chai Nat Rice Seed Center 2,655.0,302.32944
5.866468,5.711432,2016-09-02,Chai Nat Rice Seed Center 2,351.99997,301.30365
5.5373344,5.711763,2016-09-03,Chai Nat Rice Seed Center 2,253.00005,301.40372
6.244167,5.7196317,2016-09-04,Chai Nat Rice Seed Center 2,514.0,303.79263
5.370638,5.721554,2016-09-05,Chai Nat Rice Seed Center 2,213.99997,304.37906
5.5053315,5.726953,2016-09-06,Chai Nat Rice Seed Center 2,245.0,306.03232
5.8777356,5.7217283,2016-09-07,Chai Nat Rice Seed Center 2,355.99994,304.43234
6.6093493,5.7195325,2016-09-08,Chai Nat Rice Seed Center 2,741.0,303.76242
6.336826,5.723708,2016-09-09,Chai Nat Rice Seed Center 2,564.00006,305.03766
6.4800444,5.7233863,2016-09-10,Chai Nat Rice Seed Center 2,650.9999,304.93918
6.297109,5.722073,2016-09-11,Chai Nat Rice Seed Center 2,541.9999,304.53766
6.610696,5.721157,2016-09-12,Chai Nat Rice Seed Center 2,741.9999,304.25793
6.3350544,5.7193093,2016-09-13,Chai Nat Rice Seed Center 2,563.00006,303.6944
6.7357802,5.721593,2016-09-14,Chai Nat Rice Seed Center 2,841.0002,304.391
6.3207684,5.7225976,2016-09-15,Chai Nat Rice Seed Center 2,555.00006,304.69797
6.297109,5.7225184,2016-09-16,Chai Nat Rice Seed Center 2,541.9999,304.67377
6.4846354,5.719978,2016-09-17,Chai Nat Rice Seed Center 2,654.00006,303.89816
6.3350544,5.722824,2016-09-18,Chai Nat Rice Seed Center 2,563.00006,304.7672
5.5412636,5.726386,2016-09-19,Chai Nat Rice Seed Center 2,254.00002,305.8583
6.0544395,5.7335267,2016-09-20,Chai Nat Rice Seed Center 2,425.0001,308.0573
6.3044486,5.7344437,2016-09-21,Chai Nat Rice Seed Center 2,545.9999,308.34082
5.7838254,5.738677,2016-09-22,Chai Nat Rice Seed Center 2,324.00006,309.65314
5.549076,5.735577,2016-09-23,Chai Nat Rice Seed Center 2,256.0,308.69165
6.285998,5.737083,2016-09-24,Chai Nat Rice Seed Center 2,535.9999,309.15836
6.5736804,5.744745,2016-09-25,Chai Nat Rice Seed Center 2,715.0002,311.54385
5.549076,5.7457614,2016-09-26,Chai Nat Rice Seed Center 2,256.0,311.86176
6.7511015,5.7554183,2016-09-27,Chai Nat Rice Seed Center 2,854.0,314.89764
6.3062754,5.75296,2016-09-28,Chai Nat Rice Seed Center 2,547.00006,314.1221
5.902633,5.7701106,2016-09-29,Chai Nat Rice Seed Center 2,364.99994,319.57318
6.3332796,5.770078,2016-09-30,Chai Nat Rice Seed Center 2,562.0,319.5628
4.6634393,5.7887597,2016-10-06,Chai Nat Rice Seed Center 2,105.000015,325.60767
5.3565865,5.77878,2016-10-07,Chai Nat Rice Seed Center 2,211.00003,322.36444
4.912655,5.7709312,2016-10-08,Chai Nat Rice Seed Center 2,135.0,319.83636
4.8751974,5.7715187,2016-10-09,Chai Nat Rice Seed Center 2,130.00002,320.0249
4.6634393,5.777806,2016-10-10,Chai Nat Rice Seed Center 2,105.000015,322.04956
5.3565865,5.7793245,2016-10-11,Chai Nat Rice Seed Center 2,211.00003,322.5406
5.888878,5.7790794,2016-10-12,Chai Nat Rice Seed Center 2,359.99997,322.4613
5.1474943,5.780103,2016-10-13,Chai Nat Rice Seed Center 2,170.99997,322.7926
4.8121843,5.7816763,2016-10-14,Chai Nat Rice Seed Center 2,122.0,323.30237
4.7095304,5.787266,2016-10-15,Chai Nat Rice Seed Center 2,110.000015,325.12012
4.905275,5.784956,2016-10-16,Chai Nat Rice Seed Center 2,134.00002,324.3677
5.0172796,5.7856793,2016-10-17,Chai Nat Rice Seed Center 2,149.99997,324.60315
4.7004805,5.781168,2016-10-18,Chai Nat Rice Seed Center 2,109.000015,323.13757
5.6937323,5.774737,2016-10-19,Chai Nat Rice Seed Center 2,296.00003,321.0597
4.9272537,5.7715144,2016-10-20,Chai Nat Rice Seed Center 2,137.0,320.02353
4.7361984,5.769994,2016-10-22,Chai Nat Rice Seed Center 2,113.0,319.53574
4.6634393,5.76791,2016-10-23,Chai Nat Rice Seed Center 2,105.000015,318.8685
4.744932,5.7763634,2016-10-25,Chai Nat Rice Seed Center 2,114.00001,321.58392
4.6634393,5.784918,2016-10-26,Chai Nat Rice Seed Center 2,105.000015,324.3553
5.4026775,5.7849865,2016-10-27,Chai Nat Rice Seed Center 2,221.00003,324.37766
5.075174,5.778537,2016-10-28,Chai Nat Rice Seed Center 2,159.0,322.28583
5.17615,5.7773333,2016-10-29,Chai Nat Rice Seed Center 2,176.00002,321.89697
5.327876,5.7765303,2016-10-30,Chai Nat Rice Seed Center 2,204.99998,321.6378
5.379897,5.776066,2016-10-31,Chai Nat Rice Seed Center 2,215.99995,321.48798
6.89467,5.7730327,2016-11-01,Chai Nat Rice Seed Center 2,986.0,320.5113
7.115582,5.770052,2016-11-02,Chai Nat Rice Seed Center 2,1229.9999,319.55438
6.809039,5.7701364,2016-11-03,Chai Nat Rice Seed Center 2,904.9998,319.58145
6.9555926,5.777035,2016-11-04,Chai Nat Rice Seed Center 2,1048.0,321.80075
7.229114,5.7783046,2016-11-05,Chai Nat Rice Seed Center 2,1378.0002,322.21075
7.044033,5.7805467,2016-11-06,Chai Nat Rice Seed Center 2,1145.0001,322.93622
6.8875527,5.7816358,2016-11-07,Chai Nat Rice Seed Center 2,979.0002,323.2892
6.2989492,5.7819495,2016-11-08,Chai Nat Rice Seed Center 2,543.0,323.391
6.3456364,5.7869024,2016-11-09,Chai Nat Rice Seed Center 2,569.0,325.00165
6.5496507,5.788268,2016-11-10,Chai Nat Rice Seed Center 2,697.99994,325.44714
5.872118,5.784431,2016-11-11,Chai Nat Rice Seed Center 2,354.00006,324.19696
6.6147256,5.785453,2016-11-12,Chai Nat Rice Seed Center 2,745.0,324.52942
6.3350544,5.782766,2016-11-13,Chai Nat Rice Seed Center 2,563.00006,323.6559
6.3801227,5.780035,2016-11-14,Chai Nat Rice Seed Center 2,589.00006,322.77054
6.872128,5.789501,2016-11-15,Chai Nat Rice Seed Center 2,963.99994,325.84995
6.126869,5.7927957,2016-11-16,Chai Nat Rice Seed Center 2,457.0,326.92853
6.616065,5.801528,2016-11-17,Chai Nat Rice Seed Center 2,745.9999,329.80463
6.297109,5.7984595,2016-11-18,Chai Nat Rice Seed Center 2,541.9999,328.79114
6.823286,5.7977157,2016-11-19,Chai Nat Rice Seed Center 2,917.99994,328.5459
6.4831076,5.799109,2016-11-20,Chai Nat Rice Seed Center 2,653.0001,329.00537
6.784457,5.799259,2016-11-21,Chai Nat Rice Seed Center 2,883.0001,329.05496
6.1484685,5.7976356,2016-11-22,Chai Nat Rice Seed Center 2,467.0001,328.5195
6.375025,5.7930694,2016-11-23,Chai Nat Rice Seed Center 2,586.0,327.01828
6.200509,5.7871933,2016-11-24,Chai Nat Rice Seed Center 2,491.99994,325.0965
6.529419,5.7875824,2016-11-25,Chai Nat Rice Seed Center 2,684.00006,325.2234
6.641182,5.785567,2016-11-26,Chai Nat Rice Seed Center 2,764.9998,324.56653
6.3456364,5.7878466,2016-11-27,Chai Nat Rice Seed Center 2,569.0,325.30957
5.988961,5.787281,2016-11-28,Chai Nat Rice Seed Center 2,397.99994,325.1251
6.6489844,5.7844853,2016-11-29,Chai Nat Rice Seed Center 2,770.9999,324.21463
6.542472,5.7841043,2016-11-30,Chai Nat Rice Seed Center 2,692.99994,324.09076
6.1800165,5.7906785,2016-12-01,Chai Nat Rice Seed Center 2,481.99994,326.235
5.9322453,5.7938757,2016-12-02,Chai Nat Rice Seed Center 2,376.00003,327.2829
6.1984787,5.794564,2016-12-03,Chai Nat Rice Seed Center 2,491.0,327.50885
5.7430034,5.792361,2016-12-04,Chai Nat Rice Seed Center 2,311.00006,326.78595
6.228511,5.7950215,2016-12-05,Chai Nat Rice Seed Center 2,505.99994,327.65927
6.037871,5.7927513,2016-12-06,Chai Nat Rice Seed Center 2,418.0,326.91397
5.8493247,5.791964,2016-12-07,Chai Nat Rice Seed Center 2,345.99997,326.65594
5.5683446,5.7909203,2016-12-08,Chai Nat Rice Seed Center 2,261.00003,326.3141
5.613128,5.790231,2016-12-09,Chai Nat Rice Seed Center 2,273.00003,326.08865
5.7137327,5.7954135,2016-12-10,Chai Nat Rice Seed Center 2,301.99997,327.78812
5.5174527,5.798859,2016-12-11,Chai Nat Rice Seed Center 2,247.99995,328.92294
5.659482,5.7999625,2016-12-12,Chai Nat Rice Seed Center 2,285.99994,329.28717
5.7430034,5.800199,2016-12-13,Chai Nat Rice Seed Center 2,311.00006,329.3653
5.220356,5.796776,2016-12-14,Chai Nat Rice Seed Center 2,184.00003,328.23633
5.056246,5.798691,2016-12-15,Chai Nat Rice Seed Center 2,156.0,328.86743
4.9272537,5.7972746,2016-12-16,Chai Nat Rice Seed Center 2,137.0,328.40057
5.1298985,5.796893,2016-12-17,Chai Nat Rice Seed Center 2,167.99997,328.27496
5.030438,5.7943487,2016-12-18,Chai Nat Rice Seed Center 2,152.0,327.4382
5.2311087,5.789729,2016-12-19,Chai Nat Rice Seed Center 2,186.0,325.92444
5.288267,5.796581,2016-12-20,Chai Nat Rice Seed Center 2,197.00002,328.17212
4.727388,5.797143,2016-12-21,Chai Nat Rice Seed Center 2,112.00001,328.35724
4.9272537,5.807297,2016-12-22,Chai Nat Rice Seed Center 2,137.0,331.71863
4.8441873,5.8007364,2016-12-23,Chai Nat Rice Seed Center 2,126.00002,329.5429
4.6728287,5.798875,2016-12-24,Chai Nat Rice Seed Center 2,105.999985,328.92813
4.8598123,5.8017755,2016-12-26,Chai Nat Rice Seed Center 2,127.999985,329.8865
4.804021,5.8068357,2016-12-27,Chai Nat Rice Seed Center 2,120.99998,331.56512
4.6728287,5.8067346,2016-12-28,Chai Nat Rice Seed Center 2,105.999985,331.5315
5.1416636,5.8244987,2015-02-09,Chai Nat Rice research Center,170.0,337.4914
5.525453,5.8237863,2015-02-10,Chai Nat Rice research Center,250.00003,337.25034
5.220356,5.8171444,2015-02-11,Chai Nat Rice research Center,184.00003,335.01117
4.9972124,5.796953,2015-02-14,Chai Nat Rice research Center,147.00002,328.29474
4.7791233,5.799906,2015-02-15,Chai Nat Rice research Center,117.99998,329.26843
5.26269,5.796758,2015-02-17,Chai Nat Rice research Center,191.99997,328.23053
4.828314,5.808831,2015-02-22,Chai Nat Rice research Center,124.00001,332.22943
5.5174527,5.807315,2015-02-23,Chai Nat Rice research Center,247.99995,331.72452
4.919981,5.8102283,2015-02-24,Chai Nat Rice research Center,136.00002,332.6953
5.030438,5.820197,2015-03-01,Chai Nat Rice research Center,152.0,336.03848
4.7957907,5.828688,2015-03-05,Chai Nat Rice research Center,120.000015,338.91248
6.6933236,5.696557,2015-07-23,Chai Nat Rice research Center,805.99994,296.84018
4.983607,5.698453,2015-07-24,Chai Nat Rice research Center,145.00003,297.4054
6.329721,5.7028203,2015-07-25,Chai Nat Rice research Center,560.00006,298.7115
5.192957,5.700712,2015-08-05,Chai Nat Rice research Center,179.00002,298.08032
5.081404,5.7090373,2015-08-06,Chai Nat Rice research Center,159.99997,300.5806
5.902633,5.7264633,2015-08-09,Chai Nat Rice research Center,364.99994,305.88202
6.985642,5.7168345,2015-08-15,Chai Nat Rice research Center,1080.0001,302.94128
6.232448,5.716663,2015-08-16,Chai Nat Rice research Center,508.00003,302.8891
5.8081427,5.7159066,2015-08-17,Chai Nat Rice research Center,332.00006,302.6594
5.9814143,5.7185426,2015-08-21,Chai Nat Rice research Center,395.00006,303.46088
9.298443,5.716281,2015-08-23,Chai Nat Rice research Center,10920.0,302.77307
7.901377,5.7092557,2015-09-08,Chai Nat Rice research Center,2699.9995,300.64648
7.6014023,5.722422,2015-09-09,Chai Nat Rice research Center,1999.9999,304.64435
4.7957907,5.7766995,2015-11-14,Chai Nat Rice research Center,120.000015,321.69238
5.7071104,5.783948,2015-11-15,Chai Nat Rice research Center,300.00003,324.03992
5.771441,5.789746,2015-11-16,Chai Nat Rice research Center,319.99994,325.9299
5.081404,5.798164,2015-11-17,Chai Nat Rice research Center,159.99997,328.69366
5.484797,5.807167,2015-11-22,Chai Nat Rice research Center,240.00002,331.67535
5.5012584,5.8135777,2015-11-28,Chai Nat Rice research Center,244.00005,333.81482
5.1059456,5.8017445,2015-12-09,Chai Nat Rice research Center,164.00002,329.87625
6.089045,5.7909822,2016-02-18,Chai Nat Rice research Center,440.00006,326.33438
4.804021,5.8284087,2016-02-23,Chai Nat Rice research Center,120.99998,338.8175
5.771441,5.8252635,2016-03-03,Chai Nat Rice research Center,319.99994,337.75037
7.7497535,5.8186393,2016-03-04,Chai Nat Rice research Center,2320.0002,335.51385
5.1474943,5.8094306,2016-03-05,Chai Nat Rice research Center,170.99997,332.4292
4.905275,5.8126926,2016-03-06,Chai Nat Rice research Center,134.00002,333.51865
4.624973,5.7879815,2016-03-10,Chai Nat Rice research Center,101.0,325.3536
5.4510384,5.8124404,2016-03-27,Chai Nat Rice research Center,231.99998,333.43427
4.644391,5.8081174,2016-03-28,Chai Nat Rice research Center,103.000015,331.99164
4.7706847,5.8088083,2016-03-30,Chai Nat Rice research Center,117.000015,332.2218
5.3033047,5.725552,2016-07-11,Chai Nat Rice research Center,199.99995,305.60248
5.480639,5.6970387,2016-07-12,Chai Nat Rice research Center,239.00002,296.98364
5.159055,5.714685,2016-07-29,Chai Nat Rice research Center,172.99998,302.28864
4.7791233,5.729265,2016-07-31,Chai Nat Rice research Center,117.99998,306.74307
6.50279,5.7367654,2016-08-01,Chai Nat Rice research Center,665.99994,309.05988
4.8121843,5.7223325,2016-08-04,Chai Nat Rice research Center,122.0,304.61694
4.7957907,5.716909,2016-08-05,Chai Nat Rice research Center,120.000015,302.9639
5.1059456,5.712563,2016-08-06,Chai Nat Rice research Center,164.00002,301.64575
5.0238805,5.7004347,2016-08-08,Chai Nat Rice research Center,151.0,297.99734
9.413853,5.7067747,2016-08-09,Chai Nat Rice research Center,12256.002,299.89902
6.753438,5.703191,2016-08-11,Chai Nat Rice research Center,856.00006,298.82254
8.705,5.706836,2016-08-13,Chai Nat Rice research Center,6032.0015,299.91754
5.676754,5.709327,2016-08-16,Chai Nat Rice research Center,291.00006,300.66803
5.926926,5.706306,2016-08-19,Chai Nat Rice research Center,374.00006,299.758
5.313206,5.7062535,2016-08-20,Chai Nat Rice research Center,202.00005,299.74225
5.46806,5.7053475,2016-08-21,Chai Nat Rice research Center,235.99997,299.46988
8.315077,5.706553,2016-08-22,Chai Nat Rice research Center,4083.9993,299.8323
5.9427996,5.7033286,2016-08-23,Chai Nat Rice research Center,380.00006,298.86386
7.3323693,5.7181826,2016-08-28,Chai Nat Rice research Center,1528.0002,303.3513
4.94876,5.723886,2016-09-01,Chai Nat Rice research Center,140.00002,305.0921
5.3936276,5.7340918,2016-09-05,Chai Nat Rice research Center,219.00003,308.232
4.905275,5.729381,2016-09-08,Chai Nat Rice research Center,134.00002,306.77872
4.9767337,5.732509,2016-09-18,Chai Nat Rice research Center,144.0,307.74298
6.9536843,5.7785935,2016-11-04,Chai Nat Rice research Center,1046.0001,322.30414
6.2785215,5.7803874,2016-11-05,Chai Nat Rice research Center,532.00006,322.88464
6.5834093,5.7782054,2016-11-06,Chai Nat Rice research Center,722.00006,322.17868
5.214936,5.7872,2016-11-09,Chai Nat Rice research Center,183.0,325.09866
5.4293456,5.7847047,2016-11-11,Chai Nat Rice research Center,227.0,324.28595
4.89784,5.7878065,2016-11-12,Chai Nat Rice research Center,133.00003,325.2965
4.8202815,5.793825,2016-11-15,Chai Nat Rice research Center,122.99999,327.2663
6.5117455,5.796862,2016-11-28,Chai Nat Rice research Center,672.00006,328.26474
4.727388,5.851682,2015-04-08,Chiang Mai Rice research Center,112.00001,346.81897
4.6634393,5.7831736,2016-09-11,Chiangrai Rice research Center,105.000015,323.7883
5.525453,5.789352,2016-09-17,Chiangrai Rice research Center,250.00003,325.80118
4.7184987,5.8043737,2016-09-22,Chiangrai Rice research Center,110.999985,330.74738
4.787492,5.712073,2015-08-07,Khlong Luang Rice research Center,119.00001,301.49744
5.480639,5.7070384,2015-08-08,Khlong Luang Rice research Center,239.00002,299.97836
5.525453,5.716986,2015-08-09,Khlong Luang Rice research Center,250.00003,302.98737
5.198497,5.7129173,2015-08-12,Khlong Luang Rice research Center,179.99997,301.75302
5.669881,5.7081447,2015-08-13,Khlong Luang Rice research Center,289.0,300.31152
5.866468,5.7010703,2015-08-14,Khlong Luang Rice research Center,351.99997,298.18744
5.4424176,5.690081,2015-08-17,Khlong Luang Rice research Center,229.99998,294.91763
5.846439,5.694851,2015-08-19,Khlong Luang Rice research Center,345.00003,296.33246
5.638355,5.7039423,2015-08-23,Khlong Luang Rice research Center,280.00003,299.04794
5.525453,5.6998367,2015-08-24,Khlong Luang Rice research Center,250.00003,297.8186
5.0172796,5.7908797,2015-11-13,Khlong Luang Rice research Center,149.99997,326.30084
5.043425,5.8094587,2015-11-27,Khlong Luang Rice research Center,154.0,332.4386
5.1416636,5.814991,2015-11-28,Khlong Luang Rice research Center,170.0,334.2884
5.0689044,5.803931,2015-11-29,Khlong Luang Rice research Center,158.00003,330.6006
5.1119876,5.806296,2015-11-30,Khlong Luang Rice research Center,164.99997,331.38565
5.1119876,5.8063045,2015-12-01,Khlong Luang Rice research Center,164.99997,331.3885
5.0998664,5.798559,2015-12-02,Khlong Luang Rice research Center,163.0,328.824
5.1532917,5.806401,2015-12-03,Khlong Luang Rice research Center,172.00002,331.42053
4.983607,5.8031535,2015-12-04,Khlong Luang Rice research Center,145.00003,330.3428
5.062595,5.806774,2015-12-05,Khlong Luang Rice research Center,156.99997,331.54465
5.1357985,5.80765,2015-12-06,Khlong Luang Rice research Center,169.0,331.83606
5.0039463,5.804898,2015-12-07,Khlong Luang Rice research Center,148.0,330.92126
5.030438,5.8125043,2015-12-08,Khlong Luang Rice research Center,152.0,333.45566
5.075174,5.813991,2015-12-09,Khlong Luang Rice research Center,159.0,333.95328
4.890349,5.8210225,2015-12-10,Khlong Luang Rice research Center,131.99997,336.31677
5.075174,5.826208,2015-12-11,Khlong Luang Rice research Center,159.0,338.07053
5.0039463,5.8164787,2015-12-12,Khlong Luang Rice research Center,148.0,334.78757
5.030438,5.826335,2015-12-13,Khlong Luang Rice research Center,152.0,338.11353
4.962845,5.820873,2015-12-14,Khlong Luang Rice research Center,142.00003,336.2663
4.836282,5.816723,2015-12-15,Khlong Luang Rice research Center,124.999985,334.86957
4.7184987,5.816606,2015-12-16,Khlong Luang Rice research Center,110.999985,334.83032
4.691348,5.830818,2015-12-22,Khlong Luang Rice research Center,108.00002,339.63727
4.634729,5.816431,2015-12-29,Khlong Luang Rice research Center,101.99999,334.77155
4.8751974,5.8174,2015-12-30,Khlong Luang Rice research Center,130.00002,335.09705
4.7184987,5.8162694,2015-12-31,Khlong Luang Rice research Center,110.999985,334.7173
4.7706847,5.819556,2016-01-01,Khlong Luang Rice research Center,117.000015,335.82254
4.644391,5.830352,2016-01-02,Khlong Luang Rice research Center,103.000015,339.47845
4.6634393,5.832026,2016-01-03,Khlong Luang Rice research Center,105.000015,340.04895
5.278115,5.8290067,2016-01-07,Khlong Luang Rice research Center,195.00003,339.02075
5.214936,5.8228545,2016-01-08,Khlong Luang Rice research Center,183.0,336.9353
4.727388,5.826349,2016-01-09,Khlong Luang Rice research Center,112.00001,338.11823
4.7706847,5.8219166,2016-01-11,Khlong Luang Rice research Center,117.000015,336.6185
5.164786,5.8227053,2016-01-12,Khlong Luang Rice research Center,173.99998,336.8849
5.655992,5.8271394,2016-01-13,Khlong Luang Rice research Center,285.00006,338.3864
5.4930615,5.8300524,2016-01-14,Khlong Luang Rice research Center,242.00003,339.37653
5.7137327,5.839169,2016-01-15,Khlong Luang Rice research Center,301.99997,342.49377
5.5947113,5.8400726,2016-01-16,Khlong Luang Rice research Center,267.99997,342.80432
5.209486,5.835696,2016-01-17,Khlong Luang Rice research Center,181.99997,341.30298
5.043425,5.8443856,2016-01-18,Khlong Luang Rice research Center,154.0,344.29034
6.052089,5.859605,2016-01-29,Khlong Luang Rice research Center,424.0,349.58557
5.7004437,5.8669953,2016-01-30,Khlong Luang Rice research Center,298.00006,352.1862
5.0689044,5.8664675,2016-01-31,Khlong Luang Rice research Center,158.00003,351.9998
5.2311087,5.8578715,2016-02-01,Khlong Luang Rice research Center,186.0,348.97842
5.9375362,5.8436117,2016-02-05,Khlong Luang Rice research Center,378.0,344.02322
8.674368,5.8092017,2016-02-18,Khlong Luang Rice research Center,5850.0,332.3529
4.7706847,5.813413,2016-02-19,Khlong Luang Rice research Center,117.000015,333.75977
5.3375382,5.8391533,2016-02-22,Khlong Luang Rice research Center,207.00003,342.48837
4.8121843,5.848132,2016-02-23,Khlong Luang Rice research Center,122.0,345.5864
7.9813914,5.858967,2016-02-25,Khlong Luang Rice research Center,2924.9995,349.36197
6.7417006,5.8549533,2016-02-26,Khlong Luang Rice research Center,846.0,347.95862
7.344073,5.8565784,2016-02-27,Khlong Luang Rice research Center,1546.0,348.52612
7.4860525,5.8544827,2016-02-28,Khlong Luang Rice research Center,1781.9998,347.7944
4.94876,5.8537,2016-03-01,Khlong Luang Rice research Center,140.00002,347.52158
4.905275,5.7090235,2015-07-08,Lopburi Rice Seed Center,134.00002,300.57642
4.983607,5.7033906,2015-07-11,Lopburi Rice Seed Center,145.00003,298.88245
6.9920964,5.7045546,2015-07-27,Lopburi Rice Seed Center,1087.0,299.23172
4.75359,5.713306,2015-08-17,Lopburi Rice Seed Center,114.99999,301.8707
4.762174,5.710323,2015-08-27,Lopburi Rice Seed Center,116.00002,300.96854
5.0039463,5.7102356,2015-08-28,Lopburi Rice Seed Center,148.0,300.9422
4.634729,5.7134743,2015-09-07,Lopburi Rice Seed Center,101.99999,301.9217
5.1298985,5.711868,2015-09-08,Lopburi Rice Seed Center,167.99997,301.43542
4.8751974,5.813735,2015-03-22,Mae Hong Son Rice research Center,130.00002,333.86752
4.744932,5.825053,2015-03-23,Mae Hong Son Rice research Center,114.00001,337.67914
5.2311087,5.749951,2015-09-23,Mae Hong Son Rice research Center,186.0,313.17523
4.8598123,5.7828746,2015-10-15,Mae Hong Son Rice research Center,127.999985,323.6912
5.062595,5.7384934,2015-09-18,Nakhon Sawan Rice Seed Center,156.99997,309.59613
5.081404,5.741348,2015-09-19,Nakhon Sawan Rice Seed Center,159.99997,310.48395
5.056246,5.750022,2015-09-20,Nakhon Sawan Rice Seed Center,156.0,313.19754
5.075174,5.751455,2015-09-21,Nakhon Sawan Rice Seed Center,159.0,313.64807
6.0450053,5.73106,2016-09-13,Nakhon Sawan Rice Seed Center,421.0,307.2959
4.836282,5.80879,2015-09-19,Nong Khai Rice research Center,124.999985,332.21576
5.1532917,5.8112707,2015-09-20,Nong Khai Rice research Center,172.00002,333.04333
6.475433,5.8077736,2015-09-23,Nong Khai Rice research Center,648.0001,331.8772
6.263398,5.8036165,2015-09-24,Nong Khai Rice research Center,523.99994,330.49628
5.9322453,5.8096976,2015-09-25,Nong Khai Rice research Center,376.00003,332.51825
5.7960577,5.8024116,2015-09-26,Nong Khai Rice research Center,328.0,330.09705
5.351858,5.806368,2015-09-27,Nong Khai Rice research Center,210.0,331.40958
4.744932,5.822861,2015-10-03,Nong Khai Rice research Center,114.00001,336.93756
4.7957907,5.785993,2015-11-04,Pathum Thani Rice research Center,120.000015,324.70532
4.7004805,5.7833066,2015-11-12,Pathum Thani Rice research Center,109.000015,323.8315
5.2257466,5.7008214,2016-08-08,Pathum Thani Rice research Center,185.0,298.11298
6.4002576,5.698184,2016-08-23,Pathum Thani Rice research Center,601.00006,297.32516
5.805135,5.7009916,2016-08-25,Pathum Thani Rice research Center,330.99994,298.1639
5.888878,5.695239,2016-08-29,Pathum Thani Rice research Center,359.99997,296.4479
7.0335064,5.699479,2016-08-30,Pathum Thani Rice research Center,1132.9999,297.71176
5.8777356,5.701815,2016-08-31,Pathum Thani Rice research Center,355.99994,298.41037
7.152269,5.706347,2016-09-01,Pathum Thani Rice research Center,1276.0,299.77032
6.3350544,5.7224417,2016-09-05,Pathum Thani Rice research Center,563.00006,304.6503
4.89784,5.7237854,2016-09-06,Pathum Thani Rice research Center,133.00003,305.0613
6.7007313,5.725134,2016-09-07,Pathum Thani Rice research Center,812.0001,305.4743
6.838405,5.7201223,2016-09-08,Pathum Thani Rice research Center,931.99994,303.94223
6.331502,5.7154117,2016-09-12,Pathum Thani Rice research Center,561.00006,302.50912
5.572154,5.7154875,2016-09-13,Pathum Thani Rice research Center,262.0,302.53214
6.6267176,5.72668,2016-09-14,Pathum Thani Rice research Center,753.9999,305.94846
5.2040067,5.725009,2016-09-15,Pathum Thani Rice research Center,181.0,305.436
5.1119876,5.742838,2016-09-20,Pathum Thani Rice research Center,164.99997,310.94843
5.0369525,5.735619,2016-09-21,Pathum Thani Rice research Center,152.99998,308.70465
5.209486,5.732652,2016-09-22,Pathum Thani Rice research Center,181.99997,307.78714
5.1817837,5.7396045,2016-09-26,Pathum Thani Rice research Center,177.00003,309.9414
5.236442,5.8413982,2015-02-17,Phitsanulok Rice Seed Center,187.00003,343.26038
5.411646,5.845028,2015-02-18,Phitsanulok Rice Seed Center,222.99997,344.5122
5.638355,5.8416014,2015-02-19,Phitsanulok Rice Seed Center,280.00003,343.3303
5.7745514,5.851225,2015-02-20,Phitsanulok Rice Seed Center,320.99994,346.65997
5.7300997,5.846195,2015-02-21,Phitsanulok Rice Seed Center,306.99997,344.91574
5.7589016,5.837172,2015-02-22,Phitsanulok Rice Seed Center,315.99994,341.80853
5.7071104,5.8461885,2015-02-23,Phitsanulok Rice Seed Center,300.00003,344.91342
5.6937323,5.8485584,2015-02-24,Phitsanulok Rice Seed Center,296.00003,345.7342
5.7071104,5.8537846,2015-02-25,Phitsanulok Rice Seed Center,300.00003,347.551
5.886104,5.853407,2015-02-26,Phitsanulok Rice Seed Center,359.00003,347.4194
5.556828,5.8527627,2015-02-27,Phitsanulok Rice Seed Center,258.0,347.195
5.7462034,5.8566766,2015-02-28,Phitsanulok Rice Seed Center,312.00006,348.5605
5.351858,5.8527055,2015-03-03,Phitsanulok Rice Seed Center,210.0,347.17508
5.2832036,5.851495,2015-03-04,Phitsanulok Rice Seed Center,195.99997,346.7538
5.549076,5.870959,2015-02-20,Phrae Rice research Center,256.0,353.5888
4.7706847,5.8677444,2015-02-21,Phrae Rice research Center,117.000015,352.45087
6.5778613,5.855534,2015-02-22,Phrae Rice research Center,718.0,348.16132
5.948035,5.863359,2015-02-23,Phrae Rice research Center,381.9999,350.9042
6.338594,5.85959,2015-02-24,Phrae Rice research Center,564.99994,349.58038
6.461468,5.867238,2015-02-25,Phrae Rice research Center,639.0,352.2719
5.6347895,5.8673067,2015-02-26,Phrae Rice research Center,278.99997,352.29617
6.315358,5.8577976,2015-02-27,Phrae Rice research Center,552.00006,348.95258
5.652489,5.8671007,2015-02-28,Phrae Rice research Center,284.0,352.2234
5.0238805,5.856914,2015-03-01,Phrae Rice research Center,151.0,348.6435
6.0282784,5.8640294,2015-03-03,Phrae Rice research Center,413.99994,351.1402
5.32301,5.8663096,2015-03-05,Phrae Rice research Center,204.0,351.9441
5.6240177,5.867219,2015-03-07,Phrae Rice research Center,276.00006,352.26517
5.6240177,5.8629785,2015-03-08,Phrae Rice research Center,276.00006,350.77032
5.560682,5.849547,2015-03-09,Phrae Rice research Center,259.00006,346.0771
5.8833222,5.838047,2015-03-31,Phrae Rice research Center,357.99994,342.1086
4.890349,5.8366785,2015-04-01,Phrae Rice research Center,131.99997,341.63937
5.9939613,5.8490996,2015-04-02,Phrae Rice research Center,399.99997,345.92188
5.056246,5.7999296,2015-04-15,Phrae Rice research Center,156.0,329.2763
5.826,5.794036,2015-04-25,Phrae Rice research Center,338.00003,327.33548
6.424869,5.7723002,2015-05-25,Phrae Rice research Center,616.0,320.27588
5.062595,5.771796,2015-05-26,Phrae Rice research Center,156.99997,320.114
5.4026775,5.773822,2015-05-27,Phrae Rice research Center,221.00003,320.7651
4.65396,5.7487063,2015-07-22,Phrae Rice research Center,103.999985,312.78445
4.65396,5.7432485,2015-07-25,Phrae Rice research Center,103.999985,311.07654
6.3099184,5.759864,2015-09-12,Phrae Rice research Center,549.00006,316.3051
7.2174435,5.7649975,2015-09-14,Phrae Rice research Center,1362.0,317.93823
7.6029005,5.76833,2015-09-15,Phrae Rice research Center,2003.0001,319.00293
4.955827,5.7645197,2015-09-16,Phrae Rice research Center,141.00003,317.7859
6.539586,5.7718296,2015-09-17,Phrae Rice research Center,691.00006,320.12473
6.475433,5.766801,2015-09-18,Phrae Rice research Center,648.0001,318.51392
5.6240177,5.7740865,2015-09-19,Phrae Rice research Center,276.00006,320.85028
6.285998,5.7775345,2015-09-20,Phrae Rice research Center,535.9999,321.96194
6.3613024,5.7740455,2015-09-21,Phrae Rice research Center,577.99994,320.8371
5.075174,5.7760134,2015-10-06,Phrae Rice research Center,159.0,321.47107
7.309212,5.786192,2015-10-08,Phrae Rice research Center,1492.9998,324.7701
5.5174527,5.794594,2015-10-10,Phrae Rice research Center,247.99995,327.5187
6.4052286,5.8053136,2015-10-15,Phrae Rice research Center,604.0001,331.05933
7.7463007,5.7942634,2015-10-16,Phrae Rice research Center,2312.0,327.41016
5.5412636,5.792231,2015-10-17,Phrae Rice research Center,254.00002,326.74344
5.7620516,5.8030396,2015-10-20,Phrae Rice research Center,317.00006,330.30505
5.560682,5.805432,2015-10-21,Phrae Rice research Center,259.00006,331.09857
6.052089,5.804226,2015-10-22,Phrae Rice research Center,424.0,330.69833
5.2832036,5.8119526,2015-10-23,Phrae Rice research Center,195.99997,333.27118
6.228511,5.81461,2015-10-24,Phrae Rice research Center,505.99994,334.16064
5.8081427,5.8235393,2015-10-25,Phrae Rice research Center,332.00006,337.1668
5.1059456,5.820842,2015-10-26,Phrae Rice research Center,164.00002,336.25583
4.762174,5.82401,2015-10-29,Phrae Rice research Center,116.00002,337.326
5.4424176,5.8249993,2015-11-11,Phrae Rice research Center,229.99998,337.6609
5.1474943,5.824515,2015-11-12,Phrae Rice research Center,170.99997,337.4969
6.063785,5.832336,2015-11-13,Phrae Rice research Center,428.99994,340.15466
5.817111,5.828252,2015-11-14,Phrae Rice research Center,334.99994,338.7642
8.029107,5.8344755,2015-11-16,Phrae Rice research Center,3068.0,340.88538
9.33565,5.830334,2015-11-17,Phrae Rice research Center,11333.998,339.47244
8.339262,5.8392253,2015-11-18,Phrae Rice research Center,4184.0,342.51312
5.655992,5.8378215,2015-11-22,Phrae Rice research Center,285.00006,342.03122
5.241747,5.850854,2016-03-07,Phrae Rice research Center,187.99997,346.531
4.94876,5.840579,2016-03-08,Phrae Rice research Center,140.00002,342.97845
4.691348,5.837784,2016-03-14,Phrae Rice research Center,108.00002,342.0183
5.0689044,5.8318253,2016-03-17,Phrae Rice research Center,158.00003,339.9805
4.644391,5.8280163,2016-03-21,Phrae Rice research Center,103.000015,338.68417
4.890349,5.8261423,2016-03-24,Phrae Rice research Center,131.99997,338.04822
6.315358,5.813336,2016-03-29,Phrae Rice research Center,552.00006,333.7339
6.391917,5.814941,2016-03-30,Phrae Rice research Center,596.00006,334.2716
5.1474943,5.8121777,2016-03-31,Phrae Rice research Center,170.99997,333.34644
5.32301,5.800349,2016-04-06,Phrae Rice research Center,204.0,329.41492
4.762174,5.799716,2016-04-10,Phrae Rice research Center,116.00002,329.20575
6.0958247,5.755933,2016-08-27,Phrae Rice research Center,443.00006,315.06024
5.529429,5.7699904,2016-09-06,Phrae Rice research Center,250.99997,319.53467
4.8598123,5.769977,2016-09-07,Phrae Rice research Center,127.999985,319.5304
5.5683446,5.761821,2016-09-08,Phrae Rice research Center,261.00003,316.9267
6.315358,5.7678456,2016-09-10,Phrae Rice research Center,552.00006,318.84793
6.350886,5.7573695,2016-09-11,Phrae Rice research Center,572.00006,315.51465
4.644391,5.759596,2016-09-13,Phrae Rice research Center,103.000015,316.2201
4.8441873,5.7575526,2016-09-14,Phrae Rice research Center,126.00002,315.5726
6.7912216,5.758557,2016-09-16,Phrae Rice research Center,889.0001,315.8907
6.20859,5.7592015,2016-09-17,Phrae Rice research Center,496.0,316.09503
5.7004437,5.7727113,2016-09-19,Phrae Rice research Center,298.00006,320.408
4.804021,5.786196,2016-09-21,Phrae Rice research Center,120.99998,324.7715
5.370638,5.7897673,2016-09-22,Phrae Rice research Center,213.99997,325.93692
4.7184987,5.7873855,2016-09-23,Phrae Rice research Center,110.999985,325.15915
5.0238805,5.78433,2016-09-24,Phrae Rice research Center,151.0,324.16406
5.0238805,5.8031,2016-10-09,Phrae Rice research Center,151.0,330.3251
4.804021,5.80827,2016-10-10,Phrae Rice research Center,120.99998,332.04245
5.0172796,5.8041234,2016-10-12,Phrae Rice research Center,149.99997,330.66434
5.081404,5.8037825,2016-10-13,Phrae Rice research Center,159.99997,330.55127
5.587249,5.809931,2016-10-18,Phrae Rice research Center,266.00003,332.59604
4.934474,5.807929,2016-10-19,Phrae Rice research Center,138.0,331.92892
6.206576,5.813188,2016-10-20,Phrae Rice research Center,494.99997,333.68442
5.755742,5.8147416,2016-10-21,Phrae Rice research Center,314.99994,334.20477
5.278115,5.813723,2016-10-23,Phrae Rice research Center,195.00003,333.86353
4.9904327,5.8181224,2016-10-30,Phrae Rice research Center,146.00003,335.33994
5.3423343,5.8199854,2016-11-03,Phrae Rice research Center,208.0,335.96713
5.3033047,5.82737,2016-11-06,Phrae Rice research Center,199.99995,338.46478
4.7004805,5.837487,2016-11-09,Phrae Rice research Center,109.000015,341.91656
5.1119876,5.837911,2016-11-10,Phrae Rice research Center,164.99997,342.06198
6.5453496,5.8291917,2016-11-12,Phrae Rice research Center,694.99994,339.08368
8.494538,5.832745,2016-11-13,Phrae Rice research Center,4886.999,340.29428
8.106816,5.8332496,2016-11-14,Phrae Rice research Center,3316.001,340.4665
7.4436636,5.8404384,2016-11-15,Phrae Rice research Center,1707.9999,342.93008
6.8617115,5.8428173,2016-11-16,Phrae Rice research Center,954.0001,343.74924
7.614805,5.8345494,2016-11-17,Phrae Rice research Center,2026.9998,340.91064
5.786897,5.8460617,2016-11-18,Phrae Rice research Center,324.99994,344.86957
8.600615,5.852163,2016-11-19,Phrae Rice research Center,5433.9985,346.9862
8.610501,5.8548875,2016-11-20,Phrae Rice research Center,5487.9995,347.93564
8.672829,5.8628297,2016-11-21,Phrae Rice research Center,5841.001,350.718
6.8554087,5.8569517,2016-11-22,Phrae Rice research Center,947.9999,348.65668
6.6618547,5.862506,2016-11-23,Phrae Rice research Center,781.0,350.60413
7.2889276,5.860492,2016-11-24,Phrae Rice research Center,1462.9998,349.89682
7.8709297,5.861403,2016-11-25,Phrae Rice research Center,2619.0002,350.21655
8.166784,5.8592143,2016-11-26,Phrae Rice research Center,3521.0,349.4487
7.590347,5.8509526,2016-11-27,Phrae Rice research Center,1977.9998,346.5653
5.771441,5.843539,2016-11-29,Phrae Rice research Center,319.99994,343.99823
4.691348,5.8473663,2016-11-30,Phrae Rice research Center,108.00002,345.32108
5.8833222,5.843228,2016-12-01,Phrae Rice research Center,357.99994,343.8908
5.030438,5.837387,2016-12-02,Phrae Rice research Center,152.0,341.88226
5.332719,5.8474393,2016-12-03,Phrae Rice research Center,206.00002,345.34634
4.94876,5.8373985,2016-12-07,Phrae Rice research Center,140.00002,341.88617
4.7004805,5.841642,2016-12-08,Phrae Rice research Center,109.000015,343.34424
5.117994,5.8482356,2016-12-12,Phrae Rice research Center,166.0,345.62225
4.7957907,5.8543715,2016-12-13,Phrae Rice research Center,120.000015,347.75565
4.644391,5.864377,2016-12-21,Phrae Rice research Center,103.000015,351.26263
5.0369525,5.85488,2016-12-22,Phrae Rice research Center,152.99998,347.93298
4.955827,5.864031,2016-12-24,Phrae Rice research Center,141.00003,351.14072
4.9416423,5.8672223,2016-12-26,Phrae Rice research Center,138.99998,352.26636
7.0483866,5.805974,2015-03-09,Ratchaburi Rice Seed Center2,1150.0002,331.2787
6.4800444,5.8014097,2015-03-10,Ratchaburi Rice Seed Center2,650.9999,329.7655
4.75359,5.8004413,2015-03-11,Ratchaburi Rice Seed Center2,114.99999,329.44534
6.685861,5.796751,2015-03-12,Ratchaburi Rice Seed Center2,800.0001,328.22815
6.857514,5.7928615,2015-03-14,Ratchaburi Rice Seed Center2,949.9999,326.9501
5.7430034,5.796403,2015-03-15,Ratchaburi Rice Seed Center2,311.00006,328.1136
6.1114674,5.796085,2015-03-16,Ratchaburi Rice Seed Center2,450.0,328.0089
5.3565865,5.794857,2015-03-17,Ratchaburi Rice Seed Center2,211.00003,327.6052
5.3033047,5.7926083,2015-03-18,Ratchaburi Rice Seed Center2,199.99995,326.86707
4.7957907,5.791226,2015-03-19,Ratchaburi Rice Seed Center2,120.000015,326.41415
5.1119876,5.792937,2015-03-20,Ratchaburi Rice Seed Center2,164.99997,326.9748
5.3752785,5.7905636,2015-03-21,Ratchaburi Rice Seed Center2,215.00002,326.1974
4.983607,5.7904005,2015-03-22,Ratchaburi Rice Seed Center2,145.00003,326.144
5.755742,5.7900043,2015-03-23,Ratchaburi Rice Seed Center2,314.99994,326.0144
5.529429,5.784513,2015-03-24,Ratchaburi Rice Seed Center2,250.99997,324.22363
4.8675346,5.7547903,2015-03-25,Ratchaburi Rice Seed Center2,129.00003,314.69934
6.4800444,5.773015,2015-03-26,Ratchaburi Rice Seed Center2,650.9999,320.5056
5.963579,5.7530503,2015-03-27,Ratchaburi Rice Seed Center2,387.99994,314.1505
6.43294,5.774226,2015-03-28,Ratchaburi Rice Seed Center2,620.99994,320.89526
6.2822666,5.7829623,2015-03-29,Ratchaburi Rice Seed Center2,533.99994,323.7197
6.5834093,5.7924366,2015-03-30,Ratchaburi Rice Seed Center2,722.00006,326.8108
6.2785215,5.790725,2015-03-31,Ratchaburi Rice Seed Center2,532.00006,326.25027
6.1136823,5.795601,2015-04-01,Ratchaburi Rice Seed Center2,451.00003,327.84973
6.3664703,5.7968507,2015-04-02,Ratchaburi Rice Seed Center2,580.99994,328.261
5.3752785,5.7959247,2015-04-03,Ratchaburi Rice Seed Center2,215.00002,327.9562
4.836282,5.7988276,2015-04-06,Ratchaburi Rice Seed Center2,124.999985,328.91257
5.062595,5.7807703,2015-04-08,Ratchaburi Rice Seed Center2,156.99997,323.00867
4.804021,5.771651,2015-04-20,Ratchaburi Rice Seed Center2,120.99998,320.06732
4.8121843,5.705513,2015-06-11,Ratchaburi Rice Seed Center2,122.0,299.5196
6.1114674,5.681644,2015-08-01,Ratchaburi Rice Seed Center2,450.0,292.43143
5.8636312,5.6738167,2015-08-02,Ratchaburi Rice Seed Center2,351.00003,290.14362
6.437752,5.6722836,2015-08-03,Ratchaburi Rice Seed Center2,624.00006,289.69763
5.5012584,5.6710424,2015-08-04,Ratchaburi Rice Seed Center2,244.00005,289.33704
5.7462034,5.6771154,2015-08-05,Ratchaburi Rice Seed Center2,312.00006,291.10562
5.9939613,5.6746173,2015-08-06,Ratchaburi Rice Seed Center2,399.99997,290.3768
5.370638,5.6803317,2015-08-07,Ratchaburi Rice Seed Center2,213.99997,292.04663
5.7462034,5.6843038,2015-08-08,Ratchaburi Rice Seed Center2,312.00006,293.21292
5.433722,5.696311,2015-08-09,Ratchaburi Rice Seed Center2,228.0,296.7669
5.2311087,5.699137,2015-08-10,Ratchaburi Rice Seed Center2,186.0,297.60965
6.2785215,5.695581,2015-08-11,Ratchaburi Rice Seed Center2,532.00006,296.54962
5.872118,5.697092,2015-08-12,Ratchaburi Rice Seed Center2,354.00006,296.99957
6.43294,5.694453,2015-08-13,Ratchaburi Rice Seed Center2,620.99994,296.2141
6.58755,5.691837,2015-08-14,Ratchaburi Rice Seed Center2,725.0001,295.43762
6.4861608,5.692561,2015-08-15,Ratchaburi Rice Seed Center2,655.0,295.6524
5.866468,5.692816,2015-08-16,Ratchaburi Rice Seed Center2,351.99997,295.72797
5.5373344,5.690893,2015-08-17,Ratchaburi Rice Seed Center2,253.00005,295.15802
5.4595857,5.6982555,2015-08-18,Ratchaburi Rice Seed Center2,234.00003,297.3465
5.3565865,5.694242,2015-08-19,Ratchaburi Rice Seed Center2,211.00003,296.15146
6.0210233,5.7079988,2015-08-20,Ratchaburi Rice Seed Center2,410.99997,300.26755
6.261492,5.704591,2015-08-21,Ratchaburi Rice Seed Center2,523.00006,299.24258
6.025866,5.710405,2015-08-22,Ratchaburi Rice Seed Center2,413.00003,300.99332
5.4553213,5.6996584,2015-08-23,Ratchaburi Rice Seed Center2,233.00005,297.76532
5.7838254,5.6994677,2015-08-24,Ratchaburi Rice Seed Center2,324.00006,297.70834
6.437752,5.6999564,2015-08-25,Ratchaburi Rice Seed Center2,624.00006,297.85437
5.420535,5.69692,2015-08-26,Ratchaburi Rice Seed Center2,225.00002,296.94827
6.0776424,5.6965585,2015-08-27,Ratchaburi Rice Seed Center2,435.0001,296.8406
5.1059456,5.690227,2015-08-28,Ratchaburi Rice Seed Center2,164.00002,294.96082
5.7462034,5.6848474,2015-08-29,Ratchaburi Rice Seed Center2,312.00006,293.3729
4.744932,5.6854715,2015-08-30,Ratchaburi Rice Seed Center2,114.00001,293.5567
5.0689044,5.6841044,2015-08-31,Ratchaburi Rice Seed Center2,158.00003,293.1543
6.4861608,5.68809,2015-09-01,Ratchaburi Rice Seed Center2,655.0,294.32895
5.866468,5.6875377,2015-09-02,Ratchaburi Rice Seed Center2,351.99997,294.16592
5.5373344,5.6880956,2015-09-03,Ratchaburi Rice Seed Center2,253.00005,294.33066
4.8121843,5.6892395,2015-09-04,Ratchaburi Rice Seed Center2,122.0,294.66867
5.370638,5.6914234,2015-09-05,Ratchaburi Rice Seed Center2,213.99997,295.3151
5.1817837,5.6931615,2015-09-07,Ratchaburi Rice Seed Center2,177.00003,295.83057
5.5412636,5.6948586,2015-09-08,Ratchaburi Rice Seed Center2,254.00002,296.33472
5.7745514,5.705795,2015-09-09,Ratchaburi Rice Seed Center2,320.99994,299.6043
8.307213,5.7156086,2015-09-18,Ratchaburi Rice Seed Center2,4052.0007,302.5689
4.6634393,5.7328343,2015-09-27,Ratchaburi Rice Seed Center2,105.000015,307.84338
4.912655,5.7318125,2015-09-28,Ratchaburi Rice Seed Center2,135.0,307.52795
4.8751974,5.7262654,2015-09-29,Ratchaburi Rice Seed Center2,130.00002,305.8213
4.6634393,5.718964,2015-10-05,Ratchaburi Rice Seed Center2,105.000015,303.58923
4.912655,5.7164664,2015-10-06,Ratchaburi Rice Seed Center2,135.0,302.8294
4.8751974,5.7237363,2015-10-07,Ratchaburi Rice Seed Center2,130.00002,305.04626
4.836282,5.727013,2015-10-08,Ratchaburi Rice Seed Center2,124.999985,306.05078
5.370638,5.7364163,2015-10-09,Ratchaburi Rice Seed Center2,213.99997,308.95166
5.7745514,5.7474294,2015-10-10,Ratchaburi Rice Seed Center2,320.99994,312.38403
5.4026775,5.752793,2015-10-11,Ratchaburi Rice Seed Center2,221.00003,314.06937
4.912655,5.75687,2015-10-12,Ratchaburi Rice Seed Center2,135.0,315.3565
4.9767337,5.755093,2015-10-13,Ratchaburi Rice Seed Center2,144.0,314.79495
4.8202815,5.7513022,2015-10-14,Ratchaburi Rice Seed Center2,122.99999,313.60007
5.4553213,5.754215,2015-10-15,Ratchaburi Rice Seed Center2,233.00005,314.5177
4.983607,5.7558126,2015-10-16,Ratchaburi Rice Seed Center2,145.00003,315.02225
5.880533,5.754463,2015-10-31,Ratchaburi Rice Seed Center2,357.0001,314.5961
5.9687076,5.752351,2015-11-01,Ratchaburi Rice Seed Center2,390.0,313.9301
5.5412636,5.7456007,2015-11-02,Ratchaburi Rice Seed Center2,254.00002,311.81146
5.916202,5.7496333,2015-11-03,Ratchaburi Rice Seed Center2,370.0,313.07547
5.8607864,5.752047,2015-11-04,Ratchaburi Rice Seed Center2,350.00006,313.83447
5.5412636,5.7538815,2015-11-05,Ratchaburi Rice Seed Center2,254.00002,314.41254
5.817111,5.758454,2015-11-06,Ratchaburi Rice Seed Center2,334.99994,315.85803
6.0544395,5.760042,2015-11-07,Ratchaburi Rice Seed Center2,425.0001,316.36172
6.300786,5.7545557,2015-11-08,Ratchaburi Rice Seed Center2,544.0001,314.62527
5.549076,5.765161,2015-11-09,Ratchaburi Rice Seed Center2,256.0,317.99042
5.488938,5.767447,2015-11-10,Ratchaburi Rice Seed Center2,241.00003,318.72046
4.727388,5.771521,2015-11-11,Ratchaburi Rice Seed Center2,112.00001,320.02567
4.9904327,5.77671,2015-11-12,Ratchaburi Rice Seed Center2,146.00003,321.6958
4.828314,5.7762337,2015-11-13,Ratchaburi Rice Seed Center2,124.00001,321.5421
6.297109,5.7779737,2015-11-14,Ratchaburi Rice Seed Center2,541.9999,322.10382
4.727388,5.7850585,2015-11-15,Ratchaburi Rice Seed Center2,112.00001,324.40106
5.3752785,5.7900987,2015-11-16,Ratchaburi Rice Seed Center2,215.00002,326.0453
5.043425,5.7926254,2015-11-17,Ratchaburi Rice Seed Center2,154.0,326.8727
5.5412636,5.7911777,2015-11-18,Ratchaburi Rice Seed Center2,254.00002,326.39838
4.828314,5.7930193,2015-11-19,Ratchaburi Rice Seed Center2,124.00001,327.00186
4.912655,5.774662,2015-12-01,Ratchaburi Rice Seed Center2,135.0,321.03558
4.8751974,5.7758136,2015-12-02,Ratchaburi Rice Seed Center2,130.00002,321.40662
5.888878,5.7769346,2015-12-03,Ratchaburi Rice Seed Center2,359.99997,321.76825
4.836282,5.7750916,2015-12-04,Ratchaburi Rice Seed Center2,124.999985,321.17395
5.3752785,5.7814035,2015-12-05,Ratchaburi Rice Seed Center2,215.00002,323.21393
5.7745514,5.7766824,2015-12-06,Ratchaburi Rice Seed Center2,320.99994,321.68686
6.2576675,5.783588,2015-12-07,Ratchaburi Rice Seed Center2,521.0,323.9229
6.0450053,5.780093,2015-12-08,Ratchaburi Rice Seed Center2,421.0,322.78937
5.786897,5.782286,2015-12-09,Ratchaburi Rice Seed Center2,324.99994,323.5002
5.198497,5.7946916,2015-12-10,Ratchaburi Rice Seed Center2,179.99997,327.55084
5.26269,5.7992077,2015-12-11,Ratchaburi Rice Seed Center2,191.99997,329.03796
5.7776523,5.8048205,2015-12-12,Ratchaburi Rice Seed Center2,322.0,330.89563
5.4161005,5.8104734,2015-12-13,Ratchaburi Rice Seed Center2,224.00003,332.7771
4.983607,5.805821,2015-12-14,Ratchaburi Rice Seed Center2,145.00003,331.2278
4.8202815,5.8080044,2015-12-15,Ratchaburi Rice Seed Center2,122.99999,331.954
5.3752785,5.803112,2015-12-16,Ratchaburi Rice Seed Center2,215.00002,330.32907
5.786897,5.804581,2015-12-17,Ratchaburi Rice Seed Center2,324.99994,330.8162
5.583496,5.8009586,2015-12-18,Ratchaburi Rice Seed Center2,264.99994,329.61633
6.0306854,5.793193,2015-12-19,Ratchaburi Rice Seed Center2,415.00006,327.0588
5.786897,5.7995677,2015-12-20,Ratchaburi Rice Seed Center2,324.99994,329.1568
6.4504704,5.7989125,2015-12-21,Ratchaburi Rice Seed Center2,632.0,328.94055
4.962845,5.8028235,2015-12-22,Ratchaburi Rice Seed Center2,142.00003,330.2335
5.5373344,5.8013926,2015-12-23,Ratchaburi Rice Seed Center2,253.00005,329.75983
5.370638,5.798359,2015-12-24,Ratchaburi Rice Seed Center2,213.99997,328.75797
5.7745514,5.795487,2015-12-25,Ratchaburi Rice Seed Center2,320.99994,327.81226
6.240276,5.7905703,2015-12-26,Ratchaburi Rice Seed Center2,512.0,326.19955
4.727388,5.7932167,2015-12-27,Ratchaburi Rice Seed Center2,112.00001,327.06662
4.744932,5.792033,2015-12-28,Ratchaburi Rice Seed Center2,114.00001,326.6786
6.4504704,5.78529,2015-12-29,Ratchaburi Rice Seed Center2,632.0,324.47632
5.3752785,5.798075,2015-12-30,Ratchaburi Rice Seed Center2,215.00002,328.66443
5.786897,5.7955556,2015-12-31,Ratchaburi Rice Seed Center2,324.99994,327.83484
5.4553213,5.801166,2016-01-01,Ratchaburi Rice Seed Center2,233.00005,329.68494
5.3752785,5.8019514,2016-01-02,Ratchaburi Rice Seed Center2,215.00002,329.94473
5.5412636,5.7983923,2016-01-03,Ratchaburi Rice Seed Center2,254.00002,328.76898
5.46806,5.802512,2016-01-04,Ratchaburi Rice Seed Center2,235.99997,330.13037
5.549076,5.8067775,2016-01-05,Ratchaburi Rice Seed Center2,256.0,331.54578
6.0234475,5.8080177,2016-01-06,Ratchaburi Rice Seed Center2,411.99997,331.95847
5.7745514,5.8074365,2016-01-07,Ratchaburi Rice Seed Center2,320.99994,331.76498
4.836282,5.8009768,2016-01-08,Ratchaburi Rice Seed Center2,124.999985,329.62234
5.4467373,5.8057103,2016-01-09,Ratchaburi Rice Seed Center2,230.99998,331.19107
5.420535,5.797703,2016-01-10,Ratchaburi Rice Seed Center2,225.00002,328.54166
4.787492,5.79996,2016-01-11,Ratchaburi Rice Seed Center2,119.00001,329.28638
5.365976,5.7977977,2016-01-12,Ratchaburi Rice Seed Center2,212.99997,328.57294
6.2576675,5.7998805,2016-01-13,Ratchaburi Rice Seed Center2,521.0,329.2601
6.0210233,5.7946506,2016-01-14,Ratchaburi Rice Seed Center2,410.99997,327.53735
5.370638,5.8104105,2016-01-15,Ratchaburi Rice Seed Center2,213.99997,332.7561
5.4553213,5.8048,2016-01-16,Ratchaburi Rice Seed Center2,233.00005,330.88882
4.983607,5.805056,2016-01-17,Ratchaburi Rice Seed Center2,145.00003,330.97382
5.030438,5.8046713,2016-01-18,Ratchaburi Rice Seed Center2,152.0,330.8461
5.786897,5.7990923,2016-01-19,Ratchaburi Rice Seed Center2,324.99994,328.99988
6.0234475,5.809493,2016-01-20,Ratchaburi Rice Seed Center2,411.99997,332.45004
6.2576675,5.808775,2016-01-21,Ratchaburi Rice Seed Center2,521.0,332.2107
6.0544395,5.811325,2016-01-22,Ratchaburi Rice Seed Center2,425.0001,333.0615
5.786897,5.8117037,2016-01-23,Ratchaburi Rice Seed Center2,324.99994,333.188
5.3752785,5.805298,2016-01-24,Ratchaburi Rice Seed Center2,215.00002,331.05408
5.9053617,5.8114777,2016-01-25,Ratchaburi Rice Seed Center2,365.99994,333.11246
6.1290503,5.8126216,2016-01-26,Ratchaburi Rice Seed Center2,458.00003,333.49487
4.836282,5.8149204,2016-01-27,Ratchaburi Rice Seed Center2,124.999985,334.2647
5.556828,5.8140936,2016-01-28,Ratchaburi Rice Seed Center2,258.0,333.9876
5.786897,5.8102098,2016-01-29,Ratchaburi Rice Seed Center2,324.99994,332.68912
5.293305,5.8168893,2016-01-30,Ratchaburi Rice Seed Center2,198.00002,334.92548
6.0544395,5.814266,2016-02-01,Ratchaburi Rice Seed Center2,425.0001,334.04547
4.836282,5.8084426,2016-02-02,Ratchaburi Rice Seed Center2,124.999985,332.09995
5.3752785,5.803406,2016-02-03,Ratchaburi Rice Seed Center2,215.00002,330.4264
4.836282,5.8124533,2016-02-04,Ratchaburi Rice Seed Center2,124.999985,333.4386
5.786897,5.812752,2016-02-05,Ratchaburi Rice Seed Center2,324.99994,333.53845
5.293305,5.8191395,2016-02-06,Ratchaburi Rice Seed Center2,198.00002,335.6822
4.8520303,5.80714,2016-02-08,Ratchaburi Rice Seed Center2,127.0,331.6663
5.236442,5.8127537,2016-02-09,Ratchaburi Rice Seed Center2,187.00003,333.53906
5.17615,5.807768,2016-02-10,Ratchaburi Rice Seed Center2,176.00002,331.87527
5.888878,5.78455,2016-02-14,Ratchaburi Rice Seed Center2,359.99997,324.23572
4.8751974,5.7704763,2016-02-16,Ratchaburi Rice Seed Center2,130.00002,319.69046
5.934894,5.7774754,2016-02-19,Ratchaburi Rice Seed Center2,376.99994,321.94284
5.771441,5.797816,2016-02-20,Ratchaburi Rice Seed Center2,319.99994,328.57892
5.620401,5.79893,2016-02-21,Ratchaburi Rice Seed Center2,275.0,328.94638
4.8520303,5.804116,2016-02-22,Ratchaburi Rice Seed Center2,127.0,330.6618
5.786897,5.808901,2016-02-23,Ratchaburi Rice Seed Center2,324.99994,332.25262
5.293305,5.807614,2016-02-24,Ratchaburi Rice Seed Center2,198.00002,331.824
5.786897,5.81281,2016-02-25,Ratchaburi Rice Seed Center2,324.99994,333.5579
5.293305,5.8101707,2016-02-26,Ratchaburi Rice Seed Center2,198.00002,332.67606
4.8520303,5.812254,2016-02-28,Ratchaburi Rice Seed Center2,127.0,333.37195
5.236442,5.8047223,2016-02-29,Ratchaburi Rice Seed Center2,187.00003,330.86304
4.836282,5.807412,2016-03-01,Ratchaburi Rice Seed Center2,124.999985,331.7569
5.605802,5.80874,2016-03-02,Ratchaburi Rice Seed Center2,271.0,332.19907
5.963579,5.8078294,2016-03-03,Ratchaburi Rice Seed Center2,387.99994,331.89575
5.620401,5.78725,2016-03-08,Ratchaburi Rice Seed Center2,275.0,325.115
4.8520303,5.775609,2016-03-09,Ratchaburi Rice Seed Center2,127.0,321.3407
4.8520303,5.7725997,2016-03-13,Ratchaburi Rice Seed Center2,127.0,320.37213
5.236442,5.7733502,2016-03-14,Ratchaburi Rice Seed Center2,187.00003,320.6134
5.17615,5.7796392,2016-03-15,Ratchaburi Rice Seed Center2,176.00002,322.6424
5.293305,5.7818527,2016-03-16,Ratchaburi Rice Seed Center2,198.00002,323.3596
4.6634393,5.7882533,2016-03-18,Ratchaburi Rice Seed Center2,105.000015,325.44232
5.3565865,5.78535,2016-03-19,Ratchaburi Rice Seed Center2,211.00003,324.4959
4.912655,5.7876544,2016-03-23,Ratchaburi Rice Seed Center2,135.0,325.2469
5.0369525,5.788563,2016-04-04,Ratchaburi Rice Seed Center2,152.99998,325.54337
5.293305,5.7884727,2016-04-05,Ratchaburi Rice Seed Center2,198.00002,325.51395
4.8520303,5.7901983,2016-04-07,Ratchaburi Rice Seed Center2,127.0,326.07788
5.236442,5.7839146,2016-04-08,Ratchaburi Rice Seed Center2,187.00003,324.02905
5.17615,5.7810073,2016-04-09,Ratchaburi Rice Seed Center2,176.00002,323.08548
5.0238805,5.7458506,2016-04-20,Ratchaburi Rice Seed Center2,151.0,311.88965
5.293305,5.7451863,2016-04-21,Ratchaburi Rice Seed Center2,198.00002,311.6819
4.65396,5.745978,2016-04-23,Ratchaburi Rice Seed Center2,103.999985,311.92947
5.236442,5.744005,2016-04-24,Ratchaburi Rice Seed Center2,187.00003,311.31277
5.351858,5.7488565,2016-04-25,Ratchaburi Rice Seed Center2,210.0,312.8316
5.379897,5.750729,2016-04-26,Ratchaburi Rice Seed Center2,215.99995,313.4198
4.828314,5.7377234,2016-04-29,Ratchaburi Rice Seed Center2,124.00001,309.35703
4.836282,5.72487,2016-05-15,Ratchaburi Rice Seed Center2,124.999985,305.3935
5.351858,5.7245955,2016-05-16,Ratchaburi Rice Seed Center2,210.0,305.30936
4.9904327,5.7244387,2016-05-17,Ratchaburi Rice Seed Center2,146.00003,305.2613
4.727388,5.7233357,2016-05-18,Ratchaburi Rice Seed Center2,112.00001,304.9237
4.836282,5.7185407,2016-05-19,Ratchaburi Rice Seed Center2,124.999985,303.4603
4.836282,5.7189856,2016-06-10,Ratchaburi Rice Seed Center2,124.999985,303.59576
6.1136823,5.705093,2016-06-14,Ratchaburi Rice Seed Center2,451.00003,299.39337
6.3664703,5.7057576,2016-06-15,Ratchaburi Rice Seed Center2,580.99994,299.59314
5.3752785,5.694362,2016-06-18,Ratchaburi Rice Seed Center2,215.00002,296.18716
6.4393506,5.7127924,2016-07-07,Ratchaburi Rice Seed Center2,625.0001,301.71518
6.261492,5.707732,2016-07-08,Ratchaburi Rice Seed Center2,523.00006,300.18726
5.8636312,5.70965,2016-07-09,Ratchaburi Rice Seed Center2,351.00003,300.76544
5.9053617,5.7117,2016-07-10,Ratchaburi Rice Seed Center2,365.99994,301.38467
6.6240654,5.703449,2016-07-11,Ratchaburi Rice Seed Center2,752.0001,298.8999
5.8777356,5.6621594,2016-07-12,Ratchaburi Rice Seed Center2,355.99994,286.7694
6.1290503,5.605294,2016-07-13,Ratchaburi Rice Seed Center2,458.00003,270.8619
6.285998,5.613653,2016-07-14,Ratchaburi Rice Seed Center2,535.9999,273.14392
6.0306854,5.6135173,2016-07-15,Ratchaburi Rice Seed Center2,415.00006,273.10666
5.786897,5.660157,2016-07-16,Ratchaburi Rice Seed Center2,324.99994,286.1938
6.7511015,5.6799574,2016-07-17,Ratchaburi Rice Seed Center2,854.0,291.93695
6.4504704,5.640877,2016-07-18,Ratchaburi Rice Seed Center2,632.0,280.7096
6.0234475,5.6029053,2016-07-19,Ratchaburi Rice Seed Center2,411.99997,270.21323
5.46806,5.5614758,2016-07-20,Ratchaburi Rice Seed Center2,235.99997,259.20654
6.261492,5.516998,2016-07-21,Ratchaburi Rice Seed Center2,523.00006,247.8867
6.0234475,5.5635195,2016-07-22,Ratchaburi Rice Seed Center2,411.99997,259.7389
5.786897,5.5515842,2016-07-23,Ratchaburi Rice Seed Center2,324.99994,256.64542
5.786897,5.6004806,2016-07-24,Ratchaburi Rice Seed Center2,324.99994,269.5564
6.0497336,5.6061397,2016-07-25,Ratchaburi Rice Seed Center2,423.00006,271.09183
6.2576675,5.6299953,2016-07-26,Ratchaburi Rice Seed Center2,521.0,277.66083
6.0210233,5.655597,2016-07-27,Ratchaburi Rice Seed Center2,410.99997,284.88718
5.46806,5.6706085,2016-07-28,Ratchaburi Rice Seed Center2,235.99997,289.2111
5.786897,5.6759353,2016-07-29,Ratchaburi Rice Seed Center2,324.99994,290.76108
6.115892,5.6913776,2016-07-30,Ratchaburi Rice Seed Center2,451.9999,295.30154
6.2989492,5.689105,2016-07-31,Ratchaburi Rice Seed Center2,543.0,294.62894
6.115892,5.6923113,2016-08-01,Ratchaburi Rice Seed Center2,451.9999,295.5783
5.8777356,5.6859775,2016-08-02,Ratchaburi Rice Seed Center2,355.99994,293.70578
6.315358,5.6863837,2016-08-03,Ratchaburi Rice Seed Center2,552.00006,293.82553
6.0234475,5.6866198,2016-08-04,Ratchaburi Rice Seed Center2,411.99997,293.8951
6.452049,5.6840496,2016-08-05,Ratchaburi Rice Seed Center2,632.9999,293.13815
6.1717005,5.6791606,2016-08-06,Ratchaburi Rice Seed Center2,477.99994,291.7036
6.7511015,5.6760955,2016-08-07,Ratchaburi Rice Seed Center2,854.0,290.80783
5.549076,5.6725807,2016-08-08,Ratchaburi Rice Seed Center2,256.0,289.784
6.4846354,5.680529,2016-08-09,Ratchaburi Rice Seed Center2,654.00006,292.1045
6.1114674,5.682452,2016-08-10,Ratchaburi Rice Seed Center2,450.0,292.66867
5.8777356,5.6828737,2016-08-11,Ratchaburi Rice Seed Center2,355.99994,292.79248
6.261492,5.682007,2016-08-12,Ratchaburi Rice Seed Center2,523.00006,292.53793
5.5373344,5.686548,2016-08-13,Ratchaburi Rice Seed Center2,253.00005,293.87402
6.0306854,5.682786,2016-08-14,Ratchaburi Rice Seed Center2,415.00006,292.76672
6.4504704,5.685825,2016-08-15,Ratchaburi Rice Seed Center2,632.0,293.6608
5.8777356,5.685359,2016-08-16,Ratchaburi Rice Seed Center2,355.99994,293.52356
6.464588,5.687791,2016-08-17,Ratchaburi Rice Seed Center2,640.9999,294.24066
6.4907236,5.6839685,2016-08-18,Ratchaburi Rice Seed Center2,658.00006,293.11432
6.4393506,5.684572,2016-08-19,Ratchaburi Rice Seed Center2,625.0001,293.29193
5.786897,5.684128,2016-08-20,Ratchaburi Rice Seed Center2,324.99994,293.16116
6.0306854,5.686165,2016-08-21,Ratchaburi Rice Seed Center2,415.00006,293.761
6.1246834,5.683811,2016-08-22,Ratchaburi Rice Seed Center2,456.0,293.06805
6.2595816,5.684217,2016-08-23,Ratchaburi Rice Seed Center2,522.00006,293.1874
6.4846354,5.6810427,2016-08-24,Ratchaburi Rice Seed Center2,654.00006,292.25504
5.5053315,5.6820917,2016-08-25,Ratchaburi Rice Seed Center2,245.0,292.56284
6.4861608,5.6869597,2016-09-01,Ratchaburi Rice Seed Center2,655.0,293.9954
5.866468,5.6849923,2016-09-02,Ratchaburi Rice Seed Center2,351.99997,293.4156
5.5373344,5.6856904,2016-09-03,Ratchaburi Rice Seed Center2,253.00005,293.6212
6.244167,5.6930747,2016-09-04,Ratchaburi Rice Seed Center2,514.0,295.8048
5.370638,5.6943865,2016-09-05,Ratchaburi Rice Seed Center2,213.99997,296.1944
5.5053315,5.697397,2016-09-06,Ratchaburi Rice Seed Center2,245.0,297.0905
5.8777356,5.700392,2016-09-07,Ratchaburi Rice Seed Center2,355.99994,297.9845
6.6093493,5.694016,2016-09-08,Ratchaburi Rice Seed Center2,741.0,296.08432
6.336826,5.704568,2016-09-09,Ratchaburi Rice Seed Center2,564.00006,299.23572
6.4800444,5.7033944,2016-09-10,Ratchaburi Rice Seed Center2,650.9999,298.8836
6.297109,5.703752,2016-09-11,Ratchaburi Rice Seed Center2,541.9999,298.99088
6.610696,5.70447,2016-09-12,Ratchaburi Rice Seed Center2,741.9999,299.20636
6.3350544,5.704347,2016-09-13,Ratchaburi Rice Seed Center2,563.00006,299.16943
6.7357802,5.7149887,2016-09-14,Ratchaburi Rice Seed Center2,841.0002,302.38077
6.3207684,5.7180443,2016-09-15,Ratchaburi Rice Seed Center2,555.00006,303.3092
6.297109,5.718752,2016-09-16,Ratchaburi Rice Seed Center2,541.9999,303.5246
6.4846354,5.71507,2016-09-17,Ratchaburi Rice Seed Center2,654.00006,302.40536
6.3350544,5.716703,2016-09-18,Ratchaburi Rice Seed Center2,563.00006,302.90128
5.5412636,5.7184553,2016-09-19,Ratchaburi Rice Seed Center2,254.00002,303.4343
6.0544395,5.729227,2016-09-20,Ratchaburi Rice Seed Center2,425.0001,306.73132
6.3044486,5.7324424,2016-09-21,Ratchaburi Rice Seed Center2,545.9999,307.72235
5.7838254,5.7250214,2016-09-22,Ratchaburi Rice Seed Center2,324.00006,305.43982
5.549076,5.7215805,2016-09-23,Ratchaburi Rice Seed Center2,256.0,304.3872
6.285998,5.718958,2016-09-24,Ratchaburi Rice Seed Center2,535.9999,303.58734
6.5736804,5.7276187,2016-09-25,Ratchaburi Rice Seed Center2,715.0002,306.23676
5.549076,5.7264037,2016-09-26,Ratchaburi Rice Seed Center2,256.0,305.8637
6.7511015,5.7359147,2016-09-27,Ratchaburi Rice Seed Center2,854.0,308.7962
6.3062754,5.728372,2016-09-28,Ratchaburi Rice Seed Center2,547.00006,306.46832
5.902633,5.7247014,2016-09-29,Ratchaburi Rice Seed Center2,364.99994,305.3418
6.3332796,5.7328105,2016-09-30,Ratchaburi Rice Seed Center2,562.0,307.83603
4.6634393,5.7453694,2016-10-06,Ratchaburi Rice Seed Center2,105.000015,311.73914
5.3565865,5.7421746,2016-10-07,Ratchaburi Rice Seed Center2,211.00003,310.7416
4.912655,5.744147,2016-10-08,Ratchaburi Rice Seed Center2,135.0,311.35703
4.8751974,5.74523,2016-10-09,Ratchaburi Rice Seed Center2,130.00002,311.69562
4.6634393,5.7506757,2016-10-10,Ratchaburi Rice Seed Center2,105.000015,313.403
5.3565865,5.754384,2016-10-11,Ratchaburi Rice Seed Center2,211.00003,314.5711
5.888878,5.751422,2016-10-12,Ratchaburi Rice Seed Center2,359.99997,313.63773
5.1474943,5.7504377,2016-10-13,Ratchaburi Rice Seed Center2,170.99997,313.32822
4.8121843,5.751498,2016-10-14,Ratchaburi Rice Seed Center2,122.0,313.66174
4.7095304,5.749642,2016-10-15,Ratchaburi Rice Seed Center2,110.000015,313.07816
4.905275,5.7504554,2016-10-16,Ratchaburi Rice Seed Center2,134.00002,313.33377
5.0172796,5.749595,2016-10-17,Ratchaburi Rice Seed Center2,149.99997,313.06348
4.7004805,5.7439046,2016-10-18,Ratchaburi Rice Seed Center2,109.000015,311.28137
5.6937323,5.7443056,2016-10-19,Ratchaburi Rice Seed Center2,296.00003,311.40662
4.9272537,5.748407,2016-10-20,Ratchaburi Rice Seed Center2,137.0,312.69052
4.7361984,5.7523503,2016-10-22,Ratchaburi Rice Seed Center2,113.0,313.93
4.6634393,5.7555947,2016-10-23,Ratchaburi Rice Seed Center2,105.000015,314.9534
4.744932,5.76226,2016-10-25,Ratchaburi Rice Seed Center2,114.00001,317.06635
4.6634393,5.7595,2016-10-26,Ratchaburi Rice Seed Center2,105.000015,316.1897
5.4026775,5.762162,2016-10-27,Ratchaburi Rice Seed Center2,221.00003,317.03525
5.075174,5.7548776,2016-10-28,Ratchaburi Rice Seed Center2,159.0,314.7269
5.17615,5.7500315,2016-10-29,Ratchaburi Rice Seed Center2,176.00002,313.20056
5.327876,5.7491097,2016-10-30,Ratchaburi Rice Seed Center2,204.99998,312.91107
5.379897,5.746998,2016-10-31,Ratchaburi Rice Seed Center2,215.99995,312.2488
6.89467,5.7474914,2016-11-01,Ratchaburi Rice Seed Center2,986.0,312.40344
7.115582,5.7547607,2016-11-02,Ratchaburi Rice Seed Center2,1229.9999,314.69
6.809039,5.757964,2016-11-03,Ratchaburi Rice Seed Center2,904.9998,315.7029
6.9555926,5.7723274,2016-11-04,Ratchaburi Rice Seed Center2,1048.0,320.28464
7.229114,5.7726154,2016-11-05,Ratchaburi Rice Seed Center2,1378.0002,320.37717
7.044033,5.7840934,2016-11-06,Ratchaburi Rice Seed Center2,1145.0001,324.08716
6.8875527,5.7839465,2016-11-07,Ratchaburi Rice Seed Center2,979.0002,324.03943
6.2989492,5.7915406,2016-11-08,Ratchaburi Rice Seed Center2,543.0,326.5172
6.3456364,5.798675,2016-11-09,Ratchaburi Rice Seed Center2,569.0,328.8622
6.5496507,5.8025975,2016-11-10,Ratchaburi Rice Seed Center2,697.99994,330.15863
5.872118,5.801592,2016-11-11,Ratchaburi Rice Seed Center2,354.00006,329.82578
6.6147256,5.7972336,2016-11-12,Ratchaburi Rice Seed Center2,745.0,328.3871
6.3350544,5.7920756,2016-11-13,Ratchaburi Rice Seed Center2,563.00006,326.6925
6.3801227,5.7863035,2016-11-14,Ratchaburi Rice Seed Center2,589.00006,324.80646
6.872128,5.790852,2016-11-15,Ratchaburi Rice Seed Center2,963.99994,326.29178
6.126869,5.7886333,2016-11-16,Ratchaburi Rice Seed Center2,457.0,325.5664
6.616065,5.7910175,2016-11-17,Ratchaburi Rice Seed Center2,745.9999,326.34595
6.297109,5.7880526,2016-11-18,Ratchaburi Rice Seed Center2,541.9999,325.3768
6.823286,5.789706,2016-11-19,Ratchaburi Rice Seed Center2,917.99994,325.91696
6.4831076,5.792403,2016-11-20,Ratchaburi Rice Seed Center2,653.0001,326.79987
6.784457,5.7922807,2016-11-21,Ratchaburi Rice Seed Center2,883.0001,326.7597
6.1484685,5.7978787,2016-11-22,Ratchaburi Rice Seed Center2,467.0001,328.59967
6.375025,5.7933474,2016-11-23,Ratchaburi Rice Seed Center2,586.0,327.1095
6.200509,5.78968,2016-11-24,Ratchaburi Rice Seed Center2,491.99994,325.9084
6.529419,5.785314,2016-11-25,Ratchaburi Rice Seed Center2,684.00006,324.48425
6.641182,5.7859344,2016-11-26,Ratchaburi Rice Seed Center2,764.9998,324.68622
6.3456364,5.7867723,2016-11-27,Ratchaburi Rice Seed Center2,569.0,324.95923
5.988961,5.787733,2016-11-28,Ratchaburi Rice Seed Center2,397.99994,325.27255
6.6489844,5.7831516,2016-11-29,Ratchaburi Rice Seed Center2,770.9999,323.78116
6.542472,5.7857294,2016-11-30,Ratchaburi Rice Seed Center2,692.99994,324.61945
6.1800165,5.788008,2016-12-01,Ratchaburi Rice Seed Center2,481.99994,325.36234
5.9322453,5.792534,2016-12-02,Ratchaburi Rice Seed Center2,376.00003,326.84268
6.1984787,5.7985315,2016-12-03,Ratchaburi Rice Seed Center2,491.0,328.81488
5.7430034,5.7973804,2016-12-04,Ratchaburi Rice Seed Center2,311.00006,328.43546
6.228511,5.7976317,2016-12-05,Ratchaburi Rice Seed Center2,505.99994,328.51825
6.037871,5.794698,2016-12-06,Ratchaburi Rice Seed Center2,418.0,327.55304
5.8493247,5.792037,2016-12-07,Ratchaburi Rice Seed Center2,345.99997,326.67984
5.5683446,5.789191,2016-12-08,Ratchaburi Rice Seed Center2,261.00003,325.7485
5.613128,5.788412,2016-12-09,Ratchaburi Rice Seed Center2,273.00003,325.49417
5.7137327,5.7909846,2016-12-10,Ratchaburi Rice Seed Center2,301.99997,326.33517
5.5174527,5.79131,2016-12-11,Ratchaburi Rice Seed Center2,247.99995,326.44165
5.659482,5.7976265,2016-12-12,Ratchaburi Rice Seed Center2,285.99994,328.51654
5.7430034,5.7937126,2016-12-13,Ratchaburi Rice Seed Center2,311.00006,327.22937
5.220356,5.791503,2016-12-14,Ratchaburi Rice Seed Center2,184.00003,326.50488
5.056246,5.7927074,2016-12-15,Ratchaburi Rice Seed Center2,156.0,326.8996
4.9272537,5.7930903,2016-12-16,Ratchaburi Rice Seed Center2,137.0,327.02518
5.1298985,5.792879,2016-12-17,Ratchaburi Rice Seed Center2,167.99997,326.95587
5.030438,5.7910304,2016-12-18,Ratchaburi Rice Seed Center2,152.0,326.35016
5.2311087,5.783677,2016-12-19,Ratchaburi Rice Seed Center2,186.0,323.95187
5.288267,5.786399,2016-12-20,Ratchaburi Rice Seed Center2,197.00002,324.83752
4.727388,5.7898417,2016-12-21,Ratchaburi Rice Seed Center2,112.00001,325.96124
4.9272537,5.79524,2016-12-22,Ratchaburi Rice Seed Center2,137.0,327.73105
4.8441873,5.7990193,2016-12-23,Ratchaburi Rice Seed Center2,126.00002,328.9758
4.6728287,5.796901,2016-12-24,Ratchaburi Rice Seed Center2,105.999985,328.27762
4.8598123,5.800326,2016-12-26,Ratchaburi Rice Seed Center2,127.999985,329.40723
4.804021,5.807636,2016-12-27,Ratchaburi Rice Seed Center2,120.99998,331.8313
4.6728287,5.8070655,2016-12-28,Ratchaburi Rice Seed Center2,105.999985,331.64154
4.983607,5.8397336,2015-05-04,Sakon Nakhon Rice research Center,145.00003,342.68777
5.0689044,5.8409243,2015-05-05,Sakon Nakhon Rice research Center,158.00003,343.09723
5.389072,5.838534,2015-05-06,Sakon Nakhon Rice research Center,218.00005,342.2757
5.398163,5.835995,2015-05-07,Sakon Nakhon Rice research Center,220.00003,341.40533
5.056246,5.8362913,2015-05-10,Sakon Nakhon Rice research Center,156.0,341.5067
5.2257466,5.83477,2015-05-11,Sakon Nakhon Rice research Center,185.0,340.98615
4.7706847,5.829759,2015-05-12,Sakon Nakhon Rice research Center,117.000015,339.2767
4.6728287,5.8263373,2015-05-15,Sakon Nakhon Rice research Center,105.999985,338.11435
4.962845,5.8235817,2016-04-26,Sakon Nakhon Rice research Center,142.00003,337.18115
4.691348,5.8232064,2016-04-27,Sakon Nakhon Rice research Center,108.00002,337.05426
4.75359,5.8289795,2016-04-29,Sakon Nakhon Rice research Center,114.99999,339.01154
4.7361984,5.836098,2016-05-05,Sakon Nakhon Rice research Center,113.0,341.4406
5.638355,5.767948,2015-08-28,Ubon Ratchathani Rice research Center,280.00003,318.8807
4.65396,5.767674,2015-08-29,Ubon Ratchathani Rice research Center,103.999985,318.79303
4.634729,5.7668796,2015-09-01,Ubon Ratchathani Rice research Center,101.99999,318.53906
